id,question,question_concept,choices,answerKey
1afa02df02c908a558b4036e80242fac,"A revolving door is convenient for two direction travel, but it also serves as a security measure at a what?",revolving door,"{'label': array(['A', 'B', 'C', 'D', 'E'], dtype=object), 'text': array(['bank', 'library', 'department store', 'mall', 'new york'],
      dtype=object)}",A
a7ab086045575bb497933726e4e6ad28,What do people aim to do at work?,people,"{'label': array(['A', 'B', 'C', 'D', 'E'], dtype=object), 'text': array(['complete job', 'learn from each other', 'kill animals',
       'wear hats', 'talk to each other'], dtype=object)}",A
b8c0a4703079cf661d7261a60a1bcbff,Where would you find magazines along side many other printed works?,magazines,"{'label': array(['A', 'B', 'C', 'D', 'E'], dtype=object), 'text': array(['doctor', 'bookstore', 'market', 'train station', 'mortuary'],
      dtype=object)}",B
e68fb2448fd74e402aae9982aa76e527,Where are  you likely to find a hamburger?,hamburger,"{'label': array(['A', 'B', 'C', 'D', 'E'], dtype=object), 'text': array(['fast food restaurant', 'pizza', 'ground up dead cows', 'mouth',
       'cow carcus'], dtype=object)}",A
2435de612dd69f2012b9e40d6af4ce38,James was looking for a good place to buy farmland.  Where might he look?,farmland,"{'label': array(['A', 'B', 'C', 'D', 'E'], dtype=object), 'text': array(['midwest', 'countryside', 'estate', 'farming areas', 'illinois'],
      dtype=object)}",A
a4892551cb4beb279653ae52d0de4c89,What island country is ferret popular?,ferret,"{'label': array(['A', 'B', 'C', 'D', 'E'], dtype=object), 'text': array(['own home', 'north carolina', 'great britain', 'hutch', 'outdoors'],
      dtype=object)}",C
118a9093a30695622363455e4d911866,In what Spanish speaking North American country can you get a great cup of coffee?,cup of coffee,"{'label': array(['A', 'B', 'C', 'D', 'E'], dtype=object), 'text': array([""mildred's coffee shop"", 'mexico', 'diner', 'kitchen', 'canteen'],
      dtype=object)}",B
05ea49b82e8ec519e82d6633936ab8bf,What do animals do when an enemy is approaching?,animals,"{'label': array(['A', 'B', 'C', 'D', 'E'], dtype=object), 'text': array(['feel pleasure', 'procreate', 'pass water', 'listen to each other',
       'sing'], dtype=object)}",D
c0c07ce781653b2a2c01871ba2bcba93,Reading newspaper one of many ways to practice your what?,reading newspaper,"{'label': array(['A', 'B', 'C', 'D', 'E'], dtype=object), 'text': array(['literacy', 'knowing how to read', 'money', 'buying', 'money bank'],
      dtype=object)}",A
1d24f406b6828492040b405d3f35119c,What do people typically do while playing guitar?,playing guitar,"{'label': array(['A', 'B', 'C', 'D', 'E'], dtype=object), 'text': array(['cry', 'hear sounds', 'singing', 'arthritis', 'making music'],
      dtype=object)}",C
57f92025d860e32c4e780c0d51c1c20c,What would vinyl be an odd thing to replace?,vinyl,"{'label': array(['A', 'B', 'C', 'D', 'E'], dtype=object), 'text': array(['pants', 'record albums', 'record store', 'cheese', 'wallpaper'],
      dtype=object)}",E
81eb4b2ee66edd8bc91ee944697c4e9f,"If you want harmony, what is something you should try to do with the world?",something you,"{'label': array(['A', 'B', 'C', 'D', 'E'], dtype=object), 'text': array(['take time', 'make noise', 'make war', 'make peace', 'make haste'],
      dtype=object)}",D
d807e7ae60976324920c8d29eb42dad6,Where does a heifer's master live?,heifer,"{'label': array(['A', 'B', 'C', 'D', 'E'], dtype=object), 'text': array(['farm house', 'barnyard', 'stockyard', 'slaughter house',
       'eat cake'], dtype=object)}",A
7ea9f721ffc662918bb0c0937a487f04,Aside from water and nourishment what does your dog need?,dog,"{'label': array(['A', 'B', 'C', 'D', 'E'], dtype=object), 'text': array(['bone', 'charm', 'petted', 'lots of attention', 'walked'],
      dtype=object)}",D
fc1d33a2301a30214523c12573f81aba,Janet was watching the film because she liked what?,watching film,"{'label': array(['A', 'B', 'C', 'D', 'E'], dtype=object), 'text': array(['erection', 'laughter', 'being entertained', 'fear', 'bordem'],
      dtype=object)}",C
3b8e1d236f5169b6c833a994d6d9c39a,What are you waiting alongside with when you're in a reception area?,reception area,"{'label': array(['A', 'B', 'C', 'D', 'E'], dtype=object), 'text': array(['motel', 'chair', 'hospital', 'people', 'hotels'], dtype=object)}",D
c5c4166f2ed3c2b3517b79e6848e9ae2,When drinking booze what can you do to stay busy?,booze,"{'label': array(['A', 'B', 'C', 'D', 'E'], dtype=object), 'text': array(['reach tentative agreement', 'stay in bed', 'stop bicycle',
       'examine thing', 'suicide'], dtype=object)}",D
6dc5b2884737e66543ce65f8dc40c992,A fencing thrust with a sharp sword towards a person would result in what?,fencing,"{'label': array(['A', 'B', 'C', 'D', 'E'], dtype=object), 'text': array(['injury', 'small cuts', 'fever', 'competition', 'puncture wound'],
      dtype=object)}",E
8af63d58cc35061dec38e5448c325988,"Unlike a spider and his many sight seers, people only have what?",people,"{'label': array(['A', 'B', 'C', 'D', 'E'], dtype=object), 'text': array(['tongues', 'names', 'brains', 'feelings', 'two eyes'], dtype=object)}",E
768fb09deab56046e1565b6a2556ad5c,Where do adults use glue sticks?,glue stick,"{'label': array(['A', 'B', 'C', 'D', 'E'], dtype=object), 'text': array(['classroom', 'desk drawer', 'at school', 'office',
       'kitchen drawer'], dtype=object)}",D
cd639cf3ff82f825ace7dd2b087562bd,What could go on top of wood?,wood,"{'label': array(['A', 'B', 'C', 'D', 'E'], dtype=object), 'text': array(['lumberyard', 'synagogue', 'floor', 'carpet', 'hardware store'],
      dtype=object)}",D
8d79cc5e4eea11f50fab18fdea20fd4f,"The artist was sitting quietly pondering, then suddenly he began to paint when what struck him?",sitting quietly,"{'label': array(['A', 'B', 'C', 'D', 'E'], dtype=object), 'text': array(['sadness', 'anxiety', 'inspiration', 'discomfort', 'insights'],
      dtype=object)}",C
e5ad2184e37ae88b2bf46bf6bc0ed2f4,"Though the thin film seemed fragile, for it's intended purpose it was actually nearly what?",fragile,"{'label': array(['A', 'B', 'C', 'D', 'E'], dtype=object), 'text': array(['indestructible', 'durable', 'undestroyable', 'indestructible',
       'unbreakable'], dtype=object)}",D
b8b287b6277fccd4b7c9c72577177328,Where could you find a toilet that only friends can use?,toilet,"{'label': array(['A', 'B', 'C', 'D', 'E'], dtype=object), 'text': array(['rest area', 'school', 'stadium', 'apartment', 'hospital'],
      dtype=object)}",D
f646f3e064f06423fc25b98500796cf0,"What is someone who isn't clever, bright, or competent called?",clever,"{'label': array(['A', 'B', 'C', 'D', 'E'], dtype=object), 'text': array(['clumsy', 'ineffectual', 'dull', 'clumsy', 'stupid'], dtype=object)}",E
b0f7d7978ac41c465108a92660d70e84,When wildlife reproduce we often refer to what comes out as what?,reproduce,"{'label': array(['A', 'B', 'C', 'D', 'E'], dtype=object), 'text': array(['raise children', 'have children', 'photo copy', 'offspring',
       'accidently got pregnant somehow'], dtype=object)}",D
54075de8b8b89ecef2e4eb4eaee2713d,"The weasel was becoming a problem, it kept getting into the chicken eggs kept in the what?",weasel,"{'label': array(['A', 'B', 'C', 'D', 'E'], dtype=object), 'text': array(['forrest', 'barn', 'public office', 'out of doors', 'freezer'],
      dtype=object)}",B
65435b996ce9d1685bebb74b49c1ba7f,Blue read material outside of his comfort zone because he wanted to gain what?,reading,"{'label': array(['A', 'B', 'C', 'D', 'E'], dtype=object), 'text': array(['new perspective', 'entertained', 'understanding', 'hunger',
       'tired eyes'], dtype=object)}",A
9889e5389917d812c09d6e5d382d333d,After he got hired he hoped for success at his what?,success,"{'label': array(['A', 'B', 'C', 'D', 'E'], dtype=object), 'text': array(['vocation', 'new job', 'michigan', 'working hard', 'manual'],
      dtype=object)}",B
a651ffa44ac5febf0aede6748899b981,Committing perjury is a serious what?,committing perjury,"{'label': array(['A', 'B', 'C', 'D', 'E'], dtype=object), 'text': array(['indictment', 'crime', 'violence', 'lie', 'go to jail'],
      dtype=object)}",B
bdcfbe2132295d437e4c5701085f19c0,If you are prone to postpone work what will you have to do in order to finish on time?,postpone,"{'label': array(['A', 'B', 'C', 'D', 'E'], dtype=object), 'text': array(['eat', 'hasten', 'antedate', 'bring forward', 'advance'],
      dtype=object)}",B
8d3dc21a53523850ec80771daaa5ff20,James wanted to find an old underground map from the 50s.  Where might he look for one?,underground map,"{'label': array(['A', 'B', 'C', 'D', 'E'], dtype=object), 'text': array(['library', 'subway station', ""county engineer's office"",
       'super market', 'home'], dtype=object)}",A
a80ee7775e934c423012fe98e20ba28b,"Sean was in a rush to get home, but the light turned yellow and he was forced to do what?",rush,"{'label': array(['A', 'B', 'C', 'D', 'E'], dtype=object), 'text': array(['take time', 'dawdle', 'go slowly', 'ocean', 'slow down'],
      dtype=object)}",E
48a315cfa3ce11f7a9d615bc854331d5,Where would a person be doing when having to wait their turn?,wait turn,"{'label': array(['A', 'B', 'C', 'D', 'E'], dtype=object), 'text': array(['have patience', 'get in line', 'sing', 'stand in line',
       'turn left'], dtype=object)}",D
4acd496cc78d96c2431279a5fd87de7c,"She was always helping at the senior center, it brought her what?",helping,"{'label': array(['A', 'B', 'C', 'D', 'E'], dtype=object), 'text': array(['satisfaction', 'heart', 'feel better', 'pay', 'happiness'],
      dtype=object)}",E
91e0f4ab62c9d2fd440d73a3f5308d96,"The lock kept the steering wheel from moving, but the thief still took his chances and began to work on the what?",lock,"{'label': array(['A', 'B', 'C', 'D', 'E'], dtype=object), 'text': array(['keep cloesd', 'train', 'ignition switch', 'drawer', 'firearm'],
      dtype=object)}",C
b61e849e44db16a581f0b65e28ab95dc,Who is a police officer likely to work for?,police officer,"{'label': array(['A', 'B', 'C', 'D', 'E'], dtype=object), 'text': array(['beat', 'direct traffic', 'city', 'street', 'president'],
      dtype=object)}",C
ba6bd1bdef02d0ebfe5370f92365ae18,"If you have leftover cake, where would you put it?",cake,"{'label': array(['A', 'B', 'C', 'D', 'E'], dtype=object), 'text': array(['quandry', 'refrigerator', 'oven', 'night stand', 'bakery'],
      dtype=object)}",B
dc55d473c22b04877b11d584f9548194,"A human wants to submerge himself in water, what should he use?",water,"{'label': array(['A', 'B', 'C', 'D', 'E'], dtype=object), 'text': array(['whirlpool bath', 'coffee cup', 'cup', 'soft drink', 'puddle'],
      dtype=object)}",A
113aaea2b1a27a976547f54e531d99bb,Where is a doormat likely to be in front of?,doormat,"{'label': array(['A', 'B', 'C', 'D', 'E'], dtype=object), 'text': array(['facade', 'front door', 'doorway', 'entrance porch', 'hallway'],
      dtype=object)}",B
ba640b9634ad6b4ad98b17b4f152e562,Bob the lizard lives in a warm place with lots of water.  Where does he probably live?,lizard,"{'label': array(['A', 'B', 'C', 'D', 'E'], dtype=object), 'text': array(['rock', 'tropical rainforest', 'jazz club', 'new mexico',
       'rocky places'], dtype=object)}",B
750ebdf36a0b3b407be0fe2163e3700b,August needed  money because he was afraid that he'd be kicked out of his house.  What did he need money to do?,money,"{'label': array(['A', 'B', 'C', 'D', 'E'], dtype=object), 'text': array(['control people', 'pay bills', 'hurt people', 'buy food',
       'get things'], dtype=object)}",B
8f01273422a370a8dbda6bf473a395a0,"He needed more information to fix it, so he consulted the what?",information,"{'label': array(['A', 'B', 'C', 'D', 'E'], dtype=object), 'text': array(['chickens', 'google', 'newspaper', 'online', 'manual'],
      dtype=object)}",E
e6586bba9fe96d38792e6e6d4f2703dc,Where can you put a picture frame when it's not hung vertically?,picture,"{'label': array(['A', 'B', 'C', 'D', 'E'], dtype=object), 'text': array(['art show', 'wall', 'newspaper', 'car', 'table'], dtype=object)}",E
6e433471d0e2590b8c73ceef275022b1,James knew that he shouldn't have been buying beer for minors.  He didn't even get paid for it.  Why was this bad?,buying beer,"{'label': array(['A', 'B', 'C', 'D', 'E'], dtype=object), 'text': array(['lose money', 'fun', 'have no money', 'broken law', 'relaxation'],
      dtype=object)}",D
1bc986f8aea88d6927d8a45367855a94,What is the result of applying for  job?,applying for job,"{'label': array(['A', 'B', 'C', 'D', 'E'], dtype=object), 'text': array(['anxiety and fear', 'increased workload', 'praise', 'less sleep',
       'being employed'], dtype=object)}",E
8d1563697d751a364d688d6701ebdb39,What must someone do before they shop?,shop,"{'label': array(['A', 'B', 'C', 'D', 'E'], dtype=object), 'text': array(['get money', 'have money', 'bring cash', 'go to market',
       'bring cash'], dtype=object)}",A
91f512273a2da7ae796919069b20d6cf,"Because John was first violin, he had to bring something important to work ever day. What did he need to bring to work?",first violin,"{'label': array(['A', 'B', 'C', 'D', 'E'], dtype=object), 'text': array(['music store', 'obesity', 'symphony orchestra', 'ochestra',
       'violin case'], dtype=object)}",E
49cda7eedbf63b3f38e59ba72f1ee1f9,What is a place that usually does not have an elevator and that sometimes has a telephone book?,telephone book,"{'label': array(['A', 'B', 'C', 'D', 'E'], dtype=object), 'text': array(['at hotel', 'kitchen', 'library', 'telephone booth', 'house'],
      dtype=object)}",E
a588407ecaecf0f30c2241c30b470fe2,Who is likely to be excited about a crab?,crab,"{'label': array(['A', 'B', 'C', 'D', 'E'], dtype=object), 'text': array(['fish market', 'pet shop', 'fishmongers', 'intertidal zone',
       'obesity'], dtype=object)}",C
011096bcfff30fd38046cf9db3a411c5,Where can a human find clothes that aren't pants?,human,"{'label': array(['A', 'B', 'C', 'D', 'E'], dtype=object), 'text': array(['pants shop', 'on planet earth', 'dress shop', 'school',
       'train wreck'], dtype=object)}",C
435a728f45d32faa4b3c4553c966fd6b,"If I was getting drunk, and people couldn't understand me, what might I be having?",getting drunk,"{'label': array(['A', 'B', 'C', 'D', 'E'], dtype=object), 'text': array(['a seizure', 'slurred speech', 'death', 'forgetfulness',
       'pass out'], dtype=object)}",B
e953dee48c70159ad879143a319ec607,"When a person is beginning work, what are they building?",beginning work,"{'label': array(['A', 'B', 'C', 'D', 'E'], dtype=object), 'text': array(['time', 'accomplishing', 'working', 'momentum', 'tiredness'],
      dtype=object)}",D
9c784727afd7176b54764055df7a7927,"A child wants to play, what would they likely want?",child,"{'label': array(['A', 'B', 'C', 'D', 'E'], dtype=object), 'text': array(['fall down', 'breathe', 'play tag', 'be dismembered by a chainsaw',
       'become adult'], dtype=object)}",C
b47d912136e3304cb5e5890b6b879551,Talking to the same person about the same thing over and over again is something someone can what?,talking to,"{'label': array(['A', 'B', 'C', 'D', 'E'], dtype=object), 'text': array(['social life', 'friendship', 'eye contact', 'get tired of',
       'learn lessons from'], dtype=object)}",D
49b4c9e1bd7946a819e173ce8fa4c7c9,The teacher doesn't tolerate noise during a test in their what?,noise,"{'label': array(['A', 'B', 'C', 'D', 'E'], dtype=object), 'text': array(['movie theatre', 'bowling alley', 'factory', 'store', 'classroom'],
      dtype=object)}",E
950af0b765c298960ce3dada66df8db1,"The freeway had no traffic and few buildings, where is it?",freeway,"{'label': array(['A', 'B', 'C', 'D', 'E'], dtype=object), 'text': array(['california', 'countryside', 'big town', 'florida', 'america'],
      dtype=object)}",B
63cf1adb5fe302b9867ead8bc8103d0b,Where would you go if you wanted to have fun with a few people?,fun,"{'label': array(['A', 'B', 'C', 'D', 'E'], dtype=object), 'text': array(['watching television', 'good', 'cinema', ""friend's house"",
       'fairgrounds'], dtype=object)}",D
ede4d302fc2ffe07703158f83c1493f2,"If there is a place that is hot and arid, what could it be?",hot,"{'label': array(['A', 'B', 'C', 'D', 'E'], dtype=object), 'text': array(['bland', 'lifeless', 'sandy', 'neutral', 'freezing'], dtype=object)}",B
74ad13a03634e79c85382f1b90969b74,What is likely to satisfy someone's curiosity?,curiosity,"{'label': array(['A', 'B', 'C', 'D', 'E'], dtype=object), 'text': array(['hear news', 'read book', 'see favorite show', 'comedy show',
       'go somewhere'], dtype=object)}",A
49e466b1782aa4837dae53ff891fcdee,If you are in a bar in a glove shaped state where are you?,bar,"{'label': array(['A', 'B', 'C', 'D', 'E'], dtype=object), 'text': array(['in my pocket', 'michigan', 'new york city', 'restaurant',
       'public house'], dtype=object)}",B
a8a8ae7792901c7179ff5538c701af1f,Where would a computer user be using their own computer?,computer user,"{'label': array(['A', 'B', 'C', 'D', 'E'], dtype=object), 'text': array(['hell', 'school', 'indoors', 'internet cafe', 'house'],
      dtype=object)}",E
2ffa3808ce26181926990b454e429c85,Crabs live in what sort of environment?,crab,"{'label': array(['A', 'B', 'C', 'D', 'E'], dtype=object), 'text': array(['maritime', 'bodies of water', 'saltwater', 'galapagos',
       'fish market'], dtype=object)}",C
4319eaa36d256a92b72445c0392f9c94,Where can you find a snake in tall grass?,snake,"{'label': array(['A', 'B', 'C', 'D', 'E'], dtype=object), 'text': array(['tree', 'in a jar', 'pet shops', 'feild', 'tropical forest'],
      dtype=object)}",D
ec79ef747bb89281923edb89ba26786d,What is a place that has a bench nestled in trees?,bench,"{'label': array(['A', 'B', 'C', 'D', 'E'], dtype=object), 'text': array(['state park', 'bus stop', 'bus depot', 'statue', 'train station'],
      dtype=object)}",A
2d33cde5e3987adc8fa2bca0af4dd3dd,Where is a human likely to go as a result of being hungry?,being hungry,"{'label': array(['A', 'B', 'C', 'D', 'E'], dtype=object), 'text': array(['eat in restaurant', 'make bread', 'have lunch', 'cook dinner',
       'friends house'], dtype=object)}",A
cc46d936bf69d69a3863b0cb85d75c17,He was beginning to regret taking the fight when he saw how what his opponent was?,regret,"{'label': array(['A', 'B', 'C', 'D', 'E'], dtype=object), 'text': array(['fun', 'joy', 'satisfaction', 'confident', 'pride'], dtype=object)}",D
46bc1a50eeead10509a43a048e01194e,Where would you find a single shower curtain being used?,shower curtain,"{'label': array(['A', 'B', 'C', 'D', 'E'], dtype=object), 'text': array(['bathtub', 'washing area', 'hotel', 'shower stall',
       'department store'], dtype=object)}",A
4336a8c55b7cb17275d1c60206cd2f18,Where is a good idea but not required to have a fire extinguisher?,fire extinguisher,"{'label': array(['A', 'B', 'C', 'D', 'E'], dtype=object), 'text': array(['school bus', 'boat', 'house', 'hospital', 'school'], dtype=object)}",C
a287575d3ba4b9f958536fc14a1f5b5a,What continent has the most castles?,castle,"{'label': array(['A', 'B', 'C', 'D', 'E'], dtype=object), 'text': array(['fairy tale', 'edinburgh', 'germany', 'europe', 'antarctica'],
      dtype=object)}",D
f481dc35b0a97a20dc5cdfe1a59746e2,If you have to read a book that is very dry and long you may become what?,read book,"{'label': array(['A', 'B', 'C', 'D', 'E'], dtype=object), 'text': array(['have time', 'boring', 'learn new', 'enjoyable', 'bored'],
      dtype=object)}",E
c1c7a9efa379b8a7024a71cf364a144c,Sally used a clipboard to hold her papers while she read off names at the beginning of the day.  Where might she work?,clipboard,"{'label': array(['A', 'B', 'C', 'D', 'E'], dtype=object), 'text': array(['desk', 'windows 95', 'office supply store', 'see work', 'school'],
      dtype=object)}",E
821b32d39f57396979069b948030afe9,The kids didn't clean up after they had done what?,kids,"{'label': array(['A', 'B', 'C', 'D', 'E'], dtype=object), 'text': array(['learn things', 'play games', 'disneyland', 'play with toys',
       'talking'], dtype=object)}",D
c68b4082a6872cf8198502651d0f3352,"Despite the name a pawn can be quite versatile, all the parts are important in a what?",pawn,"{'label': array(['A', 'B', 'C', 'D', 'E'], dtype=object), 'text': array(['chess game', 'scheme', 'chess set', 'checkers', 'north carolina'],
      dtype=object)}",A
dd11fea36d89aa09f9a6069545ba4c9c,What would not be true about a basketball if it had a hole in it but it did not lose its general shape?,basketball,"{'label': array(['A', 'B', 'C', 'D', 'E'], dtype=object), 'text': array(['punctured', 'popular in america', 'full of air', 'gone', 'round'],
      dtype=object)}",C
7792b2c6518ecf9775efba6d41253312,"If you are awaking multiple times throughout the night because a lot is on your mind, what is a likely cause?",awaking,"{'label': array(['A', 'B', 'C', 'D', 'E'], dtype=object), 'text': array(['irritability', 'depression', 'getting out of bed', 'happiness',
       'discomfort'], dtype=object)}",B
1feb4c2a0e8ed638259f5d27b16eae9a,Where does a wild bird usually live?,bird,"{'label': array(['A', 'B', 'C', 'D', 'E'], dtype=object), 'text': array(['cage', 'sky', 'countryside', 'desert', 'windowsill'], dtype=object)}",C
2de08c7a518b7c226e19bdc8fc10ef1d,Where would you expect to find white mice?,mice,"{'label': array(['A', 'B', 'C', 'D', 'E'], dtype=object), 'text': array(['bell cat', 'bush', 'attic', 'countryside', 'laboratory'],
      dtype=object)}",E
ea8664e77205224154f8519f922220e1,John felt that his actions were fate.   Harry said that he could have always made a different what?,fate,"{'label': array(['A', 'B', 'C', 'D', 'E'], dtype=object), 'text': array(['free will', 'choice', 'will', 'alcohol', 'freedom'], dtype=object)}",B
a64d45cecde84fdcf5f0a79805a0c6fe,What could committing murder prevent someone from doing?,committing murder,"{'label': array(['A', 'B', 'C', 'D', 'E'], dtype=object), 'text': array(['go to jail', 'cry', 'find god', 'guilty conscience', 'problems'],
      dtype=object)}",C
60e92cd2f35c345872d1a898e1718d55,"George didn't have a car, but he still had his two feet.   His socks were smelly and his soles were blistered, but that didn't matter.  He could still do what?",feet,"{'label': array(['A', 'B', 'C', 'D', 'E'], dtype=object), 'text': array(['michigan', 'walk', 'stay still', 'stink', 'hands'], dtype=object)}",B
08f3c187908646997b9080c7e9ea7da4,A crane uses many a steel cable when working a what?,steel cable,"{'label': array(['A', 'B', 'C', 'D', 'E'], dtype=object), 'text': array(['abaft', 'ship', 'winch', 'construction site', 'building'],
      dtype=object)}",D
9aff72f0c480c2b4edde45bd2e7e4870,What is the main purpose of farmers?,farmers,"{'label': array(['A', 'B', 'C', 'D', 'E'], dtype=object), 'text': array(['raise cattle', 'grow corn', 'farm land', 'drive tractors',
       'supply food'], dtype=object)}",E
fd243c96edec5b1b8520d5bfeddc6622,Where can I put this penny to save for later?,penny,"{'label': array(['A', 'B', 'C', 'D', 'E'], dtype=object), 'text': array(['piggy bank', 'wallet', 'toy', 'ground', 'pocket'], dtype=object)}",A
f5ec4fdfd0e37e733bfc1606b986f1e2,Where would you put uncooked crab meat?,crab,"{'label': array(['A', 'B', 'C', 'D', 'E'], dtype=object), 'text': array(['wharf', 'red lobster', 'tidepools', ""boss's office"", 'stew pot'],
      dtype=object)}",E
e3c6d147f8a727d314046e70e9579ba0,"The man had a fear of illness, so he never visited friends who were a what?",illness,"{'label': array(['A', 'B', 'C', 'D', 'E'], dtype=object), 'text': array(['sick person', 'hospital', 'elderly person', 'graveyard',
       ""doctor's office""], dtype=object)}",A
8ce13c6e08bf38d4cd4af756b661e47c,Where would you put pans if you want to bring them with you?,pans,"{'label': array(['A', 'B', 'C', 'D', 'E'], dtype=object), 'text': array(['cooking', 'cook food', 'kitchen', 'backpack', 'drawer'],
      dtype=object)}",D
0f4159e80f8dbf682819215bbf0f5b5a_1,"If you're remembering something, it's because of your what of it to begin with?",remembering,"{'label': array(['A', 'B', 'C', 'D', 'E'], dtype=object), 'text': array(['knowledge', 'knowing', 'forgetful', 'pleasure', 'depression'],
      dtype=object)}",B
1a8b3c2a46efabcbd506f9cf70886ed0,Which large land mass is home to the most monkeys?,monkey,"{'label': array(['A', 'B', 'C', 'D', 'E'], dtype=object), 'text': array(['amazon basin', ""friend's house"", 'lift number 3',
       'research laboratory', 'african continent'], dtype=object)}",E
db0cfd52ca6b2bbfcf26d1a898fd929b,Friday was James's 5th Anniversary.  They planned on going to bed early so that they could spend a long time doing what?,going to bed,"{'label': array(['A', 'B', 'C', 'D', 'E'], dtype=object), 'text': array(['rest', 'insomnia', 'making love', 'sleeping in', 'texting'],
      dtype=object)}",C
400fb2e196e71abb70e5b3f9aab4b9ee,"The teens were trying to hide that they get drink, but when they walked in the door their what gave it away?",get drunk,"{'label': array(['A', 'B', 'C', 'D', 'E'], dtype=object), 'text': array(['health', 'fall down', 'stagger', 'get arrested', 'vomit'],
      dtype=object)}",C
3fb36127a61903029a363911a1d2b1e9_1,You'll find a landing at the top of what?,landing,"{'label': array(['A', 'B', 'C', 'D', 'E'], dtype=object), 'text': array(['ocean', 'apartment building', 'stairwell', 'airport', 'room'],
      dtype=object)}",C
8494b0b95533dcedbd76ae2916c481d4,"Anybody could be hired in the kitchen, what was needed of them?",anybody,"{'label': array(['A', 'B', 'C', 'D', 'E'], dtype=object), 'text': array(['forget', 'oil squeaky hinge', 'question authority', 'wash dishes',
       'oik squeaky hinge'], dtype=object)}",D
1531f1523f5fd24bbdb42c311dbf90e8,Where can you find a number of wind instruments together in public?,wind instrument,"{'label': array(['A', 'B', 'C', 'D', 'E'], dtype=object), 'text': array(['music store', 'create music', 'zoo', 'music room', 'symphony'],
      dtype=object)}",E
716ce4404a84b42dd64e561390c4b53b,A mountie got off at a subway stop.  What city might he be in?,subway stop,"{'label': array(['A', 'B', 'C', 'D', 'E'], dtype=object), 'text': array(['urban area', 'metropolis', 'chicago', 'new york city', 'toronto'],
      dtype=object)}",E
5169f7ae0781b15161551de3a189ebef,What do you want someone to do when you illustrate point?,illustrate point,"{'label': array(['A', 'B', 'C', 'D', 'E'], dtype=object), 'text': array(['did not understand', 'accepting', 'make clear', 'understood',
       'understanding'], dtype=object)}",E
ef22ef7aeec70aaa688720f805c1cf38,Billy set aside a block of time for having fun after work. Why might he do this?,having fun,"{'label': array(['A', 'B', 'C', 'D', 'E'], dtype=object), 'text': array(['happiness', 'stress relief', 'pleasure', 'ocean', 'may laugh'],
      dtype=object)}",B
514310637fb43a252bfadc8cbf79b277,"The man in the white suit was very lazy.  He did nothing useful.  Meanwhile, the ban in the blue had put in effort and was very what?",lazy,"{'label': array(['A', 'B', 'C', 'D', 'E'], dtype=object), 'text': array(['restless', 'active', 'lazybutt', 'productive', 'hard work'],
      dtype=object)}",D
9370b2b0897b796dec4a40f107854c8d,What would you be unable to do if you have too much greed?,greed,"{'label': array(['A', 'B', 'C', 'D', 'E'], dtype=object), 'text': array(['keep things', 'make friends', 'play poker', 'conquer opponent',
       'lie'], dtype=object)}",B
49902e768c45aa41a0f9f95be81114e5,"It was a long trip from the farm, so he stayed in a hotel when he arrived at the what?",hotel,"{'label': array(['A', 'B', 'C', 'D', 'E'], dtype=object), 'text': array(['bed away from home', 'wwii bunker', 'resort', 'las vegas', 'city'],
      dtype=object)}",E
e1f90cd664a6b150291e6d8444d85c54,I did not need a servant.  I was not a what?,servant,"{'label': array(['A', 'B', 'C', 'D', 'E'], dtype=object), 'text': array(['freedom', 'rich person', 'hired help', 'in charge', 'busy'],
      dtype=object)}",B
320ec9b68fdefe13d59cc8b628083790,How would you get from one side of a canal to another?,canal,"{'label': array(['A', 'B', 'C', 'D', 'E'], dtype=object), 'text': array(['michigan', 'amsterdam', 'venice', 'bridge', 'barges to travel on'],
      dtype=object)}",D
964185aed0e381853332bca1a4d91f46,"When learning about the world and different cultures, what is important if you are committed to eliminating preconceived notions",learning about world,"{'label': array(['A', 'B', 'C', 'D', 'E'], dtype=object), 'text': array(['newness', 'loss of innocence', 'enlightenment', 'open mind',
       'smartness'], dtype=object)}",D
db8e010754c532d78635e5b7cf81a147,"An underrated thing about computers is how they manage workflow, at one time it was a big deal when they could first do what?",computers,"{'label': array(['A', 'B', 'C', 'D', 'E'], dtype=object), 'text': array(['share files', 'do arithmetic', 'turn on', 'cost money',
       'multitask'], dtype=object)}",E
998381f854f51da2a6ccde45909e5168,Obstructing justice is sometimes an excuse used for police brutality which causes what in people?,obstructing justice,"{'label': array(['A', 'B', 'C', 'D', 'E'], dtype=object), 'text': array(['committing perjury', 'prosecution', 'attack', 'getting hurt',
       'riot'], dtype=object)}",D
bc38ad28e99cff7a65771233f734a007,While washing clothes they became what when caught on the sharp object?,washing clothes,"{'label': array(['A', 'B', 'C', 'D', 'E'], dtype=object), 'text': array(['damaged', 'wet clothes', 'wear out', 'torn', 'have fun'],
      dtype=object)}",D
e3949997bf9d02048cfa5d8dd0f287aa,Seafood restaurants are used to draw tourists where?,seafood restaurant,"{'label': array(['A', 'B', 'C', 'D', 'E'], dtype=object), 'text': array(['maine', 'shoe shop', 'city', 'boston', 'coastal cities'],
      dtype=object)}",E
a7d51b753c2113d8b2dbd0ebb5375855,James's nice asked him about her grandfather. She was interested in learning about what?,niece,"{'label': array(['A', 'B', 'C', 'D', 'E'], dtype=object), 'text': array(['family tree', 'family reunion', 'babysitting', ""brother's house"",
       'heirlooms'], dtype=object)}",A
3e4b326aff96e9adbb52ba18cfa877b2,James looked up and saw the start twinkling in the black yonder.  He marveled the sheer number of them and the size of what?,stars,"{'label': array(['A', 'B', 'C', 'D', 'E'], dtype=object), 'text': array(['universe', 'orbit', 'night sky', 'outer space', 'his wallet'],
      dtype=object)}",A
5ac83e9e6fa9851ad3cccb0d57c1d88f,What would encourage someone to continue playing tennis?,playing tennis,"{'label': array(['A', 'B', 'C', 'D', 'E'], dtype=object), 'text': array(['becoming tired', 'tennis elbow', 'exercise', 'hunger', 'victory'],
      dtype=object)}",E
2c0030cc14a27be2401dcfdaa501f0fc,James found the sound relaxing.   It was so relaxing he almost did what despite his efforts?,relaxing,"{'label': array(['A', 'B', 'C', 'D', 'E'], dtype=object), 'text': array(['deep breathing', 'worried', 'fall asleep', 'invigorating',
       'feeling good'], dtype=object)}",C
feb83263e6be392351db0794004efc3f,What regions of a town would you have found a dime store?,dime store,"{'label': array(['A', 'B', 'C', 'D', 'E'], dtype=object), 'text': array(['commercial building', 'old movie', 'small neighborhood', 'past',
       'mall'], dtype=object)}",C
80697d599280d994d8a584c95824ef1f,Where might an unused chess set be stored?,chess set,"{'label': array(['A', 'B', 'C', 'D', 'E'], dtype=object), 'text': array(['toy store', 'michigan', 'living room', 'attic', 'cupboard'],
      dtype=object)}",E
3c1800e7dd96d37fdd3c51b9fe502342,"james told his son to settle down and be careful.  There were many frogs mating in the area, and James didn't want his son to do what to them?",settle,"{'label': array(['A', 'B', 'C', 'D', 'E'], dtype=object), 'text': array(['wander', 'migrate', 'scare', 'disturb', 'agitate'], dtype=object)}",D
4da33e6f4b789776acb1bc10195baa83,"A man wants air conditioning while we watches the game on Saturday, where will it likely be installed?",air conditioning,"{'label': array(['A', 'B', 'C', 'D', 'E'], dtype=object), 'text': array(['car', 'house', 'offices', 'park', 'movie theatre'], dtype=object)}",B
ae038e9af9d5a511ada7456b5e73b15e,What could be playing a balailaika?,balalaika,"{'label': array(['A', 'B', 'C', 'D', 'E'], dtype=object), 'text': array(['movie dr', 'orchestra', 'music store', 'cat', 'symphony'],
      dtype=object)}",B
a400b9fd1e319f901471c4b42d401c52,"Sailors drive many different types of boats, what type of boat involves their namesake.",sailor,"{'label': array(['A', 'B', 'C', 'D', 'E'], dtype=object), 'text': array(['coming home', 'row boat', 'board ship', 'inflatable raft',
       'sail boat'], dtype=object)}",E
9dffd2021771e0ecddb19031acf3701b,Where could a person avoid the rain?,person,"{'label': array(['A', 'B', 'C', 'D', 'E'], dtype=object), 'text': array(['bus stop', 'tunnel', 'synagogue', 'fairy tale', 'street corner'],
      dtype=object)}",C
3730c646fdf54472ab873aac9ff7852e,Why would a person like to have a large house?,person,"{'label': array(['A', 'B', 'C', 'D', 'E'], dtype=object), 'text': array(['have choice', 'mentally challenged', 'own house', 'obesity',
       'lots of space'], dtype=object)}",E
175e7dcdded13d5adafaebf2264c3abd,Where will a cheap book be found?,book,"{'label': array(['A', 'B', 'C', 'D', 'E'], dtype=object), 'text': array(['bookstore', 'classroom', 'discount store', 'school room',
       'bedside table'], dtype=object)}",C
11d7db1d8e1cff2f40d4184f15cf7ae7,John and James are idiots. They bought two tickets to the Falcons vs the Jets even though neither wanted to see the what?,idiots,"{'label': array(['A', 'B', 'C', 'D', 'E'], dtype=object), 'text': array(['internet cafe', 'sporting event', 'pressing wrong buttons',
       'obesity', 'hockey game'], dtype=object)}",B
08db69edf0ec5848c1a53dca8fc1601a,James noticed that his penis was bigger. .  How might he act toward his plastic surgeon?,bigger,"{'label': array(['A', 'B', 'C', 'D', 'E'], dtype=object), 'text': array(['accidental', 'detestable', 'effusive', 'enabled', 'apathetic'],
      dtype=object)}",C
855ab6ba47f6311104c4d29e24ef0234,Who do professors work with?,professors,"{'label': array(['A', 'B', 'C', 'D', 'E'], dtype=object), 'text': array(['methods of facts', 'teach courses', 'wear wrinkled tweed jackets',
       'school students', 'state facts'], dtype=object)}",D
7ec11eeca4221795c117943ca2639e86,Colorful anemone look somewhat like what object you find on window sills?,anemone,"{'label': array(['A', 'B', 'C', 'D', 'E'], dtype=object), 'text': array(['intertidal zone', 'coral sea', 'under water', 'flower bed',
       'florida keys'], dtype=object)}",D
e9389b08fdd17f14b148d498d6ff4dfe,From where do aliens arrive?,aliens,"{'label': array(['A', 'B', 'C', 'D', 'E'], dtype=object), 'text': array(['outer space', 'weekly world news', 'roswell', 'universe', 'mars'],
      dtype=object)}",A
afa2899cc21e204fa64e63e7839e8c1e,"The hikers stopped to have a drink, simply put they what?",drink,"{'label': array(['A', 'B', 'C', 'D', 'E'], dtype=object), 'text': array(['had a party', 'were thirsty', 'refreshment', 'getting drunk',
       'celebrating'], dtype=object)}",B
f898eb5b789d2dc6804edba269f051f0,When you get up in the morning before you begin work you should do what?,begin work,"{'label': array(['A', 'B', 'C', 'D', 'E'], dtype=object), 'text': array(['apply for job', 'sleep', 'concentrate', 'shower', 'just do'],
      dtype=object)}",D
7ed7379fc51fd35a47be022f6c56ce51,"The kitten had nothing to dig it's claws into, so when it tried to stop it slid across what?",kitten,"{'label': array(['A', 'B', 'C', 'D', 'E'], dtype=object), 'text': array(['living room', 'floor', 'warm place', 'carpet', 'farmhouse'],
      dtype=object)}",B
15798a23ee6952fedd6d202064069126,If a person is trying to keep something in their hand what should they do?,person,"{'label': array(['A', 'B', 'C', 'D', 'E'], dtype=object), 'text': array(['complete collection', 'own house', 'procrastinate', 'explode',
       'have to hold'], dtype=object)}",E
273d0134e8ce53d4ebcf41ca7fde02af,Where could you find hundreds of thousands of home?,home,"{'label': array(['A', 'B', 'C', 'D', 'E'], dtype=object), 'text': array(['field', 'neighborhood', 'star can', 'city or town',
       'apartment building'], dtype=object)}",D
2f0931adc3d0d422d9ab6264395e89d8,"Playing baseball is a lot like any other sport, there is always a risk of what?",playing baseball,"{'label': array(['A', 'B', 'C', 'D', 'E'], dtype=object), 'text': array(['sore muscles', 'errors', 'happiness', 'injury', 'fun'],
      dtype=object)}",D
d00d3ba777cb3889a45799d72fca0a50,If I want to watch a movie without leaving my home what might I use?,movie,"{'label': array(['A', 'B', 'C', 'D', 'E'], dtype=object), 'text': array(['drive in movie', 'drive in movie', 'television', 'video store',
       'show'], dtype=object)}",C
b1f36d1c8ab7e5a28783cb38e8709c27,"The victim was to take stand today, they were going to do what?",take stand,"{'label': array(['A', 'B', 'C', 'D', 'E'], dtype=object), 'text': array(['testify', 'runaway', 'witness', 'tell truth', 'go home'],
      dtype=object)}",A
a5e76dd088aab4f89e2fe93f6de6e46d,What does a successful dog grooming session likely to make a owner feel?,grooming,"{'label': array(['A', 'B', 'C', 'D', 'E'], dtype=object), 'text': array(['cleanliness', 'mistakes', 'growth', 'satisfaction', 'late'],
      dtype=object)}",D
ac6f0e24dd6203cda43e1089dcf081d6,"The runner was in third place, but he pushed harder and thought he might be able to reach second.  What was beginning to do?",runner,"{'label': array(['A', 'B', 'C', 'D', 'E'], dtype=object), 'text': array(['near finish line', 'finish', 'get tired', 'gain ground',
       'trip over'], dtype=object)}",D
1ab746bcd100ccf513055fe93c61010b,"The tourist entered Mammoth cave, what state were they in?",cave,"{'label': array(['A', 'B', 'C', 'D', 'E'], dtype=object), 'text': array(['west virginia', 'kentucky', 'rocky hills', 'scotland', 'canyon'],
      dtype=object)}",B
af836abc58e0daf36df1d8d6830b70c5,What does someone typically feel when applying for a job?,applying for job,"{'label': array(['A', 'B', 'C', 'D', 'E'], dtype=object), 'text': array(['horror', 'anxiety and fear', 'rejection', 'increased workload',
       'being employed'], dtype=object)}",B
2ed66cfd206723a006b37599b516ad6e,"He was on trial for obstructing justice, during which he made a questionable comment and was also found guilty of what?",obstructing justice,"{'label': array(['A', 'B', 'C', 'D', 'E'], dtype=object), 'text': array(['prosecution', 'getting hurt', 'sweat', 'steam',
       'committing perjury'], dtype=object)}",E
e89a2762d578cb7bc2cc0a5b2a16d933,What kind of feelings does buying presents for others create?,buy presents for others,"{'label': array(['A', 'B', 'C', 'D', 'E'], dtype=object), 'text': array(['tears', 'please', 'like', 'thank', 'make happy'], dtype=object)}",E
43cec0fff43a976fade9112d02b66021,What green area is a marmot likely to be found in?,marmot,"{'label': array(['A', 'B', 'C', 'D', 'E'], dtype=object), 'text': array(['countryside', 'great plains', 'encyclopedia', 'jungle',
       'north america'], dtype=object)}",A
30e66db11e0257a14a17108b90cd69fb,"Jan tested the current, and noticed that it was high.  He thought that the wires might have too much what?",current,"{'label': array(['A', 'B', 'C', 'D', 'E'], dtype=object), 'text': array(['later', 'updated', 'still', 'resistance', 'now'], dtype=object)}",D
f21ef67b31bd36a3174b6b4c7b4bbc7b,What does a kindergarten teacher do before nap time?,teacher,"{'label': array(['A', 'B', 'C', 'D', 'E'], dtype=object), 'text': array(['lower expectations', 'encourage', 'fear', 'time test',
       'tell story'], dtype=object)}",E
e476e2c8c278eaecfe1a8b884b6aeb8e,"Sam was a stranger.  Even so, Mark treated him like what?",stranger,"{'label': array(['A', 'B', 'C', 'D', 'E'], dtype=object), 'text': array(['friend', 'family', 'known person', 'park', 'outsider'],
      dtype=object)}",B
191e3c676f05a11d6b2565d8c27d2001,"Bob's only light source was a small bulb.  There were four walls, if there was a door he couldn't see it.  What was Bob in?",light source,"{'label': array(['A', 'B', 'C', 'D', 'E'], dtype=object), 'text': array(['closed room', 'sky', 'dard', 'his grave', 'house'], dtype=object)}",A
99098375c7b651d524eebac72e358238,James thought of criminal justice like a computer program.  It need to work right.   What ideas might James not like?,computer,"{'label': array(['A', 'B', 'C', 'D', 'E'], dtype=object), 'text': array(['manual', 'process information', 'power down', 'control model',
       'reason exists'], dtype=object)}",D
290fac9f881a83d8bfb34355f8e71044,With the card slot lit up he knew how to get started finding his balance with what?,card slot,"{'label': array(['A', 'B', 'C', 'D', 'E'], dtype=object), 'text': array(['slot machine', 'ticket machine', 'bank machine', 'telephone',
       'automated teller'], dtype=object)}",E
6c36226b23377a0dd0188bf56840e22a,To play sports professionally you must do what very often?,play sports,"{'label': array(['A', 'B', 'C', 'D', 'E'], dtype=object), 'text': array(['wash your clothes', 'get in shape', 'practice',
       'take off uniform', 'stretch'], dtype=object)}",C
aa5aa36557a5fbb93391506182f1025c,Some people prefer releasing energy through work while others prefer to release it through what?,releasing energy,"{'label': array(['A', 'B', 'C', 'D', 'E'], dtype=object), 'text': array(['motion', 'stretch', 'exercise', 'movement', 'muscles'],
      dtype=object)}",C
a38df3e750b1edd30f905e17af803c61,What will a person going for a jog likely be wearing?,person,"{'label': array(['A', 'B', 'C', 'D', 'E'], dtype=object), 'text': array(['grope', 'acknowledgment', 'comfortable clothes', 'ipod',
       'passionate kisses'], dtype=object)}",C
dba51270f789c75a2e38a5201b124d99,"The child pretended he was reading newspaper, he couldn't actually do it without what?",reading newspaper,"{'label': array(['A', 'B', 'C', 'D', 'E'], dtype=object), 'text': array(['patience', 'falling down', 'literacy', 'buying',
       'knowing how to read'], dtype=object)}",E
1be8ec824eb0c7218b6bc160fd191428,Jenny enjoyed helping people.  It brought her a great deal of what?,helping,"{'label': array(['A', 'B', 'C', 'D', 'E'], dtype=object), 'text': array(['satisfaction', 'complications', 'train',
       'feel good about yourself', 'enjoyment'], dtype=object)}",A
0e80f2afe5c4f652e8720b52d7c06c87,What might someone believe in if they are cleaning clothes?,cleaning clothes,"{'label': array(['A', 'B', 'C', 'D', 'E'], dtype=object), 'text': array(['feminism', 'sanitation', 'ruined', 'wrinkles',
       'buttons to fall off'], dtype=object)}",B
b67971747e95ba425a5b81e0ba8d0b28,Where would you find a basement that can be accessed with an elevator?,basement,"{'label': array(['A', 'B', 'C', 'D', 'E'], dtype=object), 'text': array(['eat cake', 'closet', 'church', 'office building', 'own house'],
      dtype=object)}",D
fcd39cfa321728fea069a6ae4285b06f,In order to learn to program from another person you can do what?,program,"{'label': array(['A', 'B', 'C', 'D', 'E'], dtype=object), 'text': array(['learn how to', 'have a friend', 'knowledge', 'take class',
       'have computer'], dtype=object)}",D
cb6766fb25daee911fc8e9816b98938c,"He was at the gym trying to build muscle, what is it called that he is trying to build muscle on?",muscle,"{'label': array(['A', 'B', 'C', 'D', 'E'], dtype=object), 'text': array(['body of animal', 'arm', 'bodybuilder', 'body of dog',
       'human body'], dtype=object)}",E
54231f875bb7fe4d3e4afb6eae64387c,What part of plants is pretty?,plants,"{'label': array(['A', 'B', 'C', 'D', 'E'], dtype=object), 'text': array(['dirt', 'no neurons in', 'millions of cells', 'flowers on',
       'roots'], dtype=object)}",D
7d7f7d7a8ae3b20ca9fc0da6efe467b4,"The man was going fishing instead of work, what is he seeking?",going fishing,"{'label': array(['A', 'B', 'C', 'D', 'E'], dtype=object), 'text': array(['food', 'relaxation', 'killing', 'missing morning cartoons',
       'boredom'], dtype=object)}",B
31b72d4e4ae7c672c20e27e42499ec79,What could you get an unsmooth pit from?,pit,"{'label': array(['A', 'B', 'C', 'D', 'E'], dtype=object), 'text': array(['backyard', 'rock', 'mine', 'cherry', 'peach'], dtype=object)}",E
26ce83b8e9a263079aa8cdbd5258d667,"The man tried to reply to the woman, but he had difficulty keeping track of conversations that he didn't do what to?",reply,"{'label': array(['A', 'B', 'C', 'D', 'E'], dtype=object), 'text': array(['initiate', 'ignore', 'question', 'answer', 'ask'], dtype=object)}",A
30138608d4934a75cf0911a06b021374,"I couldn't find anybody who recalled the event, what were they adroit at doing?",anybody,"{'label': array(['A', 'B', 'C', 'D', 'E'], dtype=object), 'text': array(['question authority', 'act fool', 'wash dishes', 'act innocent',
       'forget'], dtype=object)}",E
01abce8c4964371d85a5be2019f75827,Where would you find a large dining room containing a fancy chandelier?,dining room,"{'label': array(['A', 'B', 'C', 'D', 'E'], dtype=object), 'text': array(['mansion', 'every house', 'own home', 'table', 'restaurant'],
      dtype=object)}",A
3e2222c99e11fca2ad4af2d470eb8ea2_1,"The extremely large cargo plane could only land at a specialized runway, these were only located at a what?",runway,"{'label': array(['A', 'B', 'C', 'D', 'E'], dtype=object), 'text': array(['back yard', 'bowling alley', 'city', 'military base',
       'fashion show'], dtype=object)}",D
847dbf5b73c3e8d49bb9a36491d95e79,"The carpet was smelly and discouraged the league from playing there, where was this smelly carpet installed?",carpet,"{'label': array(['A', 'B', 'C', 'D', 'E'], dtype=object), 'text': array(['bedroom', 'movie theater', 'bowling alley', 'church', 'office'],
      dtype=object)}",C
fa031cff8e11e75c68d6a99ef0e5ca3a,How can someone be let into a brownstone?,brownstone,"{'label': array(['A', 'B', 'C', 'D', 'E'], dtype=object), 'text': array(['brooklyn', 'ring', 'subdivision', 'bricks', 'new york city'],
      dtype=object)}",B
c592258c88295756833e9796e881057b,Where would someone purchase an upright piano?,upright piano,"{'label': array(['A', 'B', 'C', 'D', 'E'], dtype=object), 'text': array(['music class', 'college', 'music store', 'music room',
       'music band'], dtype=object)}",C
e1403a7c581bc263aea2ed8d179826d1,Where would you keep an ottoman near your front door?,ottoman,"{'label': array(['A', 'B', 'C', 'D', 'E'], dtype=object), 'text': array(['living room', 'parlor', 'furniture store', 'basement', 'kitchen'],
      dtype=object)}",A
15c38f66e811d6ed68cde931bc31d93c,Diving into backyard pools can be very dangerous and can lead to serious head and what?,diving,"{'label': array(['A', 'B', 'C', 'D', 'E'], dtype=object), 'text': array(['going somewhere', 'splats', 'cancer', 'getting wet',
       'spinal injuries'], dtype=object)}",E
1ac54dbf6b67f27daa3d456416047584,Where would one find a snake in a cage?,snake,"{'label': array(['A', 'B', 'C', 'D', 'E'], dtype=object), 'text': array(['tropical forest', 'oregon', 'woods', 'pet store', 'louisiana'],
      dtype=object)}",D
21763a65765b5405c9a54484c2e54a72,Where are people likely to become impatient?,people,"{'label': array(['A', 'B', 'C', 'D', 'E'], dtype=object), 'text': array(['end of line', 'buildings', 'apartment', ""neighbor's house"",
       'address'], dtype=object)}",A
c492b8b9754a181c924c1df19998cbc7,"When you fail to finish something, you failed at doing what to it",fail,"{'label': array(['A', 'B', 'C', 'D', 'E'], dtype=object), 'text': array(['winning', 'passing', 'completing', 'do well', 'succeeding'],
      dtype=object)}",C
fff554fffa1a0adc64b8d1e21d55534b,John didn't care about style.  He felt that form was less important than what?,form,"{'label': array(['A', 'B', 'C', 'D', 'E'], dtype=object), 'text': array(['shapeless', 'quality', 'function', 'change shape', 'chaos'],
      dtype=object)}",C
8ea5720718c0e122efa6277edb511569,"When you get together with friends to watch film, you might do plenty of this?",watch film,"{'label': array(['A', 'B', 'C', 'D', 'E'], dtype=object), 'text': array(['see what happens', 'enjoy stories', 'pass time', 'have fun',
       'interesting'], dtype=object)}",D
23e4257a49972efd8a97672f060be1c1,A supermarket is uncommon in what type of collection of shops?,supermarket,"{'label': array(['A', 'B', 'C', 'D', 'E'], dtype=object), 'text': array(['strip mall', 'city or town', 'shoppingcentre', 'boutique',
       'vermont'], dtype=object)}",A
a018d65a74b9e77d81014fd8f6d78f77,"Bill puts meat on the scale, where does Bill work?",scale,"{'label': array(['A', 'B', 'C', 'D', 'E'], dtype=object), 'text': array(['music store', 'assay office', 'tidal wave', 'butcher shop',
       'bathroom'], dtype=object)}",D
24ceaf5c10863e73919b5f1b0f2db38e,"I'm having some food at my party, what will I need to serve it?",food,"{'label': array(['A', 'B', 'C', 'D', 'E'], dtype=object), 'text': array(['zoo', 'pan', 'bowl', 'kitchen', 'spoon'], dtype=object)}",E
900492bd731f8f615ed7c08155737d44,Before racers start to run they must do what at the starting line?,run,"{'label': array(['A', 'B', 'C', 'D', 'E'], dtype=object), 'text': array(['learn to walk', 'walking', 'walk slowly', 'breathe',
       'stand still'], dtype=object)}",E
4e3f85dc92eaad4ae6bc6529d62e382c,What does an actor do when they are bored of their roles?,actor,"{'label': array(['A', 'B', 'C', 'D', 'E'], dtype=object), 'text': array(['mask', 'branch out', 'wear costume', 'pretend', 'sing songs'],
      dtype=object)}",B
fa1f17ca535c7e875f4f58510dc2f430,What is a person called who doesn't have immortality?,immortality,"{'label': array(['A', 'B', 'C', 'D', 'E'], dtype=object), 'text': array(['mortal', 'dying', 'death', 'dead', 'mortal'], dtype=object)}",E
76b6f0765a3b2fba71021f902142edc0,Why would you be watching tv instead of doing something else?,watching tv,"{'label': array(['A', 'B', 'C', 'D', 'E'], dtype=object), 'text': array(['headache', 'laughter', 'laziness', 'erections', 'wasting time'],
      dtype=object)}",C
f1368ab1d4ee05d72d555474fcd737d7,"If chewing food is difficult for you, what is a possible reason?",chewing food,"{'label': array(['A', 'B', 'C', 'D', 'E'], dtype=object), 'text': array(['broken jaw', 'sore mouth', 'eating', 'good digestion',
       'avoiding choking'], dtype=object)}",B
3dee8fc7f0a3fbf4de111b6686fca157,"He had to wear a tuxedo while playing the keyboard instrument, so did the other hundred members of the what?",keyboard instrument,"{'label': array(['A', 'B', 'C', 'D', 'E'], dtype=object), 'text': array(['music store', 'band', 'medium', 'orchestra', 'piano store'],
      dtype=object)}",D
ea0e7771afd86a59fd9f7764b77e3fa4,Where do you find the most amount of leafs?,leaf,"{'label': array(['A', 'B', 'C', 'D', 'E'], dtype=object), 'text': array(['floral arrangement', 'ground', 'forrest', 'field', 'compost pile'],
      dtype=object)}",C
2c845646032bbf27fb3904330d59d324,Where can children play with animals?,animals,"{'label': array(['A', 'B', 'C', 'D', 'E'], dtype=object), 'text': array(['meadow', 'play room', 'surface of earth', 'zoos', 'fairgrounds'],
      dtype=object)}",E
bc08c354e5bead6863ea4a29cb8fa359,What kind of tale might feature a talking weasel?,weasel,"{'label': array(['A', 'B', 'C', 'D', 'E'], dtype=object), 'text': array(['mulberry bush', 'animated film', 'chicken coop', 'history book',
       ""children's story""], dtype=object)}",E
fb35c7aa5694bab2cde4b7257bfae003,What kind of status is the bald eagle given?,bald eagle,"{'label': array(['A', 'B', 'C', 'D', 'E'], dtype=object), 'text': array(['outside', 'world', 'protection', 'colorado', 'america'],
      dtype=object)}",C
e2a9f0041d17a9944377a91bef5e0d0d,Why do most people take a quick rest during the day?,rest,"{'label': array(['A', 'B', 'C', 'D', 'E'], dtype=object), 'text': array(['need to', 'hungry', 'feel more energetic', 'weak', 'regenerate'],
      dtype=object)}",C
ae56eff01d05422ddbcb26be7181356a,What could suddenly stop someone when he or she is running?,running,"{'label': array(['A', 'B', 'C', 'D', 'E'], dtype=object), 'text': array(['mushroom', 'falling down', 'sweating', 'exhaustion',
       'getting tired'], dtype=object)}",B
895aa97bb84d874d71b2aed572cebfdd,Where would you find a monkey in the wild?,monkey,"{'label': array(['A', 'B', 'C', 'D', 'E'], dtype=object), 'text': array(['zoo', 'barrel', 'research laboratory', 'captivity', 'thailand'],
      dtype=object)}",E
9d625e948e9c3777e7cc54ed8ffea135,Where could a sloth live?,sloth,"{'label': array(['A', 'B', 'C', 'D', 'E'], dtype=object), 'text': array(['tropical jungle', 'manual', 'work', 'transit', 'countryside'],
      dtype=object)}",A
d107d67d525a686fbd8282314d2ea33c,"A gentleman is carrying equipment for golf, what is he likely to have?",gentleman,"{'label': array(['A', 'B', 'C', 'D', 'E'], dtype=object), 'text': array(['club', 'assembly hall', 'meditation center', 'meeting', 'church'],
      dtype=object)}",A
fee5ff19811750ad019665af7b36b3c4,"If you have a home with a courtyard, what's one thing you probably don't have to care for any longer?",courtyard,"{'label': array(['A', 'B', 'C', 'D', 'E'], dtype=object), 'text': array(['lawn', 'kids', 'asshole', 'spain', 'office complex'], dtype=object)}",A
e69da59cbcf2a302e4523571eba8186b,"The computer was difficult for he to understand at the store, so what did she sign up for to learn more?",computer,"{'label': array(['A', 'B', 'C', 'D', 'E'], dtype=object), 'text': array(['classroom', 'facebook', 'school', 'apartment', 'demonstration'],
      dtype=object)}",E
2dd138a63b5895cf737ced793cc668e7,"If you take the risk buying a used car, you still hope it can what?",car,"{'label': array(['A', 'B', 'C', 'D', 'E'], dtype=object), 'text': array(['go fast', 'start running', 'going too fast', 'look good',
       'last several years'], dtype=object)}",E
b33047f46db680a9b630c13e8ca115cc,"Dan was ditting quietly on the couch with a book in his hand.  Laurie thought that he was just focused on what he was doing, but he actually did what?",sitting quietly,"{'label': array(['A', 'B', 'C', 'D', 'E'], dtype=object), 'text': array(['eat', 'think', 'reading', 'meditate', 'fall asleep'], dtype=object)}",E
f20d40bc4af588223e880e0bb58b27b8,What is the primary purpose of cars?,cars,"{'label': array(['A', 'B', 'C', 'D', 'E'], dtype=object), 'text': array(['cost money', 'slow down', 'move people', 'turn right',
       'get girls'], dtype=object)}",C
b6b66d4519a84b8331ea55f84767e9df,"Alabama is full of different people, but they are all citizens of what?",alabama,"{'label': array(['A', 'B', 'C', 'D', 'E'], dtype=object), 'text': array(['united states', 'deep south', 'floribama', 'gulf states',
       'florabama'], dtype=object)}",A
952cf4b2f7a434b2eeae9f4c7ed89c0a,They were hoping their campaign would create a rise in awareness of the problem and hopefully do what to its effect?,rise,"{'label': array(['A', 'B', 'C', 'D', 'E'], dtype=object), 'text': array(['set', 'fall', 'park', 'descend', 'reduce'], dtype=object)}",E
b63e5cd88bfe75d29ff9fdc6dd97fed6,What do airplanes do as they are arriving at the gate?,airplanes,"{'label': array(['A', 'B', 'C', 'D', 'E'], dtype=object), 'text': array(['slow down', 'crash', 'speed up', 'land', 'carry people'],
      dtype=object)}",A
ec5a336080e37fbe95d72ad5f9c65ba7,If a person with mental illness stops treatment what will likely happen?,mental illness,"{'label': array(['A', 'B', 'C', 'D', 'E'], dtype=object), 'text': array(['managed', 'dancing', 'recur', 'effectively treated',
       'cause suffering'], dtype=object)}",C
6386bcf080633bc3eeb3317a5435b7b7,The gimmicky low brow TV show was about animals when they what?,animals,"{'label': array(['A', 'B', 'C', 'D', 'E'], dtype=object), 'text': array(['sick', 'mammals', 'males', 'bite', 'attack'], dtype=object)}",E
43ab0ff711e60d51f943bbd2cdd6515a,"A loud machine is irritating, but many are expected where?",machine,"{'label': array(['A', 'B', 'C', 'D', 'E'], dtype=object), 'text': array(['museum', 'house', 'laboratory', 'library', 'industrial area'],
      dtype=object)}",E
11c4c78d61e8212f0984fd07eb22b669,What part of a table would you put a ruler in?,ruler,"{'label': array(['A', 'B', 'C', 'D', 'E'], dtype=object), 'text': array(['drawer', 'desk', 'the backside', 'office', 'measure distance'],
      dtype=object)}",A
e61891746aa94ab57aaa754614034aef,What happens if someone kisses too long?,kissing,"{'label': array(['A', 'B', 'C', 'D', 'E'], dtype=object), 'text': array(['strong feelings', 'herpes', 'shortness of breath', 'excitement',
       'arousal'], dtype=object)}",C
97da9aa4ea4b22744ec51cba49f35bfc,"If I have a modern light source in my living room, what is it likely to be?",light source,"{'label': array(['A', 'B', 'C', 'D', 'E'], dtype=object), 'text': array(['sky', 'house', 'lamp', 'match', 'candle'], dtype=object)}",C
46241bc83e8d81196ae5783b2b9854a4,"The person saw the mess his children made, what was his following reaction?",person,"{'label': array(['A', 'B', 'C', 'D', 'E'], dtype=object), 'text': array(['smell smoke', 'cross street', 'cry', 'bank savings', 'look angry'],
      dtype=object)}",E
18844d3aa4e52b331b5382c8244cf4db,Who might wear dark glasses indoors?,dark glasses,"{'label': array(['A', 'B', 'C', 'D', 'E'], dtype=object), 'text': array(['blind person', 'glove box', 'movie studio', 'ray charles',
       'glove compartment'], dtype=object)}",A
056b33c7050c167b0d4348d40d169358,Where would stones not be arranged in a path?,stones,"{'label': array(['A', 'B', 'C', 'D', 'E'], dtype=object), 'text': array(['quarries', 'field', 'park', 'bridge', 'made from rocks'],
      dtype=object)}",B
31d7dd1d00aabe411568df3e72d5b5e0,A bald eagle is likely to be found on what kind of work?,bald eagle,"{'label': array(['A', 'B', 'C', 'D', 'E'], dtype=object), 'text': array(['rural area', 'book', 'canada', 'painting', 'aviary'], dtype=object)}",D
cbf3dd48b4d591fc872a53cd4b9dd3af,"The hostess was good at her job, she always had a smile when she would what?",hostess,"{'label': array(['A', 'B', 'C', 'D', 'E'], dtype=object), 'text': array(['group people', 'ready parlor for guests', 'welcome guests',
       'work room', 'park'], dtype=object)}",C
60e8f1a86d4063895f340cd1e3c55f50,What is likely to happen to someone who is learning?,learning,"{'label': array(['A', 'B', 'C', 'D', 'E'], dtype=object), 'text': array(['overconfidence', 'effectiveness', 'knowing more',
       'head grows larger', 'growth'], dtype=object)}",C
eee8cb7a0d806a62d2de24831f82e3e1,"The inspector was agreeing with the factory protocols, what was the status of the factory?",agreeing with,"{'label': array(['A', 'B', 'C', 'D', 'E'], dtype=object), 'text': array(['compliance', 'eligible', 'contract', 'harmony', 'friendship'],
      dtype=object)}",A
9a23a7f04e63bf9f4c7dfe50c58abfd2,"After standing up I had to sit right back down, why would I feel like this?",standing up,"{'label': array(['A', 'B', 'C', 'D', 'E'], dtype=object), 'text': array(['train', 'effort', 'balance', 'feet', 'muscles'], dtype=object)}",C
e3426e4f60c142aa3d813479f79d6305,Where do you go on a night out before going to the bar?,bar,"{'label': array(['A', 'B', 'C', 'D', 'E'], dtype=object), 'text': array(['new york city', 'las vegas', 'restaurant', 'nightclub', 'park'],
      dtype=object)}",C
3526550b02d9594abd4fc43553010fc6,"The dad wanted to protect his house, where did he put his gun?",gun,"{'label': array(['A', 'B', 'C', 'D', 'E'], dtype=object), 'text': array(['police station', 'crime scene', 'restroom', 'drawer', 'holster'],
      dtype=object)}",D
e567c94d88829fb07a30e3d46c02e664,What instrument can be played with an air of happiness?,happiness,"{'label': array(['A', 'B', 'C', 'D', 'E'], dtype=object), 'text': array(['jump up and down', 'jump up and down', 'sing', 'play games',
       'fiddle'], dtype=object)}",E
cf5a710c931779fb3dde198e0ace3b6a,What to kids do for boredom on a ramp?,boredom,"{'label': array(['A', 'B', 'C', 'D', 'E'], dtype=object), 'text': array(['watch film', 'fire game', 'hang out at bar', 'go skiing',
       'skateboard'], dtype=object)}",E
0f2377604e628c55ba588366139396b9,What animal has quills all over it?,quill,"{'label': array(['A', 'B', 'C', 'D', 'E'], dtype=object), 'text': array(['feather', 'chicken', 'calligraphy', 'porcupine', 'hedgehog'],
      dtype=object)}",E
ada088b7c97de80336ad043757c2db16,Why would you go to an office?,office,"{'label': array(['A', 'B', 'C', 'D', 'E'], dtype=object), 'text': array(['work', 'school building', 'paper', 'city', 'habit'], dtype=object)}",A
beef0aa2058297904bb4acc1dc340c85,When is the worst time for having food?,having food,"{'label': array(['A', 'B', 'C', 'D', 'E'], dtype=object), 'text': array(['digesting', 'not hungry', 'gas', 'weight gain',
       'feeling of fullness'], dtype=object)}",B
ba9a05bd2086c0d37733e26479d6630f,If you spend all your time buying and not saving what is is likely to happen?,buying,"{'label': array(['A', 'B', 'C', 'D', 'E'], dtype=object), 'text': array(['using money', 'feel better', 'ocean', 'losing money', 'go broke'],
      dtype=object)}",E
6b0bf501aa68b06ddc5ad72ac5ff68fc,"Though a mouse might prefer your house, you might also see him where?",mouse,"{'label': array(['A', 'B', 'C', 'D', 'E'], dtype=object), 'text': array(['tin', 'department store', 'garden', 'small hole', 'cupboard'],
      dtype=object)}",C
926298bbdd03ce96acfeb4408b888b61,What is performing a type of?,performing,"{'label': array(['A', 'B', 'C', 'D', 'E'], dtype=object), 'text': array(['singing', 'act', 'feat', 'smile', 'acting'], dtype=object)}",B
faa0aa438b94c19be8ff52ee80d9e298,"The car was going from Alabama to New York, what was its goal?",car,"{'label': array(['A', 'B', 'C', 'D', 'E'], dtype=object), 'text': array(['head north', 'speed up', 'heading north', 'go fast',
       'headed south'], dtype=object)}",A
9310c39a0752f28640c3a05cba1d5ca7,What do they call the trash in Australia?,trash,"{'label': array(['A', 'B', 'C', 'D', 'E'], dtype=object), 'text': array(['dirt', 'subway', 'state park', 'container', 'dustbin'],
      dtype=object)}",E
fee5f4e9d8e37f0183e36eb9b8dbcbb9,"Joan wants to cook a potato, where should she place it?",potato,"{'label': array(['A', 'B', 'C', 'D', 'E'], dtype=object), 'text': array(['boiling water', 'paper bag', 'restaurants', 'underground',
       'cupboard'], dtype=object)}",A
5392af3f1c4665e95ff3354e5115de42,Writers with a great what can amass a large fortune?,fortune,"{'label': array(['A', 'B', 'C', 'D', 'E'], dtype=object), 'text': array(['cookie', 'bank', 'real estate', 'imagination', 'bank roll'],
      dtype=object)}",D
4c5c74b3287492d6ddb2da4c8c0fd51a,Where do all animals live?,animals,"{'label': array(['A', 'B', 'C', 'D', 'E'], dtype=object), 'text': array(['the moon', 'fairgrounds', 'surface of earth', 'meadow', 'zoos'],
      dtype=object)}",C
52f3eb6c9a6b9671050fc769d465ed03,How are the conditions for someone who is living in a homeless shelter?,living,"{'label': array(['A', 'B', 'C', 'D', 'E'], dtype=object), 'text': array(['sometimes bad', 'happy', 'respiration', 'growing older', 'death'],
      dtype=object)}",A
03ee30b5801b61aee791a551a9d9a49f,You can do knitting to get the feeling of what?,knitting,"{'label': array(['A', 'B', 'C', 'D', 'E'], dtype=object), 'text': array(['relaxation', 'arthritis', 'adrenaline', 'your',
       'sweater may produced'], dtype=object)}",A
6d1d483745bc0aae0f4dd04e851ceffb,What might a very large table be?,table,"{'label': array(['A', 'B', 'C', 'D', 'E'], dtype=object), 'text': array(['dining room', 'conference', 'kitchen', 'in a lake',
       'demonstration'], dtype=object)}",B
bf10bfda7328c8671e15adf8546b64d7,John got his tax refund back.  He treated it like it was what?,tax,"{'label': array(['A', 'B', 'C', 'D', 'E'], dtype=object), 'text': array(['candy', 'death and', 'free money', 'discount', 'credit'],
      dtype=object)}",C
0b3a3ee40dd25be9735ac5e3342ca4dd,A person with an allergy might be doing what if they awake suddenly?,awake,"{'label': array(['A', 'B', 'C', 'D', 'E'], dtype=object), 'text': array(['have fun', 'enjoy with friends', 'stretch', 'yawn', 'sneezing'],
      dtype=object)}",E
77e2a0b469b56bea81921a4a945ffcb5,Where is a ferret unlikely to be?,ferret,"{'label': array(['A', 'B', 'C', 'D', 'E'], dtype=object), 'text': array(['classroom', 'outdoors', 'aquarium', 'north carolina',
       'great britain'], dtype=object)}",A
dc964e4f6df6b70815e81e466d0ff717,If you jump in any of the oceans you will get?,oceans,"{'label': array(['A', 'B', 'C', 'D', 'E'], dtype=object), 'text': array(['tanned', 'wet', 'wide', 'very deep', 'fish'], dtype=object)}",B
6b9221c1af583ffb43580857d6fde38a,"Immediately after peeing, a person's bladder is what?",bladder,"{'label': array(['A', 'B', 'C', 'D', 'E'], dtype=object), 'text': array(['collapsed', 'empty', 'full', 'filled', 'stretchable'],
      dtype=object)}",B
4dc2c4596b08e9bfd893174e67bff40a,"The lady would eat and eat, and because of mental issues would then make herself what?",eat,"{'label': array(['A', 'B', 'C', 'D', 'E'], dtype=object), 'text': array(['wash dishes', 'throwing up', 'drinking', 'throw up',
       'turn inside out'], dtype=object)}",D
8ae24d3ff199077a59e0d970feb665b7,"A car was hailed to chauffeur someone to the opera house, where was it heading?",car,"{'label': array(['A', 'B', 'C', 'D', 'E'], dtype=object), 'text': array(['go downtown', 'appear suddenly', 'go fast', 'bottom out', 'east'],
      dtype=object)}",A
d64a676e9d22e7edd12e7f4ce267a9f0,What do you go to see for live entertainment?,entertainment,"{'label': array(['A', 'B', 'C', 'D', 'E'], dtype=object), 'text': array(['movie', 'show', 'concert venue', 'casino', 'theatre'],
      dtype=object)}",B
54ecb521df1d0f5b130a393c42b4126d,The teacher thought that a ferret can be very mischievous and probably wouldn't make a great pet for the entire what?,ferret,"{'label': array(['A', 'B', 'C', 'D', 'E'], dtype=object), 'text': array(['bad mood', 'hutch', 'classroom', 'pair of trousers', 'year'],
      dtype=object)}",C
b7276bb9139ec25c98c7e3822404eb6c,A creek is a body of water found in what low land?,creek,"{'label': array(['A', 'B', 'C', 'D', 'E'], dtype=object), 'text': array(['forest', 'valley', 'outdoors', 'countryside', 'woods'],
      dtype=object)}",B
ecb8758b0d088f9aedc182a516dd1190,"If I have a pet bird, what does it likely live in?",bird,"{'label': array(['A', 'B', 'C', 'D', 'E'], dtype=object), 'text': array(['forest', 'bathroom', 'windowsill', 'countryside', 'cage'],
      dtype=object)}",E
f2645d0ee8662b6553954cee7e77979e,Joe and Mac were playing basketball. They did it every day in their back yard.  Why were they playing basketball?,playing basketball,"{'label': array(['A', 'B', 'C', 'D', 'E'], dtype=object), 'text': array(['study', 'have fun', 'pain', 'cheers', 'knee injury'], dtype=object)}",B
ea6d1a739ea841be282e13789270651e,What makes someone a nomad?,person,"{'label': array(['A', 'B', 'C', 'D', 'E'], dtype=object), 'text': array(['unpleasant things', 'hangnail', 'have no home', 'have no car',
       'schizophrenia'], dtype=object)}",C
c82ed0c2a2e115452b4d596c5faafbcf,What is a treat that you dog will enjoy?,dog,"{'label': array(['A', 'B', 'C', 'D', 'E'], dtype=object), 'text': array(['salad', 'petted', 'affection', 'bone', 'lots of attention'],
      dtype=object)}",D
163d83851ecd4a4144b31b8738e4c335,Women used to be expected to wear a dress but it's now acceptable for them to wear what?,dress,"{'label': array(['A', 'B', 'C', 'D', 'E'], dtype=object), 'text': array(['man suit', 'pants', 'naked', 'action', 'long skirt'], dtype=object)}",B
095767956c500ca1af7cf7671556de5b,The fact that Joe was able to memorize the list in spite of his apparent  state proved that part of his brain was what?,memorize,"{'label': array(['A', 'B', 'C', 'D', 'E'], dtype=object), 'text': array(['awake', 'repeat', 'sleeping', 'concentrate', 'read aloud'],
      dtype=object)}",A
d31ee38f67d1173275e120b8ad36039c,What is a wet person likely to do?,person,"{'label': array(['A', 'B', 'C', 'D', 'E'], dtype=object), 'text': array(['gain weight', 'thank god', 'catch cold', 'suicide',
       'cross street'], dtype=object)}",C
c410a4626dfce4b4cfd3e5937602cd77,"After recovering from the disease, what did the doctor call the patient?",disease,"{'label': array(['A', 'B', 'C', 'D', 'E'], dtype=object), 'text': array(['healthy', 'passing around', 'cure', 'wellness', 'healthy'],
      dtype=object)}",A
14d760e43728e9e4643c414627f2b596,"The painter started to edge the room with tape, he always took extra care to make the lines clean and crisp when working with an what?",edge,"{'label': array(['A', 'B', 'C', 'D', 'E'], dtype=object), 'text': array(['triangle', 'middle', 'corner', 'center', 'interior'], dtype=object)}",E
abcf1b550b4d44f46d4f68b8e1d98ec8,"After high tide, where on the coast can you look to find a sea anemone?",anemone,"{'label': array(['A', 'B', 'C', 'D', 'E'], dtype=object), 'text': array(['nursery', 'museum', 'gulf of mexico', 'tide pool',
       'intertidal zone'], dtype=object)}",D
5b8af6f26335dbd501b0104c71e26d9e,What could a driving car do to a pedestrian?,driving car,"{'label': array(['A', 'B', 'C', 'D', 'E'], dtype=object), 'text': array(['say hello', 'wreak', 'pollution', 'smoke', 'relaxation'],
      dtype=object)}",B
4364b4b342fb7b44434bd6694bf8fd51,People do many things to alleviate boredom.  If you can't get out of the house you might decide to do what?,boredom,"{'label': array(['A', 'B', 'C', 'D', 'E'], dtype=object), 'text': array(['play cards', 'skateboard', 'meet interesting people',
       'listen to music', 'go to a concert'], dtype=object)}",D
3ffe67fb009529d9b0c49ccd7141ee4a,"At a grocery store they sell individual potatoes, where does the grocery clerk likely put the potato?",potato,"{'label': array(['A', 'B', 'C', 'D', 'E'], dtype=object), 'text': array(['boiling water', 'root cellar', 'rocket ship', 'paper bag',
       'underground'], dtype=object)}",D
f372587fa4c99d5bebf0d0eb987c44e2,What room is a rubber bath mat usually kept?,mat,"{'label': array(['A', 'B', 'C', 'D', 'E'], dtype=object), 'text': array(['doorway', 'living room', 'sand', 'floors', 'bathroom'],
      dtype=object)}",E
d35a8a3bd560fdd651ecf314878ed30f,What would you put meat on top of to cook it?,meat,"{'label': array(['A', 'B', 'C', 'D', 'E'], dtype=object), 'text': array(['oil', 'freezer', 'ham sandwich', 'oven', 'frying pan'],
      dtype=object)}",E
0542414710025f56b0c26e1bae5c4d06,Minerals can be obtained in what way for a person who avoids leafy greens?,mineral,"{'label': array(['A', 'B', 'C', 'D', 'E'], dtype=object), 'text': array(['multivitamin', 'farm', 'michigan', 'earth', 'ore'], dtype=object)}",A
1875f70cf736c68c7a9df3ef870224a1,What could you be a few hours after you finish cashing in due to your cash?,cashing in,"{'label': array(['A', 'B', 'C', 'D', 'E'], dtype=object), 'text': array(['happy', 'receiving money', 'getting paid', 'spending money',
       'selling out'], dtype=object)}",A
83250ae2dfeb2e3886ead4cde8e1290f,"The smelly man was having a bath, but what is he pursuing?",having bath,"{'label': array(['A', 'B', 'C', 'D', 'E'], dtype=object), 'text': array(['hydration', 'being clear', 'personal cleanliness', 'will drown',
       'use of water'], dtype=object)}",C
70c39372c0d50566554fd72c768b75f6,What might a couple have a lot of when they are deciding on stopping being married to each other?,stopping being married to,"{'label': array(['A', 'B', 'C', 'D', 'E'], dtype=object), 'text': array(['pleasure', 'detachment', 'exercise', 'bankruptcy', 'fights'],
      dtype=object)}",E
c21ec5b367f409a0288d616f626555ae,"If a person is working a lot, what are they likely trying to earn?",person,"{'label': array(['A', 'B', 'C', 'D', 'E'], dtype=object), 'text': array(['much money', 'own house', 'creativity', 'new car', 'caregiver'],
      dtype=object)}",A
a2cd03ed068f6d613e85f3a60f4db0a1,"The traveling business man was glad his credit card had perks, it offset the high prices for travel from a what?",high prices,"{'label': array(['A', 'B', 'C', 'D', 'E'], dtype=object), 'text': array(['car', 'theatre', 'airport', 'hotel', 'disneyland'], dtype=object)}",C
d2871dc28c82471e5d7f71f79e49c257,"Billy hated using other people's toilets. He was only comfortable on his own.  So whenever he needed to poop, he would go back to his what?",toilet,"{'label': array(['A', 'B', 'C', 'D', 'E'], dtype=object), 'text': array(['bathroom', 'motel room', 'nearest public restroom', 'house',
       'apartment'], dtype=object)}",D
94770e75c4e2000e717b4218ddff19e8,"The forest experienced a cold winter, where is it located?",forest,"{'label': array(['A', 'B', 'C', 'D', 'E'], dtype=object), 'text': array(['earth', 'south america', 'amazon basin', 'temperate zone',
       'national park'], dtype=object)}",D
08ad17d3ca1838b8724d21cf5921ec52,How can you let someone know about your anger without hurting him or her?,anger,"{'label': array(['A', 'B', 'C', 'D', 'E'], dtype=object), 'text': array(['release energy', 'destroy enemy', 'punch', 'write letter',
       'lose your temper'], dtype=object)}",D
21fb76bd8349628b441c76f47c33e77b,Where is one likely to find a brownstone?,brownstone,"{'label': array(['A', 'B', 'C', 'D', 'E'], dtype=object), 'text': array(['new york city', 'subdivision', 'ring', 'hazleton', 'live in'],
      dtype=object)}",A
e151b44e0a7bf08a1dd3c861eef09161,What may I place the telephone on?,telephone,"{'label': array(['A', 'B', 'C', 'D', 'E'], dtype=object), 'text': array(['bar', ""friend's house"", 'desktop', 'party', 'office'],
      dtype=object)}",C
46351b3a6beb694c5f623583a3b1473d,What language type is someone from Iran likely to use?,light source,"{'label': array(['A', 'B', 'C', 'D', 'E'], dtype=object), 'text': array(['books', 'dard', 'sky', 'closed room', 'television'], dtype=object)}",B
db75e16788cf56d5dfb9773eaf91fe7e,"John went to a party that lasted all night.  Because of this, he didn't have time for what?",party,"{'label': array(['A', 'B', 'C', 'D', 'E'], dtype=object), 'text': array(['meeting', 'blowing off steam', 'stay home', 'partying hard',
       'studying'], dtype=object)}",E
ffd89796a9b09bef56c5803f188764c6,"The child wasn't allowed in the kitchen but still wanted to help, what could it do to help in the dining room?",child,"{'label': array(['A', 'B', 'C', 'D', 'E'], dtype=object), 'text': array(['set table', 'form opinions', 'make honey', 'become adult',
       'gather flowers'], dtype=object)}",A
5622e49306bb82ec1cec817ad0506c60,"He was having a hard time expressing himself in a healthy way, the psychologist said he was mentally what?",expressing yourself,"{'label': array(['A', 'B', 'C', 'D', 'E'], dtype=object), 'text': array(['slow', 'understood', 'suffering', 'embarrassment', 'fun'],
      dtype=object)}",C
6efaeb796307036719635242fa5ad0f3,When someone is physically competing what does their body do?,competing,"{'label': array(['A', 'B', 'C', 'D', 'E'], dtype=object), 'text': array(['tension', 'perform better', 'releases heat', 'winning or losing',
       'sweat'], dtype=object)}",E
114d310d1198abffaf8b88dab5a55aa7,How would you express information to a deaf person?,express information,"{'label': array(['A', 'B', 'C', 'D', 'E'], dtype=object), 'text': array(['summarize main points', 'close mouth', 'write down',
       'may disagree', 'talk'], dtype=object)}",C
0f79faf5337706f2e0e39c15bbd2e99a,Printing on a printer can get expensive because it does what?,printing on printer,"{'label': array(['A', 'B', 'C', 'D', 'E'], dtype=object), 'text': array(['explode', 'use paper', 'store information', 'queue', 'noise'],
      dtype=object)}",B
b62d7d1b5eec31be0b65146a9fc069e0,What will god never do according to religion?,god,"{'label': array(['A', 'B', 'C', 'D', 'E'], dtype=object), 'text': array(['anything', 'judge people', 'work miracles', 'judge men',
       'everywhere'], dtype=object)}",B
1342c6aec9f5179d6ea6fa5fefbe5188,One of the potential hazards of attending school is what?,attending school,"{'label': array(['A', 'B', 'C', 'D', 'E'], dtype=object), 'text': array(['cooties', 'get smart', 'boredom', 'colds and flu', 'taking tests'],
      dtype=object)}",D
c74ae684ba6c76e2a913493483678c9d,What has a surface with many sides?,surface,"{'label': array(['A', 'B', 'C', 'D', 'E'], dtype=object), 'text': array(['tetrahedron', 'object', 'geometry problem', 'lake', 'triangle'],
      dtype=object)}",A
411e50225637b76187cc36b24fe3127c,What could bring a container from one place to another?,container,"{'label': array(['A', 'B', 'C', 'D', 'E'], dtype=object), 'text': array(['food', 'refrigerator', 'cargo ship', 'port', 'fuel'], dtype=object)}",C
2a0e82bbf1471290c93c8f2a11af197f,The old style pop ups literally let you see the story when you did what?,see story,"{'label': array(['A', 'B', 'C', 'D', 'E'], dtype=object), 'text': array(['giggle', 'visualize', 'open book', 'reading', 'go to movies'],
      dtype=object)}",C
eaadd7a4b18cb48c00f85c3975750fe7,What is it called when you are talking to someone?,talking to,"{'label': array(['A', 'B', 'C', 'D', 'E'], dtype=object), 'text': array(['communication', 'quiet', 'boredom', 'persuaded', 'learn'],
      dtype=object)}",A
403c9b067ef7363efffa822bb08c5426,"The family finished dinner, the child's chore was to load the dirty dishes where?",dirty dishes,"{'label': array(['A', 'B', 'C', 'D', 'E'], dtype=object), 'text': array(['restaurant kitchen', 'dishwasher', ""son's room"", 'cabinet',
       'party'], dtype=object)}",B
adf228312401c9ff421a4da1b46bb70a,Where could you find a bureau as well as many politicians?,bureau,"{'label': array(['A', 'B', 'C', 'D', 'E'], dtype=object), 'text': array(['each city', 'office building', 'a zoo', 'french government',
       'washington dc'], dtype=object)}",E
57c85e4c7ea2501ef9d8f304b524e2e4,"Dad wanted to hide the check in his office, where did he put it?",check,"{'label': array(['A', 'B', 'C', 'D', 'E'], dtype=object), 'text': array(['cash register', 'desk drawer', 'fish tank', 'bank',
       'pay envelope'], dtype=object)}",B
c22f30eee57f7191ee07e9a916460f68,"For some reason she was devoid of regular emotions, buying products was the only way she could feel what?",buying products,"{'label': array(['A', 'B', 'C', 'D', 'E'], dtype=object), 'text': array(['pleasure', 'owning', 'debt', 'spending money', 'smart'],
      dtype=object)}",A
026cb9c07a583ec933f2c4c67ae73836,Where are horses judged on appearance?,horses,"{'label': array(['A', 'B', 'C', 'D', 'E'], dtype=object), 'text': array(['race track', 'fair', 'raised by humans', 'in a field',
       'countryside'], dtype=object)}",B
c57ed32566a2db1ec3d6e4fd595b9d05,Why do people read non fiction?,read,"{'label': array(['A', 'B', 'C', 'D', 'E'], dtype=object), 'text': array(['having fun', ""it's more relatable"", 'learn new things',
       'becoming absorbed', 'falling asleep'], dtype=object)}",C
93b52e7ea1acf10db891e9355e234123,While knitting you can do what using a radio?,knitting,"{'label': array(['A', 'B', 'C', 'D', 'E'], dtype=object), 'text': array(['listen to music', 'watch television', 'making blankets', 'eat',
       'watching tv'], dtype=object)}",A
dbdad44029098d4b1d202d6d857d6092,Where are you likely to set papers while working on them?,papers,"{'label': array(['A', 'B', 'C', 'D', 'E'], dtype=object), 'text': array(['table', 'meeting', 'drawer', 'toilet', 'garage'], dtype=object)}",A
69d0f70c173dda17934836d618ca7093,"John had a massive debt to 50 million dollars.  Compared to that, Leo's 2000 dollar debt seemed what?",massive,"{'label': array(['A', 'B', 'C', 'D', 'E'], dtype=object), 'text': array(['dwarf', 'inconsequential', 'insubstantial', 'lame', 'tiny'],
      dtype=object)}",C
e5697a25935c5249d2108f55e245f3e4,"The man flew his airplane over the city and saw pollution visibly in the sky, what was polluted?",pollution,"{'label': array(['A', 'B', 'C', 'D', 'E'], dtype=object), 'text': array(['forest', 'street', 'air', 'caused by humans', 'car show'],
      dtype=object)}",C
99af85081085e6228c6d78c95be01968,What is a very unlikely side effect of becoming inebriated?,becoming inebriated,"{'label': array(['A', 'B', 'C', 'D', 'E'], dtype=object), 'text': array(['fights', 'drunkenness', 'staggering', 'puke', 'paralysis'],
      dtype=object)}",E
235094c966bcbdc94701b41b969f9c75,when communicating with my boss what should i do,communicating,"{'label': array(['A', 'B', 'C', 'D', 'E'], dtype=object), 'text': array(['misunderstandings', 'transfer of information', 'learning',
       'confusion', 'silence'], dtype=object)}",B
99789083502af9bf111876a00fae44ac,If not in a stream but in a market where will you find fish?,fish,"{'label': array(['A', 'B', 'C', 'D', 'E'], dtype=object), 'text': array(['stream', 'aquarium', 'refrigerator', 'boat ride', 'market'],
      dtype=object)}",C
1d44fb5f4b7f1e23ff6c1c083db81ba1,What are people likely to want to do with their friends?,people,"{'label': array(['A', 'B', 'C', 'D', 'E'], dtype=object), 'text': array(['own land', 'own home', 'talk to each other', 'believe in god',
       'spend time'], dtype=object)}",E
194b66240f6fab75749c1e30ed09ea09,During a shark filled tornado where should you not be?,shark,"{'label': array(['A', 'B', 'C', 'D', 'E'], dtype=object), 'text': array(['marine museum', 'pool hall', 'noodle house', 'bad movie',
       'outside'], dtype=object)}",E
83dad4fe630fddbdcd5b18ef890c66f2,What is the likely result of buying products in excess?,buying products,"{'label': array(['A', 'B', 'C', 'D', 'E'], dtype=object), 'text': array(['running out of money', 'spending money', 'poverty',
       'comparison shopping', 'overstocking'], dtype=object)}",E
3ebc5ddd2e97fe37fcb52aa2a9e2e1a7,What is a person trying to accomplish when taking analgesics?,person,"{'label': array(['A', 'B', 'C', 'D', 'E'], dtype=object), 'text': array(['acceptance', 'avoid pain', 'acknowledgment', 'passing grade',
       'intellectual challenge'], dtype=object)}",B
9ed019338a48216de9eadf64faaf1ce0,Where would you put a glass after drinking from it?,glass,"{'label': array(['A', 'B', 'C', 'D', 'E'], dtype=object), 'text': array(['ocean', 'water cooler', 'cabinet', 'dishwasher', 'dining room'],
      dtype=object)}",D
d1d2585e0ba1160948b7c5822a99b7a1,Where would you buy food?,food,"{'label': array(['A', 'B', 'C', 'D', 'E'], dtype=object), 'text': array(['freezer', 'store', 'home', 'hatred', 'kitchen'], dtype=object)}",B
e34a0d1331c6bd4574ffe308e3fbd389,"When a person admits his mistakes, what are they doing?",person,"{'label': array(['A', 'B', 'C', 'D', 'E'], dtype=object), 'text': array(['accident', 'learn to swim', 'thank god', 'feel relieved',
       'act responsibly'], dtype=object)}",E
4858669d0193e5d9384dc37d4bb5c00c,Where do play a game for money?,game,"{'label': array(['A', 'B', 'C', 'D', 'E'], dtype=object), 'text': array(['casino', 'football ground', 'ballpark', 'family room',
       'toy store'], dtype=object)}",A
8fd82cdc253835814153fe7222e9967c,When you travel you should what in case of unexpected costs?,travel,"{'label': array(['A', 'B', 'C', 'D', 'E'], dtype=object), 'text': array(['go somewhere', 'energy', 'spend frivilously', 'fly in airplane',
       'have money'], dtype=object)}",E
66458bf8599c3ef1e7b50fa527531882,"Donald is a prominent figure for the federal government, so in what city does he likely spend a lot of time?",government,"{'label': array(['A', 'B', 'C', 'D', 'E'], dtype=object), 'text': array(['everything', 'capitol building', 'tourist sites', 'canada',
       'washington d.c'], dtype=object)}",E
879239b8a788f3c9e3dfdd0862f3d7c5,"There was more than one bum asking for change or a ticket, it was the cheapest way to travel so it was no surprise sight at the what?",bum,"{'label': array(['A', 'B', 'C', 'D', 'E'], dtype=object), 'text': array(['train station', 'beach', 'bus depot', 'bridge', 'stumblebum'],
      dtype=object)}",C
8a69e6df5e8ad6c9e6828aa66c59d046,John and Joe like planning games but Joe  was hit by a ball and fell down. What might have happened to Joe.,playing game,"{'label': array(['A', 'B', 'C', 'D', 'E'], dtype=object), 'text': array(['anger', 'good natured ribbing.', 'enjoying', 'injury',
       'enjoyment'], dtype=object)}",D
8d275acea05fd16295c659c504576a9b,Where can you buy jeans at one of may indoor merchants?,jeans,"{'label': array(['A', 'B', 'C', 'D', 'E'], dtype=object), 'text': array(['gap', 'shopping mall', 'bedroom', 'laundromat', 'bathroom'],
      dtype=object)}",B
91629c6f9e4af3e6acf385eb23fd8068,What do you write letter in in America?,letter,"{'label': array(['A', 'B', 'C', 'D', 'E'], dtype=object), 'text': array(['syllable', 'post office', 'envelope', 'english alphabet', 'word'],
      dtype=object)}",D
59eb56f366407ac7db72996be265883b,Joe owned back taxes as well as what other type of taxes?,back,"{'label': array(['A', 'B', 'C', 'D', 'E'], dtype=object), 'text': array(['anterior', 'front', 'main', 'front', 'current'], dtype=object)}",E
4ab069f2e979d51f2c5929f590d09982,Where is a broadcast studio likely to be heard?,broadcast studio,"{'label': array(['A', 'B', 'C', 'D', 'E'], dtype=object), 'text': array(['microphone', 'arena', 'radio station', 'trees', 'town'],
      dtype=object)}",C
d6bb990e8c409d2b3af37a2da198e01f,Kramer wrote a self-referential book.  What might that book be about?,book,"{'label': array(['A', 'B', 'C', 'D', 'E'], dtype=object), 'text': array(['counter', 'coffee table', 'school room', 'backpack',
       'bedside table'], dtype=object)}",B
c5ad166ab5c5f5f067aa02b20f482523,"Of all the sports, Billy enjoys football, but what does his concerned mother think of the sport?",sports,"{'label': array(['A', 'B', 'C', 'D', 'E'], dtype=object), 'text': array(['very entertaining', 'fun', 'slow', 'competitive', 'violent'],
      dtype=object)}",E
ceafca2445b1b974d085a8cce38e8e44,What city will likely have many parking structures?,parking structure,"{'label': array(['A', 'B', 'C', 'D', 'E'], dtype=object), 'text': array(['chicago', 'big city', 'large city building', 'environment',
       'college campus'], dtype=object)}",A
2ef2ae21a2d3a9ecbd5c45ff378d10e3,Sally was afraid of danger and always double checked what?,danger,"{'label': array(['A', 'B', 'C', 'D', 'E'], dtype=object), 'text': array(['fight enemy', 'secure', 'being safe', 'safety', 'vicinity'],
      dtype=object)}",D
793672da43fbc609e8c5760630c7e239,What is the habitat of the fox?,fox,"{'label': array(['A', 'B', 'C', 'D', 'E'], dtype=object), 'text': array(['hen house', 'burrow', 'california', 'england', 'mountains'],
      dtype=object)}",E
558cb0bc25387ce38d71f64ef6f1fa57,"People are very much like the animals, but one thing has secured or dominance over the planet.  We're better at doing what?",people,"{'label': array(['A', 'B', 'C', 'D', 'E'], dtype=object), 'text': array(['eat eggs', 'make tools', 'eat dosa', 'talk to each other',
       'smoke pot'], dtype=object)}",B
2c9f4a98ce774cd734b6e384d95051a7,"They children loved having a back yard, and the parents loved that it was a safe what?",back yard,"{'label': array(['A', 'B', 'C', 'D', 'E'], dtype=object), 'text': array(['suburb', 'neighborhood', 'back of house', 'roundabout',
       'property'], dtype=object)}",B
33c84708785f88c19737ef5b0e31a64b,"While people just throw coins down them now, what originally had a pail to be lowered for it's intended use?",pail,"{'label': array(['A', 'B', 'C', 'D', 'E'], dtype=object), 'text': array(['garage', 'utility room', 'slide', 'wishing well', 'garden'],
      dtype=object)}",D
d867f76d000bdb59b9b4cb982bd7f0a0,Joe was thrown from his boat into the water.  The water was cold because it was the middle of winter and he cried out to his crew for help.  They couldn't hear him over the sound of the what?,water,"{'label': array(['A', 'B', 'C', 'D', 'E'], dtype=object), 'text': array(['surface of earth', 'teardrops', 'snowflake', 'typhoon', 'motor'],
      dtype=object)}",D
8c607d2e2e897d74048fcc794137b683,"When a human is earning money, where are they often found?",human,"{'label': array(['A', 'B', 'C', 'D', 'E'], dtype=object), 'text': array(['deep thought', 'park', ""friend's house"", 'place of work',
       'school'], dtype=object)}",D
5215e26c99b2a9b376fb1c70096a388a,"They passed a apple tree on their way to the racetrack, the were going to watch the biggest motorsport spectacle in the world where?",apple tree,"{'label': array(['A', 'B', 'C', 'D', 'E'], dtype=object), 'text': array(['maryland', 'indiana', 'on tv', 'park', 'new jersey'], dtype=object)}",B
668dc6bce771b10cbf6336f3ec76520a,Why do people play chess on the weekends?,play chess,"{'label': array(['A', 'B', 'C', 'D', 'E'], dtype=object), 'text': array(['satisfaction', 'have fun', 'thrilling', 'made', 'smart'],
      dtype=object)}",B
a339fe08f1f50463ee180b797e99ebcc,What do you need energy to do in gym class?,energy,"{'label': array(['A', 'B', 'C', 'D', 'E'], dtype=object), 'text': array(['work', 'tacos', 'mass', 'play sports', 'wrestle'], dtype=object)}",D
526cd34f5b2afefbbb7830434785f298,Sarah dropped the marble because she wanted to do what?,marble,"{'label': array(['A', 'B', 'C', 'D', 'E'], dtype=object), 'text': array(['game', 'pouch', 'home', 'store', 'jar'], dtype=object)}",A
6c1c1c282cebe8917f607f0dbc1c102e,"We are all human, and we all what?",human,"{'label': array(['A', 'B', 'C', 'D', 'E'], dtype=object), 'text': array(['write', 'eat cake', 'smile', 'think critically', 'die'],
      dtype=object)}",E
b5baf77d3855935c87f01f5fb2216667,"If a person were going to bed, what would be their goal?",going to bed,"{'label': array(['A', 'B', 'C', 'D', 'E'], dtype=object), 'text': array(['lazy', 'insomnia', 'rest', 'falling asleep', 'dreaming of'],
      dtype=object)}",D
83808e92381b2e5f4cdf55d1391645ae,What are candles good for eliminating?,candle,"{'label': array(['A', 'B', 'C', 'D', 'E'], dtype=object), 'text': array(['shelf', 'board', 'church', 'table', 'dark'], dtype=object)}",E
1a86310d7279097205a3403752c3b914,WHat leads to an early death?,death,"{'label': array(['A', 'B', 'C', 'D', 'E'], dtype=object), 'text': array(['poisonous gas', 'homicide', 'cinder', 'nuclear weapons',
       'cyanide'], dtype=object)}",B
b4130d1790948134f3aeab9d3d79c181,What room would you find many bookcases and is used for contemplation?,bookcase,"{'label': array(['A', 'B', 'C', 'D', 'E'], dtype=object), 'text': array(['study', 'house', 'homw', 'kitchen', 'den'], dtype=object)}",A
a5097b7f56d20217679f28201801476f,Where do you head to travel to a star?,star,"{'label': array(['A', 'B', 'C', 'D', 'E'], dtype=object), 'text': array(['night sky', 'galaxy', 'outer space', 'hollywood', 'eat cake'],
      dtype=object)}",C
bcc5dd6292a64d8fa17cd07c360b335d,"The player lifted his cornet and walked in rhythm, what was the player a member of?",cornet,"{'label': array(['A', 'B', 'C', 'D', 'E'], dtype=object), 'text': array(['museum', 'high school band', 'marching band', 'orchestra', 'band'],
      dtype=object)}",C
cfc7fccb8449a2a950c9d2a50991420e,What happens at soon as a living being is born?,living,"{'label': array(['A', 'B', 'C', 'D', 'E'], dtype=object), 'text': array(['expiration', 'growing older', 'sometimes bad', 'death',
       'start reproduction'], dtype=object)}",B
2e83c5989a018bec6d5f5ac7d3b72f49,"When someone is talking and you missed something, what can you do to get them to repeat it?",talking,"{'label': array(['A', 'B', 'C', 'D', 'E'], dtype=object), 'text': array(['walking', 'ask question', 'think', 'write question in crayon',
       'sneeze'], dtype=object)}",B
34b2d6aecdb5af8efacf0b0aa7e3989f,Where does one store fabric in their own home?,fabric,"{'label': array(['A', 'B', 'C', 'D', 'E'], dtype=object), 'text': array(['sewing room', 'clothing store', 'tailor shop', 'clothes store',
       'cotton mill'], dtype=object)}",A
2ec7f8fe7948f9997e73f9bff7ba6e05,What do most companies not want to have relative to demand?,want,"{'label': array(['A', 'B', 'C', 'D', 'E'], dtype=object), 'text': array(['oversupply', 'plentitude', 'stockpile', 'superabundance', 'busy'],
      dtype=object)}",A
651785ed4f7b0bd2e7ca9f70a42acea5,What is happening while he's playing basketball for such a long time?,playing basketball,"{'label': array(['A', 'B', 'C', 'D', 'E'], dtype=object), 'text': array(['sweating', 'pain', 'having fun', 'medium', 'knee injury'],
      dtype=object)}",A
ee46995407eb6357bb5410d49d378629,A traveler laments the fact that mass transit is limited in his city when his groceries get soaked by the rain as he waits where?,traveller,"{'label': array(['A', 'B', 'C', 'D', 'E'], dtype=object), 'text': array(['bus stop', 'library', 'motel', 'airport', 'subway'], dtype=object)}",A
303aedda3a5ab8d853cbe4edc4b914c6,"The person was in physical distress, where should he go?",person,"{'label': array(['A', 'B', 'C', 'D', 'E'], dtype=object), 'text': array(['synagogue', 'for help', 'hospital', 'bus stop', 'building'],
      dtype=object)}",C
720b98fbc365736597147c984f6bd301,"The cancer patient was expecting to die, so he made out his what?",die,"{'label': array(['A', 'B', 'C', 'D', 'E'], dtype=object), 'text': array(['not to live', 'write will', 'never want', 'seek help',
       'go to hell'], dtype=object)}",B
c611875b43b67b91030b889b267bbcb3,"There was a toll road that meandered from Maine to New Hampshire, where was it?",toll road,"{'label': array(['A', 'B', 'C', 'D', 'E'], dtype=object), 'text': array(['massachusetts', 'new england', 'my house', 'new jersey',
       'connecticut'], dtype=object)}",B
0547da29ffab9b441bae8870cd0f9dab,"If you partied all night you could find yourself already what, even when just beginning work?",beginning work,"{'label': array(['A', 'B', 'C', 'D', 'E'], dtype=object), 'text': array(['getting tired', 'working', 'procrastination', 'jumping',
       'sitting down'], dtype=object)}",A
21e312c7fd1a52341ce35b66457eab36,"The cat carefully navigated the area, they do everything they can to avoid what?",cat,"{'label': array(['A', 'B', 'C', 'D', 'E'], dtype=object), 'text': array(['get wet', 'eat vegetables', 'falling', 'wool sweater',
       'sharp claws'], dtype=object)}",A
82e26bc22af89c38d54aa2d00dcb8a2b,What is someone usually doing if someone else is talking to him or her?,talking to,"{'label': array(['A', 'B', 'C', 'D', 'E'], dtype=object), 'text': array(['listening', 'language', 'looking at eyes',
       'planning the perfect murder', 'voice'], dtype=object)}",A
f75357e48c3026cfa4da3dba9f91bb21,What does the sky do before a rain?,sky,"{'label': array(['A', 'B', 'C', 'D', 'E'], dtype=object), 'text': array(['appear beautiful', 'appear blue', 'shows a rainbow', 'rain water',
       'cloud over'], dtype=object)}",E
64931f9097155672bfe3e16f03b2c195,"Pens, computers, text books and paper clips can all be found where?",paper clips,"{'label': array(['A', 'B', 'C', 'D', 'E'], dtype=object), 'text': array(['desktop', 'university', 'drawer', 'table', 'work'], dtype=object)}",B
5de3248caa2e5ed83dd0ec45a15eae18,What geographic area is a lizard likely to be?,lizard,"{'label': array(['A', 'B', 'C', 'D', 'E'], dtype=object), 'text': array(['ball stopped', 'west texas', 'arid regions', 'garden',
       'warm place'], dtype=object)}",B
0611dfbf5114084723d75f59b4f67412,What do you use to carry your briefcase?,briefcase,"{'label': array(['A', 'B', 'C', 'D', 'E'], dtype=object), 'text': array(['office building', 'school', 'courtroom', 'airport', 'hand'],
      dtype=object)}",E
5b8d76889510384b38b72945e8d28f53,"He picked up his pace to a run, he wanted to do what?",run,"{'label': array(['A', 'B', 'C', 'D', 'E'], dtype=object), 'text': array(['learn to walk', 'frightened', 'get away from', 'exercise',
       'go faster'], dtype=object)}",E
d81f5c49bc060dc799681bf4cacac73a,What would a person do if they do not have any friends?,person,"{'label': array(['A', 'B', 'C', 'D', 'E'], dtype=object), 'text': array(['talk to people', 'try again', 'fall asleep', 'stand alone',
       'thank god'], dtype=object)}",D
aaf4fa38433c84b3bd0a86551259ce62,"As a result of dying, what happens to organic material?",dying,"{'label': array(['A', 'B', 'C', 'D', 'E'], dtype=object), 'text': array(['change of color', 'stop breathing', 'wake up', 'death and decay',
       'getting cold'], dtype=object)}",D
33ea932a876ac0361c9eefeff1d24e92,What does everyone have in relation to other people?,everyone,"{'label': array(['A', 'B', 'C', 'D', 'E'], dtype=object), 'text': array(['feelings', 'food', 'unique personality', 'different standards',
       'values'], dtype=object)}",A
aead08289ca9abfcd169f935ea228ee5,What do you ask a child to do when you first meet her?,child,"{'label': array(['A', 'B', 'C', 'D', 'E'], dtype=object), 'text': array(['ask questions', 'count to ten', 'costume', 'state name',
       'dress herself'], dtype=object)}",D
adbddc80b10bf25f09c6c2bee4e3c59b,"Where can you buy a clock, clothing and wrenches?",clock,"{'label': array(['A', 'B', 'C', 'D', 'E'], dtype=object), 'text': array(['counter', 'train station', 'school room', 'desk',
       'department store'], dtype=object)}",E
1caf93d6a22dc8190e19c14bbe1fafda,What do you do when you're in a new place and want to see new things?,see new,"{'label': array(['A', 'B', 'C', 'D', 'E'], dtype=object), 'text': array(['interesting', 'look around', 'take pictures',
       'change of surroundings', 'new experience'], dtype=object)}",B
0bf4d64ad0eee7224acb3a4eb85accb2,What happens when to ice when it is in the sun?,ice,"{'label': array(['A', 'B', 'C', 'D', 'E'], dtype=object), 'text': array(['carved', 'melted', 'ice cream', 'antarctica', 'sculptured'],
      dtype=object)}",B
b93532cae23e505628dd88568da3337e,Where can you store your dishes in your dwelling?,dishes,"{'label': array(['A', 'B', 'C', 'D', 'E'], dtype=object), 'text': array(['drawer', 'shelf', 'pantry', 'apartment', 'cabinet'], dtype=object)}",B
2d3c9d3dff1a7a8253180cb3de1ceeea,"The man laid on the soft moss and looked up at the trees, where was the man?",moss,"{'label': array(['A', 'B', 'C', 'D', 'E'], dtype=object), 'text': array(['niagra falls', 'forest', 'waterfall', 'ground', 'tree'],
      dtype=object)}",B
70701f5d1d62e58d5c74e2e303bb4065,What is someone doing if he or she is sitting quietly and his or her eyes are moving?,sitting quietly,"{'label': array(['A', 'B', 'C', 'D', 'E'], dtype=object), 'text': array(['reading', 'meditate', 'fall asleep', 'bunk', 'think'],
      dtype=object)}",A
eacd87f297193033669a93160ae3776f,Where can I find a stapler in many places?,stapler,"{'label': array(['A', 'B', 'C', 'D', 'E'], dtype=object), 'text': array(['desk drawer', 'office building', 'manual', 'office supply store',
       'desktop'], dtype=object)}",B
8e1b0792e441a5d54ae47a4b24f48977,"A man takes a seat at a museum outside of Barcelona, where is he likely?",seat,"{'label': array(['A', 'B', 'C', 'D', 'E'], dtype=object), 'text': array(['in cinema', 'martorell', 'falling down', 'show', 'airplane'],
      dtype=object)}",B
b4cde6a56fb19afc84876ebf2fb9e71a,Where would you find a toy soldier that is being played with?,toy soldier,"{'label': array(['A', 'B', 'C', 'D', 'E'], dtype=object), 'text': array(['toy box', 'movies', ""child's hand"", 'toybos', 'child park'],
      dtype=object)}",C
095c5bc5fbaf12b384e9f7df47fdec16,Where are you when you're about to use your plane ticket?,plane ticket,"{'label': array(['A', 'B', 'C', 'D', 'E'], dtype=object), 'text': array(['pocket', 'terrorists hands', 'airport', 'sea ship', 'briefcase'],
      dtype=object)}",C
494c501dbbfd36c602aae9e5b8e0cfff,"Flowers make a good center focal point, just one of many arrangements that look good on a what?",flowers,"{'label': array(['A', 'B', 'C', 'D', 'E'], dtype=object), 'text': array(['market', 'table', 'countryside', 'anthology', 'vase'],
      dtype=object)}",B
5a7f6fd97b2c9ad05f773bc8b2ecf441,How can a human cross a river and not mess up their hair?,river,"{'label': array(['A', 'B', 'C', 'D', 'E'], dtype=object), 'text': array(['wisconsin', 'waterfall', 'hatred', 'bridge', 'valley'],
      dtype=object)}",D
5279a2ea333ba8a5bf3a7637a7279da1,Batman bought beer.  There were no bottles available.  He had to settle for what?.,beer,"{'label': array(['A', 'B', 'C', 'D', 'E'], dtype=object), 'text': array(['shelf', 'soccer game', 'keg', 'can', 'refrigerator'], dtype=object)}",D
42c46e28baf0fc617a07419286178c0a,You can find a monkey in what West African region on the Gulf of Guinea,monkey,"{'label': array(['A', 'B', 'C', 'D', 'E'], dtype=object), 'text': array(['south american country', 'rain forest', 'pay debts', 'works',
       'nigeria'], dtype=object)}",E
c76304b4962f94ab9f20f09cf4a1a7c1,Surprising an angry person could lead to what?,surprising,"{'label': array(['A', 'B', 'C', 'D', 'E'], dtype=object), 'text': array(['humor', 'fight', 'jocose', 'laughter', 'accidents'], dtype=object)}",B
8b23cd355ffc8b6e7aa5459ffb21b4e0,Where is a dining area likely to be small?,dining area,"{'label': array(['A', 'B', 'C', 'D', 'E'], dtype=object), 'text': array(['cruise ship', 'home', 'mall', 'restaurant', 'dark cave'],
      dtype=object)}",B
c35f7de9e9005fcf654cb0b23f17acd6,Killing people should not cause what emotion?,killing people,"{'label': array(['A', 'B', 'C', 'D', 'E'], dtype=object), 'text': array(['vengeance', 'going to prison', 'joy', 'afraid', 'terrible'],
      dtype=object)}",C
d910859b9d1acae40456dbeaa8334bc0,"James slamed into someone playing football, and not for the first time.  He was concerned about the consequences of many what?",playing football,"{'label': array(['A', 'B', 'C', 'D', 'E'], dtype=object), 'text': array(['exhilaration', 'interactions', 'head injuries', 'death',
       'having fun'], dtype=object)}",C
6ca8439d062de4d43d7d471c508b78db,"More people should lower the guard and just have fun, we don't got long just what?",have fun,"{'label': array(['A', 'B', 'C', 'D', 'E'], dtype=object), 'text': array(['enjoy living', 'happy', 'enjoyable', 'get laid', 'do enjoy'],
      dtype=object)}",A
ddd8c62ec94b4f94eeefdd05b9208a71,Where can you get a lizard to keep in your home?,lizard,"{'label': array(['A', 'B', 'C', 'D', 'E'], dtype=object), 'text': array(['desert country', 'dessert', 'pet shop', 'tropical areas', 'zoo'],
      dtype=object)}",C
72b638200414a526b598de0e01a044df,What would use a musical instrument?,musical instrument,"{'label': array(['A', 'B', 'C', 'D', 'E'], dtype=object), 'text': array(['guitar', 'music room', 'orchestra', 'case', 'movie'], dtype=object)}",C
c770870c88f35f9d110217049c5a7334,"She was in an affair, what did that end upon discovery by her husband?",affair,"{'label': array(['A', 'B', 'C', 'D', 'E'], dtype=object), 'text': array(['relationship', 'marriage', 'fidelity', 'love', 'divorce'],
      dtype=object)}",B
1d8d9e3504c8c58a3b923ddc155c19b0,What is the most famous constellation out of earth?,earth,"{'label': array(['A', 'B', 'C', 'D', 'E'], dtype=object), 'text': array(['one moon', 'milky way', ""god's creation"", 'stars', 'universe'],
      dtype=object)}",B
95acebea992a26c3a7c3bfb45845fa83,"If a reception is held with hotel guests walking by, what is the likely venue?",reception,"{'label': array(['A', 'B', 'C', 'D', 'E'], dtype=object), 'text': array(['room service', 'church basement', 'lobby', 'large room',
       'country club'], dtype=object)}",C
c2c2a387fd9a6a26cff636008de21f71,What is a place that is far away from your house and where you could consume beer?,beer,"{'label': array(['A', 'B', 'C', 'D', 'E'], dtype=object), 'text': array(['refrigerator', ""friend's house"", 'keg', ""neighbor's house"",
       'kitchen'], dtype=object)}",B
57e96118fee6e2bbac5f59790fc833c0,"If a court case is dismissed after hearing testimony, what would be a likely cause?",hearing testimony,"{'label': array(['A', 'B', 'C', 'D', 'E'], dtype=object), 'text': array(['change of heart', 'anguish', 'anger', 'boredom', 'anxiety'],
      dtype=object)}",A
b9b82aa4c236cd342ff95455b8516a42,Sitting down quickly after eating beans could lead to what?,sitting down,"{'label': array(['A', 'B', 'C', 'D', 'E'], dtype=object), 'text': array(['flatulence', 'happiness', 'laziness', 'fall asleep', 'comfort'],
      dtype=object)}",A
41fac392c6a5827c1b6682d5d3798e59,"John was my neighbor, it was easy to talk to him. He was never what?",neighbour,"{'label': array(['A', 'B', 'C', 'D', 'E'], dtype=object), 'text': array(['away', 'distant', 'remote person', 'bore', 'foe'], dtype=object)}",B
5c224410a40c9269b1e542cfcb430d35,Where do people want to have a lot of coffee?,cup of coffee,"{'label': array(['A', 'B', 'C', 'D', 'E'], dtype=object), 'text': array(['table', 'office', 'desk', 'kitchen', 'ocean'], dtype=object)}",B
0b90c6710a65eb55fea4cc92895bf601,"You stop and have food all around you, what are you?",have food,"{'label': array(['A', 'B', 'C', 'D', 'E'], dtype=object), 'text': array(['stay alive', 'wanted to survive', 'nutrition', 'grew', 'full'],
      dtype=object)}",E
70af2b5df22ec96901350dfa3c9ee74f,James was meeting a friend.  They had planed a slow day. They didn't want to do much.  They just wanted what?,meeting friend,"{'label': array(['A', 'B', 'C', 'D', 'E'], dtype=object), 'text': array(['relaxation', 'panic', 'alarm', 'joy', 'cheer'], dtype=object)}",A
f9243ef9f0037657c337d3c6a9832f05,"The car's steering seem quite loose, but he still considered purchasing it because he needed something small and what?",loose,"{'label': array(['A', 'B', 'C', 'D', 'E'], dtype=object), 'text': array(['sturdy', 'faithful', 'bound', 'compact', 'packaged'], dtype=object)}",D
27f2074270ea8a5e8f5ec2a017ec4a50,"Dan was a farmer with just one heifer.  But that was okay, he only kept her for milk, and he didn't think he'd find good farmland in a place as cold as where?",heifer,"{'label': array(['A', 'B', 'C', 'D', 'E'], dtype=object), 'text': array(['arizona', 'farm yard', 'michigan', 'german field', 'dairy farm'],
      dtype=object)}",C
63b3652d54c8c0e571f6bb50de318bf0,It's Friday night and Alice puts off going to bed because she plans on doing what Saturday?,going to bed,"{'label': array(['A', 'B', 'C', 'D', 'E'], dtype=object), 'text': array(['hatred', 'sleeping in', 'rest', 'making love', 'insomnia'],
      dtype=object)}",B
0843c51212a3c2eee660fab5648c9e19,"His phone was dead and they couldn't find the expressway, he opened up the glove compartment and handed his passenger the what to navigate?",expressway,"{'label': array(['A', 'B', 'C', 'D', 'E'], dtype=object), 'text': array(['eastern united states', 'michigan', 'map', 'choppers',
       'american city'], dtype=object)}",C
1b3d286458a7e7f069222de0376d06da,What would someone use a personal key for?,key,"{'label': array(['A', 'B', 'C', 'D', 'E'], dtype=object), 'text': array(['car stand', 'at hotel', 'own home', 'front door', 'bus depot'],
      dtype=object)}",C
86e2aabfb9d401567f04d87a648ff776,"The cat kept pestering it's owner, it was that time of the day and it was what?",cat,"{'label': array(['A', 'B', 'C', 'D', 'E'], dtype=object), 'text': array(['litter tray', 'whiskers', 'hungry', 'feline', 'thirsty'],
      dtype=object)}",C
092c24369367b3c7457198f3ce160fe3,"Her voice lent her to the alto section, what group did she join?",alto,"{'label': array(['A', 'B', 'C', 'D', 'E'], dtype=object), 'text': array(['symphony', 'concerto', 'choir', 'theater troupe', 'marching band'],
      dtype=object)}",C
cab9eea2a91b1bd5c0a01b11f594f154,Where are you likely to find a Japanese restaurant not run by people from Japan?,japanese restaurant,"{'label': array(['A', 'B', 'C', 'D', 'E'], dtype=object), 'text': array(['california', 'downtown', 'large town', 'tokio', 'china town'],
      dtype=object)}",A
6e77de03bee86d6c20780e14f00944d0,Animals who have hair and don't lay eggs are what?,animals,"{'label': array(['A', 'B', 'C', 'D', 'E'], dtype=object), 'text': array(['reproduce asexually', 'males', 'mammals', 'attack', 'ocean'],
      dtype=object)}",C
7f25dbab26165b3c8800c2733ca759d6,John was an aristocratic fox hunter.  Where might he live?,fox,"{'label': array(['A', 'B', 'C', 'D', 'E'], dtype=object), 'text': array(['england', 'new hampshire', 'street', 'arkansas', 'north dakota'],
      dtype=object)}",B
9024493a3edbaf555fda5b477e835bf5,Where is a grape likely to be being fed to someone else?,grape,"{'label': array(['A', 'B', 'C', 'D', 'E'], dtype=object), 'text': array(['field', 'bathroom', 'michigan', 'minnesota', 'painting'],
      dtype=object)}",E
fc59ab1a9e6d2b51126dd828d30e9167,"Some food can be stored at room temperature until you open it, then you should keep it in what?",food,"{'label': array(['A', 'B', 'C', 'D', 'E'], dtype=object), 'text': array(['shop', 'bookcase', 'shelf', 'refrigerators', 'kitchen'],
      dtype=object)}",D
5a50ea4bb2d13dc4f620ebd45025d445,Sam couldn't get back to sleep because of a dream he had.  It was a what?,dream,"{'label': array(['A', 'B', 'C', 'D', 'E'], dtype=object), 'text': array(['awake', 'horror', 'dreamworker', 'reality', 'nightmare'],
      dtype=object)}",E
8becd2ee4e86258566a9c2b0e6d9544e,If you're going to a party in a new town what are you hoping to make?,going to party,"{'label': array(['A', 'B', 'C', 'D', 'E'], dtype=object), 'text': array(['getting drunk', 'making new friends', 'new contacts',
       'doing drugs', 'set home'], dtype=object)}",B
2a21820a135e1a49883525c055c74a0b,How is riding a bike getting it to move?,riding bike,"{'label': array(['A', 'B', 'C', 'D', 'E'], dtype=object), 'text': array(['practice', 'sense of balance', 'driving', 'good balance',
       'pedalling'], dtype=object)}",E
e5adfec0b5ba691ec752f9b5e0fb8084,Where does one usually keep literature?,literature,"{'label': array(['A', 'B', 'C', 'D', 'E'], dtype=object), 'text': array(['books and magazines', 'own home', 'kitchen', 'shelf', 'meeting'],
      dtype=object)}",D
406e15b76269d20b5448a91648094291,WHat type of keyboard is made up of one or more pipe divisions?,keyboard,"{'label': array(['A', 'B', 'C', 'D', 'E'], dtype=object), 'text': array(['killing', 'typewriter', 'office', 'terminal', 'organ'],
      dtype=object)}",E
9c596382ea15768f95b5ef9ceec191dc,"The bell rang, and the congregation began to what in to the church?",bell,"{'label': array(['A', 'B', 'C', 'D', 'E'], dtype=object), 'text': array(['run away', 'wind instrument', 'funnel', 'blunderbuss',
       'associated with telephones'], dtype=object)}",C
7a3d0c94438a5c8a09364aaebb848a2c,"James needed smooth sandpaper, but instead he got what type?",smooth,"{'label': array(['A', 'B', 'C', 'D', 'E'], dtype=object), 'text': array(['rough', 'non smooth', 'uneven', 'plastic', 'bumpy'], dtype=object)}",A
1ef68db97654f30cd3701b942fadc934,Where would you borrow furniture if you do not have any?,furniture,"{'label': array(['A', 'B', 'C', 'D', 'E'], dtype=object), 'text': array(['sewer', ""neighbor's house"", 'apartment', 'room', 'floor'],
      dtype=object)}",B
abb090bbc572be1016bcd5f261f28e76,What must happen for an animal to and it's offspring to continue livng?,living,"{'label': array(['A', 'B', 'C', 'D', 'E'], dtype=object), 'text': array(['death', 'flying', 'reproducing', 'food consumed',
       'eventually die'], dtype=object)}",C
91f2532a832a35cba1b08a3c767be6da,"I want my wine stored in darkness, where should it go?",darkness,"{'label': array(['A', 'B', 'C', 'D', 'E'], dtype=object), 'text': array(['movies', 'bed', 'moon', 'vault', 'cellar'], dtype=object)}",E
f8544c9679d27b747dfad3b8d7aac87a,"If I want to open a steakhouse, what should I get first?",steakhouse,"{'label': array(['A', 'B', 'C', 'D', 'E'], dtype=object), 'text': array(['michigan', 'florida', 'wine', 'texas', 'building'], dtype=object)}",E
a7f423c1636ba9e36d18e381928c5dcc,"Sarah didn't like to play but she didn't want to be sedentary and bored, either, so she took up what?",play,"{'label': array(['A', 'B', 'C', 'D', 'E'], dtype=object), 'text': array(['serious', 'longplay', 'musical', 'eat cake', 'doing nothing'],
      dtype=object)}",C
e1d354cbfcd620e5dacf83c17746c4b3,Joe found spiders while checking something outside.  What might that be?,spiders,"{'label': array(['A', 'B', 'C', 'D', 'E'], dtype=object), 'text': array(['cupboard', 'closet', 'storage bag', 'mail box', 'garage'],
      dtype=object)}",D
53e1e50d204f6ad5a0f69429eadae82e,What would you do if your date does not show up?,date,"{'label': array(['A', 'B', 'C', 'D', 'E'], dtype=object), 'text': array(['wait for', 'bathe', 'go for haircut', 'plan revenge',
       'dress nice'], dtype=object)}",A
48205cc84aab5e455b22e17c3cc7277d,What did the adult do before the job interview?,adult,"{'label': array(['A', 'B', 'C', 'D', 'E'], dtype=object), 'text': array(['work', 'dress himself', 'marry', 'dress herself', 'drive train'],
      dtype=object)}",B
0f7419d25337e0a75503a015ae777905,Most items in retail stores are what even when they are on sale?,sale,"{'label': array(['A', 'B', 'C', 'D', 'E'], dtype=object), 'text': array(['overpriced', 'purchase', 'expensive', 'park', 'buying'],
      dtype=object)}",A
5cac4da628f0a58db980649079bd5784,John farms anemone in what type of facility?,anemone,"{'label': array(['A', 'B', 'C', 'D', 'E'], dtype=object), 'text': array(['michigan', 'swimming pool', 'atlantic ocean', 'nursery',
       'gulf of mexico'], dtype=object)}",D
78d1218aeff70a70904767349e3c4c53,Brawn opened the curtains so that the sun could do what?,sun,"{'label': array(['A', 'B', 'C', 'D', 'E'], dtype=object), 'text': array(['dry clothes', 'warm house', 'warm room', 'shine brightly',
       'get dark'], dtype=object)}",C
cce13a32fedb997c017d3fac87c34912,How might releasing energy that has built up feel?,releasing energy,"{'label': array(['A', 'B', 'C', 'D', 'E'], dtype=object), 'text': array(['damage', 'wonderful', 'exhaustion', 'orgasm', 'lazy'],
      dtype=object)}",B
6714487b839f648e348ac972ed114af3,What would you do if you have curiosity but are blind and paralyzed?,curiosity,"{'label': array(['A', 'B', 'C', 'D', 'E'], dtype=object), 'text': array(['hear news', 'analyse', 'go somewhere', 'examine thing',
       'see favorite show'], dtype=object)}",B
3e536d9253bfac45de83e8ee291ca143,Where might it be hard to get furniture to?,furniture,"{'label': array(['A', 'B', 'C', 'D', 'E'], dtype=object), 'text': array(['apartment', 'loft', 'store', 'rug', 'stairs'], dtype=object)}",B
9f830faa0f8e3d7fb3a658c15a5fbe63,A great teacher can be what when you are attending school?,attending school,"{'label': array(['A', 'B', 'C', 'D', 'E'], dtype=object), 'text': array(['detention', 'graduate', 'follower', 'inspiration', 'boredom'],
      dtype=object)}",D
bbcef409e0acb71b515acc144d5b402c_1,Where would you get jeans and other wearable items to take home with you?,jeans,"{'label': array(['A', 'B', 'C', 'D', 'E'], dtype=object), 'text': array(['shopping mall', 'museum', 'laundromat', 'clothing store',
       'bedroom'], dtype=object)}",D
cbb0c9a69ca0922371a48177087ef407,In what substance do clouds float?,clouds,"{'label': array(['A', 'B', 'C', 'D', 'E'], dtype=object), 'text': array(['sky', 'top of mountain', 'air', 'ground level', 'outer space'],
      dtype=object)}",C
b92f786638796fc028947ac0e9a44fef,Where is the large area location of the empire state building?,empire state building,"{'label': array(['A', 'B', 'C', 'D', 'E'], dtype=object), 'text': array(['manhattan', 'office', 'the city', 'fifth avenue', 'new york city'],
      dtype=object)}",E
5abeb4a2126597d4ef7b5a32e9e22abf,Where do most people make coffee?,cup of coffee,"{'label': array(['A', 'B', 'C', 'D', 'E'], dtype=object), 'text': array(['coffee shop', 'office', 'table', 'washing', 'kitchen'],
      dtype=object)}",E
8d4b0312f02be445e09a9462873d02bb,What kind of service is my body a part of when I'm no longer here?,body,"{'label': array(['A', 'B', 'C', 'D', 'E'], dtype=object), 'text': array(['bodycam', 'home', 'coffin', 'funeral', 'graveyard'], dtype=object)}",D
f7140f00ddd8d1c5d93b05ea32ad1fff,"Many people wanted to leave their country estates for row houses, what did they need to move to?",row house,"{'label': array(['A', 'B', 'C', 'D', 'E'], dtype=object), 'text': array(['living less expensively', 'england', 'prison', 'city', 'town'],
      dtype=object)}",D
8b3b598a647dfd2d63fcedce5f461040,Where can someone get a new saw?,saw,"{'label': array(['A', 'B', 'C', 'D', 'E'], dtype=object), 'text': array(['hardware store', 'toolbox', 'logging camp', 'tool kit', 'auger'],
      dtype=object)}",A
7a900bc3a373806b6c56f0e19534005f,What would you do to a crime scene before asking a question?,question,"{'label': array(['A', 'B', 'C', 'D', 'E'], dtype=object), 'text': array(['express information', 'touch everything', 'think', 'give clue',
       'analyse'], dtype=object)}",E
3d79c10ddf26a5ed7dc0bb168fb0b3ed,"The man didn't do great in college, all his best memories were late night with his brothers at the what?",college,"{'label': array(['A', 'B', 'C', 'D', 'E'], dtype=object), 'text': array(['big city', 'fraternity house', 'school', 'building', 'big town'],
      dtype=object)}",B
b7091d2bfcea421d787ce9e7982f104a,In a horror movie victims usually trip when the run in order to do what in regards to the killer?,run,"{'label': array(['A', 'B', 'C', 'D', 'E'], dtype=object), 'text': array(['frightened', 'run up stairs', 'get away from', 'go quickly',
       'go faster'], dtype=object)}",C
d060ab71d0efff3cab5960089a6bb3a2,"The coach decided to make a lineup change, the team's effort was suffering from what?",change,"{'label': array(['A', 'B', 'C', 'D', 'E'], dtype=object), 'text': array(['stagnant', 'stagnation', 'tradition', 'hunger', 'paper money'],
      dtype=object)}",B
b399f6008d90dbd92bcce5abed4c1fd1,Where would you go if you want to buy some clothes?,goods,"{'label': array(['A', 'B', 'C', 'D', 'E'], dtype=object), 'text': array(['mall', 'grocery store', 'grocery store', 'shop', 'supermarket'],
      dtype=object)}",A
80c19c62338edae0e8a1f5c6fec0d29a,Where is food likely to stay dry?,food,"{'label': array(['A', 'B', 'C', 'D', 'E'], dtype=object), 'text': array(['etna', 'cupboard', 'oven', 'stomach', 'fridge'], dtype=object)}",B
1a4e83b433620cb2d7d806882f8d57e4,What is it called when a person with mental illness is able to lead a relatively normal life?,mental illness,"{'label': array(['A', 'B', 'C', 'D', 'E'], dtype=object), 'text': array(['managed', 'effectively treated', 'recur', 'cause delusion',
       'illusion'], dtype=object)}",A
b9e04a53c0ee7325b901de4d12d56884,Where do you keep musical instrument so it doesn't get scratched?,musical instrument,"{'label': array(['A', 'B', 'C', 'D', 'E'], dtype=object), 'text': array(['bank', 'orchestra', 'case', 'music room', 'movie'], dtype=object)}",C
7490aa460f66000555a8a94008179cbb,"The woman is watching television and trying to forget her day, what is her goal?",watching television,"{'label': array(['A', 'B', 'C', 'D', 'E'], dtype=object), 'text': array(['entertainment', 'falling asleep', 'getting fat', 'crying',
       'relaxation'], dtype=object)}",E
ad8ee2965a33ff4b0e3d2ac732676594,"While John Candy and Dan Aykroyd didn't run into a gazelle, you'd have to go where to see one?",gazelle,"{'label': array(['A', 'B', 'C', 'D', 'E'], dtype=object), 'text': array(['eastern hemisphere', 'the city', 'open plain',
       'television program', 'great outdoors'], dtype=object)}",E
64d2310eff6b661baeb41b4ccc392e35,When we are running what are we doing?,run,"{'label': array(['A', 'B', 'C', 'D', 'E'], dtype=object), 'text': array(['stretches', 'running from police', 'learn to walk', 'go quickly',
       'get out of bed'], dtype=object)}",D
6b1f5ebd9d0dbc7e34a598456a6091a8,It's dangerous to let pet birds free so it's better to keep them what?,free,"{'label': array(['A', 'B', 'C', 'D', 'E'], dtype=object), 'text': array(['slavery', 'caught', 'caged in', 'topfree', 'prisoner'],
      dtype=object)}",C
080ef6941410139d6869e78122bc741e,"A beaver is know for building prowess, their supplies come from where?",beaver,"{'label': array(['A', 'B', 'C', 'D', 'E'], dtype=object), 'text': array(['british columbia', 'body of water', 'wooded area', 'pay debts',
       'zoo'], dtype=object)}",C
6c70d98cfb8e97fda8caefcee761a229,Zane doesn't like answering questions.  He's not good at it because he suffers from what?,answering questions,"{'label': array(['A', 'B', 'C', 'D', 'E'], dtype=object), 'text': array(['panic', 'discussion', 'attention', 'confusion', 'satisfaction'],
      dtype=object)}",D
75ac594b4fdbfba006e61315d1b2c815,Going public about a common problem can gain what for a celebrity?,going public,"{'label': array(['A', 'B', 'C', 'D', 'E'], dtype=object), 'text': array(['wide acceptance', 'a degree', 'pain', 'getting high',
       'press coverage'], dtype=object)}",A
5a8e7d2f97f76adb23fbd59a009d16f0,"The electricity went out and everyone was shrouded in darkness.  They all remained in their seats, because it would have been dangerous to try to find there way out.  Where mihgt they have been?",electricity,"{'label': array(['A', 'B', 'C', 'D', 'E'], dtype=object), 'text': array(['opera', 'concert', 'basement', 'bedroom', 'grand canyon'],
      dtype=object)}",A
178cb8153123716aa94f286b615149d4,Where could you find hundreds of beauty salon?,beauty salon,"{'label': array(['A', 'B', 'C', 'D', 'E'], dtype=object), 'text': array(['clerk', 'mall', 'strip mall', 'city', 'neighborhood'],
      dtype=object)}",D
cc917ca0e03c91a5141920f5a902a36c,If it is Chrismas time what came most recently before?,christmas,"{'label': array(['A', 'B', 'C', 'D', 'E'], dtype=object), 'text': array(['halloween', 'summer', 'easter', 'kwaanza', 'give gift'],
      dtype=object)}",A
a7d51b753c2113d8b2dbd0ebb5375855_1,"If someone found out their brother was having a daughter, they would have to add a niece limb to the what?",niece,"{'label': array(['A', 'B', 'C', 'D', 'E'], dtype=object), 'text': array(['family picture book', 'family reunion', ""brother's house"",
       'family tree', 'baby shower'], dtype=object)}",D
e71da9e95b321763c86e879a47bbd327,"The criminal insisted he must do the crime to the bank teller, but she tried to convince him there were other ways in life and this was what?",must,"{'label': array(['A', 'B', 'C', 'D', 'E'], dtype=object), 'text': array(['willing', 'optional', 'should not', 'have to', 'unnecessary'],
      dtype=object)}",E
ec86900559a0faf2aef066e511a4cfa6,what do you fill with ink to write?,ink,"{'label': array(['A', 'B', 'C', 'D', 'E'], dtype=object), 'text': array(['squid', 'fountain pen', 'pencil case', 'newspaper', 'printer'],
      dtype=object)}",B
d312741df1b14bcbe358f4f30aff3994,"He walked into the room and had a great shock, his friends had what him?",shock,"{'label': array(['A', 'B', 'C', 'D', 'E'], dtype=object), 'text': array(['expected', 'wanting', 'calm', 'thundershock', 'surprised'],
      dtype=object)}",E
0df3f58645b4bc306093845fb297a50e,"He wasn't the hugging type, even when he meet friend he'd just do what?",meet friend,"{'label': array(['A', 'B', 'C', 'D', 'E'], dtype=object), 'text': array(['have sex', 'smile', 'hug each other', 'conversation', 'handshake'],
      dtype=object)}",E
27d9b4df2ca50112d282331df4923e96,"If you were lost you might need a map, the best place to find one on the road is at any what?",map,"{'label': array(['A', 'B', 'C', 'D', 'E'], dtype=object), 'text': array(['truck stop', 'amusement park', 'atlas', 'mall', 'gas station'],
      dtype=object)}",E
ab755203f41a2e241f0ee8a53c54f287,Where would you put a net if you wanted to use it?,net,"{'label': array(['A', 'B', 'C', 'D', 'E'], dtype=object), 'text': array(['sports', 'fishing gear', 'soccer game', 'fishing boat',
       'badminton'], dtype=object)}",D
f13efb91090dd28fd2b3c1f4dde680fd,Sage loved communicating  He liked doing what with his peers?,communicating,"{'label': array(['A', 'B', 'C', 'D', 'E'], dtype=object), 'text': array(['exchanging ideas', 'confusion', 'peer pressure', 'response',
       'learning'], dtype=object)}",A
e98031901c815e55040d9fe28c4d9387,Where would a cat snuggle up with their human?,cat,"{'label': array(['A', 'B', 'C', 'D', 'E'], dtype=object), 'text': array(['floor', 'humane society', 'bed', 'comfortable chair',
       'window sill'], dtype=object)}",D
fb64149cf01c5b496d986f56852273e9,What is a place that has large cable hanging overhead?,cable,"{'label': array(['A', 'B', 'C', 'D', 'E'], dtype=object), 'text': array(['radio shack', 'electrical device', 'shower', 'substation',
       'television'], dtype=object)}",D
2ac72eaf30a633c410b1bd658bbef0ba,Where do cars usually travel at very high speeds?,car,"{'label': array(['A', 'B', 'C', 'D', 'E'], dtype=object), 'text': array(['freeway', 'road', 'race track', 'alley', 'parking lot'],
      dtype=object)}",C
22fc45d9e6d0baea4a5b0526504225b8,What might a person be watching if they see a man with a suitcase full of money?,suitcase,"{'label': array(['A', 'B', 'C', 'D', 'E'], dtype=object), 'text': array(['baggage compartment', 'movie', 'subway', 'airplane', 'cargo hold'],
      dtype=object)}",B
4ef3d70648ee3cea028bc5ed0fdfda28,Eating breakfast in bed while seeing a homeless person shivering outside your window may cause you to what?,eating breakfast in bed,"{'label': array(['A', 'B', 'C', 'D', 'E'], dtype=object), 'text': array(['mess', 'hungry', 'feel guilty', 'indigestion', 'spills'],
      dtype=object)}",C
059155c50d1b04da7373e309868e67d2,"If I put in my key and open a hinged door, where am I likely entering?",hinged door,"{'label': array(['A', 'B', 'C', 'D', 'E'], dtype=object), 'text': array(['kitchen', 'safe', 'own house', 'building', 'pantry'], dtype=object)}",C
33d023a6806390eb8195380331e17404_1,"If somebody is working at a reception desk, they are located at the front entrance of the what?",reception desk,"{'label': array(['A', 'B', 'C', 'D', 'E'], dtype=object), 'text': array(['motel', 'hostel', 'building', 'lobby', 'office park'],
      dtype=object)}",C
63f7ad481a63fc8c6dffe00519d4a167,If you're reading a newspaper from another country what are you doing?,reading newspaper,"{'label': array(['A', 'B', 'C', 'D', 'E'], dtype=object), 'text': array(['learning about world', 'education', 'get angry', 'concern',
       'eat cake'], dtype=object)}",A
a2daf73d33541af0846673afd8e49abe,"They wanted to recognize his accomplishment, where should they put his name?",name,"{'label': array(['A', 'B', 'C', 'D', 'E'], dtype=object), 'text': array(['certificate', 'directory', 'phone book', 'lineup', 'roster'],
      dtype=object)}",A
7d70208061ae3185bcfc9e912ee9e141,What is it called when a person tends to leave things to the last minute?,person,"{'label': array(['A', 'B', 'C', 'D', 'E'], dtype=object), 'text': array(['procrastinate', 'complete collection', 'headache',
       'good time management', 'have to hold'], dtype=object)}",A
9003c4748b08d5a734747e499599ff20,What will you do if you do not want to settle in one place?,settle,"{'label': array(['A', 'B', 'C', 'D', 'E'], dtype=object), 'text': array(['walk', 'agitate', 'wander', 'remove', 'disturb'], dtype=object)}",C
28aac6d39cdd270d2a6a28e1985484cb,Where would a person live that isn't in the metro area but still has good schools?,bungalow,"{'label': array(['A', 'B', 'C', 'D', 'E'], dtype=object), 'text': array(['woods', 'bed', 'suburbs', 'rural', 'neighborhood'], dtype=object)}",C
8bdbb8caefcc607a9ec7579aa0c87cba,"Jane works for the government as a senator, where does she spend a lot of time?",government,"{'label': array(['A', 'B', 'C', 'D', 'E'], dtype=object), 'text': array(['capitol building', 'everything', 'washington d.c', 'russia',
       'canada'], dtype=object)}",A
95a85df48902d23eb3fda25a99fca1a0,What is it called when two people in love have children?,love,"{'label': array(['A', 'B', 'C', 'D', 'E'], dtype=object), 'text': array(['take oath', 'procreate', 'matrimony', 'please parents',
       'live life'], dtype=object)}",B
79c3378b7660d328902d7c0ad442a37f,What did the policemen do when they heard a cry from a distance?,policemen,"{'label': array(['A', 'B', 'C', 'D', 'E'], dtype=object), 'text': array(['run away', 'hurry along', 'fine motorists', 'direct traffic',
       'help'], dtype=object)}",E
8c12e5864463cfcd03f4d0ab67949d01,"It takes ambition to complete a job, but the first step is to what?",ambition,"{'label': array(['A', 'B', 'C', 'D', 'E'], dtype=object), 'text': array(['take care of proposals', 'begin work', 'in charge of project',
       'eat cake', 'go to school'], dtype=object)}",B
e145618c2062eb9ea8928fdb0d42185e,Where would I not want a fox?,fox,"{'label': array(['A', 'B', 'C', 'D', 'E'], dtype=object), 'text': array(['hen house', 'english hunt', 'mountains', 'outside bedroom window',
       'england'], dtype=object)}",A
35872be88df5f6c4a6600020266a5458,What type of building has the most top floor?,top floor,"{'label': array(['A', 'B', 'C', 'D', 'E'], dtype=object), 'text': array(['go down', 'apartment building', 'tall building',
       'office building', 'cabin'], dtype=object)}",C
055817d8d703d3c2802545e3fccdcde3,What do humans do to other humans after death?,death,"{'label': array(['A', 'B', 'C', 'D', 'E'], dtype=object), 'text': array(['celebrate', 'burial', 'life', 'rebirth', 'decomposition'],
      dtype=object)}",B
5ef6cdb85468df482e3aa6fa339d6e41,Where can you find a restaurant's phone number?,restaurant,"{'label': array(['A', 'B', 'C', 'D', 'E'], dtype=object), 'text': array(['yellow pages', 'town', 'business sector', 'town', 'at hotel'],
      dtype=object)}",A
1e939cc6fef999953d692b57caab254b,What would you put coins into to make it work?,coins,"{'label': array(['A', 'B', 'C', 'D', 'E'], dtype=object), 'text': array(['stove', 'water fountain', 'desk', 'purse', 'jar'], dtype=object)}",B
3a3b5d4a517ef70d25eb558f1a622937,"A patriotic guy with a camera is looking for a bald eagle, what is he likely to do with the eagle if he finds one?",bald eagle,"{'label': array(['A', 'B', 'C', 'D', 'E'], dtype=object), 'text': array(['city', 'canada', 'minnesota', 'thermal', 'photograph'],
      dtype=object)}",E
a943522f7d407cef369d5d3f1bf48589,Where can you go to use a piano in your neighborhood if you don't have one?,piano,"{'label': array(['A', 'B', 'C', 'D', 'E'], dtype=object), 'text': array(['music school', 'music store', ""neighbor's house"", 'lunch',
       'drawing room'], dtype=object)}",C
57a343d72031b668e5eb91868420e915,Where would you get a shower curtain if you do not have one?,shower curtain,"{'label': array(['A', 'B', 'C', 'D', 'E'], dtype=object), 'text': array(['department store', 'restaurant', 'hotel', 'dime store', 'bathtub'],
      dtype=object)}",A
c4b1a57e7880b9cb367f9c67abf5605f,Kissing is normally an activity reserved for your romantic what?,kissing,"{'label': array(['A', 'B', 'C', 'D', 'E'], dtype=object), 'text': array(['anus', 'partner', 'arousal', 'trust', 'cooperation'], dtype=object)}",B
e313d7967f72c2b880213daaaf4b7181,What does a child learn to do before school?,child,"{'label': array(['A', 'B', 'C', 'D', 'E'], dtype=object), 'text': array(['count to ten', 'state name', 'dress herself', 'clean room',
       'socialize'], dtype=object)}",C
3c7992df7fda23bcdeacb1f1f6b73448,"He was getting advice for the job interview, they told him when talking to the interviewer always make what?",talking to,"{'label': array(['A', 'B', 'C', 'D', 'E'], dtype=object), 'text': array(['get tired of', 'small talk', 'eye contact', 'friendship',
       'social life'], dtype=object)}",C
d6644eacdb543a60545d2eb1ac7e6dbd,According to what book did an apple tree lead to the downfall of man?,apple tree,"{'label': array(['A', 'B', 'C', 'D', 'E'], dtype=object), 'text': array(['bible', 'spain', 'harry potter', 'new york', 'woods'],
      dtype=object)}",A
d1ad9b79f54205b6b9ac19a27f9c2be5,"The neighborhood had a great sense of community, there was always a crowd at the landing of the what?",landing,"{'label': array(['A', 'B', 'C', 'D', 'E'], dtype=object), 'text': array(['stairwell', 'arena', 'ocean', 'airport', 'apartment building'],
      dtype=object)}",E
f116ee6620c0f171e5db54bc03a5f2e2,What might a kind person do?,person,"{'label': array(['A', 'B', 'C', 'D', 'E'], dtype=object), 'text': array(['cross street', 'talk to themselves', 'open doors', 'throw away',
       'study greek'], dtype=object)}",C
ea82f9e938cbfce85fb498ce46264253,What will a person do at work?,person,"{'label': array(['A', 'B', 'C', 'D', 'E'], dtype=object), 'text': array(['cross street', 'draw attention to themselves', 'make money',
       'falling down', 'come home'], dtype=object)}",C
edbb57ac2f476679ae547f75ec2bef3e,John saw a fox running along the beach and was glad to be on the east coast.  Where might he have been?,fox,"{'label': array(['A', 'B', 'C', 'D', 'E'], dtype=object), 'text': array(['tennessee', 'south carolina', 'louisiana', 'oklahoma',
       'mountains'], dtype=object)}",B
07a99d5f2ca7028febeb9f09604b36c8,Name a location where you would not want to find mice.,mice,"{'label': array(['A', 'B', 'C', 'D', 'E'], dtype=object), 'text': array(['loft', 'attic', 'bell cat', 'countryside', 'laboratory'],
      dtype=object)}",B
b42ef8be1748c19fa5938de5396f8fad,"The man started to learn jogging, what was he hoping to do?",jogging,"{'label': array(['A', 'B', 'C', 'D', 'E'], dtype=object), 'text': array(['exhaustion', 'getting in shape', 'fitness', 'injure himself',
       'fatigue'], dtype=object)}",B
236691d38665d7bcdd0c9b9834252a51,Where do most people turn to get information on their phones?,information,"{'label': array(['A', 'B', 'C', 'D', 'E'], dtype=object), 'text': array(['internet', 'book', 'online', 'google', 'manual'], dtype=object)}",D
8ef78abb86fc282ccb02bbc495f13030,What happens to a body after death?,death,"{'label': array(['A', 'B', 'C', 'D', 'E'], dtype=object), 'text': array(['rebirth', 'human experience', 'sadness', 'decomposition',
       'obesity'], dtype=object)}",D
313d033c33ec475e04e628f87c5686bd,What type of non-vegetarian soup is one likely to find a potato?,potato,"{'label': array(['A', 'B', 'C', 'D', 'E'], dtype=object), 'text': array(['beef stew', 'own kitchen', 'clam chowder', 'kitchen cabinet',
       'pantry'], dtype=object)}",C
d581e0ad6a4c89465dc1a527bd2d3f77,"Though she had a disability, what did her encouraging and positive coach see in her?",disability,"{'label': array(['A', 'B', 'C', 'D', 'E'], dtype=object), 'text': array(['qualification', 'strength', 'pity', 'competence', 'potential'],
      dtype=object)}",E
f232bfea2a7611999688a252e476c040,"They had a theory of what they could do in t he big game, so over and over they would what?",theory,"{'label': array(['A', 'B', 'C', 'D', 'E'], dtype=object), 'text': array(['park', 'practice', 'fact', 'practical', 'practise'], dtype=object)}",B
91756d8e475d8d59fa0a4e35f408e366,"When you see something rise, you are where in relation to it?",rise,"{'label': array(['A', 'B', 'C', 'D', 'E'], dtype=object), 'text': array(['sun set', 'near', 'fall', 'below', 'lower'], dtype=object)}",D
866ea9c668c0b42df19fa20865e31f77,"They were getting ready for a really long hike, he put the food can in his what?",food can,"{'label': array(['A', 'B', 'C', 'D', 'E'], dtype=object), 'text': array(['cabinet', 'house', 'recycling center', 'backpack',
       'make person sick'], dtype=object)}",D
22015315e7ff79386877828b4fa27799,Where would you keep a rug near your front door?,rug,"{'label': array(['A', 'B', 'C', 'D', 'E'], dtype=object), 'text': array(['persia', 'desk', 'table', 'living room', 'hall'], dtype=object)}",D
484f6e4fb8e6431b010c299490b72e3c,When you slip from a ladder propped on anything what will you do?,anything,"{'label': array(['A', 'B', 'C', 'D', 'E'], dtype=object), 'text': array(['obesity', 'fall down', 'matter to', 'whatever', 'surprise'],
      dtype=object)}",B
7322d0dcf2e27c7032626a3639f5696b,What do you do when you need to get food?,food,"{'label': array(['A', 'B', 'C', 'D', 'E'], dtype=object), 'text': array(['table', 'disneyland', 'refrigerators', 'pantry', 'shop'],
      dtype=object)}",E
0519b0b0869681c2884f53dbfa43e538,"Brad tried to arise from bed but he could not.  Instead, he just continued to do what?",arise,"{'label': array(['A', 'B', 'C', 'D', 'E'], dtype=object), 'text': array(['go down', 'fall down', 'lie down', 'lie to himself', 'sit down'],
      dtype=object)}",C
1ab04c0501b815b2a48f2581f04215a8,"If a heifer is really high quality, you might take her where?",heifer,"{'label': array(['A', 'B', 'C', 'D', 'E'], dtype=object), 'text': array(['home', 'dairy farm', 'cattle show', 'dairy barn', 'corral'],
      dtype=object)}",C
7776b10c7bb96f3fe5e026678673634d,What do people want to acquire from opening business?,opening business,"{'label': array(['A', 'B', 'C', 'D', 'E'], dtype=object), 'text': array(['home', 'wealth', 'bankruptcy', 'lose money', 'get rich'],
      dtype=object)}",B
f7c005244d406b9bde48dc8c22003af1,What has someone who had finished their undergraduate done?,undergraduate,"{'label': array(['A', 'B', 'C', 'D', 'E'], dtype=object), 'text': array(['graduated', 'masters', 'postgraduate', 'phd', 'professor'],
      dtype=object)}",A
88501d528c855e2b533b3fea2f86183d,Where are bus stops more common in what parts?,bus stop,"{'label': array(['A', 'B', 'C', 'D', 'E'], dtype=object), 'text': array(['ocean', 'getting off of bus', 'airport', 'urban area', 'towns'],
      dtype=object)}",D
3d9c3253e24fb108cea9083e8a853cf2,"Bill wanted to pick up a stranger, preferably a responsible one with kids.  Where might he look for one?",stranger,"{'label': array(['A', 'B', 'C', 'D', 'E'], dtype=object), 'text': array(['bus station', 'paradise', 'train station', 'park', 'sea'],
      dtype=object)}",D
9808782b2e2e1bfbfa27c41e605bfffe,Where might a lemur frolic in the market?,lemur,"{'label': array(['A', 'B', 'C', 'D', 'E'], dtype=object), 'text': array(['desert', 'hole', 'india', 'cage', 'rain forest'], dtype=object)}",C
c432b860fcd7297751ff5254ec4a7956,What might I place under the furniture?,furniture,"{'label': array(['A', 'B', 'C', 'D', 'E'], dtype=object), 'text': array(['rug', 'room', 'toy', ""friend's house"", 'building'], dtype=object)}",A
732af155f677a51d05d0c9e080d598b6,Everybody began performing once their director stated what?,performing,"{'label': array(['A', 'B', 'C', 'D', 'E'], dtype=object), 'text': array(['fear', 'injury', 'happiness', 'action', 'cut'], dtype=object)}",D
48abc2c113623fd72f758502529f93a5,"By learning about the world, many poor college students gain what?",learning about world,"{'label': array(['A', 'B', 'C', 'D', 'E'], dtype=object), 'text': array(['pleasure', 'greater mobility', 'desire to travel',
       'global warming', 'increased security'], dtype=object)}",C
03f06f77aaf80b5f5e296ffbd11e9d82,Where are required to carry books all day?,books,"{'label': array(['A', 'B', 'C', 'D', 'E'], dtype=object), 'text': array([""friend's house"", 'university', 'large city', 'storage', 'table'],
      dtype=object)}",B
e7084c166ec67d0f983a26e055e845c6,where is seaweed from?,seaweed,"{'label': array(['A', 'B', 'C', 'D', 'E'], dtype=object), 'text': array(['beach', 'sea', 'ocean', 'water', 'sea plant'], dtype=object)}",C
c55c31b5a2aa996f3b75ad88c017a6b9,how can i store cooked steak?,steak,"{'label': array(['A', 'B', 'C', 'D', 'E'], dtype=object), 'text': array(['oven', 'freezer', 'plate', 'tupperware', 'grill'], dtype=object)}",B
463521a93ae71e93bea8b97cdf7a6792,John wanted to clean all of the dust out of his place before settling down to watch his favorite shows.  What might he hardest do dust?,dust,"{'label': array(['A', 'B', 'C', 'D', 'E'], dtype=object), 'text': array(['closet', 'under the bed', 'television', 'attic', 'most buildings'],
      dtype=object)}",D
c036ce033bc429ac1aba0a6ac8d057e1,"Something had the nerve to break into the garbage last night, what did it?",nerve,"{'label': array(['A', 'B', 'C', 'D', 'E'], dtype=object), 'text': array(['eyes', 'animal', 'fingertips', 'brainstem', 'human body'],
      dtype=object)}",B
db7f2bfdabcf53d6778fd7af80b603d2,Where would you go to get some pamphlets if you want to own them?,pamphlets,"{'label': array(['A', 'B', 'C', 'D', 'E'], dtype=object), 'text': array(['bookstore', 'drawer', 'health department', 'mail box', 'library'],
      dtype=object)}",A
8605fd2affc796d79073d0f3ef0761c9,"The audience cheered when a goal was scored, what were they spectating?",audience,"{'label': array(['A', 'B', 'C', 'D', 'E'], dtype=object), 'text': array(['school', 'sporting event', 'concert hall', 'show', 'television'],
      dtype=object)}",B
ad37795fd9e3a65553683ff305b5113d,What western state has thousands of miles of shore?,shore,"{'label': array(['A', 'B', 'C', 'D', 'E'], dtype=object), 'text': array(['picture of sea side', 'seaside town', 'beach', 'california',
       'see side picture'], dtype=object)}",D
bcd51af35d691f5c3b6b548096ab1559,"Everybody seemed to be crying at the holy site, the tour guide explained that this was what?",holy,"{'label': array(['A', 'B', 'C', 'D', 'E'], dtype=object), 'text': array(['profane', 'halibut', 'damaged', 'common', 'halibut'], dtype=object)}",D
b5345f15d5b451562ab9e0851e7f394f,The smile gave away that the what was one of happiness?,smile,"{'label': array(['A', 'B', 'C', 'D', 'E'], dtype=object), 'text': array(['manual', 'rainbow', 'cry', 'frown', 'make others happy too'],
      dtype=object)}",C
6a884d5d8febfdd86fcf68ff1a904d9b,Where is a public monument likely to be erected by a city?,monument,"{'label': array(['A', 'B', 'C', 'D', 'E'], dtype=object), 'text': array(['municipal park', 'office', 'state park', 'cemetary',
       'public gardens'], dtype=object)}",A
a1303b5177df0a5b653c9abd7d5f5e08,Where would a person live if they wanted no neighbors?,bungalow,"{'label': array(['A', 'B', 'C', 'D', 'E'], dtype=object), 'text': array(['housing estate', 'neighborhood', 'mars', 'woods', 'suburbs'],
      dtype=object)}",D
315baf79f8dd3673f67a90de0758240e,Where is the control room that controls a PWR located?,control room,"{'label': array(['A', 'B', 'C', 'D', 'E'], dtype=object), 'text': array(['building', 'factory', 'window', 'prison', 'nuclear power plant'],
      dtype=object)}",E
01f01cc3ad152773ef42b30e926912bf,What happens to a dog before someone puts up posters of them?,dogs,"{'label': array(['A', 'B', 'C', 'D', 'E'], dtype=object), 'text': array(['get lost', 'require water', 'trained', 'bark', 'roll over'],
      dtype=object)}",A
f192cfacbaa2f7e0e879f673c8e076a7,Where are the most famous BBQ steakhouses in america?,steakhouse,"{'label': array(['A', 'B', 'C', 'D', 'E'], dtype=object), 'text': array(['texas', 'building', 'kansas city', 'maine', 'falling down'],
      dtype=object)}",A
ab8d5e21a2cf34b60a04768b01f1f8e9,"He kept plugging away in his cubicle, it seemed he was the only person not called into the what?",person,"{'label': array(['A', 'B', 'C', 'D', 'E'], dtype=object), 'text': array(['building', 'conference', 'assessment', 'demonstration', 'garage'],
      dtype=object)}",B
5d1df1daa886efb78db2103ddc1398eb,If you're attending school and are falling asleep you're likely experiencing what?,attending school,"{'label': array(['A', 'B', 'C', 'D', 'E'], dtype=object), 'text': array(['boredom', 'malaria', 'graduate', 'inspiration', 'detention'],
      dtype=object)}",A
2f8b35d352097cc9277599be49fab0b3,"I want to buy a gong, where should I look for one?",gong,"{'label': array(['A', 'B', 'C', 'D', 'E'], dtype=object), 'text': array(['orchestra', 'church', 'chinese temple', 'chinatown',
       'music store'], dtype=object)}",E
18eb6a3b54ccf4989e268cfb9ea90f9c,What would friends do if they need each others' help?,friends,"{'label': array(['A', 'B', 'C', 'D', 'E'], dtype=object), 'text': array(['call each other', 'group together', 'understand each other',
       'meet for lunch', 'part company'], dtype=object)}",B
3e12400bc5a2038a747edf2605787fe8,"When people are playing a game, what is their motivation to play?",people,"{'label': array(['A', 'B', 'C', 'D', 'E'], dtype=object), 'text': array(['believe in god', 'dance', 'desire to win', 'destroy each other',
       'run amok'], dtype=object)}",C
72baf6ca5c4daa01c2cc7fda22183db8,Where could there be a battle that involves words?,battle,"{'label': array(['A', 'B', 'C', 'D', 'E'], dtype=object), 'text': array(['court room', 'war', 'video game', 'iraq', 'church'], dtype=object)}",A
9bac07574c966cae34c85e9f25538cba,"John didn't mind getting in line.  It was what game after that he hated.  The time, the sore feet. He did not like doing what?",getting in line,"{'label': array(['A', 'B', 'C', 'D', 'E'], dtype=object), 'text': array(['have to wait for', 'standing in line', 'eat cake',
       'less confusion', 'being ordered'], dtype=object)}",B
fe2a21ddb1bde76025a961126044a9a3,What is the process of going somewhere?,going somewhere,"{'label': array(['A', 'B', 'C', 'D', 'E'], dtype=object), 'text': array(['fire', 'energy', 'car', 'transporting', 'staying in place'],
      dtype=object)}",D
d03e09b22927542d6b0d5ebe233e467c,"The old man needed to have rest multiple times a day, he would do what on the couch and catnap?",have rest,"{'label': array(['A', 'B', 'C', 'D', 'E'], dtype=object), 'text': array(['lay in bed', 'lay in bed', 'go to bed', 'relax', 'lie down'],
      dtype=object)}",E
e63a210053cf7f961ca0b5a7e6eb355d,The end of the barrel of what primitive firearm is bell shaped?,bell,"{'label': array(['A', 'B', 'C', 'D', 'E'], dtype=object), 'text': array(['barbell', 'funnel', 'blunderbuss', 'wind instrument',
       'kettlebell'], dtype=object)}",C
a4b4242fab25e86a9d7ffedcaecdcdbe,Where is a good place to store pamphlets in your home or office?,pamphlets,"{'label': array(['A', 'B', 'C', 'D', 'E'], dtype=object), 'text': array(['library', 'health department', 'mail box', 'drawer', 'bookstore'],
      dtype=object)}",D
ec8797b12e3c6666ebe70b2a7680b66f,"Many humans enjoy fishing and enjoy another relaxing activity at the same time, what activity is it?",fishing,"{'label': array(['A', 'B', 'C', 'D', 'E'], dtype=object), 'text': array(['getting tied up lure.', 'looking for information', 'get wet',
       'drink beer', 'sit quietly'], dtype=object)}",D
4536489e5d8e02aadc3fcc7a55effe20,Where would you get some maps that you own?,maps,"{'label': array(['A', 'B', 'C', 'D', 'E'], dtype=object), 'text': array(['bookstore', 'library', 'electrical circuit', 'cabinet',
       'important when traveling'], dtype=object)}",D
0854478d174c9127064f0d4b58df7e62,Where is a good place to put a hamburger?,hamburger,"{'label': array(['A', 'B', 'C', 'D', 'E'], dtype=object), 'text': array(['resturant', 'fast food restaurant', 'mouth', 'kitchen', 'pizza'],
      dtype=object)}",C
4b7d1b70060cd1f1a7321795f62a7325,Where is a handy place to store a steel pen in your office?,steel pen,"{'label': array(['A', 'B', 'C', 'D', 'E'], dtype=object), 'text': array(['car shop', 'desk drawer', 'car.', 'warehouse', 'hand'],
      dtype=object)}",B
0e6a005eec5e6746f3facf4d608bfd8b,A story about World War II would be set when?,story,"{'label': array(['A', 'B', 'C', 'D', 'E'], dtype=object), 'text': array(['book or library', 'book or magazine', 'newspaper', 'past',
       'future'], dtype=object)}",D
2d2b69ad187b7c40273ab13caab7dc19,What type of geographic area will you find a marmot?,marmot,"{'label': array(['A', 'B', 'C', 'D', 'E'], dtype=object), 'text': array(['mountainous area', 'wood pile', 'jungle', 'petting zoo',
       'animals'], dtype=object)}",A
fde1f9bfc33da302449c0b950d16c0ea,Most people make stupid assumptions that are based on their prejudices.  What might they do instead to achieve better outcomes?,most people,"{'label': array(['A', 'B', 'C', 'D', 'E'], dtype=object), 'text': array(['set table', 'think', 'read books', 'play games', 'lie'],
      dtype=object)}",B
3c90a632f46aeab11fbb73aa59a33892,What is something children can do while traveling in a car?,children,"{'label': array(['A', 'B', 'C', 'D', 'E'], dtype=object), 'text': array(['listen to music', 'watch television', 'play chess', 'walk',
       'play basketball'], dtype=object)}",A
1f3ccb722600da7d862531416934949a,Where would you hear a trumpet along with other instruments made from the same material?,trumpet,"{'label': array(['A', 'B', 'C', 'D', 'E'], dtype=object), 'text': array(['music store', 'bass', 'brass band', 'orchestra', 'marching band'],
      dtype=object)}",C
46ba5d2b8cfc6708e5e2618568d8730e,"The audience listened to the orchestra play, where were they watching the performance?",audience,"{'label': array(['A', 'B', 'C', 'D', 'E'], dtype=object), 'text': array(['concert hall', 'museum', 'school', 'hockey game',
       'sporting event'], dtype=object)}",A
f8a2cbc7189b92a809ce9cd857030621,Stabbing to death of a person is what sort of way to die?,stabbing to death,"{'label': array(['A', 'B', 'C', 'D', 'E'], dtype=object), 'text': array(['pool of blood', 'gruesome', 'charming', 'being arrested',
       'killing'], dtype=object)}",B
225287e06c993feee34e0f06b25f6ba8,What are you getting from you boss at the end of the week?,getting,"{'label': array(['A', 'B', 'C', 'D', 'E'], dtype=object), 'text': array(['asking for', 'money', 'food', 'work', 'energy'], dtype=object)}",B
e211b1a3f3401d164c8b0bfc10160caa,"If you have a ticket and you are planning to eat hot dogs, where would you go?",ticket,"{'label': array(['A', 'B', 'C', 'D', 'E'], dtype=object), 'text': array(['lottery', ""person's hand"", 'baseball stadium', 'movie', 'kitchen'],
      dtype=object)}",C
fce1c5d069758aea57a787fc98dcf7a9,Where is a great place to buy fresh fruit?,fruit,"{'label': array(['A', 'B', 'C', 'D', 'E'], dtype=object), 'text': array(['san francisco', 'refrigerator', 'big box retailer', 'tree',
       'market'], dtype=object)}",E
c0d75f9fbf30aa3a612f16edb20d6b8d,"The man took paperwork to other people to consult over it, where was he heading?",paperwork,"{'label': array(['A', 'B', 'C', 'D', 'E'], dtype=object), 'text': array(['desk', 'meeting', 'office', 'table', 'work'], dtype=object)}",B
d07f149d8d953dcc45dda432194c375e,"Stark was just having fun, and he wasn't hurting anyone.  What might have he been doing?",having fun,"{'label': array(['A', 'B', 'C', 'D', 'E'], dtype=object), 'text': array(['painting his nails', 'playing marbles', 'constructing',
       'need for rest', 'wild ride'], dtype=object)}",B
080a9cf2d6447a9a4d98b0af311e10da,"The church was giving assistance, what were they hoping to accomplish?",giving assistance,"{'label': array(['A', 'B', 'C', 'D', 'E'], dtype=object), 'text': array(['exhilliration', 'hardship', 'risk taking', 'helping others',
       'happiness'], dtype=object)}",D
111501a49dd41ceed9c2073eed5d2b72,"I you believe in god, where will you go when you die?",god,"{'label': array(['A', 'B', 'C', 'D', 'E'], dtype=object), 'text': array(['heaven', 'church', 'imagination', 'synagogue', 'monastery'],
      dtype=object)}",A
7bb87c6d8eab57d4e983f60025b1f0dc,What can eating hamburger cause immediately after eating it?,eating hamburger,"{'label': array(['A', 'B', 'C', 'D', 'E'], dtype=object), 'text': array(['tasty', 'health problems', 'eat cake', 'indigestion',
       'gain weight'], dtype=object)}",D
5c2bc4335c8860342ec2d568ceb6ac6b,Where is a shelf likely to be hidden behind a door?,shelf,"{'label': array(['A', 'B', 'C', 'D', 'E'], dtype=object), 'text': array(['refrigerator', 'bookstore', 'cupboard', 'school building',
       'wardrobe'], dtype=object)}",C
083861fc5ebb9226fff70544f3f83d2b,"The man got a pail to catch the draining motor oil, where was he likely doing this at home?",pail,"{'label': array(['A', 'B', 'C', 'D', 'E'], dtype=object), 'text': array(['garage', 'hardware store', 'utility room', 'wishing well',
       'laundry'], dtype=object)}",A
520b0eea9148e3cb4d45aa69a55491eb,What kind of cold storage could you find in your house?,cold storage,"{'label': array(['A', 'B', 'C', 'D', 'E'], dtype=object), 'text': array(['ice pack', 'freezer', 'laboratory', 'warehouse', 'refrigerator'],
      dtype=object)}",E
ef6ede0af827ddd1dc7bbeb36a6fdd22,Where could you go to between 1000 and 10000 restaurant?,restaurant,"{'label': array(['A', 'B', 'C', 'D', 'E'], dtype=object), 'text': array(['big city', 'town', 'small town', 'canada', 'yellow pages'],
      dtype=object)}",A
d47986deb91d64b2b15d385da3d2f483,"The pitcher stepped on the mound ready to throw, where was he located specifically?",mound,"{'label': array(['A', 'B', 'C', 'D', 'E'], dtype=object), 'text': array(['hell', 'baseball stadium', 'golf course', 'africa',
       'baseball diamond'], dtype=object)}",E
c3b7f4196b12714940ac1b9417194df4,Where is a statute found on a platform?,platform,"{'label': array(['A', 'B', 'C', 'D', 'E'], dtype=object), 'text': array(['below', 'arena', 'concert hall', 'museum', 'building'],
      dtype=object)}",D
5d03ad171fd661a28da5b6eb79967a6b,If it's not used for hair a round brush is an example of what?,round brush,"{'label': array(['A', 'B', 'C', 'D', 'E'], dtype=object), 'text': array(['hair brush', 'ladies bathroom', 'art supplies', 'shower',
       'hair salon'], dtype=object)}",C
7c95d753943c58757fe6e1ccff8aea14,"His parents thought he was suffering from boredom, but the teen loved to lay in bed and just do what?",boredom,"{'label': array(['A', 'B', 'C', 'D', 'E'], dtype=object), 'text': array(['meet interesting people', 'lift weights', 'listen to music',
       'play chess', 'entertain'], dtype=object)}",C
88d8bfb9dc8e77ef642acbe1a129f3db,"At the picnic she was stuck eating hamburger, she was worried because she forgot her chewables to prevent what?",eating hamburger,"{'label': array(['A', 'B', 'C', 'D', 'E'], dtype=object), 'text': array(['eat cake', 'have fun', 'food poisoning', 'heartburn',
       'gain weight'], dtype=object)}",D
b1a9b20793b46e46e1beedadbf852f84,"The electrode wouldn't spark, it turned out that the what hadn't been connected?",electrode,"{'label': array(['A', 'B', 'C', 'D', 'E'], dtype=object), 'text': array(['battery', 'electronic equipment', 'electrolytic cell', 'charge',
       'tube'], dtype=object)}",A
81e016974d33fe383c848b6c819791cd,For what entity should the government work?,government,"{'label': array(['A', 'B', 'C', 'D', 'E'], dtype=object), 'text': array(['country', 'democracy', 'canada', 'civilization', 'tax office'],
      dtype=object)}",A
7cf54544d54818d53e7088c0749a3eca,What must a student in engineering do?,student,"{'label': array(['A', 'B', 'C', 'D', 'E'], dtype=object), 'text': array(['answer question', 'learn language', 'do mathematics',
       'be able to count', 'begin to study'], dtype=object)}",C
6acd88b9b5dd15e23bbcc3fd679100a8,"The teacher knew her students understood division, what was she hoping they would learn next?",division,"{'label': array(['A', 'B', 'C', 'D', 'E'], dtype=object), 'text': array(['multiplication', 'multiply', 'putting together', 'unity',
       'pay debts'], dtype=object)}",A
c96a86957a9ab1d8ca0aeeb7f040d87a_1,"There were times where kids wanted to know a definition, so there was a nice big dictionary in the what?",dictionary,"{'label': array(['A', 'B', 'C', 'D', 'E'], dtype=object), 'text': array(['pocket', 'classroom', 'table', 'library', 'shelf'], dtype=object)}",B
6a1bf527af9ed0685ac5e2bf0bd76647,Riding a bike for a long time can cause what?,riding bike,"{'label': array(['A', 'B', 'C', 'D', 'E'], dtype=object), 'text': array(['enjoyment', 'fatigue', 'falling down', 'getting lost', 'thirst'],
      dtype=object)}",B
094fe91b20b03c647325fa2ee94470b3,What could happen to a cat other than wanting food?,cat,"{'label': array(['A', 'B', 'C', 'D', 'E'], dtype=object), 'text': array(['feline', 'thirsty', 'sharp claws', 'pussycat', 'hungry'],
      dtype=object)}",B
bee2a6eadfaf7a4fa0a214e341ddbe5b,If you turn off the music in a room with no other noise that room would be what?,music,"{'label': array(['A', 'B', 'C', 'D', 'E'], dtype=object), 'text': array(['silent', 'opera', 'silence', 'television', 'elevator'],
      dtype=object)}",A
2f97a77d155cb99092e8a7c055737b03_1,In what country are the most fast food restaurants?,fast food restaurant,"{'label': array(['A', 'B', 'C', 'D', 'E'], dtype=object), 'text': array(['new york', 'blocks of flats', 'center of town', 'america',
       'big cities'], dtype=object)}",D
bc268cd19e2c95c78967fd6b9092fb90,"I want to use string to keep something from moving, how should I do it?",string,"{'label': array(['A', 'B', 'C', 'D', 'E'], dtype=object), 'text': array(['tie around', 'wind around', 'weave', 'stringbed', 'ball up'],
      dtype=object)}",A
060cad0d3c007ceb151db9907bfcb214,Where would walk through a central passage to catch an elevator?,central passage,"{'label': array(['A', 'B', 'C', 'D', 'E'], dtype=object), 'text': array(['tomb', 'arena', 'access rooms', 'public building', 'house'],
      dtype=object)}",D
29c2cc0ba85b4afb9c9d29801469a68f,"A potato is kept in the cellar, where is likely to be stored?",potato,"{'label': array(['A', 'B', 'C', 'D', 'E'], dtype=object), 'text': array([""farmer's market"", 'grocery bag', 'pantry', 'bushel basket',
       'fridge'], dtype=object)}",D
6cb895ce89995f6be422f7c4167c7638,What do people do when networking?,people,"{'label': array(['A', 'B', 'C', 'D', 'E'], dtype=object), 'text': array(['build trust', 'hurry home', 'ignore people', 'believe in god',
       'jump to conclusions'], dtype=object)}",A
839f3c37622c1ed5eebc9cd0b9d658e8,Where can you store you spare linens near your socks?,linen,"{'label': array(['A', 'B', 'C', 'D', 'E'], dtype=object), 'text': array(['hospital', 'chest', 'home', 'dresser drawers', 'cabinet'],
      dtype=object)}",D
3957ac6bab96fc9d4f173ada4692d16b,What do people do when they think too quickly?,people,"{'label': array(['A', 'B', 'C', 'D', 'E'], dtype=object), 'text': array(['jump to conclusions', 'hurry home', 'build trust', 'pay bills',
       'sing'], dtype=object)}",A
a4f5e5412f0f8ac9190db1730db07a90,What is someone likely to want as a result of sex?,sex,"{'label': array(['A', 'B', 'C', 'D', 'E'], dtype=object), 'text': array(['sexploiter', 'chicken', 'reproductive cycle', 'procreation',
       'human experience'], dtype=object)}",D
cb5b39878be0e05a3ffe783801adbc3b,What might someone do after they finish creating art?,creating art,"{'label': array(['A', 'B', 'C', 'D', 'E'], dtype=object), 'text': array(['frustration', 'relax', 'eat', 'enlightenment', 'communication'],
      dtype=object)}",B
985a4f1a3f31f1ba6654f4fc48f504df,To get clean clothes you to what to them?,clean clothes,"{'label': array(['A', 'B', 'C', 'D', 'E'], dtype=object), 'text': array(['get dirty', 'writing', 'use water', 'launder', 'soap'],
      dtype=object)}",D
5d687fe9c95436ce84230c996d34382d,"The person tried to reduce his weight with a shrink ray, but he got it backwards and only did what?",reduce,"{'label': array(['A', 'B', 'C', 'D', 'E'], dtype=object), 'text': array(['grow', 'gain weight', 'make larger', 'augment', 'get bigger'],
      dtype=object)}",C
af11faa29097b71141fe192ad019d1dd,"Christine couldn't be having a baby at her age, she thought to herself. What was Christine?",baby,"{'label': array(['A', 'B', 'C', 'D', 'E'], dtype=object), 'text': array(['old person', 'begin to talk', 'adult', 'old man', 'girl'],
      dtype=object)}",A
07fd8b0aed06406fedb137d11b07a890,Joe plays a percussion instrument in something.  What might be play in?,percussion instrument,"{'label': array(['A', 'B', 'C', 'D', 'E'], dtype=object), 'text': array(['own home', 'music store', 'marching band', 'orchestra', 'party'],
      dtype=object)}",D
7044d82a456d0fa6f0210abb03cbf2c4,"If I'm playing ball, I'm mostly trying to do what?",playing ball,"{'label': array(['A', 'B', 'C', 'D', 'E'], dtype=object), 'text': array(['losing', 'competition', 'having fun', 'win', 'injury'],
      dtype=object)}",C
e53ba4c7d2a818bdb6001e6924bc8896,What do the terms need to be in order to compete against someone?,compete against,"{'label': array(['A', 'B', 'C', 'D', 'E'], dtype=object), 'text': array(['cheat', 'fair', 'in competition', 'practice', 'sabotage'],
      dtype=object)}",B
ecbc1ab06ad1ed6c53e5293d7a90ebd3,"If you wanted to show off silk, what item could it be on?",silk,"{'label': array(['A', 'B', 'C', 'D', 'E'], dtype=object), 'text': array(['jean', 'mulberry tree', 'garments', 'expensive clothing',
       'parachutes'], dtype=object)}",D
9a356ff463c042d04ba45bfd627bac20,Where is known to be a wealth of information?,information,"{'label': array(['A', 'B', 'C', 'D', 'E'], dtype=object), 'text': array(['park', 'internet', 'meeting', 'library', 'book'], dtype=object)}",D
0a5c069836784c3d574828d85a20a074,"I saw the receptionist carelessly toss my resume into the drawer, where did I want it to end up?",drawer,"{'label': array(['A', 'B', 'C', 'D', 'E'], dtype=object), 'text': array(['file cabinet', 'nightstand', 'kitchen cabinet', 'office desk',
       'the floor'], dtype=object)}",D
f996430ce208606452868fd2e739d409,What will happen if you inject water into yourself?,water,"{'label': array(['A', 'B', 'C', 'D', 'E'], dtype=object), 'text': array(['dilute', 'thin blood', 'take several forms', 'wet clothes',
       'move mountains'], dtype=object)}",B
26c854d933d2115e7636fdcde57eb463,Athletes soak in hot tubs to relieve what after playing baseball?,playing baseball,"{'label': array(['A', 'B', 'C', 'D', 'E'], dtype=object), 'text': array(['fame', 'errors', 'pain', 'strikes', 'sore muscles'], dtype=object)}",E
83c25b9a5db5f9b3fd1ff6c7453d23d0,What does a gambler do that causes him or her to be unhappy?,gambler,"{'label': array(['A', 'B', 'C', 'D', 'E'], dtype=object), 'text': array(['play cards', 'double winnings', 'lose money', 'play poker',
       'to win the prize'], dtype=object)}",C
a0d02fc32878efdf0b0d420972943492,"There's one obvious reason to eat vegetables, they're plain what you?",eat vegetables,"{'label': array(['A', 'B', 'C', 'D', 'E'], dtype=object), 'text': array(['lose weight', 'good for', 'bland', 'chewing', 'fibre'],
      dtype=object)}",B
73fbd2caac2c3786ca810adfe7030273,"John was a bit think in the head, but he knew that he never saw the lady before.  They were what?",thick,"{'label': array(['A', 'B', 'C', 'D', 'E'], dtype=object), 'text': array(['pay debts', 'slender', 'unacquainted', 'free flowing', 'sparse'],
      dtype=object)}",C
6c515b068b4d3aa88a5382224d9b866d,Where would you hear a violin along side many string and wind instruments?,violin,"{'label': array(['A', 'B', 'C', 'D', 'E'], dtype=object), 'text': array(['school', 'string quartet', 'orchestra', 'kitchen', 'music room'],
      dtype=object)}",C
0af371b94fb414860b13eea6009ccc31,What is the sun ultimately responsible for?,sun,"{'label': array(['A', 'B', 'C', 'D', 'E'], dtype=object), 'text': array(['earth warming', 'sun tan', 'light', 'life on earth', 'heat'],
      dtype=object)}",D
38e61d4be0da46b3cbbd76dc20bce677,Mandy lived in a train station.  She longed to see distant places. Where might she imagine going?,train station,"{'label': array(['A', 'B', 'C', 'D', 'E'], dtype=object), 'text': array(['downtown area', 'centre of town', 'bedroom', 'europe', 'big city'],
      dtype=object)}",D
cebc07bd5080cc72862cb333b10d782d,"Joe is a  squirrel, which is an animal. He probably lives in what sort of place.",animal,"{'label': array(['A', 'B', 'C', 'D', 'E'], dtype=object), 'text': array(['pet store', 'outside', 'woodland', 'ocean', 'cafe'], dtype=object)}",C
de0386024f32cdf277a785a851b97544,Where could a personal ficus live?,ficus,"{'label': array(['A', 'B', 'C', 'D', 'E'], dtype=object), 'text': array(['cabin in the woods', 'california', 'front yard', 'conservatory',
       'tropical forest'], dtype=object)}",C
9b62cd7f89716f393239e6c6ff3e11d5,"The shark actually counted as evidence, so where did the legal team bring it?",shark,"{'label': array(['A', 'B', 'C', 'D', 'E'], dtype=object), 'text': array(['court room', 'shallow waters', 'poker game', 'sea world',
       'pond arena'], dtype=object)}",A
8b25332de2894ab38784235838d38cec,"If the president wanted to ban snakes, where would he issue such a decree?",snake,"{'label': array(['A', 'B', 'C', 'D', 'E'], dtype=object), 'text': array(['street', 'tropical forest', 'garden of eden', 'new mexico',
       'white house'], dtype=object)}",E
dd4a811d18549f1ae1954cf938b28536,"They were searching for rocks, so they missed the birds overhead as they stared at the what?",rocks,"{'label': array(['A', 'B', 'C', 'D', 'E'], dtype=object), 'text': array(['ground', 'drawer', 'surface of earth', 'pizza', 'waterfall'],
      dtype=object)}",A
e2ff952c17faf1c56a970502630d4c86,"Her son scraped his knee, she fetched a bottle of peroxide from the what?",bottle,"{'label': array(['A', 'B', 'C', 'D', 'E'], dtype=object), 'text': array(['supermarket', 'diaper bag', 'liquor store', 'hollow log',
       'medicine cabinet'], dtype=object)}",E
3a6140e475cbbd3ee1da5ba9a6953597_1,Where would you expect to find a dictionary along side other writings you can borrow?,dictionary,"{'label': array(['A', 'B', 'C', 'D', 'E'], dtype=object), 'text': array(['classroom', 'shelf', 'explain meaning of words', 'table',
       'library'], dtype=object)}",E
e75e0c11e2d5a7b634455a1b4b76856c,What would be necessary for getting in shape?,getting in shape,"{'label': array(['A', 'B', 'C', 'D', 'E'], dtype=object), 'text': array(['good health', 'exercise', 'muscle tone', 'sweat', 'feel better'],
      dtype=object)}",B
3b9ccdcb1c932c46a38e040d3e6c7f5b,A statue that shoots liquid is called a what?,statue,"{'label': array(['A', 'B', 'C', 'D', 'E'], dtype=object), 'text': array(['water fountain', 'large city', 'museum', 'pool', 'central park'],
      dtype=object)}",A
6a29b657b29e1506284d8328dffbbd21,If you have a child who gets in trouble for being hyperactive you may need to teach them how to what down?,trouble,"{'label': array(['A', 'B', 'C', 'D', 'E'], dtype=object), 'text': array(['park', 'calm', 'being good', 'good behavior', 'safe'],
      dtype=object)}",B
96cb628fb7ed2f53245598f707ed2b80,John loved to paint houses.  How did he usually do it?,paint,"{'label': array(['A', 'B', 'C', 'D', 'E'], dtype=object), 'text': array(['clothes get stained', 'with brush', 'wallpaper',
       'electrical circuit', 'draw'], dtype=object)}",B
bd4e80fa6642a76c064d0bc924411fb0,When you wipe you feet on the door mat and walk through the door where do you enter?,mat,"{'label': array(['A', 'B', 'C', 'D', 'E'], dtype=object), 'text': array(['a chair', 'school', 'living room', 'doorway', 'bathroom'],
      dtype=object)}",C
05490e6c191fbc3c2fe0033ed0bd8aa0,What can you use to store a book while traveling?,book,"{'label': array(['A', 'B', 'C', 'D', 'E'], dtype=object), 'text': array(['library of congress', 'pocket', 'backpack', 'suitcase',
       'synagogue'], dtype=object)}",D
6abd34442438509b4a00c69d6fd24764,Where would you find gazelle under a G?,gazelle,"{'label': array(['A', 'B', 'C', 'D', 'E'], dtype=object), 'text': array(['open field', 'ivory coast', 'dictionary', 'steppe',
       'encyclopedia'], dtype=object)}",E
e58eb0ec4197c29e961a7bdd4d67de4e,"Competing can lead to great highs, and also great lows when suffering what?",competing,"{'label': array(['A', 'B', 'C', 'D', 'E'], dtype=object), 'text': array(['winning or losing', 'aggression', 'gain', 'defeat', 'sweat'],
      dtype=object)}",D
597d2a1c9df7962218d8b807df1f8212,What blocks sunshine?,sunshine,"{'label': array(['A', 'B', 'C', 'D', 'E'], dtype=object), 'text': array(['summer', 'park', 'desktop', 'sea', 'moon'], dtype=object)}",E
68f6ac445cc008d93f931b999b44b0ba,When you feel too much heat in your home you can turn on what?,heat,"{'label': array(['A', 'B', 'C', 'D', 'E'], dtype=object), 'text': array(['coolness', 'fan', 'get wet', 'coldness', 'air conditioning'],
      dtype=object)}",E
aa4c5d2d348796b8d7fa324f27f4c34f,Where would you store a pillow case that is not in use?,pillow case,"{'label': array(['A', 'B', 'C', 'D', 'E'], dtype=object), 'text': array(['kitchen cupboard', 'bedding store', 'england', 'drawer',
       'bedroom'], dtype=object)}",D
7400e9c4a2c8e600a0f7e2d162a07837,"If the kitten was going to grow up to be a mouser like it's mother, where should it spend most of it's time?",kitten,"{'label': array(['A', 'B', 'C', 'D', 'E'], dtype=object), 'text': array(['shelter', 'floor', 'warm place', 'farmhouse', 'living room'],
      dtype=object)}",D
fad197409a977126c9587eccd240ceea,Where is that man buying silk from?,human,"{'label': array(['A', 'B', 'C', 'D', 'E'], dtype=object), 'text': array(['space shuttle', 'theater', 'china', 'indian resteraunt', 'bar'],
      dtype=object)}",C
f09038444aeb1a048f04dedd5b97b769,Where is a teacher likely to keep her clavichord?,clavichord,"{'label': array(['A', 'B', 'C', 'D', 'E'], dtype=object), 'text': array(['living room', 'parlor', 'music hall', 'music room', 'museum'],
      dtype=object)}",D
0aa23ad1ba9f28bc3e0185237a7ce1cc,Where are you if your bieifcase is going through an x-ray machine?,briefcase,"{'label': array(['A', 'B', 'C', 'D', 'E'], dtype=object), 'text': array(['luggage store', 'courtroom', 'airport', 'office building', 'hand'],
      dtype=object)}",C
06be29539ad3e1fbd7b53b05243f4bd7,"They were kissing each other good bye, they had no worries because their relationship had a strong foundation of what?",kissing,"{'label': array(['A', 'B', 'C', 'D', 'E'], dtype=object), 'text': array(['partner', 'trust', 'cooperation', 'bricks', 'herpes'],
      dtype=object)}",B
bbe0a1ad733e5699f991ff91b3712a6f,Why would you take a bus to work?,take bus,"{'label': array(['A', 'B', 'C', 'D', 'E'], dtype=object), 'text': array(['commute', 'flying', 'get somewhere', 'travel', 'go home'],
      dtype=object)}",A
9e5ce2b7d9eb404cdf8c7317dd0b5a59,"If you are hungry and going fishing, why would you be going fishing?",going fishing,"{'label': array(['A', 'B', 'C', 'D', 'E'], dtype=object), 'text': array(['to see the fish', 'have fun', 'catching fish', 'wet clothes',
       'killing'], dtype=object)}",C
ffde211723f55e9744f94cbc14488a23,"Dogs are very loyal if they have a good owner, they will always what them?",dogs,"{'label': array(['A', 'B', 'C', 'D', 'E'], dtype=object), 'text': array(['fleas', 'eat cake', 'attack', 'defend', 'run fast'], dtype=object)}",D
5ff8b0deed53b9ff91d58bd5b6f85bdf,What does a farmer need to do to make  a maze on his farm in the fall?,farmer,"{'label': array(['A', 'B', 'C', 'D', 'E'], dtype=object), 'text': array(['seed plants', 'plant seeds', 'garden', 'grow corn',
       'produce food'], dtype=object)}",D
36f1ceeecde7abf99dab635239e12442,"For many males hair is a concern as they get older, it begins to what, causing a receding hairline?",hair,"{'label': array(['A', 'B', 'C', 'D', 'E'], dtype=object), 'text': array(['thin out', 'grow in ear', 'fall out', 'bulge', 'composted'],
      dtype=object)}",C
e3c9e83c0c62d842de2dfe229f5e6d41,What happens someone who is bad play poker?,play poker,"{'label': array(['A', 'B', 'C', 'D', 'E'], dtype=object), 'text': array(['think', 'ante up', 'drink', 'win money', 'losing money'],
      dtype=object)}",E
c0e4d0118c9cdfe2edc49ef954572b31,"John loved his snake.  It was the only ting he loved. He hated everyone else and was abrasive to most people, but he loved his snake.   How might you describe the snake?",snake,"{'label': array(['A', 'B', 'C', 'D', 'E'], dtype=object), 'text': array(['sun itself', 'tropical forest', 'pet', 'rude', 'sharp'],
      dtype=object)}",C
4423c006f2a43f222d4c4e97360c25d3,"The fresh herbs, flowers, and vegetables will shrivel up if people don't do this?",people,"{'label': array(['A', 'B', 'C', 'D', 'E'], dtype=object), 'text': array(['water plants', 'believe in god', 'drive to the nearest pool',
       'speaking english', 'raise children'], dtype=object)}",A
9382bc51ba092f55a494eff8615899de,"I picked from an apple tree outside of Fort Wayne, where am I?",apple tree,"{'label': array(['A', 'B', 'C', 'D', 'E'], dtype=object), 'text': array(['woods', 'illinois', 'indiana', 'washington state', 'tampa'],
      dtype=object)}",C
dec1c42628a7448aa364cdada6e82f98,"The janitor never had much to clean after services, but there was still always a paper or two to pick up where?",paper,"{'label': array(['A', 'B', 'C', 'D', 'E'], dtype=object), 'text': array(['synagogue', 'front porch', 'classroom', 'obesity',
       'grocery store'], dtype=object)}",A
07ea8ff6ee916f2bf9aceab1e19ff99a,If you're celebrating with too many cocktails what may you have in the morning?,celebrating,"{'label': array(['A', 'B', 'C', 'D', 'E'], dtype=object), 'text': array(['drunkenness', 'have fun', 'headache', 'hang over', 'intimacy'],
      dtype=object)}",D
a328285c6212c899e335c45db3c49ffd,Danny found an old film in a sealed what?,film,"{'label': array(['A', 'B', 'C', 'D', 'E'], dtype=object), 'text': array(['clingfilm', 'disneyland', 'cave', 'cabinet', 'movie'],
      dtype=object)}",D
e248968fec422e1fab0f0561fedff76e,Where are you likely to find much more than a drop of blood on the floor?,drop of blood,"{'label': array(['A', 'B', 'C', 'D', 'E'], dtype=object), 'text': array(['crime scene', 'vein', 'blood bank', 'slaughter house', 'needle'],
      dtype=object)}",D
2067720531fc03c017af941cec2f6f40,Where is the first place someone leaving the planet ends up?,planet,"{'label': array(['A', 'B', 'C', 'D', 'E'], dtype=object), 'text': array(['pay debts', 'galaxy', 'outer space', 'orbit', 'universe'],
      dtype=object)}",C
70d3ebc00b165d9d08f9491a1dd85034,"The town house went right to the curb, a slot effectively made a mailbox of the what?",mailbox,"{'label': array(['A', 'B', 'C', 'D', 'E'], dtype=object), 'text': array(['apartment building', 'front door', 'back door', 'street corner',
       'porch'], dtype=object)}",B
41bab71fea3fa04e5a4e10a2f86996df,"The architect thought that a mezzanine would look good, but the planning committee rejected it.  They told the architect that they felt it was a potential hazard given the ages of the people who would be using it.  What might they be designing?",mezzanine,"{'label': array(['A', 'B', 'C', 'D', 'E'], dtype=object), 'text': array(['actors', 'theater', 'concert hall', 'floors', 'school'],
      dtype=object)}",E
e18dd9ffc7b7934c39f2b5e9dee5a8c2,"The person wasn't bothered by the weather, she had remembered to bring her what?",person,"{'label': array(['A', 'B', 'C', 'D', 'E'], dtype=object), 'text': array(['read book', 'own house', 'apartment', 'more rice', 'warm coat'],
      dtype=object)}",E
449de58e919975867255218484a9fc89,"If you want to learn about the world and understand the real reasons behind cultural norms and mores, you have achieved a sense of what?",learning about world,"{'label': array(['A', 'B', 'C', 'D', 'E'], dtype=object), 'text': array(['enlightenment', 'open mind', 'confusion', 'smartness', 'anger'],
      dtype=object)}",A
9698232e3599157431c9dc8f2fe179cd,What is the hopeful result of going to see a play?,going to play,"{'label': array(['A', 'B', 'C', 'D', 'E'], dtype=object), 'text': array(['sit', 'being entertained', 'jobless', 'meet', 'laugh'],
      dtype=object)}",B
0b5d0c3bafbe06dd5334c20cd8ea7fe2,A person would join a trade school for finding information related to what?,finding information,"{'label': array(['A', 'B', 'C', 'D', 'E'], dtype=object), 'text': array(['ulcers', 'degree', 'understanding of', 'gaining knowledge',
       'happiness'], dtype=object)}",D
7fe53bf68ec57a52a508611acf5b279e,"Joan was a baby, so there were many things she couldn't do, which caused problems for her parents.  Name one thing that makes raising a baby difficult.",baby,"{'label': array(['A', 'B', 'C', 'D', 'E'], dtype=object), 'text': array(['arrive early', 'learn to walk', 'boy or girl', 'bring joy',
       'talk nonsense'], dtype=object)}",E
68c41ec8415eab50620eb9ecf6f35a6a,Where would you put some ham if you want to cook it?,ham,"{'label': array(['A', 'B', 'C', 'D', 'E'], dtype=object), 'text': array(['hamshackle', 'pizza', 'fridge', 'refrigerator', 'part of meal'],
      dtype=object)}",B
6c4b2c93a4bdafb6cbf2b2ef2439b06f,Running errands with screaming kids will likely cause what?,running errands,"{'label': array(['A', 'B', 'C', 'D', 'E'], dtype=object), 'text': array(['efficiency', 'insanity', 'aggravation', 'tiredness', 'stress'],
      dtype=object)}",C
51e2da7396ab7045533e885dbb98a424,"Sam wasn't lying, but he left out important details. He was being what?",lying,"{'label': array(['A', 'B', 'C', 'D', 'E'], dtype=object), 'text': array(['dishonesty', 'deceitful', 'imagination', 'deceptive',
       'poker face'], dtype=object)}",B
3f6157968fcf50d257ec3d8c729b7443,what does someone have that causes them committing murder?,committing murder,"{'label': array(['A', 'B', 'C', 'D', 'E'], dtype=object), 'text': array(['problems', 'distress', 'fear', 'go to jail', 'killer'],
      dtype=object)}",A
4768aa28fa14569d830f8947565296c1,What kind of place has a leader?,leader,"{'label': array(['A', 'B', 'C', 'D', 'E'], dtype=object), 'text': array(['army', 'battle', 'wildlife', 'country', 'organization'],
      dtype=object)}",D
5516b1c93f94aaa0bf9a4c7b124788d4,How is a person likely to communicatewith others?,person,"{'label': array(['A', 'B', 'C', 'D', 'E'], dtype=object), 'text': array(['say words', 'meet friends', 'open mouth', 'thank god',
       'die of cancer'], dtype=object)}",A
96ea2c3174229c4a6a0e2ffaed2df378,Where may you be if you're buying pork chops at a corner shop?,corner shop,"{'label': array(['A', 'B', 'C', 'D', 'E'], dtype=object), 'text': array(['england', 'town', 'desert', 'kentucky', 'iowa'], dtype=object)}",E
7905b9f4ba503b0ce13b576808e99c42,Where is a well used toy car likely to be found?,toy car,"{'label': array(['A', 'B', 'C', 'D', 'E'], dtype=object), 'text': array([""child's room"", ""boy's bedroom"", 'own home', 'toy store', 'house'],
      dtype=object)}",A
e0a7d1df3ce14b27888e785e6636d5f0,Where can fisherman store their rods when on a fishing trip?,rod,"{'label': array(['A', 'B', 'C', 'D', 'E'], dtype=object), 'text': array(['hardware store', 'engine', 'fishing camp', 'lake',
       'sporting goods store'], dtype=object)}",C
3eb397b96b6c3a245c81ab30205943f1,Danny is having fun just dancing and singing with his friends. He wasn't concerned with things that weren't fun. For him having fun is the same as what?,having fun,"{'label': array(['A', 'B', 'C', 'D', 'E'], dtype=object), 'text': array(['injuries', 'smiling', 'being happy', 'glee', 'jump'], dtype=object)}",C
536c9af0fae0aa75b32874dfcac66353,Where would you find an office worker gossiping with their colleagues?,person,"{'label': array(['A', 'B', 'C', 'D', 'E'], dtype=object), 'text': array(['water cooler', 'space shuttle', 'baby shower', 'bus stop',
       'family'], dtype=object)}",A
dc36293f603cf230f8059fc6f2e5660d,Where would you put nails if they are already packaged?,nails,"{'label': array(['A', 'B', 'C', 'D', 'E'], dtype=object), 'text': array(['pocket', 'container', 'cabinet', 'jar', 'store'], dtype=object)}",C
1510f5183095466e4fe41b82501a9dd0,What is a person who is good at sports considered?,person,"{'label': array(['A', 'B', 'C', 'D', 'E'], dtype=object), 'text': array(['lazy', 'own house', 'talented', 'affluent', 'reproduce'],
      dtype=object)}",C
1fcc547e4e6813afc1a66717248d6c62,"The man acted ridiculous at the funeral, what attitude should he have taken?",ridiculous,"{'label': array(['A', 'B', 'C', 'D', 'E'], dtype=object), 'text': array(['straightforward', 'serious', 'solemn', 'somber', 'funny'],
      dtype=object)}",C
68a911b64dc943b5f81c0f8dec7faed7,"The pencil sharpener was broken in the classroom, where did the teacher recommend the student go?",pencil sharpener,"{'label': array(['A', 'B', 'C', 'D', 'E'], dtype=object), 'text': array(['home', 'library', 'stationery store', 'cabinet', 'desk drawer'],
      dtype=object)}",B
92f423de9a556a66c3eb73e9ddf9399a,Where does a child likely sit at a desk?,desk,"{'label': array(['A', 'B', 'C', 'D', 'E'], dtype=object), 'text': array(['furniture store', 'schoolroom', 'patio', 'office building',
       'library'], dtype=object)}",B
1cd94405124031e8681cd12bd25e2d61,"He was trying to procreate with many individuals, this led to a what?",procreate,"{'label': array(['A', 'B', 'C', 'D', 'E'], dtype=object), 'text': array(['moaning', 'die', 'kiss', 'std', 'sanity'], dtype=object)}",D
64ab884bd870f6f68146636b4cce921c,What does playing soccer and winning lead to?,playing soccer,"{'label': array(['A', 'B', 'C', 'D', 'E'], dtype=object), 'text': array(['excitement', 'getting tired', 'overtime', 'anger', 'fights'],
      dtype=object)}",A
66275550d64d16339c944e6a6d63eb5b,What attraction is sometimes so large that you need a map to find your way around?,map,"{'label': array(['A', 'B', 'C', 'D', 'E'], dtype=object), 'text': array(['amusement park', 'truck stop', 'mcdonalds', 'backpack',
       'classroom'], dtype=object)}",A
9b26329d74a6159ab9af4f899303de39,"If my husband never helps me doing housework, what might that lead to?",doing housework,"{'label': array(['A', 'B', 'C', 'D', 'E'], dtype=object), 'text': array(['boredom', 'arguments', 'headache', 'exhaustion', 'park'],
      dtype=object)}",B
f74b7f268d3c190a13f99ede6d2359e1,"The advertisement came in the form of a pop-up, where did it appear?",advertisement,"{'label': array(['A', 'B', 'C', 'D', 'E'], dtype=object), 'text': array(['web page', 'store', 'la ville', 'bus', 'email'], dtype=object)}",A
22458fdcead20e2def0df0d92d5806f6,WHere do people live?,people,"{'label': array(['A', 'B', 'C', 'D', 'E'], dtype=object), 'text': array(['apartment', 'eat cake', 'bus depot', 'football stadium',
       'surface of earth'], dtype=object)}",E
f7b96f195a7adfe0c74924a165cfd055,People are what when you're a stranger?,people,"{'label': array(['A', 'B', 'C', 'D', 'E'], dtype=object), 'text': array(['train', 'strange', 'human', 'stupid', 'dangerous'], dtype=object)}",B
9b631734e72a0e559da153492c1e7894,"The juror was quite bored and zoning out but wanted to convey he was hearing testimony, so he just sat there doing what?",hearing testimony,"{'label': array(['A', 'B', 'C', 'D', 'E'], dtype=object), 'text': array(['take notes', 'nodding', 'change of heart', 'writing down',
       'listening'], dtype=object)}",B
caccaa51ee960a92d44e5b949fc35a66,"They wanted to try blowfish, so they went to get some where?",blowfish,"{'label': array(['A', 'B', 'C', 'D', 'E'], dtype=object), 'text': array(['atlantic ocean', 'books', 'france', 'aquarium', 'fish market'],
      dtype=object)}",E
def936fda9f6ccee01f57c0f804fabd0,When a main artery is used to expedite travel what would it be referred to as?,main artery,"{'label': array(['A', 'B', 'C', 'D', 'E'], dtype=object), 'text': array(['neck', 'busy city', 'own brain', 'thruway', 'food'], dtype=object)}",D
761b0f6c68b1540949b70f76a9e67c78,If someone rules the universe of what are they in charge?,rule,"{'label': array(['A', 'B', 'C', 'D', 'E'], dtype=object), 'text': array(['classroom', 'football game', 'everything', 'text book', 'lawbook'],
      dtype=object)}",C
8c11546468a2595b29a1297e73334fc4,"The butt was bare, and Sam couldn't stop staring at it.  It was very what?",bare,"{'label': array(['A', 'B', 'C', 'D', 'E'], dtype=object), 'text': array(['full', 'ample', 'covered', 'bareword', 'ample'], dtype=object)}",B
a5dcac512870e79f5aa2b22dbd662404,Where can many stores with clothing be found?,clothing,"{'label': array(['A', 'B', 'C', 'D', 'E'], dtype=object), 'text': array(['shop', 'mall', 'department store', 'drawer', 'library'],
      dtype=object)}",B
870b07a1c5af2e956673a9680da99852,"After working on the car, what did it end up doing?",car,"{'label': array(['A', 'B', 'C', 'D', 'E'], dtype=object), 'text': array(['going too fast', 'last several years', 'honk the horn', 'go fast',
       'start running'], dtype=object)}",E
f48528156632b9c5b18af9ce2095509b,"When an elderly person needs help performing daily tasks, who might they call?",person,"{'label': array(['A', 'B', 'C', 'D', 'E'], dtype=object), 'text': array(['creativity', 'hatred', 'caregiver', 'own house', 'much money'],
      dtype=object)}",C
5496c7293f653120e5a5213db2d7b103,Where is beer drank by people watching sticks and pucks?,beer,"{'label': array(['A', 'B', 'C', 'D', 'E'], dtype=object), 'text': array(['bottle', 'refrigerator', 'hockey game', 'casino', 'bar'],
      dtype=object)}",C
9d97e2bb458d93a8bafe4380b08727e3,Where is there a telephone book in almost every room?,telephone book,"{'label': array(['A', 'B', 'C', 'D', 'E'], dtype=object), 'text': array(['at hotel', 'house', 'library', 'bedsit', 'closet'], dtype=object)}",A
26d7d59ef7b9f2e0c2d47419fa5bca91,Where might you see a green field while driving?,field,"{'label': array(['A', 'B', 'C', 'D', 'E'], dtype=object), 'text': array(['kansas', 'meadow', 'farmland', 'countryside', 'rural area'],
      dtype=object)}",D
c6f10fd07348bf2cf5488b0d9f38d806,"Some people got escorted out of the library, they were probably what?",people,"{'label': array(['A', 'B', 'C', 'D', 'E'], dtype=object), 'text': array(['state facts', 'talking loudly', 'making money',
       'amount to nothing', 'believe in god'], dtype=object)}",B
8ebf9d24719649a0b041aea02a6e46af,"If there is a pond with trees around it, where it it likely located?",pond,"{'label': array(['A', 'B', 'C', 'D', 'E'], dtype=object), 'text': array(['ground', 'bathroom', 'forest', 'countryside', 'rural area'],
      dtype=object)}",C
c961578f4c5768b67b843e5d2ce18452,Blowfish require what specific thing to live?,blowfish,"{'label': array(['A', 'B', 'C', 'D', 'E'], dtype=object), 'text': array(['sea water', 'hatred', 'fish market', 'body of water', 'jungle'],
      dtype=object)}",A
cce1b59f7c4f540a84a1a7d6d88548c4,What is the least likely immediate side effect of eating hamburger?,eating hamburger,"{'label': array(['A', 'B', 'C', 'D', 'E'], dtype=object), 'text': array(['nausea', 'death', 'illness', 'health problems', 'gain weight'],
      dtype=object)}",B
60848ce50295fc745756fbe960e78b88,What would I be doing while going to work and walking?,going to work,"{'label': array(['A', 'B', 'C', 'D', 'E'], dtype=object), 'text': array(['listen to radio', 'solve problems', 'driving', 'walk',
       'being late'], dtype=object)}",A
3fdc0c422c524c994b9911a17f1f1834,"A showroom feature washers and refrigerators, where is this showroom located?",showroom,"{'label': array(['A', 'B', 'C', 'D', 'E'], dtype=object), 'text': array(['appliance store', 'vegas', 'electronics store', 'car dealership',
       'kitchen'], dtype=object)}",A
cc8eac9956f645533b8d7b99702e3507,"The man often made smart remarks, like that any restaurant is a mexican restaurant where?",mexican restaurant,"{'label': array(['A', 'B', 'C', 'D', 'E'], dtype=object), 'text': array(['city', 'mexica', 'san diego', 'spain', 'mexico'], dtype=object)}",E
c0e7fa3e39a2d9af2c323416015729dc,"I am looking for honey right from the source, where should I look?",honey,"{'label': array(['A', 'B', 'C', 'D', 'E'], dtype=object), 'text': array(['last all night', 'beehive', ""farmer's market"", 'jar', 'honeyful'],
      dtype=object)}",B
335b51bd3a8ada014bbe6754dcbd425f,Where are there likely to be a variety of flats to choose from?,flat,"{'label': array(['A', 'B', 'C', 'D', 'E'], dtype=object), 'text': array(['london', 'apartment building', 'city', 'falling down', 'town'],
      dtype=object)}",C
c7327a1a7d12b6cc0740fc9446270e02,A weasel has a thin body and short legs to easier burrow after prey in a what?,weasel,"{'label': array(['A', 'B', 'C', 'D', 'E'], dtype=object), 'text': array(['tree', 'mulberry bush', 'chicken coop', 'viking ship',
       'rabbit warren'], dtype=object)}",E
2729d8502208c25d8e9293cd4e8ecbb5,What can disease destroy?,disease,"{'label': array(['A', 'B', 'C', 'D', 'E'], dtype=object), 'text': array(['rug', 'third world country', 'human body', 'hospital', 'building'],
      dtype=object)}",C
7ea57ee4580042b0a6a40479c8ace3e4,What does a person from Avalon live in?,person,"{'label': array(['A', 'B', 'C', 'D', 'E'], dtype=object), 'text': array(['pain', 'meaningful work', 'english house', 'cotton candy',
       'headache'], dtype=object)}",C
65432eb6e617514d863a465f38865fde,Where is one likely to find a fan for their stove?,fan,"{'label': array(['A', 'B', 'C', 'D', 'E'], dtype=object), 'text': array(['appliance store', 'sports stadium', 'dress emporium', 'hot room',
       'football stadium'], dtype=object)}",A
316a8dee8a4dde7d95cf503a715104be,Jodie felt a tightness in her chest. She was worried but didn't want to go to the hospital. Where might she go instead?,chest,"{'label': array(['A', 'B', 'C', 'D', 'E'], dtype=object), 'text': array(['istanbul', 'concert', 'bedroom', 'antique shop', 'human being'],
      dtype=object)}",C
520972425aed0e532fa28a91c9b55b30,If you're buying beer for a float trip what are you preparing to do?,buying beer,"{'label': array(['A', 'B', 'C', 'D', 'E'], dtype=object), 'text': array(['get arrested', 'have fun', 'get sick', 'spend money', 'stupidity'],
      dtype=object)}",B
4d67cdb4ba1b0058e383c212303a9f4e,Piece of land in Canada where you can find marmot?,marmot,"{'label': array(['A', 'B', 'C', 'D', 'E'], dtype=object), 'text': array(['north america', 'united states', 'vancouver island', 'american',
       'cage'], dtype=object)}",C
95d1d968ee66b6054cbb16b58a7c6455,"The surgeon's clients had begun to reduce, it seemed girls no longer want to what?",reduce,"{'label': array(['A', 'B', 'C', 'D', 'E'], dtype=object), 'text': array(['reduction', 'make larger', 'augment', 'gain weight', 'expand'],
      dtype=object)}",C
c43b60be106662de1863097ee3ddb4d2,"While waiting for this appointment, people often read magazines.",magazines,"{'label': array(['A', 'B', 'C', 'D', 'E'], dtype=object), 'text': array(['doctor', 'train station', 'newsagent', 'market', 'table'],
      dtype=object)}",A
456f2fb41cac8c028dcfe2f48637e473,Where would you find a fox that is made up?,fox,"{'label': array(['A', 'B', 'C', 'D', 'E'], dtype=object), 'text': array(['storybook', 'woods', 'hen house', 'natural habitat', 'back yard'],
      dtype=object)}",A
a5d853d1c2fb3ef160218fb91110fbe5,"In basic training they build you up only to do what, all in hopes of building you up even stronger the next time?",build,"{'label': array(['A', 'B', 'C', 'D', 'E'], dtype=object), 'text': array(['destroying', 'tear down', 'raze', 'mutilate', 'demolition'],
      dtype=object)}",B
3df1b88da6a90c9526be2c8a6cc736dc,Billy saw a dog running from him and did his best to get away from it.  The leaped up to where the dog couldn't reach and was stuck.  Where might he have been trapped?,dog,"{'label': array(['A', 'B', 'C', 'D', 'E'], dtype=object), 'text': array(['kennel', 'table', 'porch', 'backyard', 'park'], dtype=object)}",B
f912bcd7479b76db9b1c57a612b90f00,"John and Judy were parents.  They had two wonderful kids who weren't always well behaved.  They were light tough, though.  They felt it was a parent's job to do what?",parents,"{'label': array(['A', 'B', 'C', 'D', 'E'], dtype=object), 'text': array(['control children', 'guide children', 'speak freely', 'cry',
       'understand children'], dtype=object)}",B
94f34cc1e6aa9eefe06563cce8225658,What are you playing if you're fiddling on a violin?,fiddling,"{'label': array(['A', 'B', 'C', 'D', 'E'], dtype=object), 'text': array(['bluegrass music', 'make music', 'drop', 'string instrument',
       'troubles'], dtype=object)}",A
bb503ece4eac41dfe608a1dcb654e6bf,"If somebody buys something and gives it to me as a free gift, what is the cost status of the gift?",free,"{'label': array(['A', 'B', 'C', 'D', 'E'], dtype=object), 'text': array(['deadly', 'imprisoned', 'paid for', 'expensive', 'in prison'],
      dtype=object)}",C
5502dc807d4921679ae1abd0dc9570d6,Why does someone flirt with many people at once?,flirt,"{'label': array(['A', 'B', 'C', 'D', 'E'], dtype=object), 'text': array(['have sex', 'get laid', 'were lonely', 'attract attention',
       'dance'], dtype=object)}",D
a7e3de0719fe30e7048f67426e29fdd1,James tore the antenna off of his boat due to bad reception as he was crossing the channel from France.  Where was he going?,channel,"{'label': array(['A', 'B', 'C', 'D', 'E'], dtype=object), 'text': array(['river', 'television', 'india', 'england', 'europe'], dtype=object)}",D
d6107d454181b701ddcaa449a1e422a3,Why would a band be performing when there are no people nearby?,band,"{'label': array(['A', 'B', 'C', 'D', 'E'], dtype=object), 'text': array(['record album', 'play music', 'hold concert', 'blaring',
       'practice'], dtype=object)}",A
ab2eb930b29bb6d5e94a6cd3b04ba01e,The dogs were protecting their own when they decided to what the bad man?,dogs,"{'label': array(['A', 'B', 'C', 'D', 'E'], dtype=object), 'text': array(['bad breath', 'defend', 'run fast', 'ocean', 'attack'],
      dtype=object)}",E
92869fc0be5dc45f407700692ffd80a0,What is used to grind wheat for bread?,wheat,"{'label': array(['A', 'B', 'C', 'D', 'E'], dtype=object), 'text': array([""farmer's field"", 'countryside', 'cereal packets', 'bread', 'mill'],
      dtype=object)}",E
6a0177586d506cb7b741f4207b428e42,If you have a large satchel with you when you fly you'll be asked to store it where?,satchel,"{'label': array(['A', 'B', 'C', 'D', 'E'], dtype=object), 'text': array(['airport', 'luggage compartment', 'with the pilot', 'room',
       'clothing store'], dtype=object)}",B
584188da9a429f1bc319abda5e5c7a76,Where would someone keep their nylon leggings?,nylon,"{'label': array(['A', 'B', 'C', 'D', 'E'], dtype=object), 'text': array(['stockings', 'rope', 'car', 'clothing', 'drawer'], dtype=object)}",E
e480d4a672af0194e0a6ccdb8c37499b,If you spend a long time running after a ball how are you likely to feel?,running after ball,"{'label': array(['A', 'B', 'C', 'D', 'E'], dtype=object), 'text': array(['laughter', 'sweating', 'embarrassed', 'breathing heavily',
       'tiredness'], dtype=object)}",E
275c859994f7d3acd3c8863be591ab2c,When you need to rest it's often because you have been doing what?,rest,"{'label': array(['A', 'B', 'C', 'D', 'E'], dtype=object), 'text': array(['action', 'sleep', 'sleeping', 'in motion', 'using energy'],
      dtype=object)}",E
32758ab86d888be680845b0dfe7de35e,Boredom and hunger led to a wandering waste of time and a cart full of unhealthy snacks during her trip to where?,boredom,"{'label': array(['A', 'B', 'C', 'D', 'E'], dtype=object), 'text': array(['new moon', 'play cards', 'read book', 'see art', 'grocery shop'],
      dtype=object)}",E
69335eb9bc5b7b5df840c38a086bf8b2,"He was beginning to worry they wouldn't get on the ride before closing, they had been standing in queue for a long what?",standing in queue,"{'label': array(['A', 'B', 'C', 'D', 'E'], dtype=object), 'text': array(['frustration', 'waiting', 'hair', 'time', 'patience'], dtype=object)}",D
4396cb65629672723c7b184424e139bb,This is an unavoidable physiological consequence of running.  What is it?,running,"{'label': array(['A', 'B', 'C', 'D', 'E'], dtype=object), 'text': array(['breathlessness', 'increased heart rate', 'falling down',
       'muscle bulk', 'calluses'], dtype=object)}",B
2a58e81a9c4ce095d099e0d785fc2da4,"Sometimes a person has a fear of water or a dislike of being wet, it is still important to make sure they are having a bath why?",having bath,"{'label': array(['A', 'B', 'C', 'D', 'E'], dtype=object), 'text': array(['flooding', 'drowning', 'wet skin', 'get wet', 'rash'],
      dtype=object)}",E
07f108d5321a66f460685f5c7499ecb2,Where would there be an auditorium with only a single person speaking?,auditorium,"{'label': array(['A', 'B', 'C', 'D', 'E'], dtype=object), 'text': array(['lights', 'crowd', 'university campus', 'theater', 'park'],
      dtype=object)}",C
69bef3eb55463d040bdf98e2c97bfe1f,"To get out of there the person had to keep on walking, they had to keep on what?",walking,"{'label': array(['A', 'B', 'C', 'D', 'E'], dtype=object), 'text': array(['moving forward', 'locomotion', 'blisters', 'rollerskate',
       'exercise'], dtype=object)}",A
912676495cceefadccbbf8c604486f97,What very large group of western citizens has bees everywhere?,bee,"{'label': array(['A', 'B', 'C', 'D', 'E'], dtype=object), 'text': array(['united states', 'space station', 'trash can', 'field of flowers',
       'bouquet of flowers'], dtype=object)}",A
bdf92566f14599f1606109677206001f,Miss Grady took a stick from Bob because he was playing with it during class.  She wanted to make sure that he couldn't get to it so she put it where?,glue stick,"{'label': array(['A', 'B', 'C', 'D', 'E'], dtype=object), 'text': array(['desk drawer', 'kitchen drawer', 'classroom', 'pocket', 'office'],
      dtype=object)}",A
0df042743128b57e874bd5d79b7aae7a,How does a person begin reproducing?,reproducing,"{'label': array(['A', 'B', 'C', 'D', 'E'], dtype=object), 'text': array(['genetic mutation', 'have sex', 'kiss', 'flirting',
       'going on a date'], dtype=object)}",B
866ef7266d34c11e5a1b3df49fab96a4,Joe and Jill didn't want their children to be sedentary.  They might limit the time they children spend doing what?,children,"{'label': array(['A', 'B', 'C', 'D', 'E'], dtype=object), 'text': array(['play sports', 'throw things', 'reading', 'watch tv',
       'play with toys'], dtype=object)}",D
67ffcb4c3f2c6a1155e356f8a15ed250,"They were making sauerkraut, the instructor explained the liquid should be above the cabbage in the what?",liquid,"{'label': array(['A', 'B', 'C', 'D', 'E'], dtype=object), 'text': array(['jar', 'drinking glass', 'pot', 'container', 'can'], dtype=object)}",A
87a133afae5d9d29d634f3384f28ef24,From where would you normally take a cup when you're about to get a drink?,cup,"{'label': array(['A', 'B', 'C', 'D', 'E'], dtype=object), 'text': array(['dishwasher', 'water fountain', 'sand box', 'toilet',
       'kitchen cabinet'], dtype=object)}",E
4779be55f47a301debfc472e4fc2c7b6,What are you using if there are speakers strapped on your ears?,speakers,"{'label': array(['A', 'B', 'C', 'D', 'E'], dtype=object), 'text': array(['take it all in', 'headphones', 'desktop', 'conference', 'concert'],
      dtype=object)}",B
7a28d31e66d870370642de3be47b9ef9,Because of his anger he couldn't clearly explain or what?,anger,"{'label': array(['A', 'B', 'C', 'D', 'E'], dtype=object), 'text': array(['cool off', 'write letter', 'get mad', 'illustrate point',
       'destroy enemy'], dtype=object)}",D
042898e0c71adac5d123aaa6221c9754,Where is likely to not just have a kosher restaurant?,kosher restaurant,"{'label': array(['A', 'B', 'C', 'D', 'E'], dtype=object), 'text': array(['jerusalem', 'jewish neighborhoods', 'dining in', 'new york city',
       'dining'], dtype=object)}",D
93bbaccb1c46d22124a846b8514de5bc,The bald eagle flew from Mount St Helen's to the Puget Sound and all over what?,bald eagle,"{'label': array(['A', 'B', 'C', 'D', 'E'], dtype=object), 'text': array(['washington state', 'utah', 'pacific northwest',
       'northern california', 'the desert'], dtype=object)}",A
ef889edd1b57d8d0c81e43f73c98c8e9,Where could you get some knives if you are planning to bring them outside with you?,knives,"{'label': array(['A', 'B', 'C', 'D', 'E'], dtype=object), 'text': array(['sporting goods store', 'backpack', 'kitchen', 'sharp edges',
       'dog house'], dtype=object)}",C
f4bb8ecacb9ce89e040f5f76bc79afb3,How can people fulfill their own calorie requirements?,people,"{'label': array(['A', 'B', 'C', 'D', 'E'], dtype=object), 'text': array(['compete with each other', 'feed themselves', 'feel lonely',
       'talk to each other', 'ask a doctor'], dtype=object)}",B
ec2e18fd8c18a4ebe5a091e0c8b94462,What does a stove do to the place that it's in?,stove,"{'label': array(['A', 'B', 'C', 'D', 'E'], dtype=object), 'text': array(['cool house', 'warm room', 'gas or electric', 'burn child',
       'brown meat'], dtype=object)}",B
07b51b231a9d6a143d8a73e69121e1b1,What is the best way to begin going into trance?,going into trance,"{'label': array(['A', 'B', 'C', 'D', 'E'], dtype=object), 'text': array(['religious experience', 'closed eyes', 'loss of control', 'sleep',
       'hallucination'], dtype=object)}",B
e1744fc698cffb574e5cf4b29a81ce76,A computer user working on an important work assignment is located in what structure?,computer user,"{'label': array(['A', 'B', 'C', 'D', 'E'], dtype=object), 'text': array(['office building', 'internet cafe', 'house', 'school',
       'internet cafe'], dtype=object)}",A
27604394ccee83e089f9ffae1883cf07,The music was festive but why are the horses dancing in circles,music,"{'label': array(['A', 'B', 'C', 'D', 'E'], dtype=object), 'text': array(['carnival', 'night club', 'theatre', 'opera', 'ringmaster'],
      dtype=object)}",A
1272e693cf9152e7ac71095c643676b5,In the building where James worked there was a small mezzanine in the auditorium to make more space for seats.  Where might James work?,mezzanine,"{'label': array(['A', 'B', 'C', 'D', 'E'], dtype=object), 'text': array(['theater', 'floors', 'concert hall', 'education', 'school'],
      dtype=object)}",A
7bff23f6c12e9136f0961514bebb8cd3,If you aren't well rested and it's a rainy day what might you do?,rainy day,"{'label': array(['A', 'B', 'C', 'D', 'E'], dtype=object), 'text': array(['sleep', 'write', 'make bread', 'stay in bed', 'enjoy film'],
      dtype=object)}",D
20ae70b9b157b298569cd761787833e7,Where would you have a stove if you don't live in a detached dwelling?,stove,"{'label': array(['A', 'B', 'C', 'D', 'E'], dtype=object), 'text': array(['tent', 'car', 'living room', ""friend's house"", 'apartment'],
      dtype=object)}",E
bdd29d7c12e3d795b78ffc048631e7e7,What kind of place has a revolving door and has things to buy in it?,revolving door,"{'label': array(['A', 'B', 'C', 'D', 'E'], dtype=object), 'text': array(['new york', 'public place', 'bank', 'mall', 'supermarket door'],
      dtype=object)}",D
cc1a547bdfdcc95e4d632453af14bc96,Where can books be read?,books,"{'label': array(['A', 'B', 'C', 'D', 'E'], dtype=object), 'text': array(['cabinet', 'backpack', 'table', 'shelf', 'sink'], dtype=object)}",C
896b25dc41f84357add1c798d4a96cd8,Where is seaweed usually found alive?,seaweed,"{'label': array(['A', 'B', 'C', 'D', 'E'], dtype=object), 'text': array(['ocean', 'found in ocean', 'water', 'found in sea', 'beach'],
      dtype=object)}",C
1ca3cd9475d7e9da2ddb74911ee2bb68,"If a lizard is fed by people every day, what has happened to it?",lizard,"{'label': array(['A', 'B', 'C', 'D', 'E'], dtype=object), 'text': array(['documentary', 'costa rica', 'garden', 'encouragement',
       'captivity'], dtype=object)}",E
129ec46cc2541b73198d774ee632c8d7,What will happen to someone if his or her spirits cannot elevate?,elevate,"{'label': array(['A', 'B', 'C', 'D', 'E'], dtype=object), 'text': array(['sadden', 'demote', 'depress', 'drop', 'decrease'], dtype=object)}",C
0e5c7c0cec5b693e52f74f5f879d84fb,"If you wanted a license to catch crabs, what government office would you go to?",crab,"{'label': array(['A', 'B', 'C', 'D', 'E'], dtype=object), 'text': array(['most offices', 'fish department', 'fancy restaurant',
       'government submarine', 'chesapeake bay'], dtype=object)}",B
af035b75b6f7a1927b1648963f281c5e,What furniture will you normally find near a side chair?,side chair,"{'label': array(['A', 'B', 'C', 'D', 'E'], dtype=object), 'text': array(['bedroom', 'table', 'wheel barrow', 'building', 'office'],
      dtype=object)}",B
32d5b7fcae24f0d4871cfb219c5a4b47,Metal is used to make what?,metal,"{'label': array(['A', 'B', 'C', 'D', 'E'], dtype=object), 'text': array(['junkyard', 'ore', 'instruments', 'metal fabrication shop',
       'bowls'], dtype=object)}",C
87505da761eaa5c3c4703d02a12d46bc,What is the word added to Manchester that signifies what county it is in?,manchester,"{'label': array(['A', 'B', 'C', 'D', 'E'], dtype=object), 'text': array(['england', 'united kingdome', 'lancashire', 'greater manchester',
       'cheshire'], dtype=object)}",D
ef3d5d35128678937c36438466e0fc93,"The program kept getting errors, the amateur end user began to what?",program,"{'label': array(['A', 'B', 'C', 'D', 'E'], dtype=object), 'text': array(['get mad', 'compile', 'debug', 'write code', 'get frustrated'],
      dtype=object)}",E
4f1d8007b446b0e10f07fd63cbd31b6f,"John knew that the sun produced a massive amount of energy in two forms.  If you were on the surface of the sun, what would kill you first?",sun,"{'label': array(['A', 'B', 'C', 'D', 'E'], dtype=object), 'text': array(['ocean', 'heat', 'life on earth', 'wrinkles', 'light'],
      dtype=object)}",B
4c30d5eed4137cba89747510973f37a3,Lawyers often talk in front of an audience where?,lawyers,"{'label': array(['A', 'B', 'C', 'D', 'E'], dtype=object), 'text': array(['work', 'courtroom', 'office building', 'press charges', 'theatre'],
      dtype=object)}",B
515834727e23e30ab7c8fe5ba7e9a765,James bought a new set of tire chains and put them somewhere he could find them.  Where would he put them?,chain,"{'label': array(['A', 'B', 'C', 'D', 'E'], dtype=object), 'text': array(['gear shift', 'garage', 'kitchen', 'jewelry store',
       'hardware store'], dtype=object)}",B
34ec6393db5a01f689c11fac153e31c1,"If I wanted to eat something that is made from plants and needs to be washed, what would it be?",plants,"{'label': array(['A', 'B', 'C', 'D', 'E'], dtype=object), 'text': array(['roots', 'millions of cells', 'see work', 'leaves to gather light',
       'flowers on'], dtype=object)}",A
0f0e339412f719a019bf373e6daf2530,"Ficus can be planted in a yard to make summer more bearable, what sort of areas do they create?",ficus,"{'label': array(['A', 'B', 'C', 'D', 'E'], dtype=object), 'text': array(['shady places', 'screened porch', 'pots', 'ceramics', 'clay pot'],
      dtype=object)}",A
489a082aab43dd1a53f3f1f89c2365ed,Children's behavior is a direct reflection of their what?,children,"{'label': array(['A', 'B', 'C', 'D', 'E'], dtype=object), 'text': array(['parents', 'old people', 'play ball', 'many adults', 'grown ups'],
      dtype=object)}",A
7c45033e9fd9f1a759923971b14390ed,Most people who are family like to greet each other with a what?,most people,"{'label': array(['A', 'B', 'C', 'D', 'E'], dtype=object), 'text': array(['apartments', 'listen to music', 'have friends',
       'know what ophiolites', 'hug'], dtype=object)}",E
061f326d2a87a10da6316b55bd5522bd,John bought a new water hose.  But he found his old one near his car.  Where did he find the old one?,hose,"{'label': array(['A', 'B', 'C', 'D', 'E'], dtype=object), 'text': array(['garden shed', 'hardware store', 'greenhouse', 'garage',
       'in a van'], dtype=object)}",D
d747c4e463b80bfcc49b874063f9fae1,Where is a control room needed to prevent wide spread disaster?,control room,"{'label': array(['A', 'B', 'C', 'D', 'E'], dtype=object), 'text': array(['airbase', 'prison', 'mill', 'nuclear plant', 'recording studio'],
      dtype=object)}",D
df3d27338bcf86b341b8b02d4309daf5,Where do you keep your pizza slice before you eat it?,pizza,"{'label': array(['A', 'B', 'C', 'D', 'E'], dtype=object), 'text': array(['table', 'plate', 'restaurant', 'oven', 'popular'], dtype=object)}",B
db63bf66a8bfd16e5103cbdd350f5202,"Everybody was changing into costumes in the dressing room, it was almost time to take the what stage?",dressing room,"{'label': array(['A', 'B', 'C', 'D', 'E'], dtype=object), 'text': array(['theater', 'train', 'bathhouse', 'dwelling',
       'actors and actresses'], dtype=object)}",A
f8a9208665a4f2d64986940456b4b964,"The homeowner frowned at the price of gas, what did he have to do later?",homeowner,"{'label': array(['A', 'B', 'C', 'D', 'E'], dtype=object), 'text': array(['own home', 'mail property tax payments', 'board windows',
       'cut grass', 'receive mail'], dtype=object)}",D
1bf4c6b5bd870b1a079106e1e97e5d09,"A thoroughfare meandered through fields and woods, where was it passing though?",thoroughfare,"{'label': array(['A', 'B', 'C', 'D', 'E'], dtype=object), 'text': array(['move about', 'city', 'country', 'town', 'new york city'],
      dtype=object)}",C
c1c73ef0ff662a76cd42c3500240974a,"If I want a new ottoman, where should I go?",ottoman,"{'label': array(['A', 'B', 'C', 'D', 'E'], dtype=object), 'text': array(['furniture store', 'parlor', 'turkey', 'living room', 'den'],
      dtype=object)}",A
aefa60233f3c5c4966f8ac22e901a1c7,Sean was leaving work and took the roadway that led to his what?,roadway,"{'label': array(['A', 'B', 'C', 'D', 'E'], dtype=object), 'text': array(['neighborhood', 'city', 'fate', 'countryside', 'maps'],
      dtype=object)}",A
9221962ed3a6094e5c8f33785ce048cd,What can you use to get a jellyfish?,jellyfish,"{'label': array(['A', 'B', 'C', 'D', 'E'], dtype=object), 'text': array(['adriatic sea', 'mediterranean sea', 'hand', 'see',
       'atlantic ocean'], dtype=object)}",C
8c8052980e357545398d27d1c3c832d8,What has a shelf that does not allow you to see what is inside of it?,shelf,"{'label': array(['A', 'B', 'C', 'D', 'E'], dtype=object), 'text': array(['chest of drawers', 'stove', 'hold alcohol', 'bookcase',
       'grocery store'], dtype=object)}",A
418913999c665ae9527fd14a6132da39,What will likely happen after stabbing to death a person?,stabbing to death,"{'label': array(['A', 'B', 'C', 'D', 'E'], dtype=object), 'text': array(['gruesome', 'being arrested', 'pool of blood', 'mess', 'grisly'],
      dtype=object)}",B
2634468d21fa33a88cefe28a5d613f59,"The boat passenger was explaining his fear of blowfish, but the captain figured he meant piranhas since they were on a river in the what?",blowfish,"{'label': array(['A', 'B', 'C', 'D', 'E'], dtype=object), 'text': array(['cuba', 'styx', 'atlantic ocean', 'france', 'jungle'], dtype=object)}",E
66bfb6e209c94e6be5b0d04b0c7e2064,Where could you find only a few office?,office,"{'label': array(['A', 'B', 'C', 'D', 'E'], dtype=object), 'text': array(['skyscraper', 'new york', 'school building', 'city', 'work'],
      dtype=object)}",C
3163910d665c139a1f6f07d85803baba,Where can I go to be a religious gentleman?,gentleman,"{'label': array(['A', 'B', 'C', 'D', 'E'], dtype=object), 'text': array(['club', 'restaurant', 'university', 'pub', 'church'], dtype=object)}",E
0e52659484f2f6d763cf0d38d4c5999d,"I want to see a prepared slide up close, what would I use to help?",lens,"{'label': array(['A', 'B', 'C', 'D', 'E'], dtype=object), 'text': array(['microscope', 'abbreviate', 'glasses', 'camera', 'telescope'],
      dtype=object)}",A
167d2cfa04bfaea0e0b5bac3598d5769,"Where can you buy a magazine, paper or gum?",magazine,"{'label': array(['A', 'B', 'C', 'D', 'E'], dtype=object), 'text': array(['bank', 'rack', 'bed', 'newsstand', 'bus depot'], dtype=object)}",D
39572e0ba1db51fa74f7fc2d90c5ec7f,Where would you get some wood if you do not have any?,wood,"{'label': array(['A', 'B', 'C', 'D', 'E'], dtype=object), 'text': array(['carpet', 'boat', 'river', 'lumberyard', 'synagogue'], dtype=object)}",D
2a32b1e541b1daae04690d0d3a4b3310,"The pitcher felt stress and tension on the mound, what did he feel like?",mound,"{'label': array(['A', 'B', 'C', 'D', 'E'], dtype=object), 'text': array(['desert', 'baseball field', 'hell', 'baseball diamond',
       'baseball stadium'], dtype=object)}",C
71cbfeb995b06b21e890c91040722252,What negative effect can competing in a chess game on a cold day have?,competing,"{'label': array(['A', 'B', 'C', 'D', 'E'], dtype=object), 'text': array(['enemies', 'perform better', 'sweat', 'tension', 'frostbite'],
      dtype=object)}",D
a15d564d0be6996251b5d523ac62db2a,Why is it hard for a young child to read a long book?,book,"{'label': array(['A', 'B', 'C', 'D', 'E'], dtype=object), 'text': array(['knowledge', 'cover', 'no pictures', 'past', 'many words'],
      dtype=object)}",E
6bd170c8d3d99d3c47b3e96427bacaeb,On a hot day what can you do to enjoy something cool and sweet?,hot day,"{'label': array(['A', 'B', 'C', 'D', 'E'], dtype=object), 'text': array(['dive', 'cool off', 'fresh cake', 'go for swim', 'eat ice cream'],
      dtype=object)}",E
7bc1198664b376f79d584725ad7f874b,What is likely to be found in a book that is not a foreword?,foreword,"{'label': array(['A', 'B', 'C', 'D', 'E'], dtype=object), 'text': array(['last word', 'conclusion', 'ikea instructions', 'afterword',
       'epilogue'], dtype=object)}",E
d6c002d46d9bfa466637cec4a134f332,How many hours are in a day?,day,"{'label': array(['A', 'B', 'C', 'D', 'E'], dtype=object), 'text': array(['week', 'bright', 'night', 'twenty four', 'year'], dtype=object)}",D
8cb45b421375243e788cfc64bd77b051,Why is religion so hard to understand?,religion,"{'label': array(['A', 'B', 'C', 'D', 'E'], dtype=object), 'text': array(['both positive and negative', 'unknowable', 'important to people',
       'ocean', 'confusing'], dtype=object)}",E
d6ff2d749494d89e9c7a53f587c519f4,"The couple explained they were having trouble communicating, it seemed every conversation took great what?",communicating,"{'label': array(['A', 'B', 'C', 'D', 'E'], dtype=object), 'text': array(['thinking', 'effort', 'laugh', 'force', 'medium'], dtype=object)}",B
6974d215428a974641c1df18678522f5,What would a person need to do if his or her captain dies at sea?,person,"{'label': array(['A', 'B', 'C', 'D', 'E'], dtype=object), 'text': array(['cross street', 'have a party', 'experience life', 'cross road',
       'man crew'], dtype=object)}",E
b94a9764acff078b52a9cbae04661dc9,What do children require to grow up healthy?,children,"{'label': array(['A', 'B', 'C', 'D', 'E'], dtype=object), 'text': array(['need care', 'come home', 'fast food', 'watch television',
       'wash dishes'], dtype=object)}",A
80930e9df9ac4ad752749a54e7fc124f_1,I house outside the center of a community is said to be where?,house,"{'label': array(['A', 'B', 'C', 'D', 'E'], dtype=object), 'text': array(['city', 'subdivision', 'newspaper', 'residential area', 'street'],
      dtype=object)}",B
3310b5b24f03d67179fababf9ae95144,"The field general began to write out a letter to the king, he was told to send what when the enemy was near?",letter,"{'label': array(['A', 'B', 'C', 'D', 'E'], dtype=object), 'text': array(['syllable', 'english alphabet', 'word', 'email', 'invitation'],
      dtype=object)}",C
846bc47ced7119ad2ee19a8780d7fe18,What will you put on a pen to prevent it from drying out?,pens,"{'label': array(['A', 'B', 'C', 'D', 'E'], dtype=object), 'text': array(['write sentences on paper', 'ink in', 'ink cartridges', 'caps',
       'cling film'], dtype=object)}",D
fd5a34e94303d7fd343de2a8f36943d5,"After climbing the mountains, the explored found the cave, what was the general goegraphy of the region he found it in?",cave,"{'label': array(['A', 'B', 'C', 'D', 'E'], dtype=object), 'text': array(['west virginia', 'kentucky', 'desert', 'sea', 'rocky hills'],
      dtype=object)}",E
4e87db4771f2d6423034935446e3fff1,"They dealt with combustible mixtures in their experiments, this is why they kept a fire extinguisher where?",fire extinguisher,"{'label': array(['A', 'B', 'C', 'D', 'E'], dtype=object), 'text': array(['hospital', 'chemistry lab', 'most businesses', 'classroom',
       'public building'], dtype=object)}",B
a585df0818180ce3c06f963a4c3c810a,"If someone mean wanted to insult somebody by calling them a fruit, where is probably not the smartest place to do it?",fruit,"{'label': array(['A', 'B', 'C', 'D', 'E'], dtype=object), 'text': array(['gay bar', 'market', 'grocery store', 'refrigerator', 'container'],
      dtype=object)}",A
c9f7d07e6d363a99f5fadd68a4dfa35a,Where would you get a toothpick if you do not have any?,toothpick,"{'label': array(['A', 'B', 'C', 'D', 'E'], dtype=object), 'text': array(['box', 'grocery store', 'eyes', 'chewing', 'mouth'], dtype=object)}",B
c7cb327fa4c0008efaa7741081a365d4,What would you be building if you designed a place for an annoying critter to stay?,mosquitoes,"{'label': array(['A', 'B', 'C', 'D', 'E'], dtype=object), 'text': array(['spread disease', 'swamp', 'fly away', 'cat condo', 'bug campers'],
      dtype=object)}",E
c54ddc0f9d170ba65d9f4f2e0bb41d1c,"The man working in the attic swatted away a bee, but soon the single bee was an entire what?",bee,"{'label': array(['A', 'B', 'C', 'D', 'E'], dtype=object), 'text': array(['swarm', 'pack', 'countryside', 'soft drink', 'field of flowers'],
      dtype=object)}",A
1729c737ff92cf558efecde2c6cafc5e,What do you need to wear when hiking?,hiking,"{'label': array(['A', 'B', 'C', 'D', 'E'], dtype=object), 'text': array(['cast iron stomach', 'physical exertion', 'shin splints',
       'adventure', 'fatigue'], dtype=object)}",C
19dfd55e967dacd6f5700a62c1e14eee,What type of store would have lots of sports equipment?,sports equipment,"{'label': array(['A', 'B', 'C', 'D', 'E'], dtype=object), 'text': array(['mall', 'office supply store', 'school', 'sporting goods store',
       'sporting event'], dtype=object)}",D
b9bed83138901f4a45041b02c5b242c1,"The business man was promoted recently, to celebrate he went where to buy an expensive wristwatch?",wristwatch,"{'label': array(['A', 'B', 'C', 'D', 'E'], dtype=object), 'text': array(['case', 'jewelry store', 'shopping', 'jewelery box', 'hock'],
      dtype=object)}",B
b9d22425a3d5810be9528a55245c8f09,How is a child eager to be going to play likely to get there?,going to play,"{'label': array(['A', 'B', 'C', 'D', 'E'], dtype=object), 'text': array(['slowly', 'rush', 'being entertained', 'have fun', 'enjoyment'],
      dtype=object)}",B
2af70107e04e61e3c7884bc743901c02,There's some new buying products designed to get you money if you have none. The first step is that it will show you how to declare what?,buying products,"{'label': array(['A', 'B', 'C', 'D', 'E'], dtype=object), 'text': array(['tax return', 'bankruptcy', 'pleasure', 'debt', 'spending money'],
      dtype=object)}",B
be2cb9c96069ac355a7ccef262743d14,Where can you buy a replacement ax handle?,handle,"{'label': array(['A', 'B', 'C', 'D', 'E'], dtype=object), 'text': array(['bathroom', 'hardware store', 'water fountain', 'grocery store',
       'fridge'], dtype=object)}",B
799e48ec7fb16415c8f82828c5761ed1,Is that person acting as silly as a clown?,person,"{'label': array(['A', 'B', 'C', 'D', 'E'], dtype=object), 'text': array(['make mistakes', 'ridiculous', 'have no home', 'mentally unhinged',
       'schizophrenia'], dtype=object)}",B
a5db1e9677af118deb8e4add8bc18db2,Which group of states is Louisiana part of?,louisiana,"{'label': array(['A', 'B', 'C', 'D', 'E'], dtype=object), 'text': array(['deep south', ""98 of world's crayfish"", 'united states',
       'gulf states', 'bible belt'], dtype=object)}",D
28357ebf85f8bb82b6a3210c4397e0aa,Where would you put a plate immediately after eating from it?,plate,"{'label': array(['A', 'B', 'C', 'D', 'E'], dtype=object), 'text': array(['kitchen cupboard', 'floor', 'table', 'dishwasher', 'flea market'],
      dtype=object)}",D
7b95825a19d6930d6aed35c7c57a2d82,James couldn't get comfortable.  There was too much dirt.  He needed to clean out what?,dirt,"{'label': array(['A', 'B', 'C', 'D', 'E'], dtype=object), 'text': array(['ground', 'subway', 'bank', 'bed', 'street'], dtype=object)}",D
6b270159bd402ddd498a38153f9d1efe,"The rats were hiding in the house, where were they?",rats,"{'label': array(['A', 'B', 'C', 'D', 'E'], dtype=object), 'text': array(['sewers', 'laboratory', 'basement', 'clinic', 'cellar'],
      dtype=object)}",E
eae0e03773365064ce915603c7addc91,What do people do when they don't understand something?,people,"{'label': array(['A', 'B', 'C', 'D', 'E'], dtype=object), 'text': array(['ask questions', 'experience joy', 'believe in god',
       'talk to each other', 'get sick'], dtype=object)}",A
a5ca7c89196e54938b5827814d0071d4,James saw a kite flying in the sky.  He traced the string back to its origin and found it.  Where did the string begin?,kite,"{'label': array(['A', 'B', 'C', 'D', 'E'], dtype=object), 'text': array(['end of line', 'hobby shop', 'his hand', 'toy store',
       ""child's hand""], dtype=object)}",E
ffc3461d437a1c6c22d1c4f6439ebd9c,What rubber toy filled with helium will make a child happy?,child,"{'label': array(['A', 'B', 'C', 'D', 'E'], dtype=object), 'text': array(['loved', 'learn', 'eat cake', 'balloon', 'become adult'],
      dtype=object)}",D
aa2dcd9bcce5e4445bd3bacbf0bb11d3,Where do people get beer after a bit of gambling?,beer,"{'label': array(['A', 'B', 'C', 'D', 'E'], dtype=object), 'text': array(['bottle', 'grocery store', 'casino', 'spaceship', 'hockey game'],
      dtype=object)}",C
6cc797ec148c1fc74592957a55bd0951,What can happen to you when you are using television and it is not interesting?,using television,"{'label': array(['A', 'B', 'C', 'D', 'E'], dtype=object), 'text': array(['turn off', 'functions', 'turning off', 'entertainment',
       'fall asleep'], dtype=object)}",E
64dbe5cb840ef4f1d25f8b68db8d5fed,"The business men left the discussion in the dressing room, now they just wanted to relax in the sauna of the what?",dressing room,"{'label': array(['A', 'B', 'C', 'D', 'E'], dtype=object), 'text': array(['brush hair', 'theater', 'house', 'dwelling', 'bathhouse'],
      dtype=object)}",E
a74753bf249c1cbcff632c5c16b0397b,Where is a likely place for an ivy plant?,plant,"{'label': array(['A', 'B', 'C', 'D', 'E'], dtype=object), 'text': array(['flower pot', 'shelf', 'windowsill', 'outside', 'sill'],
      dtype=object)}",D
9190efbd77fe10b989fcaae35e208a0f,Where has the newest baseball stadium?,baseball stadium,"{'label': array(['A', 'B', 'C', 'D', 'E'], dtype=object), 'text': array(['phoenix', 'chicago', 'antarctica', 'san francisco', 'urban areas'],
      dtype=object)}",A
ff0303db294a823d4138fb81a6ee6438,What type of residence has a ground floor with a stoop?,ground floor,"{'label': array(['A', 'B', 'C', 'D', 'E'], dtype=object), 'text': array(['brownstone', 'hotel', 'condominium', 'entering building',
       'office building'], dtype=object)}",A
63963c9c15835d451aac2e1e0b116388,If the wood texture is not smooth it is what?,wood,"{'label': array(['A', 'B', 'C', 'D', 'E'], dtype=object), 'text': array(['gilded', 'porous', 'solid', 'painted', 'less dense than water'],
      dtype=object)}",B
cc8324b73ed9625e723ef041dfc77a37,What might happen if someone is not losing weight?,losing weight,"{'label': array(['A', 'B', 'C', 'D', 'E'], dtype=object), 'text': array(['loose skin', 'beauty', 'miss universe', 'death', 'healthier'],
      dtype=object)}",D
684dbde19719e8224113433981d6e01e,"Billy lived in the capital of his country, then he moved.  Where might he move to?",capital,"{'label': array(['A', 'B', 'C', 'D', 'E'], dtype=object), 'text': array(['small town', 'jail', 'lower case',
       'contain governmental activities', 'lowercase'], dtype=object)}",A
21450618657881d8c5af73691f3423a7_1,"Making a schedule was easy to pick, the major called for knowledge that required a certain what?",knowledge,"{'label': array(['A', 'B', 'C', 'D', 'E'], dtype=object), 'text': array(['color', 'class', 'meeting', 'university', 'encyclopedia'],
      dtype=object)}",B
8b94b61b604ec0d7508804033eec6d23,"When getting in shape, this is something that does wonders?",getting in shape,"{'label': array(['A', 'B', 'C', 'D', 'E'], dtype=object), 'text': array(['eat more', 'starve', 'give up', 'period of recovery', 'jogging'],
      dtype=object)}",E
52ecf169febc95a7f5ccb048fc85857d,What could prevent a driving car from continuing to drive?,driving car,"{'label': array(['A', 'B', 'C', 'D', 'E'], dtype=object), 'text': array(['automobile accidents', 'backache', 'pollution', 'smoke',
       'low fuel tank'], dtype=object)}",A
e408a5a031caec33782cb3b3a005eecc,Where do you store a large container?,large container,"{'label': array(['A', 'B', 'C', 'D', 'E'], dtype=object), 'text': array(['supermarket', 'factory', 'juice', 'hostel', 'cabinet'],
      dtype=object)}",E
31bd05ba62a16ee35217224b98c6baea,What is a person likely to experience after they stop being married to a mean person?,stopping being married to,"{'label': array(['A', 'B', 'C', 'D', 'E'], dtype=object), 'text': array(['isolation', 'grief', 'happiness', 'relief', 'angry'], dtype=object)}",C
b4043bd1f65a8ad088e62042eca259c2,"Despite the large crowds, how did the depressed man feel?",crowd,"{'label': array(['A', 'B', 'C', 'D', 'E'], dtype=object), 'text': array(['small group', 'alone', 'solitary', 'solitude', 'panic'],
      dtype=object)}",C
4302e727e47f464511d4d04f22bed0d2,Where does a maid empty a trash can?,trash can,"{'label': array(['A', 'B', 'C', 'D', 'E'], dtype=object), 'text': array(['bus stop', 'corner', 'hockey game', 'motel', 'alley'],
      dtype=object)}",D
f0d473701d52125dd055d23042de1b0d,"The dog curled up for a nap, it was tuckered out because it had just been what?",dog,"{'label': array(['A', 'B', 'C', 'D', 'E'], dtype=object), 'text': array(['walked', 'petted', 'affection', 'go outside', 'scratch'],
      dtype=object)}",A
d35112a99ab3983fb51c3adae80bc2da,"He used an umbrella while tanning, where was he likely?",umbrella,"{'label': array(['A', 'B', 'C', 'D', 'E'], dtype=object), 'text': array(['waves', 'seattle', 'suitcase', 'beach', 'jacket closet'],
      dtype=object)}",D
661474a1a0c29dd7a243b284535ac934,What do the feathers look like on birds found in the rainforest?,birds,"{'label': array(['A', 'B', 'C', 'D', 'E'], dtype=object), 'text': array(['pretty smart', 'singing', 'dark', 'very colorful', 'light'],
      dtype=object)}",D
6416dcdf9b8d7d2787f07e7426f86fe4,The ancient seafaring Norse tribesman brought pelts of weasel aboard his what?,weasel,"{'label': array(['A', 'B', 'C', 'D', 'E'], dtype=object), 'text': array(['rabbit warren', 'used car lot', 'chicken coop', 'cruise',
       'viking ship'], dtype=object)}",E
0f54a1ee30a0034a3d2db1bfdef9ca85,What is the opposite of an area of elevation?,elevation,"{'label': array(['A', 'B', 'C', 'D', 'E'], dtype=object), 'text': array(['disgust', 'reduction', 'depression', 'demotion', 'diminishment'],
      dtype=object)}",C
7850beb1209c41fabe385cbedc96a61a,What do singers need to do before a show?,singers,"{'label': array(['A', 'B', 'C', 'D', 'E'], dtype=object), 'text': array(['warm up', 'use microphones', 'clear throats', 'create music',
       'sound beautiful'], dtype=object)}",A
cdb06b28b9c4e7ef7e880d1f096fd409,"When a person with mental illness receives medication and therapy, what has happened?",mental illness,"{'label': array(['A', 'B', 'C', 'D', 'E'], dtype=object), 'text': array(['cause irrational behaviour', 'recur', 'effectively treated',
       'managed', 'cause suffering'], dtype=object)}",C
14309d9bd3c13d1c0efb625198f6304a,What type of feeling is performing for the first time likely to produce?,performing,"{'label': array(['A', 'B', 'C', 'D', 'E'], dtype=object), 'text': array(['action', 'butterflies', 'happiness', 'a sense of calm', 'anxiety'],
      dtype=object)}",E
a00276c6db928900772c0320aeff77c0,"If someone is found to be committing murder, what did they do to someone?",committing murder,"{'label': array(['A', 'B', 'C', 'D', 'E'], dtype=object), 'text': array(['misery', 'kill', 'distress', 'tickel', 'go to jail'], dtype=object)}",B
4706be6e24f1fafd9ff9fe63583acffd,"The computer was hooked up to the internet, what could it do as a result?",computer,"{'label': array(['A', 'B', 'C', 'D', 'E'], dtype=object), 'text': array(['process information', 'believe in god', 'make decisions',
       'process information', 'receive data'], dtype=object)}",E
ee8819b2da5453848c1cbb9d9c93403b,The planet Mercury is unsuitable for human life or what?,mercury,"{'label': array(['A', 'B', 'C', 'D', 'E'], dtype=object), 'text': array(['toxic', 'uninhabitable', 'mercury sulphide', 'poisonous',
       'jupiter'], dtype=object)}",B
84ea43b967259814d939c62131f74df0,"Seeing idea become reality was a dream of hers for a long time, but as the time came to get on stage she had more what?",seeing idea become reality,"{'label': array(['A', 'B', 'C', 'D', 'E'], dtype=object), 'text': array(['build', 'anxiety', 'celebrate', 'very nice', 'ocean'],
      dtype=object)}",B
60e7338e9e6bfc746a15a161eb12706c,A creek could be located in the opposite for the city which is called what?,creek,"{'label': array(['A', 'B', 'C', 'D', 'E'], dtype=object), 'text': array(['meadow', 'stick', 'valley', 'forest', 'countryside'], dtype=object)}",E
a0f5414bf98e094f4d807abee28861a4,Where off the eastern U.S. would you find an anemone?,anemone,"{'label': array(['A', 'B', 'C', 'D', 'E'], dtype=object), 'text': array(['flower bed', 'tide pool', 'florida keys', 'coral sea', 'aquarium'],
      dtype=object)}",C
44120a9443c619d98ce5bfe4bb219c43,Where are traveling clothes often kept?,clothes,"{'label': array(['A', 'B', 'C', 'D', 'E'], dtype=object), 'text': array(['suitcase', 'bedroom', 'closet', 'draws', 'dresser'], dtype=object)}",A
38ab26e29a0984b212006d39185c43f3,"If one needed the bathroom they needed a key, to get it they had to also buy something from the what?",bathroom,"{'label': array(['A', 'B', 'C', 'D', 'E'], dtype=object), 'text': array(['school', 'convenience store', 'rest area', 'mall', 'theater'],
      dtype=object)}",B
a5e207803684eea8a43ca6670c50b354,"Although the sun did rise, what did the pessimist warn everyone it would do?",rise,"{'label': array(['A', 'B', 'C', 'D', 'E'], dtype=object), 'text': array(['lay', 'go down', 'fall', 'below', 'sundown'], dtype=object)}",B
af3b9a8b1962cd3bcd19e644d873e7bc,"The hardcovers were especially tall, so he removed a shelf on the what to make room?",shelf,"{'label': array(['A', 'B', 'C', 'D', 'E'], dtype=object), 'text': array(['chest of drawers', 'grocery store', 'hold alcohol', 'nightstand',
       'bookcase'], dtype=object)}",E
43a91955fd0717997a16897c3324e095,If you're watching a comedy film what would you expect to hear from the audience?,watching film,"{'label': array(['A', 'B', 'C', 'D', 'E'], dtype=object), 'text': array(['park', 'insight', 'being entertained', 'laughter', 'fear'],
      dtype=object)}",D
7f7a6f2b3087bf37dadbe8aa8d358047,What can eating lunch cause that is painful?,eating lunch,"{'label': array(['A', 'B', 'C', 'D', 'E'], dtype=object), 'text': array(['headache', 'bad breath', 'heartburn', 'gain weight', 'farts'],
      dtype=object)}",C
37d88a9bb24913c1973cc26d4ce3394f,"The performer was ready to put on a show and stepped onto the launch platform, what was his job?",launch platform,"{'label': array(['A', 'B', 'C', 'D', 'E'], dtype=object), 'text': array(['cape canaveral florida', 'nasa', 'battleship', 'ocean', 'trapeze'],
      dtype=object)}",E
001b0f5a841fd81d13fbe67c7c7179d6,"Eating is part of living, but your body doesn't use it all and the next day you will be doing what?",eating,"{'label': array(['A', 'B', 'C', 'D', 'E'], dtype=object), 'text': array(['reduced', 'getting full', 'becoming full', 'chewing',
       'defecating'], dtype=object)}",E
9f9ca9bb06d6afc31b19c365fb29a1c9,Where are you if you've paid to get a pizza?,pizza,"{'label': array(['A', 'B', 'C', 'D', 'E'], dtype=object), 'text': array(['popular', 'baked in oven', 'restaurant', 'oven', 'plate'],
      dtype=object)}",C
d60c5a494539c66982c0f692afde9499,What would you use to find a place to stay?,place to stay,"{'label': array(['A', 'B', 'C', 'D', 'E'], dtype=object), 'text': array(['mexico', 'phone book', 'town', 'city', 'sun dial'], dtype=object)}",B
a6d3a2cb250a6310b8cabd31dbe2138c,"If you're seeking a connection for your laptop, what are you trying to hook up with?",connection,"{'label': array(['A', 'B', 'C', 'D', 'E'], dtype=object), 'text': array(['computer network', 'electrical circuit', 'lineage', 'company',
       'wall'], dtype=object)}",A
27c523eb9099d2eec66296558eb4448e,"The child didn't know the problems his mother was going through, all he had was what for her?",child,"{'label': array(['A', 'B', 'C', 'D', 'E'], dtype=object), 'text': array(['care', 'balloon', 'loved', 'become adult', 'learn'], dtype=object)}",C
2509fdd7d94afe9d0c021654ce0ba93f,To see new films you must?,see new,"{'label': array(['A', 'B', 'C', 'D', 'E'], dtype=object), 'text': array(['open eyes', 'go to movies', 'kick ball', 'make art', 'look for'],
      dtype=object)}",B
75b8195e23c6bada574f1e41471b8f23,What can happen when you contemplate alone for a long time?,contemplate,"{'label': array(['A', 'B', 'C', 'D', 'E'], dtype=object), 'text': array(['daydream', 'headache', 'get ideas', 'sleep', 'become distracted'],
      dtype=object)}",A
df1bf6f3f87975aa0c1b6d6153d9ecef,"The pioneer went to the general store for storage measures, what was he looking for?",general store,"{'label': array(['A', 'B', 'C', 'D', 'E'], dtype=object), 'text': array(['checkers', 'barrels', 'baking soda', 'buffalo', 'salt'],
      dtype=object)}",B
e99d4cb2e69d3e020ee9e4e9a84ac45b,"I was apprehensive to buy the expensive equipment to play a game with so much walking and swinging around in grass, but now I understand why people what?",people,"{'label': array(['A', 'B', 'C', 'D', 'E'], dtype=object), 'text': array(['care less', 'play golf', 'shake hands', 'believe in god',
       'trip over'], dtype=object)}",B
b1274d6f5969dea4d46f43fbdc28fd97,What can a newspaper be used to do to an engagement?,newspaper,"{'label': array(['A', 'B', 'C', 'D', 'E'], dtype=object), 'text': array(['announce', 'communicate', 'educate', 'inform', 'cancel'],
      dtype=object)}",A
001cb999a61a5c8b4031ff53cf261714,"John needed a straight wire.  Unfortunately, this one had endured some abuse and had become what?",straight,"{'label': array(['A', 'B', 'C', 'D', 'E'], dtype=object), 'text': array(['bent', 'bent', 'crooked', 'straightforth', 'curved'], dtype=object)}",A
18ee7a93410a6b4c9cec5d4894775991_1,Metal is taken from what which is pulled from the ground?,metal,"{'label': array(['A', 'B', 'C', 'D', 'E'], dtype=object), 'text': array(['dirt', 'instruments', 'ore', 'car', 'junkyard'], dtype=object)}",C
3b8be90fdd8c67571d8d692eaa6dd87b,When not in use where on your property would you store you bucket?,bucket,"{'label': array(['A', 'B', 'C', 'D', 'E'], dtype=object), 'text': array(['utility closet', 'outside', 'well', 'garden shed', 'garage'],
      dtype=object)}",D
300bd7704ae8c5fcef618902f18fd01d,What does someone do to relax at night?,relax,"{'label': array(['A', 'B', 'C', 'D', 'E'], dtype=object), 'text': array(['find time', 'check mail', 'listen to music', 'go to bed',
       'stop worrying'], dtype=object)}",D
f18833ace65a54709377134168b457a9,Where might the stapler be if I cannot find it?,stapler,"{'label': array(['A', 'B', 'C', 'D', 'E'], dtype=object), 'text': array(['office building', 'office supply store', 'desk drawer',
       'with dwight', 'desktop'], dtype=object)}",C
5bba03b425f5abc6e017f194cf074b06,Many homes in this country are built around a courtyard. Where is it?,courtyard,"{'label': array(['A', 'B', 'C', 'D', 'E'], dtype=object), 'text': array(['candidate', 'spain', 'lawn', 'asshole', 'office complex'],
      dtype=object)}",B
78276a4eab6e8d6b9ae3749211816977,"Sean was a wreck.  He  loved to build houses, but in his current state, he couldn't do what?",wreck,"{'label': array(['A', 'B', 'C', 'D', 'E'], dtype=object), 'text': array(['stand up', 'produce', 'construct', 'make', 'build'], dtype=object)}",C
cf33e0f5891ce53a716432be06a46ee1,What would be happening if you are pretending to be a police officer?,pretending,"{'label': array(['A', 'B', 'C', 'D', 'E'], dtype=object), 'text': array(['fighting', 'misunderstanding', 'deception', 'play', 'distrust'],
      dtype=object)}",C
3938d6e50d38b1f8774b4f00a89bdb39,Where would you buy a finely crafted writing instrument?,writing instrument,"{'label': array(['A', 'B', 'C', 'D', 'E'], dtype=object), 'text': array(['nasa', 'classroom', 'stationery store', 'purse',
       'office supply store'], dtype=object)}",C
cabefb7063a728e77abd44d97397a2a4,"The detective was finding information from witnesses, why would he do that?",finding information,"{'label': array(['A', 'B', 'C', 'D', 'E'], dtype=object), 'text': array(['fun', 'ulcers', 'get answers', 'happiness', 'power'], dtype=object)}",C
60b909ad1d7956218a5d99954fdebecd,Joe found spiders in the place where he keeps his tools.  Where might that be?,spiders,"{'label': array(['A', 'B', 'C', 'D', 'E'], dtype=object), 'text': array(['cupboard', 'toolbox', 'closet', 'garage', 'mail box'],
      dtype=object)}",D
9fdebd1c2cf498f1d726a025b780a39a,"While on the fan boat he thought he'd see swamps and gators, but he was surprised to spot a bald eagle in what nature area?",bald eagle,"{'label': array(['A', 'B', 'C', 'D', 'E'], dtype=object), 'text': array(['everglades', 'high places', 'natural habitat', 'new york',
       'colorado'], dtype=object)}",A
f36027954e43cfd926451bdf7cb0c3ac,Where are you likely to find a supermarket?,supermarket,"{'label': array(['A', 'B', 'C', 'D', 'E'], dtype=object), 'text': array(['buy food for family', 'city or town', 'get supplies',
       'strip mall', 'vermont'], dtype=object)}",B
7ec14907622c6d5a6087cd59a22d8c9d,Where would you need to use a lantern?,lantern,"{'label': array(['A', 'B', 'C', 'D', 'E'], dtype=object), 'text': array(['grocery store', 'antique shop', 'house', 'dark place', 'street'],
      dtype=object)}",D
efe488f67b53a4b6e69782c01c84f06c,What area does a police officer patrol?,police officer,"{'label': array(['A', 'B', 'C', 'D', 'E'], dtype=object), 'text': array(['direct traffic', 'city', 'beat', 'street', 'park'], dtype=object)}",C
7c62637437ad7515452886074010a438,Why would a woman kill a stranger she met in a dark alley?,kill,"{'label': array(['A', 'B', 'C', 'D', 'E'], dtype=object), 'text': array(['being raped', 'get rid of', ""they didn't know the passcode"",
       'get revenge', 'were evil'], dtype=object)}",A
4f7be1c68654e2924c161c8eca652928,"The baby was cranky, it needed to eat breakfast but refused to what?",eat breakfast,"{'label': array(['A', 'B', 'C', 'D', 'E'], dtype=object), 'text': array(['buy food', 'open mouth', 'get out of bed', 'cry', 'wake up'],
      dtype=object)}",B
e4976ee741cf4b28b8a42780ffb15774,What is made up of people?,people,"{'label': array(['A', 'B', 'C', 'D', 'E'], dtype=object), 'text': array(['buildings', 'audience', 'apartment', 'classroom', 'falling down'],
      dtype=object)}",B
14e75a42a416d32a24e2826cae34d2bf,"He was afraid he would die from his cold, so he wisely decided to what?",die,"{'label': array(['A', 'B', 'C', 'D', 'E'], dtype=object), 'text': array(['ocean', 'write will', 'never want', 'were shot', 'seek help'],
      dtype=object)}",E
004607228ad49b69eac932c1005d6106,Where would you get a pen if you do not have one?,pen,"{'label': array(['A', 'B', 'C', 'D', 'E'], dtype=object), 'text': array(['briefcase', 'desk drawer', ""friend's house"", 'pocket', 'sidewalk'],
      dtype=object)}",C
a7f54ee1866d5db34eacf40efa53c93e,Why would a small dog pant if it's hot outside?,small dog,"{'label': array(['A', 'B', 'C', 'D', 'E'], dtype=object), 'text': array(['outside', 'europe', 'heat', 'wet', 'dog show'], dtype=object)}",C
e56c56c3cfe50ba0c787c2bd67255be8,"She asked her little boy why, he replied that he didn't know and it was just what?",why,"{'label': array(['A', 'B', 'C', 'D', 'E'], dtype=object), 'text': array(['case', 'reason', 'how', 'because', 'answer'], dtype=object)}",D
6f48ee564a48293eb501cc0d8197bdd9,Where would you display a picture on a horizontal surface?,picture,"{'label': array(['A', 'B', 'C', 'D', 'E'], dtype=object), 'text': array(['microwave', 'desktop', 'shelf', 'art show', 'wall'], dtype=object)}",C
13d2a103abbed930cabc9567a1ba12f2,What skill is needed for riding a bike?,riding bike,"{'label': array(['A', 'B', 'C', 'D', 'E'], dtype=object), 'text': array(['wheels', 'feet', 'pedalling', 'practice', 'good balance'],
      dtype=object)}",E
0c1efb38e023ee9725486fbec4f2d797,"He looked at the field of pumps, all slowing churning oil out of the what?",oil,"{'label': array(['A', 'B', 'C', 'D', 'E'], dtype=object), 'text': array(['manual', 'street', 'restaurant', 'ground', 'service station'],
      dtype=object)}",D
b7ab4a5e0c19a98f41cd1ba3176f2dff,The department to where vendors deliver goods for sale is called what?,deliver,"{'label': array(['A', 'B', 'C', 'D', 'E'], dtype=object), 'text': array(['delivered', 'take away', 'receiving', 'pick up', 'keep'],
      dtype=object)}",C
8bcbb5098876940b2382db3a9a0b1beb,Where is the worst place to be in a ticket office?,ticket office,"{'label': array(['A', 'B', 'C', 'D', 'E'], dtype=object), 'text': array(['at the top', 'movie theaters', 'train station', 'end of line',
       'opera house'], dtype=object)}",D
c7ce02d9365fe9275f88338ad51cbde6,"Exercise is very good for you, for faster recovery you should always do what afterwards?",exercise,"{'label': array(['A', 'B', 'C', 'D', 'E'], dtype=object), 'text': array(['stretch', 'lower cholesterol', 'weigh', 'track', 'expend energy'],
      dtype=object)}",A
fb54a118d46b2776e435d411ae3dd9c8,What happens when you go somewhere and forget something at home?,go somewhere,"{'label': array(['A', 'B', 'C', 'D', 'E'], dtype=object), 'text': array(['arriving', 'arrive there', 'turn around', 'go back', 'fart'],
      dtype=object)}",D
2c13e6d61e3733db90a9fd22d72b3337,Where would you acquire a wind instrument for you own use?,wind instrument,"{'label': array(['A', 'B', 'C', 'D', 'E'], dtype=object), 'text': array(['band practice', 'concert', 'music store', 'symphony',
       'music room'], dtype=object)}",C
350292ae429060a00ff2cf64d71558e4,Where would a person light alcohol on fire to observe the reaction?,alcohol,"{'label': array(['A', 'B', 'C', 'D', 'E'], dtype=object), 'text': array(['supermarket', 'bar', 'pub', 'restaurants', 'chemistry lab'],
      dtype=object)}",E
179fff4b5928e5ac3d3ae3e1db782547,"If a storey contained a panoramic view, what kind of structure would it be in?",storey,"{'label': array(['A', 'B', 'C', 'D', 'E'], dtype=object), 'text': array(['horizontal room', 'storey book', 'mall', 'tall building',
       'book of stories'], dtype=object)}",D
81cc0d320488c7bacafb285cf7db5fbd,Where does lettuce arrive by large trucks?,lettuce,"{'label': array(['A', 'B', 'C', 'D', 'E'], dtype=object), 'text': array(['kitchen', 'supermarket', ""farmer's market"", 'salad',
       'refrigerator'], dtype=object)}",B
26c8a7165d0ed7250b9328f90d83ba83,Why do people who are dying receive social security payments?,dying,"{'label': array(['A', 'B', 'C', 'D', 'E'], dtype=object), 'text': array(['rejuvenation', 'born again', 'no longer exist', 'unable to work',
       'change of color'], dtype=object)}",D
636fc69dee35cd357b4191b47e64d0e5,What should I do with a jumping rope?,jumping rope,"{'label': array(['A', 'B', 'C', 'D', 'E'], dtype=object), 'text': array(['fatigue', 'sweating', 'get tired', 'tiredness', 'hopping'],
      dtype=object)}",E
f0c4622a082eb9ad0690dd36dcf61297,What do geese do every fall in fields?,geese,"{'label': array(['A', 'B', 'C', 'D', 'E'], dtype=object), 'text': array(['guard house', 'fly', 'eat', 'follow ultralight airplane',
       'group together'], dtype=object)}",E
4499ebd5e8188b0d5fdef6afd893017a,"I took my seat, the curtains drew back and I enjoyed the what?",seat,"{'label': array(['A', 'B', 'C', 'D', 'E'], dtype=object), 'text': array(['airplane', 'movie', 'auditorium', 'theatre', 'show'], dtype=object)}",E
230cc491829307e8edb5423c8d09f945,What should everyone do who doesn't want to fight anymore?,everyone,"{'label': array(['A', 'B', 'C', 'D', 'E'], dtype=object), 'text': array(['explicate', 'pay tribute to king', 'hope for peace', 'wear shoes',
       'do well'], dtype=object)}",C
6163a897cd7eac1deddd4c002a1930ae,Where is the ideal location for a post office?,post office,"{'label': array(['A', 'B', 'C', 'D', 'E'], dtype=object), 'text': array(['building', 'business district', 'above ground', 'most towns',
       'center of town'], dtype=object)}",E
55478486079423907508a06be13ca536,Where outside of a city would a squirrel live?,squirrel,"{'label': array(['A', 'B', 'C', 'D', 'E'], dtype=object), 'text': array(['roof', 'inside home', 'forest', 'yard', 'park'], dtype=object)}",C
4fa0d61ec82eb1e238d8938d5f43f392,You should watch out for snakes if floating down what African body of water?,snake,"{'label': array(['A', 'B', 'C', 'D', 'E'], dtype=object), 'text': array(['wet grass', 'western texas', 'high grass', 'amazon river', 'tree'],
      dtype=object)}",D
b4f79ca5f3595248ee25292ab60ad105,"At the end of the day as he began to eat he paused and thanked her, it wasn't often she would what?",eat,"{'label': array(['A', 'B', 'C', 'D', 'E'], dtype=object), 'text': array(['cook dinner', 'did chores', 'make food', 'stretch out',
       'get food'], dtype=object)}",A
c39131d979c9205c11d0e109e18188e4,To what do trees roots cling?,trees,"{'label': array(['A', 'B', 'C', 'D', 'E'], dtype=object), 'text': array(['yard', 'orchard', 'museum', 'countryside', 'surface of earth'],
      dtype=object)}",E
bd773d64f4e22db2358c6e00cbdf2d83,What probably has a lot of dust in the back?,dust,"{'label': array(['A', 'B', 'C', 'D', 'E'], dtype=object), 'text': array(['closet', 'door', 'corner', 'shelf', 'library'], dtype=object)}",A
2b416120e2fbd84b44b5dcd4eb42ed5c,"At the new comic store he found himself making friends, it was nice to meet people with what?",making friends,"{'label': array(['A', 'B', 'C', 'D', 'E'], dtype=object), 'text': array(['smiling', 'smile', 'open mind', 'common interests', 'laughter'],
      dtype=object)}",D
cef855ec07c66a731741026c2839b0d3,"The student explained he had a clue what neuroepithelium was and got really nervous, he then lost his balance because a what issue?",neuroepithelium,"{'label': array(['A', 'B', 'C', 'D', 'E'], dtype=object), 'text': array(['tastebud', 'retina', 'inner ear', 'nasal cavity', 'autistic'],
      dtype=object)}",C
0bbb82c1dc4bfd3b0e0c409a0afd248b,What could people do that involves talking?,people,"{'label': array(['A', 'B', 'C', 'D', 'E'], dtype=object), 'text': array(['confession', 'state park', 'sing', 'carnival', 'opera'],
      dtype=object)}",A
67beae081a9b5ef56988f205f80cf129,If you're a child answering questions and an adult is asking them that adult is doing what?,answering questions,"{'label': array(['A', 'B', 'C', 'D', 'E'], dtype=object), 'text': array(['discussion', 'explaning', 'teaching', 'confusion', 'correct'],
      dtype=object)}",C
3b4dcfcab4726496bdbe9535cc669082,"He has lactose intolerant, but was eating dinner made of cheese, what followed for him?",eating dinner,"{'label': array(['A', 'B', 'C', 'D', 'E'], dtype=object), 'text': array(['digestive', 'feel better', 'sleepiness', 'indigestion', 'illness'],
      dtype=object)}",D
eebddf5f35d85e9fe2ecbd9b56c1db60,"The teacher played on the upright piano, she was explaining the song to all the students in the what?",upright piano,"{'label': array(['A', 'B', 'C', 'D', 'E'], dtype=object), 'text': array(['music room', 'bathroom', 'house', 'living room', 'music store'],
      dtype=object)}",A
5393ba1ce298bd1ac4744c07d7373a9c,"When you get an F, you fail. If you get A's you are?",fail,"{'label': array(['A', 'B', 'C', 'D', 'E'], dtype=object), 'text': array(['passed', 'completing', 'passed', 'passing', 'succeeding'],
      dtype=object)}",D
fde48d43e27cefed6ed9c52514e0bb6d,What is the main purpose of having a bath?,having bath,"{'label': array(['A', 'B', 'C', 'D', 'E'], dtype=object), 'text': array(['cleanness', 'wetness', 'exfoliation', 'use water', 'hygiene'],
      dtype=object)}",A
da83d85e28778c082d9a63f5b890b26d,The ball was hit over a boundary and struck an audience member.  What kind of game were they playing?,boundary,"{'label': array(['A', 'B', 'C', 'D', 'E'], dtype=object), 'text': array(['sporting event', 'sporting', 'basketball', 'society',
       'ranch country'], dtype=object)}",A
cfa980561efe82e7ae7080d4f081b463,What is someone operating a vehicle likely to be accused of after becoming inebriated?,becoming inebriated,"{'label': array(['A', 'B', 'C', 'D', 'E'], dtype=object), 'text': array(['punish', 'arrest', 'automobile accidents', 'drunk driving',
       'talking nonsense'], dtype=object)}",D
384b89e789e0f4b4796120394fb6303b,Where would you get jewelry if you do not have any?,jewelry,"{'label': array(['A', 'B', 'C', 'D', 'E'], dtype=object), 'text': array(['vault', 'suitcase', ""neighbour's house"", 'department store',
       'safe deposit box'], dtype=object)}",D
0d66d33a17e41eaa3278ca7b3930c5ea,What is a philosopher waiting for to eventually gain through his studies?,waiting for,"{'label': array(['A', 'B', 'C', 'D', 'E'], dtype=object), 'text': array(['job', 'boredom', 'anxiety', 'impatience', 'wisdom'], dtype=object)}",E
732183ead4206e51ed4df18b9c9f14fe,What do young boys do on the ice in the winter?,winter,"{'label': array(['A', 'B', 'C', 'D', 'E'], dtype=object), 'text': array(['ski', 'play hockey', 'summer', 'knit', 'warm'], dtype=object)}",B
2632ff6c9b781d3aa74e8dd36b990871,"She loved spending money at the thrift store on knickknacks, this resulted in a lot of what on every shelf in her house?",spending money,"{'label': array(['A', 'B', 'C', 'D', 'E'], dtype=object), 'text': array(['poverty', 'clutter', 'getting', 'satisfaction', 'more happiness'],
      dtype=object)}",B
63db79b940f36f0333377f85c19eacb2,"I listened to lecture intensely, what is my goal?",listen,"{'label': array(['A', 'B', 'C', 'D', 'E'], dtype=object), 'text': array(['gain confidence', 'concentrate', 'get attention', 'pay attention',
       'stop talking'], dtype=object)}",B
1520a8fd3116e7b856947c5e308d7ce5,"If a person is using a computer to talk to their granddaughter, what might the computer cause for them?",using computer,"{'label': array(['A', 'B', 'C', 'D', 'E'], dtype=object), 'text': array(['program created', 'stress', 'happiness', 'ocean', 'headache'],
      dtype=object)}",C
bd780fea2d4dd262583446e64c0f314d,"Joe was there to meet a large number of people.  As he filed though the entrance hall, he saw many strangers who came from far away.  What sort of building is he probably in?",entrance hall,"{'label': array(['A', 'B', 'C', 'D', 'E'], dtype=object), 'text': array(['person', 'box', 'convention center', 'public building',
       'large building'], dtype=object)}",C
99e0b2ddf88ebed98b977043b7c2331b,John wanted scatter his wife's remains in a lake in the wilderness.  He had to delay before of where he lived.  Where did he live?,lake,"{'label': array(['A', 'B', 'C', 'D', 'E'], dtype=object), 'text': array(['mountains', 'dead body', 'pay debts', 'state park', 'new york'],
      dtype=object)}",E
eb0e0c4eaf19c1e9b4df3b4d3a11be3d,Many towns and cities have trash cans where on sidewalks?,trash can,"{'label': array(['A', 'B', 'C', 'D', 'E'], dtype=object), 'text': array(['hospital', 'park', 'corner', 'motel', 'office'], dtype=object)}",C
467a3b464b08b3ffc9922e2a726554f6,"The family wanted to adopt for enviro-ethical reasons, what did they abhor?",adopt,"{'label': array(['A', 'B', 'C', 'D', 'E'], dtype=object), 'text': array(['orphan', 'biological child', 'give away', 'foster child',
       'abandon'], dtype=object)}",B
dea70fe40fac9ad03bf319bf8a480efa,What happens when airplane engines cut off and are unable to be restarted in flight?,airplanes,"{'label': array(['A', 'B', 'C', 'D', 'E'], dtype=object), 'text': array(['stall', 'start melting', 'taxi', 'crash', 'speed up'],
      dtype=object)}",D
2f1680da0d388a8453150ff3637e4689,Where would you be concerned about finding a cavity?,cavity,"{'label': array(['A', 'B', 'C', 'D', 'E'], dtype=object), 'text': array(['solid object', 'molar', 'dentist', 'unbrushed tooth', 'teeth'],
      dtype=object)}",E
8369adc4b4710d00f917d80a75d844d7,Human beings learn about current events from what print item?,human beings,"{'label': array(['A', 'B', 'C', 'D', 'E'], dtype=object), 'text': array(['question authority', 'melt', 'read newspapers', 'act',
       'dictionary'], dtype=object)}",C
20a3bb788cf408d9a3e25e610fe60905,In what kind of environment does an anemone live?,anemone,"{'label': array(['A', 'B', 'C', 'D', 'E'], dtype=object), 'text': array(['nursery', 'south pacific', 'desert', 'sea water',
       'atlantic ocean'], dtype=object)}",D
36c1f50eec01c287b8ef6ffe69fe0528,"He wanted lodging in the actual what, so that he was already where he needed to be?",lodgings,"{'label': array(['A', 'B', 'C', 'D', 'E'], dtype=object), 'text': array(['a yurt', 'resort area', 'big city', 'michigan',
       'going on vacation'], dtype=object)}",B
5f4825137a27f369fe859e85dfe1793f,"If I am suffering from boredom, and I want to see something beautiful, what should I do?",boredom,"{'label': array(['A', 'B', 'C', 'D', 'E'], dtype=object), 'text': array(['see art', 'see ghost', 'watch film', 'grocery shop',
       'do crossword puzzle'], dtype=object)}",A
b3dc6d6a5e2f9d7da8eb72816c80b3f8_1,"The goal was to hit the target, but a projectile ball can't hit anything if it isn't in what?",projectile ball,"{'label': array(['A', 'B', 'C', 'D', 'E'], dtype=object), 'text': array(['motion', 'ocean', 'flintlock', 'arcade', 'tennis court'],
      dtype=object)}",A
63bb6128026ce24209583d0eea75fc27,Where is a good place to set a cup of coffee while relaxing?,cup of coffee,"{'label': array(['A', 'B', 'C', 'D', 'E'], dtype=object), 'text': array(['coffee shop', 'kitchen', 'hand', 'table', 'office'], dtype=object)}",D
e8a9142d2402f818273dd62cf5a7b559_1,"If a fried egg was runny and there was no toast to sop it up, after the meal there'd be a messy what?",egg,"{'label': array(['A', 'B', 'C', 'D', 'E'], dtype=object), 'text': array(['henhouse', 'garden', 'plate', 'supermarket', ""bird's nest""],
      dtype=object)}",C
ead9c9744aee08678759158efe005175,"If I want to behave with proper aplomb, what manners should I avoid?",proper,"{'label': array(['A', 'B', 'C', 'D', 'E'], dtype=object), 'text': array(['inappropriate', 'incomplete', 'impolite', 'none', 'incorrect'],
      dtype=object)}",A
ab8bf60f76bc6119459271140ccae781,"Before lifting weights he liked to warm up on the squash court, he really enjoyed the facilities of the what?",squash court,"{'label': array(['A', 'B', 'C', 'D', 'E'], dtype=object), 'text': array(['swimming pool', ""rich person's house"", 'country club',
       'fitness center', 'park'], dtype=object)}",D
3c6e2d95a63316b31986e8c7979582c9,What will happen to animals after eating food?,animals,"{'label': array(['A', 'B', 'C', 'D', 'E'], dtype=object), 'text': array(['bite', 'digestion', 'feel pleasure', 'pass water',
       'listen to each other'], dtype=object)}",C
5c171b9837af49211891ce40e4a10204,"If I wanted to grow plants, where could I put a lot of dirt?",dirt,"{'label': array(['A', 'B', 'C', 'D', 'E'], dtype=object), 'text': array(['corner', 'street', 'closet', 'garden', 'bathtub'], dtype=object)}",D
56d0fc282a144565f2c852415c6fa92c,What does a person often feel about someone judging them guilty?,judging,"{'label': array(['A', 'B', 'C', 'D', 'E'], dtype=object), 'text': array(['controversy', 'responsibility', 'resentment', 'judge feelings',
       'hurt feelings'], dtype=object)}",C
5b8a3081c3235d62bc77e2d15f3ad454,A town between two mountains is located in a what?,town,"{'label': array(['A', 'B', 'C', 'D', 'E'], dtype=object), 'text': array(['valley', 'hospital', 'state', 'train station', 'michigan'],
      dtype=object)}",A
e43c4eaa04243ddee30f29171718eb92,James need to use a toilet but there were no public ones in sight.  Eventually he broke down and did something very expensive so that he could get a toilet.  Where might he have gone?,toilet,"{'label': array(['A', 'B', 'C', 'D', 'E'], dtype=object), 'text': array(['motel room', 'apartment', 'bathroom', 'games', 'house'],
      dtype=object)}",A
84a736d4b702a6869d8fa8523aee6f1b,Why did the heavy metal band need electricity at the stadium?,electricity,"{'label': array(['A', 'B', 'C', 'D', 'E'], dtype=object), 'text': array(['concert', 'bedroom', 'make person sick', 'building', 'church'],
      dtype=object)}",A
72611791cdcb040f2d699827fb9cebc4,What is a person looking for when completing puzzles or riddles?,person,"{'label': array(['A', 'B', 'C', 'D', 'E'], dtype=object), 'text': array(['avoid pain', 'compliments', 'intellectual challenge',
       'passing grade', 'attention'], dtype=object)}",C
4477fb61fde4bb8695c241dfc366b554,"If someone was making breakfast, they'd probably put two slices of bread in the what?",bread,"{'label': array(['A', 'B', 'C', 'D', 'E'], dtype=object), 'text': array(['plastic bag', 'pantry', 'supermarket', 'toaster', 'prison'],
      dtype=object)}",D
ce246bc94a54431b9c0530e71d2456b5,"His house was a mess, he began doing housework to get what?",doing housework,"{'label': array(['A', 'B', 'C', 'D', 'E'], dtype=object), 'text': array(['boredom', 'nice home', 'michigan', 'feeling satisfied',
       'house clean'], dtype=object)}",E
2eef2d255fe629414f4d24ade8590102,Where would a corpse be covered by a blanket?,blanket,"{'label': array(['A', 'B', 'C', 'D', 'E'], dtype=object), 'text': array(['bath store', 'bedroom', 'hospital', 'flower garden', 'michigan'],
      dtype=object)}",C
2f85d53721ccc8b3fa4cfc184186d124,"The man  tried to break the glass in order to make his escape in time, but he could not.  The person in the cat, trying to kill him, did what?",break,"{'label': array(['A', 'B', 'C', 'D', 'E'], dtype=object), 'text': array(['accelerate', 'putting together', 'working', 'construct', 'train'],
      dtype=object)}",A
2192c5c2145a6e03755ad89a02e64055,"The trucker plopped on the bench with a sense of relief, where did he arrive?",bench,"{'label': array(['A', 'B', 'C', 'D', 'E'], dtype=object), 'text': array(['bordello', 'rest area', 'garden', 'bus stop', 'state park'],
      dtype=object)}",B
bea07406aaadeef50110883b6932d86a,What is part of a republic like the USA?,republic,"{'label': array(['A', 'B', 'C', 'D', 'E'], dtype=object), 'text': array(['state', 'democratic', 'kingdom', 'democracy', 'dictatorship'],
      dtype=object)}",A
7a58e7e7bf76658751e850f790922aba,Where do you keep extra clothing on a hike?,clothing,"{'label': array(['A', 'B', 'C', 'D', 'E'], dtype=object), 'text': array(['person', 'hamper', 'closet', 'upstairs', 'backpack'], dtype=object)}",E
76b2c6d254f9127b4fd66d90e1a330e7,What could an apple tree do?,apple tree,"{'label': array(['A', 'B', 'C', 'D', 'E'], dtype=object), 'text': array(['new hampshire', 'bloom', 'washington state', 'sunshine',
       'spontaneously combust'], dtype=object)}",B
cdd3d074031fbd3efeb4f9408abef04e,What very cold area in the east can a crab be found?,crab,"{'label': array(['A', 'B', 'C', 'D', 'E'], dtype=object), 'text': array(['fish market', 'shallow waters', 'atlantic ocean', 'fresh water',
       'shore line'], dtype=object)}",C
359aed918343d228e67cef329b693904,"The chef wanted to perfect his craft, what did he do?",chef,"{'label': array(['A', 'B', 'C', 'D', 'E'], dtype=object), 'text': array(['thin potatos', 'prepare food', 'study french cooking', 'drink',
       'cook dinner'], dtype=object)}",C
cf02cca40a47c2deefd8b2e5a5ff2f70,She wanted a kitten and puppy so why did she only get the puppy?,puppy,"{'label': array(['A', 'B', 'C', 'D', 'E'], dtype=object), 'text': array(['one choice for pet', 'cute', 'kennel', 'soft', 'waxy'],
      dtype=object)}",A
ac1abecdbbd7bcde6592ca645c2ecb1e,There was no shade for Jenny.  She was forced to lie there exposed to what?,shade,"{'label': array(['A', 'B', 'C', 'D', 'E'], dtype=object), 'text': array(['full sunlight', 'bright sunshine', 'sunny place', 'eat cake',
       'direct sunlight'], dtype=object)}",A
2adbb4fc0d5249dc411dda433f378591,What could happen to you after you are cleaning house for a long time?,cleaning house,"{'label': array(['A', 'B', 'C', 'D', 'E'], dtype=object), 'text': array(['neatness', 'tiredness', 'order', 'exhaustion', 'sneezing'],
      dtype=object)}",D
5a1c8a9dbbb60e523cc1ba14a370729c,What is someone doing when scheduling when to go to party?,going to party,"{'label': array(['A', 'B', 'C', 'D', 'E'], dtype=object), 'text': array(['rumpspringa', 'meeting new people', 'having fun',
       'meet new people', 'plan'], dtype=object)}",E
3665b329f93f7c84edeabe394140f8d2,What kind of path do comets tend to have?,comets,"{'label': array(['A', 'B', 'C', 'D', 'E'], dtype=object), 'text': array(['ice', 'set orbits', 'universe', 'space', 'solid nucleus'],
      dtype=object)}",B
dbcedaa6a6f1f68bc8f2bf7aef23294e,What do people feel after having sex that requires them to shower?,sex,"{'label': array(['A', 'B', 'C', 'D', 'E'], dtype=object), 'text': array(['bedroom', 'pleasant', 'obesity', 'painful', 'dirty'], dtype=object)}",E
ba3a2b9ff289c106051163f840a6f5ba,"The vet found malignant tumors on the animals, what is their likely fate?",animals,"{'label': array(['A', 'B', 'C', 'D', 'E'], dtype=object), 'text': array(['euthanasia', 'pass water', 'die of cancer', 'feel pain',
       'feel pleasure'], dtype=object)}",C
13fc28f53423a9b3a656c9431df1b3b5,What is the thing that is agitated in your head when kissing?,kissing,"{'label': array(['A', 'B', 'C', 'D', 'E'], dtype=object), 'text': array(['sexual stimulation', 'herpes', 'headache', 'catch cold',
       'happiness'], dtype=object)}",E
3f4b48708d08f8bf7bec796531023f9c,"Billy was reading the newspaper as he commuted to work, but once he got to his destination he balled it up and put it somewhere. Where did it put it?",newspaper,"{'label': array(['A', 'B', 'C', 'D', 'E'], dtype=object), 'text': array(['trash', 'floor', 'subway', 'ground', 'lawn'], dtype=object)}",A
c61790eb63ff6652b878ca051493c07d,Where do you keep a pail in your house?,pail,"{'label': array(['A', 'B', 'C', 'D', 'E'], dtype=object), 'text': array(['garage', 'pool', 'utility room', 'hardware store', 'wishing well'],
      dtype=object)}",C
e5ebbe0ea4097bb197ac525b49108362,what is printed with ink and distributed daily?,ink,"{'label': array(['A', 'B', 'C', 'D', 'E'], dtype=object), 'text': array(['fountain pen', 'squid', 'newspaper', 'book', 'printer'],
      dtype=object)}",C
029e36d8f65982b142c319064dc5e32f,What are people likely to do when an unexpected decent outcome occurs?,people,"{'label': array(['A', 'B', 'C', 'D', 'E'], dtype=object), 'text': array(['kill each other', 'thank god', 'experience pain', 'hatred',
       'talk to each other'], dtype=object)}",B
3d1a67f87b34303f97549ba83e5521c2,"The terrace had Kanji written on it, indicating that it was made where?",terrace,"{'label': array(['A', 'B', 'C', 'D', 'E'], dtype=object), 'text': array(['japan', 'rice paddy', 'garden', 'michigan', 'italy'], dtype=object)}",A
e050bce7048da1b3743a54153e91694e,"The company sent off many purchases, they used recycled cardboard as their what?",cardboard,"{'label': array(['A', 'B', 'C', 'D', 'E'], dtype=object), 'text': array(['packaging materials', 'recycle bin', 'box factory', 'warehouse',
       'bowler hats'], dtype=object)}",A
8233ccb60dd0c0ff3b7ca5d73e5681f2,Why might a person be known as a liar?,person,"{'label': array(['A', 'B', 'C', 'D', 'E'], dtype=object), 'text': array(['have no home', 'false information', 'hungry', 'made fun of',
       'brain tumor'], dtype=object)}",B
eb4b2cd0f2a69686e5a82250c5806b84,"The child was politely waiting for dessert, he was eventually rewarded for his what?",waiting for,"{'label': array(['A', 'B', 'C', 'D', 'E'], dtype=object), 'text': array(['timing', 'expenditure of time', 'getting bored', 'anger',
       'patience'], dtype=object)}",E
d0bda97a087904320216e4d0b8a08a8d,"The man was giving assistance to a pan handler in the streets, how did he give assistance?",giving assistance,"{'label': array(['A', 'B', 'C', 'D', 'E'], dtype=object), 'text': array(['feeling good', 'killing', 'law suits', 'out of pocket',
       'feel loved'], dtype=object)}",D
e216381e9f0ddd1d248ee25fccca2b1f,What do you call the caretakers of a child?,child,"{'label': array(['A', 'B', 'C', 'D', 'E'], dtype=object), 'text': array(['principal', 'birth', 'loving couple', 'act of sex', 'parents'],
      dtype=object)}",E
b1fba9ad6193c6751ddb3f58f7f39b35,Where would you run in to a niece you only see every one and a while?,niece,"{'label': array(['A', 'B', 'C', 'D', 'E'], dtype=object), 'text': array(['family reunion', ""brother's house"", 'family picture book',
       'family tree', 'party'], dtype=object)}",A
3ceae7a18073050bd2c0448abef1f393,"Working on the elaborate task was taxing, it require extreme what?",working,"{'label': array(['A', 'B', 'C', 'D', 'E'], dtype=object), 'text': array(['holding', 'concentration', 'energy', 'job', 'energh'],
      dtype=object)}",B
f1182e3a070f5a1be529843aa6e5c20c,What may you have after awaking after a night of heavy drinking?,awaking,"{'label': array(['A', 'B', 'C', 'D', 'E'], dtype=object), 'text': array(['get up', 'discomfort', 'discomfort', 'headache', 'shock'],
      dtype=object)}",D
5799089c131e26473697afc54d5f6964,What uses a ribbon to put words on paper?,ribbon,"{'label': array(['A', 'B', 'C', 'D', 'E'], dtype=object), 'text': array(['wrapping paper', ""girl's hair"", 'bath', 'floral arrangement',
       'typewriter'], dtype=object)}",E
7ce1f99e8185489a7113e6d18c71abb0,Where are sheep likely to live?,sheep,"{'label': array(['A', 'B', 'C', 'D', 'E'], dtype=object), 'text': array(['school', 'meadow', 'lamb', 'farm', 'fairgrounds'], dtype=object)}",D
69425fb4cd2dc034e9ff223d2d5676ec,"If I was watching TV on the couch and the air was stuffy, I might turn the fan on to make the what more comfortable?",fan,"{'label': array(['A', 'B', 'C', 'D', 'E'], dtype=object), 'text': array(['hockey game', 'living room', 'bathroom', 'football stadium',
       'hot room'], dtype=object)}",B
f75b22d5b88ac56ae7df030c1ebeded5,"While walking the student needed to store his writing insturment away, where did he put it?",writing instrument,"{'label': array(['A', 'B', 'C', 'D', 'E'], dtype=object), 'text': array(['desk drawer', 'cabinet', 'purse', 'classroom', 'pocket'],
      dtype=object)}",E
4eb3e69c0d42a2287692d2b9d2cb5979,Who watches a play in an auditorium?,auditorium,"{'label': array(['A', 'B', 'C', 'D', 'E'], dtype=object), 'text': array(['building', 'crowd', 'city', 'group', 'high school'], dtype=object)}",B
7d937233b4a9043da0b976dbd42d141b,What is a possible outcome for committing murder?,committing murder,"{'label': array(['A', 'B', 'C', 'D', 'E'], dtype=object), 'text': array(['problems', 'incarceration', 'trial', 'imprisonment',
       'prosecution'], dtype=object)}",D
6bd176cc91a2a2088807ec446c008856,where is a good place to obtain new soap?,soap,"{'label': array(['A', 'B', 'C', 'D', 'E'], dtype=object), 'text': array(['supermarket', 'washing', 'cabinet', 'own home', 'sink'],
      dtype=object)}",A
c3890d43b84635d9e61c007ca2521d5b,What do people do for food?,people,"{'label': array(['A', 'B', 'C', 'D', 'E'], dtype=object), 'text': array(['talk to each other', 'complete job', 'wear hats', 'kill animals',
       'believe in god'], dtype=object)}",D
6195ed74cf445cb5d991e1076a080dde,There was many a bottle to choose from behind the cashier where?,bottle,"{'label': array(['A', 'B', 'C', 'D', 'E'], dtype=object), 'text': array(['grocery store', 'diaper bag', 'gas station', 'liquor store',
       'medicine cabinet'], dtype=object)}",D
37644422df4bcd28b3f54bbf3fc2c0f8,"They had to know where to go, they got on the national highway after consulting the what?",national highway,"{'label': array(['A', 'B', 'C', 'D', 'E'], dtype=object), 'text': array(['canada', 'atlas', 'united states', 'major cities', 'book'],
      dtype=object)}",B
23d97480fe45bace231503f8fc367a5b,What do professors primarily do?,professors,"{'label': array(['A', 'B', 'C', 'D', 'E'], dtype=object), 'text': array(['master physics', 'state facts', 'wear wrinkled tweed jackets',
       'school students', 'teach courses'], dtype=object)}",E
15556e26feaa5a8a29c9f30896e535d4,Where do you throw a ball at pins?,ball,"{'label': array(['A', 'B', 'C', 'D', 'E'], dtype=object), 'text': array(['bowling alley', 'football stadium', 'soccer field',
       'sporting event', 'sporting goods store'], dtype=object)}",A
6be05d227f4f6fe727218fc8be9df340,What might you need to do cleaning?,cleaning,"{'label': array(['A', 'B', 'C', 'D', 'E'], dtype=object), 'text': array(['sing a song', 'neatness', 'allergies', 'healthy living',
       'using water'], dtype=object)}",E
3f3ba1d9a3bfe63df11247a968eaddce,If i were to spit a lot without noticing i may have extra what?,spitting,"{'label': array(['A', 'B', 'C', 'D', 'E'], dtype=object), 'text': array(['phlegm', 'saliva nd mouth', 'disease', 'germs', 'spittle'],
      dtype=object)}",B
ca9a3ccfb140aa66816f96ac983b6d9f_1,"If student got a list of supplies from class like paper and pencils, their parent would have to go where?",pencils,"{'label': array(['A', 'B', 'C', 'D', 'E'], dtype=object), 'text': array(['classroom', 'parking garage', 'store', 'backpack', 'cabinet'],
      dtype=object)}",C
487cabfcd776d89748ee7e7bb681ad59,Why do young people swallow semen ?,swallow semen,"{'label': array(['A', 'B', 'C', 'D', 'E'], dtype=object), 'text': array([""you're into"", 'prostitute', ""you're curious"", 'curiosity',
       'heterosexual woman in love'], dtype=object)}",C
6915dfdefe3b1cd5fd8886c8bb84929a,"Sally was standing in queue.  The line was very, very slow.  What was she feeling?",standing in queue,"{'label': array(['A', 'B', 'C', 'D', 'E'], dtype=object), 'text': array(['frustration', 'delays', 'being annoyed', 'moving forward',
       'progress'], dtype=object)}",A
ec224c1dbfb569cce7ec317fe987ae68,What is the animal trying to accomplish?,animal,"{'label': array(['A', 'B', 'C', 'D', 'E'], dtype=object), 'text': array(['sand trap', 'live long', 'leave home', 'feel pain', 'eating'],
      dtype=object)}",B
0cba8ddda21e29c8c53482e131d741cd,"James and Holly went dancing together. As they danced, he  pressed himself against her what?",dancing,"{'label': array(['A', 'B', 'C', 'D', 'E'], dtype=object), 'text': array(['euphoria', 'moving body', 'rhythmic movement', 'happiness',
       'fatigue'], dtype=object)}",B
e65559cd9f5d96b577caeb78d9033502,"If a house has a subscription, what likely shows up in the driveway every morning?",house,"{'label': array(['A', 'B', 'C', 'D', 'E'], dtype=object), 'text': array(['subdivision', 'newspaper', 'street', 'laundry mat',
       'surface of earth'], dtype=object)}",B
b8937a30f25093910c040f4e63e1d352,What does a person do when they feel dirty?,person,"{'label': array(['A', 'B', 'C', 'D', 'E'], dtype=object), 'text': array(['feel lucky', 'cross street', 'wash themselves', 'eat',
       'wonder what happened'], dtype=object)}",C
aabe8eb218468fc63b6c9aa6d428c951,"After the weight cut he was worried about his energy levels, but this was part of participating in a what?",energy,"{'label': array(['A', 'B', 'C', 'D', 'E'], dtype=object), 'text': array(['work', 'wrestle', 'play sports', 'matter', 'sleep'], dtype=object)}",B
43ba9669564217f2f909f33acbedaf95,what does a person do to stay healthy?,person,"{'label': array(['A', 'B', 'C', 'D', 'E'], dtype=object), 'text': array(['fever', 'eat every day', 'excited', 'headache', 'expressive'],
      dtype=object)}",B
2b9b625c788584b8d41f1a74d740e126,Who is the guard here for?,guard,"{'label': array(['A', 'B', 'C', 'D', 'E'], dtype=object), 'text': array(['man post', 'attack', 'intimidation', 'prisoner', 'unprotected'],
      dtype=object)}",D
eb6807290df71b040e2c7bcc5d11fdea,"If a person stutters when he experiences anxiety or excitement, he'll have difficult doing what?",excitement,"{'label': array(['A', 'B', 'C', 'D', 'E'], dtype=object), 'text': array(['express information', 'dance', 'library', 'go somewhere', 'study'],
      dtype=object)}",A
f06852fb4bb2764dc208a991d037f211,Where can you keep letter opener when it likely to be needed soon?,letter opener,"{'label': array(['A', 'B', 'C', 'D', 'E'], dtype=object), 'text': array(['office supply store', 'stationery store', 'dek', ""martyr's chest"",
       'refrigerator'], dtype=object)}",C
5efadabaf61b5174916e3ab659bcd283,"Danny found that the carpet did not ,match the drapes, which was disappointing, because this place was expensive.  But it was the only place in town that wasn't booked solid for the week and he needed it while he was in town, so he couldn't complain.   Where might this place be?",carpet,"{'label': array(['A', 'B', 'C', 'D', 'E'], dtype=object), 'text': array(['brothel', 'restaurant', 'building', 'bowling alley', 'at hotel'],
      dtype=object)}",E
e9d4c747018ff81b8c0aefb5abc3c539,What do people need to do to change their lives?,people,"{'label': array(['A', 'B', 'C', 'D', 'E'], dtype=object), 'text': array(['face problems', 'better themselves', 'pay bills',
       'become disillusioned', 'eat chicken'], dtype=object)}",A
30a8cfd186f1aae5acd425a52d058863,Humans need shelter to survive.  They usually find shelter where?,human,"{'label': array(['A', 'B', 'C', 'D', 'E'], dtype=object), 'text': array(['underpass', 'homes', 'workplace', 'school', 'space shuttle'],
      dtype=object)}",B
9e7805871c8a276300a89fe910a90949,Someone who had a very bad flight might be given a trip in this to make up for it?,bad,"{'label': array(['A', 'B', 'C', 'D', 'E'], dtype=object), 'text': array(['first class', 'propitious', 'reputable', 'one', 'sufficient'],
      dtype=object)}",A
047c2d8c65d297b39aa42821c1ca76a9,"Nature can be good and bad for the person who walks, what are some things?",hike,"{'label': array(['A', 'B', 'C', 'D', 'E'], dtype=object), 'text': array(['seeing bear', 'see beautiful views', 'get wet', 'getting lost',
       'murdered by a landshark'], dtype=object)}",B
0bed77da54b6c54facd0ee6614aad72e,Jim decided to lose weight.  He thought that exercise is the best way to lose weight because you can't get rid of what?,exercise,"{'label': array(['A', 'B', 'C', 'D', 'E'], dtype=object), 'text': array(['need for food', 'fitness', 'sweating', 'fastfood', 'thirst'],
      dtype=object)}",A
32e2adee67aace0a98c830fb39463015,Nature creates more beautiful structures than those that are what?,nature,"{'label': array(['A', 'B', 'C', 'D', 'E'], dtype=object), 'text': array(['artificial', 'indoors', 'city', 'man made', 'eat cake'],
      dtype=object)}",D
8272f08792b873885f93d4c148e307e5,The water in clouds turn in to what when it gets cold?,water,"{'label': array(['A', 'B', 'C', 'D', 'E'], dtype=object), 'text': array(['typhoon', 'snowflake', 'laddle', 'teardrops', 'sink'],
      dtype=object)}",B
bc05bc6b4df7a3d25a361515fe8912ad,What southern U.S. state is know for having many swamps?,swamp,"{'label': array(['A', 'B', 'C', 'D', 'E'], dtype=object), 'text': array(['wetlands', 'new york', 'michigan', 'louisiana', 'river delta'],
      dtype=object)}",D
b893a6e7a2b172bd71f03c9dbee4f960,When going to sleep what happens to your body?,going to sleep,"{'label': array(['A', 'B', 'C', 'D', 'E'], dtype=object), 'text': array(['snoring', 'latency', 'dreams', 'relaxation', 'dreaming'],
      dtype=object)}",D
cf8e30dd6956d03e3f0f0397112a8696,Where is a monkey likely to enjoy being?,monkey,"{'label': array(['A', 'B', 'C', 'D', 'E'], dtype=object), 'text': array(['banana tree', 'sailor suit', 'theatre', 'mulberry bush',
       'research laboratory'], dtype=object)}",A
159d50e325b59c6d29ec371500e173b4,What is a form of anaerobic exercising?,exercising,"{'label': array(['A', 'B', 'C', 'D', 'E'], dtype=object), 'text': array(['shortness of breath', 'lift weights', 'error', 'fall down', 'run'],
      dtype=object)}",E
17eafc807b198236faf06a66f4c05313,The earth is one planet in what?,earth,"{'label': array(['A', 'B', 'C', 'D', 'E'], dtype=object), 'text': array(['tree', 'orbit', 'solar system', 'fotograph', 'dreams'],
      dtype=object)}",C
24eebfa678112100803da16dde148b2d,Where would you put a container can after you buy it?,container can,"{'label': array(['A', 'B', 'C', 'D', 'E'], dtype=object), 'text': array(['pantry', 'store', 'gas', 'liquid', 'garage'], dtype=object)}",E
ec882fc3a9bfaeae2a26fe31c2ef2c07,Where did you meet your best friend since Kindergarten?,friends,"{'label': array(['A', 'B', 'C', 'D', 'E'], dtype=object), 'text': array([""friend's house"", 'school', 'fraternity house', 'internet cafe',
       'airplane'], dtype=object)}",B
0a006d16d9042e0c170935e5fbf7f9af,James was below the balloon.  He watched it rise.  What direction did he look in?,below,"{'label': array(['A', 'B', 'C', 'D', 'E'], dtype=object), 'text': array(['upstairs', 'aloft', 'diagonal', 'upstream', 'upwards'],
      dtype=object)}",E
d33a81660058e570a18fb2eafa284a78,John and Tim like playing. It makes them what?,playing,"{'label': array(['A', 'B', 'C', 'D', 'E'], dtype=object), 'text': array(['feeling happy', 'learning', 'injury', 'burn', 'get hungry'],
      dtype=object)}",A
1e09c3136a743b862e783700b7667028,What could happen if someone is seeing new presents at a birthday party?,seeing new,"{'label': array(['A', 'B', 'C', 'D', 'E'], dtype=object), 'text': array(['envy', 'jealousy', 'education', 'fear', 'excitement'],
      dtype=object)}",E
5e851c47682bdf79ec7c139ecf124c9a,"Joe's cat smelled something delicious and jumped into this, causing him to panic and fear for its life. Where might it have jumped?",cat,"{'label': array(['A', 'B', 'C', 'D', 'E'], dtype=object), 'text': array(['meat loaf', 'bedroom', 'microwave', 'living room', 'floor'],
      dtype=object)}",C
b148f18fb8b5a504b67078ef6ac29717,Why would a person put flowers in a room with dirty gym socks?,flowers,"{'label': array(['A', 'B', 'C', 'D', 'E'], dtype=object), 'text': array(['continue to grow', 'plant themselves', 'many colors',
       'smell good', 'make pretty'], dtype=object)}",D
b6bbe013995fdb5def3d504319af0791,The table wasn't level.  some parts were higher and some were lower with no rhyme or reason.   It was very what?,level,"{'label': array(['A', 'B', 'C', 'D', 'E'], dtype=object), 'text': array(['electrical circuit', 'build evenly', 'uneven', 'unbalanced',
       'tilted'], dtype=object)}",C
0c2fa15a02d0b6ca6707e98fac7589e4,"The person signed up for home insurance, what is he seeking?",person,"{'label': array(['A', 'B', 'C', 'D', 'E'], dtype=object), 'text': array(['financial security', 'live well', 'good relationship',
       'compliments', 'discounted furniture'], dtype=object)}",A
a656e74a943f9e2698a25bbcfb4e96db,"James know that committing murder was wrong, but he thought that he could get away with it.  He was really troubled  and fearful because of what?",committing murder,"{'label': array(['A', 'B', 'C', 'D', 'E'], dtype=object), 'text': array(['happiness', 'problems', 'prosecution', 'distress', 'misery'],
      dtype=object)}",C
8086f022f2d4a4888ae1f8c7e4541ab9,How can someone die from eating hamburger?,eating hamburger,"{'label': array(['A', 'B', 'C', 'D', 'E'], dtype=object), 'text': array(['gas', 'getting full', 'mad cow disease', 'death', 'feel full'],
      dtype=object)}",C
5655a3002dd9a6b7dabede1dd26a5893,Where would using a boat not require navigation skills?,boat,"{'label': array(['A', 'B', 'C', 'D', 'E'], dtype=object), 'text': array(['water', 'ocean', 'garage', 'harbor', 'river'], dtype=object)}",E
17d9bfaee1efac51b1ca240125bc5977,What does a self assured person often do?,person,"{'label': array(['A', 'B', 'C', 'D', 'E'], dtype=object), 'text': array(['acknowledgment', 'focused', 'know what time', 'feel important',
       'trust himself'], dtype=object)}",D
801431167b8bff06b9870abe9721536b,"He was very outgoing, for him making friends was no personal what?",making friends,"{'label': array(['A', 'B', 'C', 'D', 'E'], dtype=object), 'text': array(['scary', 'having friends', 'good feeling', 'conflict',
       'friendship'], dtype=object)}",D
85ebdd4f1a3c2ac900eee8e75e48ccaa,What do you feel when giving assistance to the needy?,giving assistance,"{'label': array(['A', 'B', 'C', 'D', 'E'], dtype=object), 'text': array(['reward', 'boredom', 'pleasure', 'happiness', 'satisfaction'],
      dtype=object)}",E
db1eb157671109bbb9113b0f71a6b957,Paul wants carrots and doesn't need to drive anywhere. He gets them from where?,carrots,"{'label': array(['A', 'B', 'C', 'D', 'E'], dtype=object), 'text': array(['refrigerator', 'store', ""farmer's market"", 'supermarket', 'dryer'],
      dtype=object)}",A
c02a3c2d4f726b9e1be99533a24a6ab4,"He was a sloppy eater, so where did he leave a mess?",mess,"{'label': array(['A', 'B', 'C', 'D', 'E'], dtype=object), 'text': array(['sailboat', 'desk', 'closet', 'table', 'apartment'], dtype=object)}",D
3ed6391c539e6daa5b5fdb1b6d5d8ace,What does every person want?,person,"{'label': array(['A', 'B', 'C', 'D', 'E'], dtype=object), 'text': array(['life partner', 'larger house', 'second chances', 'money',
       'headache'], dtype=object)}",A
1db19a32a3edbff9981976dc9ec800ce,"If a small flying animal picks up a string, where are they taking it?",string,"{'label': array(['A', 'B', 'C', 'D', 'E'], dtype=object), 'text': array([""bird's nest"", 'park', 'guitar', 'kite', 'quark'], dtype=object)}",A
1e5a138b4c7d456c37abf4990b402bbe,"He had no issue committing perjury, he had a what that he would get away with it?",committing perjury,"{'label': array(['A', 'B', 'C', 'D', 'E'], dtype=object), 'text': array(['confidence', 'go to jail', 'telling lies', 'lying', 'manual'],
      dtype=object)}",A
9402864beae075392d2ee6c10115fc21,What could go to a tennis court?,tennis court,"{'label': array(['A', 'B', 'C', 'D', 'E'], dtype=object), 'text': array(['desert', 'college campus', 'recreational center', 'athletic club',
       'park'], dtype=object)}",D
25136807f7b2e78b115698daa1677b4a,What could you use to fill a cup and then drink from it?,cup,"{'label': array(['A', 'B', 'C', 'D', 'E'], dtype=object), 'text': array(['sand box', 'kitchen cabinet', 'waterfall', 'water fountain',
       'table'], dtype=object)}",D
bc10bf2bfae26a2226823d42956f6cf0,"The two played video games all night in the living room, he enjoyed visiting where?",living room,"{'label': array(['A', 'B', 'C', 'D', 'E'], dtype=object), 'text': array(['formal seating', ""friend's house"", 'movies', 'home', 'apartment'],
      dtype=object)}",B
5a6559db6bae37e3a8af7350be212219,"The weasel ran up away from danger, somebody joked only our first president could get him down from the what?",weasel,"{'label': array(['A', 'B', 'C', 'D', 'E'], dtype=object), 'text': array(['washington dc', 'ladder', 'natural history museum', 'cherry tree',
       'chicken coop'], dtype=object)}",D
7ae17f5aecacf18c94a47cc48deb6c36,"If you were looking for a blowfish, you wouldn't look on dry land, you'd look in a what?",blowfish,"{'label': array(['A', 'B', 'C', 'D', 'E'], dtype=object), 'text': array(['fish market', 'jungle', 'sea water', 'body of water', 'soup'],
      dtype=object)}",D
5d809e0ee19badc66071653630ea7c51,"George checked the rotor of the Apache, which wasn't powered by internal combustion, but by what?",rotor,"{'label': array(['A', 'B', 'C', 'D', 'E'], dtype=object), 'text': array(['jet engine', 'helicopter', 'electric motor', 'rotator',
       'electrical circuit'], dtype=object)}",A
ad0943fc37034cd2b7e485021f8b1b8c,The poker dealer spread the flop of cards across the what?,cards,"{'label': array(['A', 'B', 'C', 'D', 'E'], dtype=object), 'text': array(['players', 'play games', 'casino', 'table', 'toy store'],
      dtype=object)}",D
c2a8c6814ed3e207771cfc23b3b42cf1,Where is a salt shaker most often kept?,saltshaker,"{'label': array(['A', 'B', 'C', 'D', 'E'], dtype=object), 'text': array(['cruet', 'table setting', 'kitchen cupboard', 'cabinet', 'store'],
      dtype=object)}",B
0b52cc905fff0ca69a45e6353d10e401,Where would you put a dollar if you want to go to a store and buy something with it?,dollar,"{'label': array(['A', 'B', 'C', 'D', 'E'], dtype=object), 'text': array(['cash drawer', 'teh bank', 'safety deposit box', 'pocket',
       'piggy bank'], dtype=object)}",D
30d0c2006613eec41ae814d76c17a798,What room is likely to have a sideboard on the counter?,sideboard,"{'label': array(['A', 'B', 'C', 'D', 'E'], dtype=object), 'text': array(['home', 'serve food buffet', 'dining room', 'living room',
       'kitchen'], dtype=object)}",E
f7a6d0d816d14210f3af5dabe21bf804,What is unlikely to get bugs on its windshield due to bugs' inability to reach it when it is moving?,windshield,"{'label': array(['A', 'B', 'C', 'D', 'E'], dtype=object), 'text': array(['airplane', 'scooter', 'motorboat', 'car', 'motor vehicle'],
      dtype=object)}",A
c306ab28498b67c53decb9dde1d78bd5,What mall store sells jeans for a decent price?,jeans,"{'label': array(['A', 'B', 'C', 'D', 'E'], dtype=object), 'text': array(['clothing store', 'bedroom', 'thrift store', 'apartment', 'gap'],
      dtype=object)}",E
637c710ec9582fd9b9e8eaa3f3fe83bb,Where can a bath towel be borrowed?,towel,"{'label': array(['A', 'B', 'C', 'D', 'E'], dtype=object), 'text': array(['cupboard', 'at hotel', 'swimming pool', 'clothes line',
       'backpack'], dtype=object)}",B
9ae52783d8fdb5cc2e8caa01542c3341,Why do people stop caring about their problems?,people,"{'label': array(['A', 'B', 'C', 'D', 'E'], dtype=object), 'text': array(['no problems', 'better themselves', 'face problems',
       'learn from each other', 'become disillusioned'], dtype=object)}",E
4f23829b96b38b5633ecc3325281726d,John rode on the plain until it reached the ocean and couldn't go any farther. What might he have bee on?,plain,"{'label': array(['A', 'B', 'C', 'D', 'E'], dtype=object), 'text': array(['mountain', 'fancy', 'sandplain', 'cliff', 'gorge'], dtype=object)}",D
3fcdc0b03e3c8b10692d642676931f4b,"They were never going to be big actors, but they all had passion for the local what?",actors,"{'label': array(['A', 'B', 'C', 'D', 'E'], dtype=object), 'text': array(['theater', 'opera', 'show', 'television', 'blockbuster feature'],
      dtype=object)}",A
ddd606743cf71679438a85280f64593a,Where would you use a folding chair but not store one?,folding chair,"{'label': array(['A', 'B', 'C', 'D', 'E'], dtype=object), 'text': array(['beach', 'city hall', 'closet', 'garage', 'school'], dtype=object)}",A
420641003ba20b966887dfac684efb17,"If you spend a long time shopping in uncomfortable shoes, you might develop what?",shopping,"{'label': array(['A', 'B', 'C', 'D', 'E'], dtype=object), 'text': array(['tiredness', 'calluses', 'bankruptcy', 'standing in line',
       'sleepyness'], dtype=object)}",B
064c3074a682893d49c3c5b4f1e89984,What does impeachment mean for the president?,president,"{'label': array(['A', 'B', 'C', 'D', 'E'], dtype=object), 'text': array(['vote', 'election', 'trouble', 'board room', 'corporation'],
      dtype=object)}",C
c640116ca6905d5256edadb616b3f76e,Noble citizen of the Roman empire believed those born with lower status were what to them?,noble,"{'label': array(['A', 'B', 'C', 'D', 'E'], dtype=object), 'text': array(['loser', 'ignoble', 'peasant', 'inferior', 'plebeian'],
      dtype=object)}",D
35ad89c198d5d6311a71c993bb7b6cba,Spraining an ankle while playing baseball will cause what?,playing baseball,"{'label': array(['A', 'B', 'C', 'D', 'E'], dtype=object), 'text': array(['strikes', 'eating', 'injury', 'sore muscles', 'pain'],
      dtype=object)}",E
916bbd27545446ca5d83d07c10d013ea,John was traveling to a new city and took time to check out a business.  He noticed that its carpet was stained with sauces and ketchup. What type of business might that be?,carpet,"{'label': array(['A', 'B', 'C', 'D', 'E'], dtype=object), 'text': array(['bedroom', 'chair', 'bowling alley', 'at hotel', 'restaurant'],
      dtype=object)}",E
e40fd2c17fe2cde4bd4af540d35fd518,"If you have a condo in a Wisconsin city known for beer, where are you?",condo,"{'label': array(['A', 'B', 'C', 'D', 'E'], dtype=object), 'text': array(['city', 'electrical circuit', 'residential area', 'suburbia',
       'milwaukee'], dtype=object)}",E
98a04457025f18c2287d5c610ff8000d,Where is hard to read note likely to be?,note,"{'label': array(['A', 'B', 'C', 'D', 'E'], dtype=object), 'text': array(['fridge', 'sheet music', 'desk', 'bed', 'medical chart'],
      dtype=object)}",E
f656a475f07d3adba9d1486eda8e834a,How does someone go about buying beer?,buying beer,"{'label': array(['A', 'B', 'C', 'D', 'E'], dtype=object), 'text': array(['have no money', 'pants', 'relaxation', 'lose money',
       'spend money'], dtype=object)}",E
c865b3547c2a2e3c3916d7be6ab25752,If there is gum on your shoe where did it likely come from?,gum,"{'label': array(['A', 'B', 'C', 'D', 'E'], dtype=object), 'text': array(['shelf', 'movies', 'sidewalk', 'water fountain', 'table'],
      dtype=object)}",C
abd30bab9b96f902fead5378d4f4a1e4,If a person isn't able to pay their bills what must they do?,person,"{'label': array(['A', 'B', 'C', 'D', 'E'], dtype=object), 'text': array(['know everything', 'acknowledgment', 'make more money',
       'throw a party', 'spare time'], dtype=object)}",C
a4b44a986e7f9045432e20ea75611df4,What is main benefit to exercising?,exercising,"{'label': array(['A', 'B', 'C', 'D', 'E'], dtype=object), 'text': array(['losing weight', 'healthy', 'get in shape', 'weight loss', 'sweat'],
      dtype=object)}",C
1f492f556fae64f72ce36b6caa242dd0,"Steve thought that it was possible, but he agreed that it was what?",possible,"{'label': array(['A', 'B', 'C', 'D', 'E'], dtype=object), 'text': array(['no go', 'unable', 'unlikely', 'impossibility', 'cant do'],
      dtype=object)}",C
d0c67c7ae6f2361fe237110455127866,What region of a west coast U.S. city would you find a Japanese restaurant?,japanese restaurant,"{'label': array(['A', 'B', 'C', 'D', 'E'], dtype=object), 'text': array(['california', 'tokio', 'downtown', 'narnia', 'large town'],
      dtype=object)}",C
7bb279e38a1c9eb47a0c7af979a131a2,What is a tactic used to interfere with learning about science?,learning about science,"{'label': array(['A', 'B', 'C', 'D', 'E'], dtype=object), 'text': array(['repetition', 'sense of wonder', 'accidents', 'intimidation',
       'increased knowledge'], dtype=object)}",D
3095078e4771053d9d5fa8d4f5f3dc38,What do people usually feel when falling in love?,falling in love,"{'label': array(['A', 'B', 'C', 'D', 'E'], dtype=object), 'text': array(['getting married', 'pain', 'happiness', 'getting married',
       'suffering'], dtype=object)}",C
b23edb651e623e5d1e03e8ed3937e8fc,The tiger was stuck in what animal prison where he got lazy and fat?,tiger,"{'label': array(['A', 'B', 'C', 'D', 'E'], dtype=object), 'text': array(['jungle', 'zoo', 'kill', 'india', 'eat cake'], dtype=object)}",B
acf6b667e9353b1743b7c4f60a6a9017,What do parents tell a child to do on the weekend?,child,"{'label': array(['A', 'B', 'C', 'D', 'E'], dtype=object), 'text': array(['study', 'begin school', 'go out to play', 'row boat',
       'clean room'], dtype=object)}",C
15b090801256085ad465e74af47cbee9,Why are dogs often known as man's best friend?,dogs,"{'label': array(['A', 'B', 'C', 'D', 'E'], dtype=object), 'text': array(['aggressive', 'friendly', 'very loyal', 'found outside',
       'very smart'], dtype=object)}",C
790b3f583e9bc9424c771691ecc70c20,Where can you buy a two wheel transportation machine?,wheel,"{'label': array(['A', 'B', 'C', 'D', 'E'], dtype=object), 'text': array(['boat', 'michigan', 'train station', 'bicycle shop',
       'trunk of car'], dtype=object)}",D
22b8219d43a38a1130e0a35ece152337,Where might an alien use a vacuum?,vacuum,"{'label': array(['A', 'B', 'C', 'D', 'E'], dtype=object), 'text': array(['space', 'closet', 'kitchen', 'orbit', 'container'], dtype=object)}",A
5d4233146435ab0ca211e8ac9bfce76f,Where do you buy condoms?,condoms,"{'label': array(['A', 'B', 'C', 'D', 'E'], dtype=object), 'text': array(['supermarket', 'sock drawer', 'cd store', 'medicine chest',
       'bedroom'], dtype=object)}",A
be737cd4db844574ef594442ce6c9453,What animal is known for being a follower?,sheep,"{'label': array(['A', 'B', 'C', 'D', 'E'], dtype=object), 'text': array(['goat', 'expensive', 'lion', 'wolf', 'meadow'], dtype=object)}",A
550164b7cf4e03153484136f10122c70,"The soldier was told to get to the rendezvous point, for there he was suppose to what?",soldier,"{'label': array(['A', 'B', 'C', 'D', 'E'], dtype=object), 'text': array(['fight enemy', 'go to war', 'fight for freedom', 'wait for orders',
       'follow instructions'], dtype=object)}",D
a617eb4d27edea93e7fd630ce00c8219,If you want to kill someone you can do what to them with a gun?,kill,"{'label': array(['A', 'B', 'C', 'D', 'E'], dtype=object), 'text': array(['sip through', 'damnation', 'shoot', 'commit crime',
       'eat breakfast'], dtype=object)}",C
bd47827418d5b8d7fb3502a398644435,"The hostess greeted the employees to the program, she then led them to their what?",hostess,"{'label': array(['A', 'B', 'C', 'D', 'E'], dtype=object), 'text': array(['group people', 'welcome guests', 'occupations', 'work room',
       'seat customer'], dtype=object)}",D
31487ab8b1e8f12e252590cc58bd19c2,Where is a likely place to store unused soap?,soap,"{'label': array(['A', 'B', 'C', 'D', 'E'], dtype=object), 'text': array(['cabinet', 'supermarket', 'jail', 'butt', 'own home'], dtype=object)}",A
ce2fd94212243f843b3f357046051f57,Loss of someone you love can cause what kind of feeling in your heart?,love,"{'label': array(['A', 'B', 'C', 'D', 'E'], dtype=object), 'text': array(['painful', 'happy', 'blind', 'contagious', 'bring joy'],
      dtype=object)}",A
f87f40db71a56b5beda3194550202dc9_1,Where in your home would you keep a ballpoint pen when not in use?,ballpoint pen,"{'label': array(['A', 'B', 'C', 'D', 'E'], dtype=object), 'text': array(['backpack', 'bank', 'desk drawer', 'eat cake', 'office desk'],
      dtype=object)}",C
0b25bbd9e9aa976655e1975e31331709,"James was someone who was caught in his own delusions.  To him, the truth didn't do what what?",truth,"{'label': array(['A', 'B', 'C', 'D', 'E'], dtype=object), 'text': array(['work to advantage', 'matter to', 'help', 'free mind',
       'further knowledge'], dtype=object)}",B
925232b4c9bba945a38ac7ef0f15f8d0,"He wanted to live somewhere were every yard was uniform in size and landscaping, where should he look for a house?",yard,"{'label': array(['A', 'B', 'C', 'D', 'E'], dtype=object), 'text': array(['city', 'three feet', 'subdivision', 'parking garage', 'michigan'],
      dtype=object)}",C
3338109fcafaaa370c8900a53e1b3ed8,"The flasks was used to distill elements, where was is being used?",flask,"{'label': array(['A', 'B', 'C', 'D', 'E'], dtype=object), 'text': array(['laboratory', 'chemistry lab', 'coat pocket',
       'after hours speakeasy', 'bordello'], dtype=object)}",B
e172a93c72d305ee8262a8deb00d9fc3,What was the man encouraged to do after he expressed his anger violently?,anger,"{'label': array(['A', 'B', 'C', 'D', 'E'], dtype=object), 'text': array(['cool off', 'punch', 'illustrate point', 'fight', 'release energy'],
      dtype=object)}",A
f1c2e37abf17d9e4ad16eb40f966c79f,Where can a student learn to play a triangle?,triangle,"{'label': array(['A', 'B', 'C', 'D', 'E'], dtype=object), 'text': array(['math class', 'math book', ""in pythagorus' band"", 'orchestra',
       'music class'], dtype=object)}",E
d29252ddaf7c7ef491abcce342d7bb98,What do you need to do to use television if it is already turned on?,use television,"{'label': array(['A', 'B', 'C', 'D', 'E'], dtype=object), 'text': array(['get wet', 'open eyes', 'kill', 'plug in', 'first turn on power'],
      dtype=object)}",B
8c3c6b34bdb650a6517bca3786406c99,"The guys had a regular poker game, rather than going to the movies this what their what?",playing poker,"{'label': array(['A', 'B', 'C', 'D', 'E'], dtype=object), 'text': array(['competition', 'fun game', 'losing money', 'fun', 'social event'],
      dtype=object)}",E
ff1bf2ec835c9df8695ae0cfb5281646,When you stroke a dogs fur what have you done?,dog,"{'label': array(['A', 'B', 'C', 'D', 'E'], dtype=object), 'text': array(['start fighting', 'play', 'lots of attention', 'petted', 'bone'],
      dtype=object)}",D
c7526b682e64f355384631b35cd78fc9,Dan fell off a bar stool.  He did this because he was what than ever before?,bar stool,"{'label': array(['A', 'B', 'C', 'D', 'E'], dtype=object), 'text': array(['kitchen', 'drunker', 'tavern', 'restaurant', 'shorter'],
      dtype=object)}",B
0fba83d3997f048adcc31937221af77e,"The wood was still rough to the touch, what did the woodworker have to do?",wood,"{'label': array(['A', 'B', 'C', 'D', 'E'], dtype=object), 'text': array(['petrify', 'sanded', 'warp', 'composted', 'clean'], dtype=object)}",B
a5456dc611aa93b81d7ab6ed8e160f85,"The chief saw his entire tribe wiped out, he was a leader with a single what?",chief,"{'label': array(['A', 'B', 'C', 'D', 'E'], dtype=object), 'text': array(['peon', 'indian', 'minister', 'follower', 'employee'], dtype=object)}",D
11416df796f63d2f0dddc846b9c139d3,"The flower grew tall to compete for sunlight, what did its neighbor do?",flower,"{'label': array(['A', 'B', 'C', 'D', 'E'], dtype=object), 'text': array(['blossom', 'park', 'open', 'cast shadow', 'vase'], dtype=object)}",D
c908d7c4633c5e6add9463bdd47cb27e,"If while driving to work another car makes a careless maneuver, what emotion might you feel?",driving to work,"{'label': array(['A', 'B', 'C', 'D', 'E'], dtype=object), 'text': array(['boredom', 'happiness', 'transportation cost', 'getting there',
       'road rage'], dtype=object)}",E
7e522a60756f854c5331125f998bc36b,What kind of food makes someone sick?,food,"{'label': array(['A', 'B', 'C', 'D', 'E'], dtype=object), 'text': array(['boat', 'necessary to live', 'edible', 'unhealthy', 'kitchen'],
      dtype=object)}",D
f4a75bf3f115b826a8097edfd0ff2781,Where would you find the sharpest parts of a triangle?,triangle,"{'label': array(['A', 'B', 'C', 'D', 'E'], dtype=object), 'text': array(['three vertices', 'point', '3 sides', 'three sides', 'math book'],
      dtype=object)}",A
02f43014a135cbd39f23b044c99de96e,How might a automobile get off a freeway?,automobile,"{'label': array(['A', 'B', 'C', 'D', 'E'], dtype=object), 'text': array(['exit ramp', 'garage', 'driveway', 'repair shop', 'stop light'],
      dtype=object)}",A
8cf478192696744b3427f7c109019af5,What does going to bed with your spouse for sex lead to?,going to bed,"{'label': array(['A', 'B', 'C', 'D', 'E'], dtype=object), 'text': array(['bad dreams', 'a good nights sleep', 'rest', 'sleepiness',
       'get pregnant'], dtype=object)}",E
4ccd43cdff044bc4c644dadff1ff1e0b,What would it be if they get a surprising show over and over?,surprising,"{'label': array(['A', 'B', 'C', 'D', 'E'], dtype=object), 'text': array(['surprise', 'fight', 'annoyance', 'might scare', 'irritated'],
      dtype=object)}",C
7b7941b883328ad39048d4dfb1eb5623,Sally thought that competing wasn't worth the risk. If she pushed more what might happen?,competing,"{'label': array(['A', 'B', 'C', 'D', 'E'], dtype=object), 'text': array(['pressure', 'trying harder', 'put harder', 'enemies', 'death'],
      dtype=object)}",E
008b7ba0c039f6d0d542c6c90aae173c,"John is sitting in a toilet stall in a bathroom, outside he can hear cars going around in circles.  What is the function of the place he is most likely at?",bathroom,"{'label': array(['A', 'B', 'C', 'D', 'E'], dtype=object), 'text': array(['eating food', 'public place', 'race track', 'at hotel',
       'public building'], dtype=object)}",C
4c968fa73699a38639ba3ffa1745bc21,What event might one buy tickets for seats?,seats,"{'label': array(['A', 'B', 'C', 'D', 'E'], dtype=object), 'text': array(['park', 'show', 'auditorium', 'movies', 'rest area'], dtype=object)}",B
b1d5cdbf8ef7b3954a6a352bd4df5866,"The merchant wanted to open in a high-traffic space, where did he rent space?",merchant,"{'label': array(['A', 'B', 'C', 'D', 'E'], dtype=object), 'text': array(['mall', 'business', 'store', 'sale', 'sell goods'], dtype=object)}",A
c3bc395561113c96ec43afd715da5061,"The newlyweds began copulating their marriage, they wanted many what?",copulating,"{'label': array(['A', 'B', 'C', 'D', 'E'], dtype=object), 'text': array(['babies', 'odors', 'sadness', 'rapport', 'ejaculation'],
      dtype=object)}",A
d0bd5b5ee7319d1c4727e38d429dd54e,How does a planet usually move around the sun?,planet,"{'label': array(['A', 'B', 'C', 'D', 'E'], dtype=object), 'text': array(['writing', 'universe', 'outer space', 'outerspace', 'orbit'],
      dtype=object)}",E
81f5e741d970578867495ceea5a0c848,When a group of people are talking at work they might be doing what?,talking,"{'label': array(['A', 'B', 'C', 'D', 'E'], dtype=object), 'text': array(['having a concert.', 'cough', 'sharing of ideas', 'speak',
       'sneeze'], dtype=object)}",C
6714593a8d1f8ae39930c1f0316e9ffc,What emotion leads to punching?,punching,"{'label': array(['A', 'B', 'C', 'D', 'E'], dtype=object), 'text': array(['fists', 'hitting', 'boxing gloves', 'anger', 'hands'],
      dtype=object)}",D
75cb55aec7e64f592c01eee5d4578dcd,"They kept doing things the same, she suggested they also try doing things what?",also,"{'label': array(['A', 'B', 'C', 'D', 'E'], dtype=object), 'text': array(['differently', 'otherwise', 'expensive', 'only', 'mere'],
      dtype=object)}",A
0b30831fb1862bc62339bdf930cbc447,Where could you find a shark before it was caught?,shark,"{'label': array(['A', 'B', 'C', 'D', 'E'], dtype=object), 'text': array(['pool hall', 'tomales bay', 'marine museum', 'business', 'desert'],
      dtype=object)}",B
29c194d032a266a7160bff6f546a4d9d,Where is one likely to find poker chips?,chips,"{'label': array(['A', 'B', 'C', 'D', 'E'], dtype=object), 'text': array(['supermarket', 'pantry', 'motherboard', 'bar', 'bar'], dtype=object)}",D
ea33206992fb7ad1c3476e9673bb4a9c,"Dance can be elegant and specific, or you can just have fun and what?",dance,"{'label': array(['A', 'B', 'C', 'D', 'E'], dtype=object), 'text': array(['falling down', 'trip', 'fall down', 'move around', 'celebrate'],
      dtype=object)}",D
2b7dd91da5dde1560ace2cd82af926de,Where can one obtain a bass fiddle?,bass fiddle,"{'label': array(['A', 'B', 'C', 'D', 'E'], dtype=object), 'text': array(['jazz band', 'string quartet', 'group band', 'nursery rhyme',
       'music store'], dtype=object)}",E
eb50f536830ba18ab987c7ff652e2aba,Why does having a disability sometimes making academic tasks hard for a person?,person,"{'label': array(['A', 'B', 'C', 'D', 'E'], dtype=object), 'text': array(['mentally challenged', 'have choice', 'lots of space', 'hungry',
       'acknowledgment'], dtype=object)}",A
6bc3ebcfd04965c25bde71339955746c,What is the purpose of playing games for children?,playing games,"{'label': array(['A', 'B', 'C', 'D', 'E'], dtype=object), 'text': array(['winning', 'learning', 'losing', 'fatigue', 'skill'], dtype=object)}",B
163898952cb6baf3a6440696e1352e86,"If for some reason you were to start killing people, what would you be likely to receive?",killing people,"{'label': array(['A', 'B', 'C', 'D', 'E'], dtype=object), 'text': array(['feelings of guilt', 'prison sentence', 'terrible',
       'encouragement', 'die'], dtype=object)}",B
aa984e2b487d08889bc0c73bab5ac945,If someone laughs after surprising them they have a good sense of what?,surprising,"{'label': array(['A', 'B', 'C', 'D', 'E'], dtype=object), 'text': array(['joy', 'fight', 'frightened', 'humor', 'laughter'], dtype=object)}",D
d78baca23e0a636a8961e17119047e63,People played a variety of games in the soccer field.  It was the closest thing they had to what?,soccer field,"{'label': array(['A', 'B', 'C', 'D', 'E'], dtype=object), 'text': array(['town', 'beach', 'park', 'near', 'outside'], dtype=object)}",C
ac6378b5e8462dc1bde1155d706213d8,What is likely to have a better school cafeteria?,school cafeteria,"{'label': array(['A', 'B', 'C', 'D', 'E'], dtype=object), 'text': array(['high school', 'canteen', 'polytechnic', 'large room',
       'all kinds of schools'], dtype=object)}",C
c1aebf059c5102f4e773f7fe4afe13f0,When someone has little knowledge and is judging someone they are considered what?,judging,"{'label': array(['A', 'B', 'C', 'D', 'E'], dtype=object), 'text': array(['objectivity', 'knowing yourself', 'experience', 'ignorance',
       'introduction'], dtype=object)}",D
1017807310a25d3ea4a4ec305e91cba3,"She wanted to get in shape, but she couldn't stay focused on the hour long what?",get in shape,"{'label': array(['A', 'B', 'C', 'D', 'E'], dtype=object), 'text': array(['sweating', 'excercise', 'work out', 'video', 'swim'], dtype=object)}",C
7192c9f5c513aac9042bad595ff5af9f,"When you do something and have fun, its something you?",have fun,"{'label': array(['A', 'B', 'C', 'D', 'E'], dtype=object), 'text': array(['spontaneous', 'stop working', 'pay for', 'do like', 'do enjoy'],
      dtype=object)}",E
7c05e8d5a057085455eea243fbd1cd90,What is a salesman responsible to do at work?,salesman,"{'label': array(['A', 'B', 'C', 'D', 'E'], dtype=object), 'text': array(['traveling to chicago', 'get fired', 'books', 'sell products',
       'service account'], dtype=object)}",D
3cb91a71a6567da870eedf37becc97ef,How does going jogging generally affect one's self esteem?,going jogging,"{'label': array(['A', 'B', 'C', 'D', 'E'], dtype=object), 'text': array(['feel better', 'feel pride', 'sweating', 'ocean', 'arthritis'],
      dtype=object)}",A
9b4bbf3c4d24ecdb4b27320afb706808,Where would you find people standing in a line outside?,people,"{'label': array(['A', 'B', 'C', 'D', 'E'], dtype=object), 'text': array(['bus depot', 'end of line', 'opera', ""neighbor's house"", 'meeting'],
      dtype=object)}",A
43df3a316880d8bab346c06bd43b94dd,If you are committing perjury you have done what while under oath?,committing perjury,"{'label': array(['A', 'B', 'C', 'D', 'E'], dtype=object), 'text': array(['crime', 'disrespect judge', 'embarrassment', 'lie', 'indictment'],
      dtype=object)}",D
858a5eaa587fe0e266722228671a6bd1,"Where can you find the meaning of ""ficus""?",ficus,"{'label': array(['A', 'B', 'C', 'D', 'E'], dtype=object), 'text': array(['dictionary', 'apartment', 'libary', 'middle east', 'arboretum'],
      dtype=object)}",A
34005ef0caafefc8585c9fcd50e94557,When are people buying products more?,buying products,"{'label': array(['A', 'B', 'C', 'D', 'E'], dtype=object), 'text': array(['debt', 'economic boom', 'being able to use', 'disagreements',
       'trading'], dtype=object)}",B
f61d83f90b92a8d537989e55ee70542d,"The buildings were intended to not have residential kitchens in them, what were they designed for?",buildings,"{'label': array(['A', 'B', 'C', 'D', 'E'], dtype=object), 'text': array(['large city', 'small', 'eat cake', 'university', 'town'],
      dtype=object)}",D
3bf06235a537adc9d85431846595b800,"Animals come in all types, some fly thanks to their lightweight hollow what?",animals,"{'label': array(['A', 'B', 'C', 'D', 'E'], dtype=object), 'text': array(['tails', 'bones', 'eyes', 'heads', 'bodies'], dtype=object)}",B
79ec11d8072ce42779adfe0a19bd5374,"The child felt like it was all pretend, he didn't understand what?",pretend,"{'label': array(['A', 'B', 'C', 'D', 'E'], dtype=object), 'text': array(['people believe', 'daydreams', 'transcendentalism', 'laughter',
       'religion'], dtype=object)}",E
2982d0eae1bf880f5930341af7665716,Where is a lake likely to be glacial?,lake,"{'label': array(['A', 'B', 'C', 'D', 'E'], dtype=object), 'text': array(['michigan', 'new york', 'new york', 'mountains', 'countryside'],
      dtype=object)}",D
ba9132ebf2bc3ad21e6a0631dc4e0a77,"They needed grape juice for their party, they went to buy it and other snacks at the what?",grape,"{'label': array(['A', 'B', 'C', 'D', 'E'], dtype=object), 'text': array(['field', 'restaurant', 'salad', 'market', 'food store'],
      dtype=object)}",E
d06de16a4aaeaef32b398c1213257b4a,Why do some people get passports and go to different locations?,people,"{'label': array(['A', 'B', 'C', 'D', 'E'], dtype=object), 'text': array(['believe in god', 'smoke marijuana', 'desire to travel',
       'use weapons', 'throw away'], dtype=object)}",C
eee9476bf29498b7d74b043afe316fc6,Where do apples form on an apple tree?,apple tree,"{'label': array(['A', 'B', 'C', 'D', 'E'], dtype=object), 'text': array(['south africa', 'sunshine', 'new york', 'bloom', 'trunk'],
      dtype=object)}",D
a85441d6a0e3f871d81a9f19b31360b7,Where areas are there likely to be many nightclubs?,nightclub,"{'label': array(['A', 'B', 'C', 'D', 'E'], dtype=object), 'text': array(['manhattan', 'drink and dance', 'alcohol', 'major city',
       'downtown area'], dtype=object)}",D
f11a2975898033893d6a38f75d791fdf,What can machines do that humans cannot?,machines,"{'label': array(['A', 'B', 'C', 'D', 'E'], dtype=object), 'text': array(['fail to work', 'perform work', 'answering questions', 'see work',
       'fly'], dtype=object)}",E
a2977fd575faba162d04a490dabd1b9b,What does someone stop doing when being dead?,dead,"{'label': array(['A', 'B', 'C', 'D', 'E'], dtype=object), 'text': array(['moving', 'working', 'breathing', 'alive', 'deadworks'],
      dtype=object)}",C
cd39e442204d3edf7acc185fd59c8a44,The place where my linen closet is really needs repainting a light color as it only has one overhead light.,linen closet,"{'label': array(['A', 'B', 'C', 'D', 'E'], dtype=object), 'text': array(['house', 'home', 'pool house', 'hallway', 'bedroom'], dtype=object)}",D
c77e1039d78cdff197a370fcda0f2b9f,Punk rock music is an important part of what action sport?,music,"{'label': array(['A', 'B', 'C', 'D', 'E'], dtype=object), 'text': array(['skate', 'listen', 'opera', 'opera', 'relax'], dtype=object)}",A
f537f6bb8527724e0b1e1c1051326cd5,Where might a mouse be found to make it country?,mouse,"{'label': array(['A', 'B', 'C', 'D', 'E'], dtype=object), 'text': array(['kitchen', 'cook', 'computer lab', 'old barn',
       'research laboratory'], dtype=object)}",D
d3b145911a76fd6fbe9a23ab027be024,Where is a bird likely to make it's home?,bird,"{'label': array(['A', 'B', 'C', 'D', 'E'], dtype=object), 'text': array(['forest', 'nest', 'roof', 'leaves', 'sky'], dtype=object)}",A
dc2fa76467ff342abdb4cf142f92dddd,When a person suffers from hunger early in the day what do they do?,hunger,"{'label': array(['A', 'B', 'C', 'D', 'E'], dtype=object), 'text': array(['eat hamburger', 'eat breakfast', 'open fridge', 'buy food',
       'cook dinner'], dtype=object)}",B
246249cd7976358051a9811ff9c30736,How would you express information if you do not have a pen or pencil?,express information,"{'label': array(['A', 'B', 'C', 'D', 'E'], dtype=object), 'text': array(['may disagree', 'close mouth', 'write down', 'talk', 'eyes'],
      dtype=object)}",D
32be8cbc1b5a967310bcab8b80563481,What does everyone feel of monsters?,everyone,"{'label': array(['A', 'B', 'C', 'D', 'E'], dtype=object), 'text': array(['looking for love', 'afraid of', 'good at', 'make pet',
       'different'], dtype=object)}",B
ad769851a59375865607452d3bf2a45d,Why does someone want to examine thing closely?,examine thing,"{'label': array(['A', 'B', 'C', 'D', 'E'], dtype=object), 'text': array(['buy', 'learn about', 'buy', 'complex', 'interesting'],
      dtype=object)}",B
5ea6b94d1a911365b06cf776919413e8,What does 	drinking alcohol lead to?,drinking alcohol,"{'label': array(['A', 'B', 'C', 'D', 'E'], dtype=object), 'text': array(['have fun', 'intoxication', 'vomiting', 'drinking more alcohol',
       'nausea'], dtype=object)}",B
820df15b615d221e38a71fcc44461085,Where would your hear a bass clarinet along side other wood wind instruments?,bass clarinet,"{'label': array(['A', 'B', 'C', 'D', 'E'], dtype=object), 'text': array(['opera house', 'school band', 'music store', 'orchestra',
       'bathroom stall'], dtype=object)}",D
0a4a00ba435397c4a0496dd2c2426be7,What is the opposite of a little of something?,little,"{'label': array(['A', 'B', 'C', 'D', 'E'], dtype=object), 'text': array(['much', 'plenty', 'more', 'big', 'lot of'], dtype=object)}",E
a7f29f4aebe0e3bcb77038fea71bf28c,"The princess was pure, the evil wizard wished to do what to her?",pure,"{'label': array(['A', 'B', 'C', 'D', 'E'], dtype=object), 'text': array(['dirty', 'tarnish', 'corrupt', 'contaminated', 'applied'],
      dtype=object)}",C
ecd32cc0c17d4738a27bba3399f04591,"The piece of paper was worth a lot of money, it was an old Apple Inc what?",paper,"{'label': array(['A', 'B', 'C', 'D', 'E'], dtype=object), 'text': array(['notebook', 'copy machine', 'stock certificate', 'ream',
       'thumb drive'], dtype=object)}",C
8b2af2d865b7dc500427786c846eacaf,"During the winter hunt he could hear every motion in the woods, this was because of the what of everything?",motion,"{'label': array(['A', 'B', 'C', 'D', 'E'], dtype=object), 'text': array(['being still', 'silence', 'stationary', 'stillness',
       'standing still'], dtype=object)}",D
383282aace64dd49138bac2392f8b38e,"If a car-less person want to listen to talk radio in private, where might they listen to it?",radio,"{'label': array(['A', 'B', 'C', 'D', 'E'], dtype=object), 'text': array(['trunk', 'bedroom', 'diner', 'space shuttle', 'shop'], dtype=object)}",B
eaf6838d29bcd4ebf408da2f75aa65c3,"Billy was an astronaut.  When he looked at the world from space, how did it look?",world,"{'label': array(['A', 'B', 'C', 'D', 'E'], dtype=object), 'text': array(['diverse', 'round', 'square', 'orange', 'complicated'],
      dtype=object)}",B
7c8bc9c0e56389eef033bca40c88c151,Where is a good place to have a fireplace in a house?,fireplace,"{'label': array(['A', 'B', 'C', 'D', 'E'], dtype=object), 'text': array(['big house', 'train', 'cabin', 'living room', 'home'], dtype=object)}",D
ca60a46c9007e4b6213f50bfb5342fdd,If you own a cat where is the last place you'd want to find it?,cat,"{'label': array(['A', 'B', 'C', 'D', 'E'], dtype=object), 'text': array(['trouble', ""dog's mouth"", 'backyard', 'nature', 'home'],
      dtype=object)}",B
f50209f04d11690d7c8f30e29b35ff02,Where would you find a kosher deli along side a number of different places to eat?,kosher deli,"{'label': array(['A', 'B', 'C', 'D', 'E'], dtype=object), 'text': array(['los angeles', 'food court', 'new york city', 'jewish community',
       'jewish neighborhoods'], dtype=object)}",B
d725f1c2e150a3221de31612123f3f46,What do you do when you're going to market?,going to market,"{'label': array(['A', 'B', 'C', 'D', 'E'], dtype=object), 'text': array(['buy food', 'see other people', 'buying vegetables',
       'buy a fat pig', 'traveling'], dtype=object)}",A
f7735d721dfdc94621154951d4eaa4cf,"She feared that she had cancer, but upon discovering truth that she hadn't, what was her attitude toward life?",discovering truth,"{'label': array(['A', 'B', 'C', 'D', 'E'], dtype=object), 'text': array(['conclusion', 'pain', 'happiness', 'relief', 'boring'],
      dtype=object)}",C
eaf980db7e945b1cf6d648fa55ddcb5e,What is the feeling of one having fun?,having fun,"{'label': array(['A', 'B', 'C', 'D', 'E'], dtype=object), 'text': array(['smiling', 'pleasure', 'hurt', 'injuries', 'laughter'],
      dtype=object)}",B
8bbfe8cd056d612e9d3190f278bef287,"If I keep getting crumbs under my table, what should I put under it?",table,"{'label': array(['A', 'B', 'C', 'D', 'E'], dtype=object), 'text': array(['conference', ""neighbor's house"", 'rug', 'net', 'card room'],
      dtype=object)}",C
aa7c4c351cf8d59792aa68e3de339db4,Christians believe you will go to heaven if you're what?,dying,"{'label': array(['A', 'B', 'C', 'D', 'E'], dtype=object), 'text': array(['unable to work', 'born again', 'change of color', 'dead',
       'no longer exist'], dtype=object)}",B
23df3bac9cfcb156f4cfd8a05f21c5e2,James loved to surf but he wasn't good at it. He would always do what?,surf,"{'label': array(['A', 'B', 'C', 'D', 'E'], dtype=object), 'text': array(['wipe out', 'enjoy yourself', 'start fighting', 'get wet', 'drown'],
      dtype=object)}",A
d21777d771dc6fd08e769d378651817e,"Sarah gave her brother a guy to her home.  While she was gone, he used it to do what?",key,"{'label': array(['A', 'B', 'C', 'D', 'E'], dtype=object), 'text': array(['front door', 'turn lock', 'solution to problem', 'install',
       'open doors'], dtype=object)}",E
611a4cc0e288b8a11afa923f48cb2ab4,When did mammoth's live?,mammoth,"{'label': array(['A', 'B', 'C', 'D', 'E'], dtype=object), 'text': array(['boscage', 'forest', 'prehistory', 'prehistoric times',
       'ancient times'], dtype=object)}",E
8e7941ce31996ca83cc0a68f7313c96d,"After killing people, the murderer went to church after feeling what?",killing people,"{'label': array(['A', 'B', 'C', 'D', 'E'], dtype=object), 'text': array(['murder', 'remorse', 'religious', 'retaliation', 'anguish'],
      dtype=object)}",B
ea02772e27f5bd40eced3b65e8c6427f,What might result in an unsuccessful suicide attempt?,committing suicide,"{'label': array(['A', 'B', 'C', 'D', 'E'], dtype=object), 'text': array(['die', 'interruption', 'bleed', 'hatred', 'dying'], dtype=object)}",B
de54d03e69d9765872f95ff06ed21499,What can happen if you are buying products that someone else does not want you to buy?,buying products,"{'label': array(['A', 'B', 'C', 'D', 'E'], dtype=object), 'text': array(['joy', 'disagreements', 'agony', 'pleasure', 'owning'],
      dtype=object)}",B
b231a732a3fdf0621391e7e385f8d651,"The child was getting many gifts for his birthday, his father reminded him to do what after opening each one?",getting,"{'label': array(['A', 'B', 'C', 'D', 'E'], dtype=object), 'text': array(['show appreciation', 'asking for', 'exchanging', 'say thank',
       'smile'], dtype=object)}",D
b9121c3228f961c5ad68958c702cd94b,"Bob stands in the grass surrounded by trees and nature, where is Bob?",grass,"{'label': array(['A', 'B', 'C', 'D', 'E'], dtype=object), 'text': array(['rest area', 'desert', 'state park', 'fairgrounds', 'soccer game'],
      dtype=object)}",C
4015ab002ff8c233d1c7ef26f5156b88,Bart entered his horse into the contest.  Where did he do this?,horse,"{'label': array(['A', 'B', 'C', 'D', 'E'], dtype=object), 'text': array(['circus', 'in kentucky', 'western movie', 'central park',
       'state fair'], dtype=object)}",E
0197ade3bb26d163ab2e284c960c626f,From where does a snowflake form?,snowflake,"{'label': array(['A', 'B', 'C', 'D', 'E'], dtype=object), 'text': array(['cloud', 'snow storm', 'billow', 'air', 'snowstorm'], dtype=object)}",A
a90f9197a13c64089c9ba95bcba275ad,All the power tools like the drill used for fixing cars made for a very loud workplace where?,drill,"{'label': array(['A', 'B', 'C', 'D', 'E'], dtype=object), 'text': array(['basement', 'work shop', 'tool shed', 'repair shop', 'store room'],
      dtype=object)}",D
684204df916cc58d47293960f9c6ed9f,"Applying for a job can make someone feel what sort of emotion, even if they get it?",applying for job,"{'label': array(['A', 'B', 'C', 'D', 'E'], dtype=object), 'text': array(['working hard', 'frustration', 'rejection', 'defeat', 'stress'],
      dtype=object)}",E
a2aa95861ef74bf1ecfc55db505e3982,"A farmer sees a weasel in the woods, where is the farmer?",weasel,"{'label': array(['A', 'B', 'C', 'D', 'E'], dtype=object), 'text': array(['chicken coop', 'beach', 'fairytale', 'great outdoors',
       'corn fields'], dtype=object)}",D
8555dd9667d010018961a2f7d1c22704,"He picked up the perfect pebble, he planned to skip it across the entire small what?",pebble,"{'label': array(['A', 'B', 'C', 'D', 'E'], dtype=object), 'text': array(['manual', 'lake', 'aquarium', 'pond', 'playground'], dtype=object)}",D
84a761f516efce04ab27d7ca8dd25255,Traveling from new place to new place is likely to be what?,traveling,"{'label': array(['A', 'B', 'C', 'D', 'E'], dtype=object), 'text': array(['going somewhere', 'exhilarating', 'diarrhea', 'relocation',
       'exhausting'], dtype=object)}",B
45a6becd307342669d9d17474e50b97a,Turkey only has a small northern part of their country located in part of the what?,turkey,"{'label': array(['A', 'B', 'C', 'D', 'E'], dtype=object), 'text': array(['middle east', 'oven', 'balkan peninsula', 'provide meat',
       'asia minor'], dtype=object)}",C
c509c499bace6de324b39c0d4d0c30fa,Where might someone store a reusable shopping bag?,shopping bag,"{'label': array(['A', 'B', 'C', 'D', 'E'], dtype=object), 'text': array(['supermarket', 'home', 'mart', 'obesity', 'closet'], dtype=object)}",E
77ddc9134bb27f9962aa2ed5ec5a5ef9,How could you have fun by yourself with no one around you?,fun,"{'label': array(['A', 'B', 'C', 'D', 'E'], dtype=object), 'text': array(['fairgrounds', 'watching television', 'tired', 'enjoyable',
       ""friend's house""], dtype=object)}",B
715583129369c0c5c9f499c93a1c095e,The potato might be the official vegetable of what?,potato,"{'label': array(['A', 'B', 'C', 'D', 'E'], dtype=object), 'text': array(['vegans', 'kitchen cupboard', 'restaurants', 'chicken', 'maryland'],
      dtype=object)}",E
a478e8b7c049781574f7fbb11ba1eec0,Where is the sky most beautiful?,sky,"{'label': array(['A', 'B', 'C', 'D', 'E'], dtype=object), 'text': array(['planetarium', 'outdoors', 'atmosphere', 'night', 'photo'],
      dtype=object)}",B
f427f9de6bf580314531baf86de8acbc,What type of fruit is easily broken in to sections?,section,"{'label': array(['A', 'B', 'C', 'D', 'E'], dtype=object), 'text': array(['slide', 'citrus', 'band', 'orchestra', 'coconut'], dtype=object)}",B
0f7425ecbe369bf41a230aab92d84132,"Marathoners feel fatigued after running twenty six miles, but some that have pushed them self too hard might be prone to what?",running twenty six miles,"{'label': array(['A', 'B', 'C', 'D', 'E'], dtype=object), 'text': array(['excruciating pain', 'passing out', 'death', 'drunk', 'exhaustion'],
      dtype=object)}",B
c872c08a95dd28a16479b76f240a4ad5,Billy liked driving cars.  He was good at it.  But he was rattled ever since his father experienced what?,driving car,"{'label': array(['A', 'B', 'C', 'D', 'E'], dtype=object), 'text': array(['transportation', 'pollution', 'stress', 'death', 'go somewhere'],
      dtype=object)}",D
08d908ed723f813574992195d61386a2,"I am cold, what should I do to stay warm?",cold,"{'label': array(['A', 'B', 'C', 'D', 'E'], dtype=object), 'text': array(['stay in bed', 'light fire', 'freezer', 'lay on ice', 'spit'],
      dtype=object)}",B
5365fd00ef8cec62ee5685e246a939db,"Copulating with the wrong partner may be ill advised, many diseases can be transferred that can cause different types of what?",copulating,"{'label': array(['A', 'B', 'C', 'D', 'E'], dtype=object), 'text': array(['intense pleasure', 'ejaculation', 'period of rest', 'enjoyment',
       'skin irritation'], dtype=object)}",E
5649bd90dbb57e223fd843b7a4563a0f,What do audiences clap for?,audience,"{'label': array(['A', 'B', 'C', 'D', 'E'], dtype=object), 'text': array(['cinema', 'theatre', 'movies', 'show', 'hockey game'], dtype=object)}",D
0a2195ae8d4706abc5721578c9991466,Where would you get a balalaika if you do not have one?,balalaika,"{'label': array(['A', 'B', 'C', 'D', 'E'], dtype=object), 'text': array(['orchestra', 'music store', 'buy music', 'make music', 'symphony'],
      dtype=object)}",B
5d15989039d46156b417c149728591de,"Hoping for a beautiful day, what did the clouds do that disappointed everyone?",beautiful,"{'label': array(['A', 'B', 'C', 'D', 'E'], dtype=object), 'text': array(['homely', 'overcast', 'hideous', 'overrated', 'misshapen'],
      dtype=object)}",B
6eb57102b44ab74163d8f9821cbdabd0,What type of demands to the unions need to be making to go off strike?,go off strike,"{'label': array(['A', 'B', 'C', 'D', 'E'], dtype=object), 'text': array(['reasonable', 'more money', 'not go to work', 'return to work',
       'union'], dtype=object)}",A
63861ac5e633db9090704ae315ef6f93,"The landscaper was carefully arching stones together, he was creating an elaborate what over the creek?",stones,"{'label': array(['A', 'B', 'C', 'D', 'E'], dtype=object), 'text': array(['park', 'made from rocks', 'balloon', 'field', 'bridge'],
      dtype=object)}",E
8058c566a4f488033d00e6520b17caea,"John was not happy with his marriage. He and his wife drifted apart.     All and all, recent turns could be described as what?",happy,"{'label': array(['A', 'B', 'C', 'D', 'E'], dtype=object), 'text': array(['inappropriate', 'sadness', 'unsatisfied', 'unfortunate',
       'disenchanted'], dtype=object)}",D
57b83653d82b27d32bc39228130f3516,"The poor girls needed a light to see, what was the relationship between that light and finishing her homework?",light,"{'label': array(['A', 'B', 'C', 'D', 'E'], dtype=object), 'text': array(['darkness', 'cumbersome', 'obesity', 'forceful', 'crucial'],
      dtype=object)}",E
410f907f817dd7aa8e73291a918d3d86,Where would you find a ticket booth and see a concert?,ticket booth,"{'label': array(['A', 'B', 'C', 'D', 'E'], dtype=object), 'text': array(['clerk', 'indoors', 'movie theater', 'venue', 'auditorium'],
      dtype=object)}",D
506c2dbfe7b00a82bfdf0507a8de88fb,Who is not famous for a superhighway with no speed limit?,superhighway,"{'label': array(['A', 'B', 'C', 'D', 'E'], dtype=object), 'text': array(['europe', 'germany', 'industrialized country', 'city', 'america'],
      dtype=object)}",E
42520bf3f93f8de23670044e019001a3,"The low trickle of water revealed a stone, where was the stone found?",stone,"{'label': array(['A', 'B', 'C', 'D', 'E'], dtype=object), 'text': array(['ocean', 'gallbladder', 'driveway', 'river bed', 'creek bed'],
      dtype=object)}",E
5e260e1d96187716888cbd968010bb65,Where is the closest place from where you could borrow salt?,salt,"{'label': array(['A', 'B', 'C', 'D', 'E'], dtype=object), 'text': array(['ocean water', 'table', 'shaker', ""neighbor's house"", 'lake'],
      dtype=object)}",D
ed50555f8db2b8f66caf9868dcd7e13b,"No matter what date you put on it, we all know the universe to be what?",universe,"{'label': array(['A', 'B', 'C', 'D', 'E'], dtype=object), 'text': array(['very old', 'infiniverse', 'getting younger', 'infinite', 'real'],
      dtype=object)}",A
a8c284637dabc87745a7eb05d4f7fcbc,A meteor travels through galaxies which are a part of what?,meteor,"{'label': array(['A', 'B', 'C', 'D', 'E'], dtype=object), 'text': array(['republic of ireland', 'sky', 'orbit', 'universe', 'school'],
      dtype=object)}",D
5758a0fb686071e95d95b1cfad5299a0,What is a person considered a bully known for?,person,"{'label': array(['A', 'B', 'C', 'D', 'E'], dtype=object), 'text': array(['ridiculous', 'false information', 'made fun of', 'brain tumor',
       'bull rider'], dtype=object)}",C
d986f17acb3ed19c77e3ca3f98c026b9,"She had an interest in the man, what did she want to do with him?",interest,"{'label': array(['A', 'B', 'C', 'D', 'E'], dtype=object), 'text': array(['see particular program', 'see exhibits', 'see people play game',
       'have conversation', 'watch film'], dtype=object)}",D
4a4f6408fae400ce0beb5bea0f9913e9,Where is a drug kept in a home bathroom?,drug,"{'label': array(['A', 'B', 'C', 'D', 'E'], dtype=object), 'text': array(['nursery', 'ghetto', 'cupboard', 'pharmacy', 'medicine cabinet'],
      dtype=object)}",E
8c655f3a55bde41aad880f138d7a445d,When cooking sheep meat a lot of people might want to be well?,sheep,"{'label': array(['A', 'B', 'C', 'D', 'E'], dtype=object), 'text': array(['ram', 'lamb', 'done', 'ram', 'wolf'], dtype=object)}",C
56417ee33b44f0d916bedfb6fd99b0ec,Where would you sit in a chair while working toward an advanced degree?,chair,"{'label': array(['A', 'B', 'C', 'D', 'E'], dtype=object), 'text': array(['aeroport', 'church', 'furniture store', 'university',
       'living room'], dtype=object)}",D
43fb083962f825ae651d88648bbd2f74,Farm land makes use of what?,farmland,"{'label': array(['A', 'B', 'C', 'D', 'E'], dtype=object), 'text': array(['countryside', 'michigan', 'north dakota', 'farming areas',
       'illinois'], dtype=object)}",D
aed771629c8dbd0c2587891e98030607,A good interview after applying for a job may cause you to feel what?,applying for job,"{'label': array(['A', 'B', 'C', 'D', 'E'], dtype=object), 'text': array(['offer', 'income', 'rejection', 'hostile', 'hope'], dtype=object)}",E
d0a42c8180b4e080aa071dd70fce7e03,"Computers have allowed everybody to answer questions they have quickly, but still we seem to be getting duller despite access to this what?",computers,"{'label': array(['A', 'B', 'C', 'D', 'E'], dtype=object), 'text': array(['economic boom', 'advance knowledge', 'produce sound', 'teach',
       'follow instructions'], dtype=object)}",B
533599262a5dae7c7137cfe69e0e24fb,"There was a long cottage somewhere.  People thought it was haunted.  It was overgrown, there was nothing near it.  It's was far into the what?",cottage,"{'label': array(['A', 'B', 'C', 'D', 'E'], dtype=object), 'text': array(['mountains', 'countryside', 'train', 'painting', 'village'],
      dtype=object)}",B
edd1634d911614590c6b8ca730df95fe,Where is knight always portrayed as a hero?,knight,"{'label': array(['A', 'B', 'C', 'D', 'E'], dtype=object), 'text': array(['middle ages', 'chess board', 'kids story', 'fairy tale', 'castle'],
      dtype=object)}",D
9a544e9f4847c41a15fdf47ae7b98d8a,James is carrying a duffel bag with him because he doesn't have a vehicle of his own and needs a bag to carry his things in while he uses what?,duffel bag,"{'label': array(['A', 'B', 'C', 'D', 'E'], dtype=object), 'text': array(['library', 'transit', 'bus station', 'army barracks',
       'locker room'], dtype=object)}",B
26bd85f05d29863ed777a4f1a4b8fa63,What would you need if you want to smoke?,smoke,"{'label': array(['A', 'B', 'C', 'D', 'E'], dtype=object), 'text': array([""you're stupid"", 'kill yourself', 'roll joint', 'cigarette',
       'lighter fluid.'], dtype=object)}",D
3884d82524f2337ce53ce64776293cf7,"James decided that competing was the right choice.   Not competing has a defined outcome, but if he competes then what could happen?",competing,"{'label': array(['A', 'B', 'C', 'D', 'E'], dtype=object), 'text': array(['might win', 'perform better', 'enemies', 'winners and losers',
       'lose'], dtype=object)}",A
acb3147d946db3b06a596d48e0be56cf,What could you use to get to some airplanes?,airplanes,"{'label': array(['A', 'B', 'C', 'D', 'E'], dtype=object), 'text': array(['taxi', 'carry people', 'car', 'stall', 'crash'], dtype=object)}",A
52ab95f9216f1994e37cc08f7f258f13,What happens when driving?,driving,"{'label': array(['A', 'B', 'C', 'D', 'E'], dtype=object), 'text': array(['lack of fuel', 'paint scratching', 'wheels turning', 'tire wear',
       'traffic accident'], dtype=object)}",C
f60641f550d5ee44ac1bedcaf6ad6357,What are our bodies doing after having food?,having food,"{'label': array(['A', 'B', 'C', 'D', 'E'], dtype=object), 'text': array(['falling down', 'digesting', 'gas', 'weight gain', 'not hungry'],
      dtype=object)}",B
d9835ede7a0ed79325de13ca95b85b78,Why would one try to avoid work?,going to work,"{'label': array(['A', 'B', 'C', 'D', 'E'], dtype=object), 'text': array(['making money', 'leave home', 'success', 'malaise', 'bad mood'],
      dtype=object)}",D
2987db72e66f5fa0015ac64f9b3614ec,What do you do in order to fly in airplane?,fly in airplane,"{'label': array(['A', 'B', 'C', 'D', 'E'], dtype=object), 'text': array(['buy tickets', 'passenger', 'read', 'add gas',
       'run through checklists'], dtype=object)}",A
8b548832703a8c68a788e2f9c0e222ae,What is another name for the color of the fur of a dog with light colored fur?,small dog,"{'label': array(['A', 'B', 'C', 'D', 'E'], dtype=object), 'text': array(['fair', 'basket', 'dog hair', 'game', 'sun'], dtype=object)}",A
1ddd239a2a6438a891cb411b82e7f450,Sally was bored because she didn't like the junk that was on what?,junk,"{'label': array(['A', 'B', 'C', 'D', 'E'], dtype=object), 'text': array(['drawer', 'garage', 'caddy', 'bed', 'television'], dtype=object)}",E
6544a50bf9563d52dbd2034e81df0bf3,"The lion sensed his competitor was timid, so what attitude did the lion take?",timid,"{'label': array(['A', 'B', 'C', 'D', 'E'], dtype=object), 'text': array(['reckless', 'bellicose', 'defensive', 'aggressive', 'dauntless'],
      dtype=object)}",D
5ff6ce8ad88459272ffe23d33db4970a,John felt a snake slither over him as he rested.  He was afraid to raise his covers for fear of startling it.  Where might he be?,snake,"{'label': array(['A', 'B', 'C', 'D', 'E'], dtype=object), 'text': array(['pet shops', 'oklahoma', 'basement', 'bedroom', 'dreams'],
      dtype=object)}",D
2ca05683157a3cd89d82016f13e560ec,Where can you find a place to eat in an urban area close to local nightlife?,place to eat,"{'label': array(['A', 'B', 'C', 'D', 'E'], dtype=object), 'text': array(['city', 'downtown', 'mall', 'shopping center', 'own house'],
      dtype=object)}",B
1a8fbab20bbdf0bbf3961894662d5f7c,"You have to a lot of thinking while studying a new subject, but it is how you gain what?",thinking,"{'label': array(['A', 'B', 'C', 'D', 'E'], dtype=object), 'text': array(['fatigue', 'depression', 'best way', 'weight', 'knowledge'],
      dtype=object)}",E
5b5d2a8b83282f61c68a870116042f64,How will you communicate if you are far away from who you want to communicate with?,communicate,"{'label': array(['A', 'B', 'C', 'D', 'E'], dtype=object), 'text': array(['think', 'talk with people', 'talk to people', 'speak out',
       'send email'], dtype=object)}",E
cfa081b5ba90dae4d7ddb5b7ad9d369a,Why would you not trust your friends after chatting with friends?,chatting with friends,"{'label': array(['A', 'B', 'C', 'D', 'E'], dtype=object), 'text': array(['fever', 'smoke', 'laughing', 'coughing', 'lie'], dtype=object)}",E
009a7aabffe0583fc2df46656b29c326,"He came from old money and had a fortune, but he made new money making shrewd trades where?",fortune,"{'label': array(['A', 'B', 'C', 'D', 'E'], dtype=object), 'text': array(['eat cake', 'cookie', 'stock market', 'real estate',
       'treasure chest'], dtype=object)}",C
2521b3fe6bfd6aeb91f9107dc7c4fbee,Animals make up a large part of the?,animal,"{'label': array(['A', 'B', 'C', 'D', 'E'], dtype=object), 'text': array(['carrying cargo', 'favorite', 'ecosystem', 'nature', 'ecology'],
      dtype=object)}",C
3fe45ab3bd4a844ea290050fc0ece8c1_1,At a shop what can you buy to put your spare unused things?,shop,"{'label': array(['A', 'B', 'C', 'D', 'E'], dtype=object), 'text': array(['basement', 'cardboard box', 'ocean floor', 'high school',
       'container'], dtype=object)}",E
a2e0f6b5651e5271fcff8d6f5c9adfee,"A person with digestion issues eats a meat-filled breakfast, what does he feel?",eating breakfast,"{'label': array(['A', 'B', 'C', 'D', 'E'], dtype=object), 'text': array(['heartburn', 'overeating', 'happiness', 'being satisfied',
       'gain energy'], dtype=object)}",A
d6900a01a9dd6627b4bb22b0f6d191a5,What is a prisoner sentenced to do?,prisoner,"{'label': array(['A', 'B', 'C', 'D', 'E'], dtype=object), 'text': array(['scape jail', 'dream of freedom', 'become a hairdresser',
       'attempt to escape', 'do time'], dtype=object)}",E
8f2976690c83be6b8fa3a1196dfd9722,Jesse  enjoyed remembering the past because he helped him understand it.  And understanding the past helped him with doing what?,remembering,"{'label': array(['A', 'B', 'C', 'D', 'E'], dtype=object), 'text': array(['phoning', 'nostalgia', 'writing down', 'active', 'being prepared'],
      dtype=object)}",E
570be8c1edb8c638603dc5c8cae421cc,David watched some nesting birds using his binoculars while on vacation.  Where might David be?.,birds,"{'label': array(['A', 'B', 'C', 'D', 'E'], dtype=object), 'text': array(['sky', 'vaccation', 'forest', 'countryside', 'roof'], dtype=object)}",C
08d3175de59a639be02f2ebc032d56bd,Where would you find many varieties of plants including a rosebush?,rosebush,"{'label': array(['A', 'B', 'C', 'D', 'E'], dtype=object), 'text': array(['kew gardens', 'garder', 'backyard', 'shop', 'beautiful garden'],
      dtype=object)}",E
549cf641318edfc0510fa7c7dbb359e1,"If I did not have a rosebush, where would I get one?",rosebush,"{'label': array(['A', 'B', 'C', 'D', 'E'], dtype=object), 'text': array(['pot', 'museum', 'garden center', 'formal garden', 'backyard'],
      dtype=object)}",C
dfa23d3422b7294843447b6950d2b476,What does a person with a what likely do?,person,"{'label': array(['A', 'B', 'C', 'D', 'E'], dtype=object), 'text': array(['feel important', 'trust himself', 'own house',
       'electrical circuit', 'know what time'], dtype=object)}",E
1fe90a4aee405e1aa2279442d28803ae,What are cats often known for?,cat,"{'label': array(['A', 'B', 'C', 'D', 'E'], dtype=object), 'text': array(['whiskers', 'sharp teeth', 'purr', 'four legs', 'sharp claws'],
      dtype=object)}",E
01794dde3ca2991615f1aa2f63fb22e3,"As he looked out the window, he knew the landing was happening soon, and it made him nervous, but where would he be soon?",landing,"{'label': array(['A', 'B', 'C', 'D', 'E'], dtype=object), 'text': array(['apartment building', 'disembark', 'stairwell', 'deplane',
       'airport'], dtype=object)}",E
f794e376672c98ac25d8f70506a26e68,Where can you find a dogs house?,dogs,"{'label': array(['A', 'B', 'C', 'D', 'E'], dtype=object), 'text': array(['found outside', 'faithful', 'frightening', 'cold', 'four legs'],
      dtype=object)}",A
ace8fa2943ba8414aebdb74b48906fae,"Tweed is a rare fabric in modern clothing, what brand should I look for when buying it?",tweed,"{'label': array(['A', 'B', 'C', 'D', 'E'], dtype=object), 'text': array(['scotland', 'brown', 'fabric store', 'clothing stores',
       'eddie bauer'], dtype=object)}",E
21ce6f7c5c3d1ad8cf234988c1ad471f,"If you really wanted a grape, where would you go to get it?",grape,"{'label': array(['A', 'B', 'C', 'D', 'E'], dtype=object), 'text': array(['winery', 'fruit stand', 'field', 'kitchen', 'food'], dtype=object)}",B
6c84e79d0595efd99596faa07c4961d0,What would you do to a rock when climb up a cliff?,climb,"{'label': array(['A', 'B', 'C', 'D', 'E'], dtype=object), 'text': array(['grab', 'look down', 'throw', 'falling', 'may fall'], dtype=object)}",A
88f1fe6cfbcb1a25f25454341c789463,"His compressor needed a new hose, where did he go?",hose,"{'label': array(['A', 'B', 'C', 'D', 'E'], dtype=object), 'text': array(['garden shed', 'hardware store', 'brothel', 'garage', 'greenhouse'],
      dtype=object)}",B
5074bcaf0f700c9f3c8c563067af156a,"The man closed his eyes as the music played, what effect did the music have?",music,"{'label': array(['A', 'B', 'C', 'D', 'E'], dtype=object), 'text': array(['coma', 'enjoyable', 'soothing', 'universal', 'good or bad'],
      dtype=object)}",C
6a253e076cd2af00e17d9950d70daf47,"Setting up framing, truss and beam are some of the first steps in what?",beam,"{'label': array(['A', 'B', 'C', 'D', 'E'], dtype=object), 'text': array(['new construction', 'warehouse', 'driving', 'ceiling', 'bridge'],
      dtype=object)}",A
5af7c7860e3be61d4cfd814cc109f9d9,What is another name for a disk for storing information?,disk,"{'label': array(['A', 'B', 'C', 'D', 'E'], dtype=object), 'text': array(['computer store', 'computer to store data', 'computer hard drive',
       'cd player', 'usb mouse'], dtype=object)}",C
