query,abstract,relevance,abstract_id
چه اهمیتی به شبکه‌های اجتماعی و سرمایه اجتماعی در پژوهش‌های کارآفرینی اختصاص داده شده است؟,«کارآفرینی» فرآیندی است که در یک شبکه و با وجود روابط اجتماعی واقع شده است. این روابط اجتماعی می‌تواند شناخت فرصت‌ها و منابع را محدود یا تسهیل کند. تاکنون اکثر قریب به اتفاق پژوهش-های کارآفرینی در قالب ویژگی‌های شخصیتی کارآفرینان بوده و توجه به شبکه‌های اجتماعی و سرمایه اجتماعی در آنها نادیده گرفته شده است. یکی از عوامل مؤثر در توسعه روستایی، کارآفرینی است، زیرا کارآفرینی می‌تواند با خلق فرصت‌های جدید و اشتغال و درآمد نقش مؤثری در بهبود وضع اقتصادی و معیشتی روستاها داشته باشد. به همین دلیل سنجش میزان کارآفرینی روستاییان و تلاش برای توسعه و تقویت کارآفرینی در فرآیند توسعه روستایی از طریق فراهم کردن زمینه‌های اولیه آن از اهمیت ویژه‌ای برخوردار است روستاهای شهرستان کرمان از آن جهت که در سه زمینه صنعت، خدمات و کشاورزی دارای پتانسیل‌های زیادی هستند، فرآیند کارآفرینی در آنها به کندی صورت می‌گیرد. از این جهت این پژهش به «بررسی رابطه سرمایه اجتماعی با کارآفرینی روستایی: مورد مطالعه روستاهای شهرستان کرمان« می‌پردازد. روش تحقیق کتابخانه‌ای و میدانی بوده است. پس از تعیین شاخص‌ها و متغییرهای تحقیق,2,534221
چه تفاوت‌هایی بین فناوری اندازه‌گیری مستقیم و غیرمستقیم حمل ذرات خاک به وسیله‌ی باد وجود دارد؟,فرسایش بادی با وزش باد و حمل ذرات توسط آن شروع می‌شود. میزان مواد حمل شده توسط فرآیند باد به عوامل متعددی بستگی دارد. بنابراین یکی از پیچیدگی‌های سیستم‌های بادرفتی، بررسی رفتار رسوبات بادی در فرآیند فرسایش بادی می‌باشد. فناوری اندازه‌گیری حمل ذرات خاک به وسیله‌ی باد به دو دسته-ی مستقیم و غیرمستقیم تقسیم می‌شود. در فناوری غیرمستقیم، با یک تحلیل زمانی متفاوت، نقاطی از چند روز تا چندین دهه برای مشاهده‌ی فرسایش و رسوب‌گذاری در نظر گرفته می‌شوند و در فناوری اندازه‌گیری مستقیم، دبی ذرات انتقال یافته به وسیله‌ی باد در یک مکان ثابت توسط تله‌های رسوب‌گیر نمونه‌برداری می‌شوند. در این پژوهش، منطقه‌ی کرسیای داراب به عنوان منطقه‌ی مورد مطالعه به منظور مدل‌سازی رسوبات بادی با استفاده از شبکه‌های عصبی مصنوعی و مدل رگرسیونی در نظر گرفته شد.  به منظور اجرای این تحقیق، ابتدا از روش اندازه‌گیری مستقیم و از تله‌ی‌ رسوب‌گیر MDCO جهت نمونه-برداری از رسوبات استفاده گردید. سپس نمونه‌برداری از رسوبات در سه تیپ گیاهی Halocnemum strobilaceum، Tamarix aphylla  و Juncus gerardi به منظور تأثیر پوشش‌های گیاهی در به,2,533789
چه عواملی در افزایش تعداد کالاهای فاسدشدنی در بازارها تأثیرگذار بوده‌اند؟,"در سال‌های اخیر به دلیل پیشرفت در فناوری، بازارهای رقابتی شدید و مشتریان سخت‌گیر تعداد کالاهای فاسدشدنی- یعنی کالاهایی که به مرور زمان ارزش خود را از دست می‌دهند- بیش از پیش شده است. با وجود چنین بازارهایی یک امر حیاتی برای بنگاه‌های مختلف تعیین سیاست بهینه موجودی و قیمت بهینه فروش کالاها است.
در گذشته سیاست موجودی و قیمت‌گذاری کالا دو بخش کاملا جدا از هم بودند که به ترتیب توسط بخش‌های عملیاتی و بازاریابی در بنگاه‌ها تعیین می‌شد. اما امروزه دیگر نمی‌توان به مدل‌های سنتی و قدیمی اکتفا کرد و باید از مدل‌های ترکیبی برای رسیدن به حداکثر سود استفاده کرد. 
 در این تحقیق 4 مدل اصلی زیر بر اساس سیاست موجودی مقدار اقتصادی سفارش همراه با قیمت‌گذاری برای کالاهای فاسدشدنی ارائه می‌شود:
	قیمت‌گذاری و کنترل موجودی به صورت توام برای کالاهای فاسدشدنی با در نظر گرفتن کمبود به صورت پس‌افت پاره‌ای و تقاضای وابسته به قیمت
	قیمت‌گذاری و کنترل موجودی به صورت توام برای کالاهای فاسدشدنی غیرآنی با در نظر گرفتن کمبود به صورت پس‌افت پاره‌ای و تقاضای وابسته به قیمت و زمان
	قیمت‌گذاری و کنترل موجودی به صورت ت",2,528652
چه معایبی برای روش نصب سطحی (EBR) برای تقویت خمشی تیرهای بتن آرمه با کامپوزیت‌های FRP ذکر شده است؟,امروزه استفاده از کامپوزیت‌های FRP در صنعت ساختمان، به دلیل ویژگی‌های خاص آن از جمله مقاومت کششی بسیار زیاد، اجرای آسان، وزن بسیار کم و مقاومت در برابر خوردگی بسیار مورد توجه محققین و مهندسین قرار گرفته است. یکی از روش‌های متداول تقویت خمشی تیرهای بتن آرمه با استفاده از کامپوزیت‌های FRP، روش نصب سطحی (EBR) می‌باشد. مهم‌ترین ایراد این روش، که استفاده از آن را تحت تأثیر قرار داده است، جدا شدگی ورق FRP از وجه کششی تیر بتنی در هنگام بارگذاری، و در نتیجه شکست زود رس و غیر اقتصادی عضو سازه‌ای می‌باشد. یکی از راه‌کارهای روش نصب در نزدیک سطح (NSM)، از دیگر روش‌های تقویت خمشی تیرهای بتنی توسط مصالح FRP می‌باشد. در مقایسه با روش EBR، روش NSM عملکرد بهتری در کنترل پدیده‌ی جدا شدگی و افزایش ظرفیت باربری تیرها دارد؛ اما با این حال، جدا شدگی در روش NSM نیز کاملاً محتمل می‌باشد و یکی از نقص‌های این روش به شمار می‌رود. اخیراً تحقیقاتی با توجه ویژه به پدیده‌ی جدا شدگی، در دانشگاه صنعتی اصفهان در جریان است که نتیجه‌ی آن ارائه‌ی روشی جدید برای تقویت تیرها با استفاده از کامپوزیت‌های FRP می‌باشد. این روش ک,2,526108
چه نقشی برای افزونگی‌های نرم‌افزاری و سخت‌افزاری در افزایش تحمل خطا در سیستم‌های اسکادا مطرح شده است؟,اسکادا، به دلیل استفاده در نیروگاه ها، صنایع هسته ای و خطوط ریلی جزء سیستمهای حساس است و چون مهمترین قسمت این سیستمها نرم افزار ایستگاه اصلی است لذا باید قابلیت اطمینان بالایی داشته باشد و نرم افزاری مطمئن باشد. تحمل خطا یکی از فاکتورهای مهم در تولید یک نرم افزار مطمئن است و تحقیقات برای تحمل خطای نرم افزاری در اسکادا، درحد استفاده از افزونگی نرم افزاری و سخت افزاری انجام شده است و نحوه ی اعمال این افزونگی مشخص نشده است. بنابراین طراحان سیستمهای اسکادا هیچ مرجعی برای انتخاب یک تکنیک تحمل خطای مناسب ندارند و تاکنون تکنیکهای مختلف تحمل خطا مانند: برنامه نویسی چند نسخه ای و ترمیم بلاک و روشهای ترکیبی از ایندو ارائه شده است. لذا در این تحقیق، برای انتخاب یک تکنیک مناسب در اسکادا، مفاهیم و روشهای تحمل خطا و ساختار اسکادا مورد بررسی قرارگرفته است و عاملهای موثر بر انتخاب روش تحمل خطا استخراج شده است سپس مدل قابلیت اطمینان برای تکنیکهای تحمل خطایی که قابلیت تطبیق با نقص نرم افزاری و سخت افزاری دارند، طراحی و قابلیت اطمینان محاسبه شده است و با توجه به معماری هرکدام از تکنیکهای تحمل خطا؛ زمان پ,2,528516
آیا برهم‌کنش سیستم‌های کوانتومی با محیط بیرون چالشی بزرگ در تحقق عملی پردازش اطلاعات محسوب می‌شود؟,"علی‌رغم قدرت نظری سیستم‌های کوانتومی در زمینه پردازش و ارسال اطلاعات، یک مانع بزرگ در مسیر تحقق عملی آن‌ها وجود دارد و آن برهم‌کنش سیستم کوانتومی با محیط بیرون است که منجر به تغییر ناخواسته اطلاعات می‌شود. برای غلبه بر مشکل مذکور، کدهای تصحیح خطای کوانتومی طراحی شده‌اند. یک دسته خاص از این کدها، کدهای کانولوشنال کوانتومی می-باشند که بر حسب نحوه طراحی به دو دسته کدهای CSS (Calderbank-Shor-Steane) و non-CSS تقسیم می‌شوند. علیرغم اهمیت فراوان کدهای کانولوشنال در تصحیح خطا، فقدان یک مدار کدگذار با قابلیت تحقق‌پذیری عملی، مانعی جدی در بهره‌گیری از این کدها می‌باشد. سه پارامتر در طراحی مدارهای کدگذار کانولوشنال اهمیت دارد: پارامتر اول، میزان حافظه مصرفی کدگذار است؛ زیرا کاهش حافظه باعث کاهش سربار سخت‌افزاری و افزایش سرعت الگوریتم کدبرداری می‌شود. پارامتر دوم غیرمخرب بودن کدگذار است، تا تعداد محدودی از خطاهای تصحیح نشده به تعداد نامحدودی از کیوبیت‌های اطلاعات منتقل نشود و آخرین پارامتر تعداد سطوح مدار است که با زمان تاخیر کدگذاری کیوبیت‌ها ارتباط مستقیم دارد.
 از دیدگاه نظری، دو نوع ساختار ب",2,529571
چرا اعتبار سنجی روش‌های عددی در مقایسه با روش‌های تحلیلی در زمینه‌ی سیالات و انتقال حرارت اهمیت بیشتری دارد؟,در طول سالیان گذشته، همواره ارائه‌ی یک راه حل تحلیلی برای مسائل مختلف در زمینه‌ی سیالات و انتقال حرارت مورد نظر محققین بوده است. اما با پیچیده‌شدن شرایط فیزیکی یک مسئله و یا شرایط مرزی آن، دستیابی به چنین حل‌هایی به‌سادگی امکان پذیر نیست. بدین سبب است که راه حل‌‌‌های عددی توسعه پیدا کرده و امروزه به صورت گسترده‌ای مورد استفاده قرار می‌گیرند. اما از طرفی، اعتبار سنجی روش‌های عددی نیز از اهمیت بسیار زیادی برخوردار می‌باشد؛ لذا، ارائه‌ی یک راه حل تحلیلی، از اهمیت ویژه‌ای برخوردار است. روش‌های تحلیلی موجود که عمدتاً بر پایه‌ی روش‌های اختلال و یا غیراختلال می‌باشند، چندان قابل اطمینان نبوده و کنترل لازم بر همگرایی جواب‌های حل در آن‌ها امکان‌پذیر نمی‌باشد. روش تحلیلِ هُموتوپی (HAM) که اولین بار توسط لیائو ارائه گردید، از جمله روش‌های بسیار قوی بر پایه‌ی سری در حل تحلیلی معادلات دیفرانسیل غیر‌خطی محسوب می‌شود که بدون در نظر‌گرفتن پارامتر‌های فیزیکی موجود در معادلات، امکان کنترل بر روی ناحیه‌ی همگرایی جواب‌های معادلات را فراهم می‌آورد. در این تحقیق، هدف حل معادلات جریان سیال و انتقال حرارت جاب,2,533882
چه ابزارهایی برای کنترل آماری فرایندها مورد استفاده قرار می‌گیرند؟,نمودارهای کنترل از جمله مهمترین ابزارهای کنترل آماری فرایندها می‌باشند. طراحی مناسب نمودارهای کنترل نیازمند برآورد مقادیر پارامترهای فرایند با استفاده از داده‌های نمونه‌ای است. در روش‌های معمول طراحی نمودارهای کنترل، عموماً از برآوردکننده‌های کلاسیک برای برآورد پارامترهای فرایند استفاده می‌شود که تحت مفروضات خاصی قابل کاربرد بوده و در شرایط عملی به ندرت رخ می‌دهد. استفاده از این برآوردکننده‌ها برای فرایند‌ها‌ی آلوده و طراحی نمودارهای کنترل بر اساس آنها می‌تواند نتایج نامطلوبی را به همراه داشته باشد. این فرضیات شامل نرمال بودن توابع توزیع مشخصه های کیفی و استقلال داده های فرایند می‌باشند. در این پایان نامه، ابتدا انواع نمودارهای کنترل برای فرایند‌هایی با داده‌های غیر مستقل معرفی و سپس به روشهای موجود برای مواجهه با داده‌های آلوده اشاره شده است. انواع داده های پرت و روشهای موجود برای برآورد استوار پارامترها در سری‌های زمانی مفصلاً شرح داده شده‌اند. بعد از آن روشی تحت عنوان برآورد  سریع فیلتر شده‌ی استوارِ تکراری  (IRFFT)برای تخمین پارامترهای سری های زمانی پیشنهاد شده است که بر پایه ی روش,2,534757
چه مزایا و معایبی برای روش‌های تخمین وضعیت بالگرد نسبت به هدف در این مطالعه بیان شده است؟,"تعقیب خودکار هدف بو‌سیله بالگرد از موضوعات مهم و در عین حال پر چالش در حوزه مهندسی و صنعت محسوب می‌گردد. در جهت تحقق این امر روش‌های متعددی جهت تخمین وضعیت بالگرد نسبت به هدف پیشنهاد گردیده و کنترلرهای مختلفی جهت کنترل بالگرد پیشنهاد گردیده است که هرکدام مزایا و معایب مخصوص به خود را دارا می‌باشند. روش‌های تخمین وضعیت بسته به انتخاب حساسه یا حساسه‌های مختلف و همچنین روش محاسبه و تخمین وضعیت نسبت به هدف، متفاوت می‌باشند.
در این رساله با هدف تخمین وضعیت بالگرد چهار ملخه نسبت به هدف، تنها با استفاده از یک دوربین تک چشمی، روشی مبتنی بر فیلتر ذره‌ای تطبیقی پیشنهاد گردیده است. عملکرد روش پیشنهادی با چند روش موجود مقایسه و نتایج شبیه‌ سازی ارائه گردیده است. همچنین معادلات دینامیکی بالگرد چهار ملخه استخراج و از روش انتگرالی- بک‌ استپینگ جهت کنترل خودکار و بهینه‌ی بالگرد چهار ملخه استفاده گردیده است.",2,527439
چه مشکلاتی با انتقال گاز طبیعی به نقاط دوردست توسط خط لوله همراه است؟,"با توجه به وجود مشکلات و پر هزینه بودن انتقال گاز طبیعی به نقاط دور دست توسط خط لوله ، امروزه از مخازن تحت فشار گاز طبیعی برای ذخیره ،انتقال و جابجایی آن استفاده می شود . به همین دلیل طراحی این نوع مخازن از اهمیت ویژه ای برخوردار است . عوامل ترمودینامیکی و مکانیکی می توانند تأثیر به سزایی در چگونگی این طراحی داشته باشند. در کار حاضر در زمینه ترمودینامیک گاز طبیعی، عواملی همچون تأثیرات افزودن هیدروژن به ترکیبات گازی مختلف و همچنین انواع روش های محاسبه ضریب تراکم پذیری که یکی از عوامل مهم در بهینه سازی مخزن می باشد، بررسی شده است. همچنین دو روش جدید و کارآمد شامل یک معادله نیمه تجربی و نیز ساخت یک شبکه عصبی مصنوعی در زمینه محاسبه ضریب تراکم پذیری ارائه شده و نتایج حاصل از آن ها برای بیش از 6000 داده تجربی با روش های موجود از جمله معادلات حالت ترمودینامیکی (PR و SRK)، معادلات حالت آماری (SAFT، AGA8 و ...)، و معتبرترین معادلات نیمه تجربی موجود، مقایسه گردیده است.
یکی دیگر از عوامل مهم در بهینه سازی مخزن ذخیره سازی گاز طبیعی، عوامل مکانیکی از جمله تنش های مواد سازنده مخزن و نیز جنس این موا",2,535113
چه تحقیقاتی نشان داده اند که دیرکرد بتن ریزی تأثیر چه اندازه ای بر مقاومت فشاری وکارایی بتن دارد؟,"با توجه به تقاضای روز افزون  استفاده از بتن آماده در پروژه های عمرانی وهمچنین با توجه  به واقع شدن کارخانه های تولید بتن آماده در محدوه خارج شهرها (مشکل بعد مسافت)واز طرفی باتوجه به مشکلات ترافیکی حمل بتن، بخصوص در شهر های بزرگ ونیز مشکلات اجرایی در حین استفاده از بتن آماده ،لزوم بررسی دیرکرد بتن ریزی (فاصله زمانی بین ساخت تا مصرف بتن در حین اختلاط)برمقاومت فشاری  وکارایی بتن ضروری به نظر می رسید لذا با توجه به نتایج این تحقیق می توان به اهداف زیر دست یافت:
1-جنبه کیفی به معنی تامین حداقل مقاومت فشاری طراحی وکارایی و روانی مناسب.
2-جنبه اقتصادی به معنی جلوگیری از هدر رفتن بتن هایی که با دیر کرد مواجه می باشند.
3-تجدید نظر در طرح اختلاط بتن به لحاظ کاهش عیار سیمان مصرفی ،با تامین حداقل مقاومت طراحی مورد نظر(مشروط براینکه بتن با دیرکرد مورد مصرف قرار گیرد) .
عوامل متعددی برتعیین  حداکثر زمان دیرکرد بتن ریزی  موثر می باشند ازجمله:شکل وبافت سنگدانه ها ،دانه بندی ، نوع سیمان مصرفی ،عیار سیمان ،نسبت آب به سیمان ،دما،میزان رطوبت نسبی ، حداکثر دوران دیگ مخلوط کن(تراک میکسر) وهمچنین زمان گی",2,534051
آیا رشد استفاده از منابع تجدید ناپذیر فسیلی و محدودیت آنها چه تأثیری بر محیط زیست داشته است؟,رشد روز افزون استفاده از منابع تجدید ناپذیر فسیلی، محدودیت این منابع و مشکلات زیست محیطی ناشی از به کارگیری آن ها سبب توجه جدی جهانیان به تنوع بخشی و بهره گیری از منابع جدید انرژی با استفاده از روش های پایدار، ایمن و سازگار با محیط زیست شده است. دانش و تکنولوژی پیل سوختی طی دو دهه ی اخیر رشد سریعی داشته است زیرا که یک روش کارآمد جهت تبدیل مستقیم انرژی شیمیایی به انرژی الکتریکی به شمار می رود. در این زمینه پیل سوختی میکروبی که در آن باکتری ها با تجزیه مواد آلی علاوه بر تولید جریان الکتریسیته باعث تصفیه پساب می گردند یکی از بهترین گزینه های تولید انرژی الکتریکی در آینده محسوب می گردد. هدف از این تحقیق طراحی و ساخت پیل سوختی میکروبی و بررسی تأثیر پارامترهای دما، الگوی جریان، دبی خوراک، سطح غشا و فاصله بین آند و کاتد بر روی عملکرد آن می باشد لذا در این رابطه به بررسی انواع پیل های سوختی پرداخته و سپس اجزای سازنده ی پیل سوختی میکروبی و پارامترهای موثر بر عملکرد آن مورد بررسی قرار می دهیم. برای آزمایشات بر روی پیل سوختی میکروبی، دو محفظه ای افقی در دانشگاه سیستان و بلوچستان ساخته شده که حاوی,2,534110
چه مزایا و معایبی برای روشFE برای حل مسائل مهندسی ذکر شده است؟,"روشFE  یک روش کارآمد برای حل آن دسته از مسایل مهندسی است که از روشهای تحلیلی قابل حل نمی باشند. FEM با وجود این مزایا با کمبودهایی مواجه است.از جمله عدم توانایی حل مسائل با هندسه های پیچیده، تغییر شکل های زیاد، مسائلی که شامل ترک هستند. برای حل اینگونه مسائل روشهای جدیدی پیشنهاد شدند که روشهای بدون مش نامیده می شوند.روشهای بدون مش نیازی به برقراری ارتباط بین گرهها ندارند.در نتیجه قادر به حل مسائلی هستند که FEM از حل آنها باز می ماند. روشهای بدون مش علی رغم تواناییشان در حل این مسائل، کمبودهایی دارند،از جمله زمان بر بودن فرایند حل و دشوار بودن اعمال شرایط مرزی. با توجه به اینکه برای حل برخی مسائل استفاده از روشهای بدون مش اجتناب ناپذیر است و توجه به مزایای FEM به لحاظ کوتاه بودن پروسه ی حل و سهولت اعمال شرایط مرزی ایده ی تلفیق این دو روش مطرح شد. رویکردهای مختلفی به منظور تلفیق این روشها ارائه شده است.
در این تحقیق با استفاده از مفهوم ذرات مجازی، به تلفیق روش EFG و FEM  پرداخته ایم. دو مسئله مختلف تیر یک سرگیردار تحت بارگذاری و صفحه ی  نیمه بی نهایت با ترک مرکزی درMATLAB برنامه نویسی و",2,534983
چه اقداماتی برای تحمل خطای نرم‌افزاری در سیستم‌های اسکادا انجام شده است و چه نقاطی از این تحقیقات هنوز مبهم است؟,اسکادا، به دلیل استفاده در نیروگاه ها، صنایع هسته ای و خطوط ریلی جزء سیستمهای حساس است و چون مهمترین قسمت این سیستمها نرم افزار ایستگاه اصلی است لذا باید قابلیت اطمینان بالایی داشته باشد و نرم افزاری مطمئن باشد. تحمل خطا یکی از فاکتورهای مهم در تولید یک نرم افزار مطمئن است و تحقیقات برای تحمل خطای نرم افزاری در اسکادا، درحد استفاده از افزونگی نرم افزاری و سخت افزاری انجام شده است و نحوه ی اعمال این افزونگی مشخص نشده است. بنابراین طراحان سیستمهای اسکادا هیچ مرجعی برای انتخاب یک تکنیک تحمل خطای مناسب ندارند و تاکنون تکنیکهای مختلف تحمل خطا مانند: برنامه نویسی چند نسخه ای و ترمیم بلاک و روشهای ترکیبی از ایندو ارائه شده است. لذا در این تحقیق، برای انتخاب یک تکنیک مناسب در اسکادا، مفاهیم و روشهای تحمل خطا و ساختار اسکادا مورد بررسی قرارگرفته است و عاملهای موثر بر انتخاب روش تحمل خطا استخراج شده است سپس مدل قابلیت اطمینان برای تکنیکهای تحمل خطایی که قابلیت تطبیق با نقص نرم افزاری و سخت افزاری دارند، طراحی و قابلیت اطمینان محاسبه شده است و با توجه به معماری هرکدام از تکنیکهای تحمل خطا؛ زمان پ,2,528516
چه تحلیل‌هایی برای مطالعه رفتار واقعی سازه‌ها در هنگام زلزله می‌توان انجام داد؟,"روش‌‌های متعارف طراحی لرزه‌ای در بیشتر کدها، بر پایه تحلیل‌های ارتجاعی و استفاده از یک نیروی استاتیکی معادل می‌باشند. این در حالیست که بیشتر سازه‌های متعارف در هنگام زلزله های قوی، جابجایی‌های غیرخطی بزرگی خواهد داشت و پاسخ خطی، نشان دهنده رفتار واقعی سازه در هنگام زلزله نخواهد بود. بنابراین استفاده از الگوی بار پیشنهاد شده در آیین نامه‌های طراحی لرزه‌ای متضمن استفاده بهینه از مصالح به کار رفته نمی‌باشد. در مطالعه حاضر با انجام تحلیل‌های دینامیکی غیرخطی و استفاده از تئوری توزیع یکنواخت خرابی یک روش جدید طراحی بهینه بر پایه عملکرد، برای قاب‌های بتنی مطرح گردیده است. در این روش با استفاده از معیار عملکردی خرابی پارک- انگ و توزیع یکنواخت آن در سازه سعی می‌گردد، توزیع مقاومت در سازه بر یک پایه منطقی استوار گردد. به منظور دستیابی به توزیع بهینه عناصر مقاوم در سازه، مصالح سازه‌ای با استفاده از یک روش عددی تدریجاً از بخش های با خرابی کمتر به بخش‌های با خرابی بیشتر آن منتقل می‌گردند. نشان داده شده است که عملکرد لرزه‌ای چنین سازه‌ای بهینه بوده و در آن از حداکثر ظرفیت سازه استفاده شده است. 
برا",2,530049
چطور افزایش میزان موفقیت فناوری اطلاعات بر تعداد خدماتی که ارائه می‌شود تأثیر می‌گذارد؟,با افزایش میزان موفقیت فناوری اطلاعات در برآورده کردن نیازهای انسان، هر روزه بر تعداد خدماتی که از این فناوری بهره می‌برند، افزوده می‌شود. به دنبال توسعه حجم خدمات ارائه شده بر روی اینترنت، امکان دسترسی افراد مختلف به خدمات اینترنتی، مستقل از زمان و مکان فراهم شده است. با وجود مکانیزم‌های محرمانگی و کنترل دسترسی، امکان سوء استفاده از سرویس دهنده‌ها به دلیل وجود آسیب‌پذیری‌های نرم افزارها و پروتکل‌ها به طور جدی وجود دارد. پایش مداوم فعالیت کاربران و جلوگیری از خرابکاری، راه مراقبت از پیوستگی ارائه خدمات است. سیستم‌های تشخیص نفوذ، با این هدف ایجاد شده و توسعه یافتند. سیستم تشخیص نفوذ به عنوان یک حسگر، اتفاقات مشکوک به حمله را با بررسی ترافیک خام شبکه به صورت هشدار گزارش می‌کند. هشدار تولیدشده، توسط راهبران شبکه مورد بررسی قرار گرفته و اقدامات لازم جهت رسیدگی به آن‌ها صورت می‌گیرد. گزارش‌های تولیدشده توسط سیستم‌های تشخیص‌نفوذ و سایر حسگرهای امنیتی شبکه، با مشکلات عدیده‌ای از جمله تولید هشدارهای سیل‌آسا و غلط روبه رو است. درشبکه های بزرگ، وجود این مشکلات امکان استفاده مؤثر از سیستم تشخیص ن,2,533033
چه نوآوری‌های مالی برای پوشش ریسک حوادث فاجعه‌آمیز مورد استفاده قرار می‌گیرد و از چه ابزار‌هایی استفاده می‌شود؟,نیرو‌های قدرتمند اقتصادی در سال‌های اخیر ترکیب شده‌اند تا همگرایی میان صنعت بیمه و بازار‌های مالی را شدت بخشند.نگرانی در مورد توانایی بیمه‌گران برای پرداخت خسارات فاجعه‌آمیز متعهد‌شده منجر به ظهور نوآوری‌های مالی شده است. یکی از ابزار‌های بسیار موثر برای پوشش ریسک حوادث فاجعه‌آمیز مانند زلزله، سیل و ... که بطور گسترده در جهان مورد استفاده قرار می‌گیرد، اوراق قرضه فاجعه‌آمیز می‌باشد. از اینرو بدلیل وجود تحریم‌های سیاسی در ایران، خروج ارز از کشور و نیز عدم افشای اطلاعات ملی، هدف از این نوشتار بررسی و امکان‌سنجی انتشار اوراق بهادار فاجعه‌آمیز در ایران می‌باشد. بدین منظور به عنوان هدف اول، ساختار مناسب انتشار این اوراق در ایران با استفاده از ساختار اوراق بهادار اسلامی (صکوک) پیشنهاد شده است. در بخش دوم، نرخ بازده انتظاریبهینه برای این اوراق با استفاده از رویکرد تئوری ارزش فرین استفاده تعیین شده است. این نوشتار با استفاده از اطلاعات خسارات بیمه آتش‌سوزی در فاصله زمانی سال 1328 تا 1388، به بررسی رویکرد فراتر از آستانه برای اندازه‌گیری ارزش در معرض خطر اوراق بهادار فاجعه‌آمیز می‌پردازد. مقدار,2,535091
در چه شرایطی از نمودار فازی-c به عنوان یک روش پیشنهادی برای طراحی نمودار‌های کنترلی استفاده می‌شود؟,یک نمودار کنترلی وسیله‌ای است که معمولاً جهت نظارت بر عملکرد فرآیند استفاده می‌شود. نمودار‌های کنترلی از جمله ساده‌ترین تکنیک‌های کنترل حین تولید فرآیند می‌باشند. به جهت وجود نقاط ضعف در نمودار‌های کلاسیک و همچنین جهت بهبود عملکرد نمودار‌های کنترلی، نمودار‌های CUSUM، EWMA، نمودار‌های کنترل انطباقی و نمودار‌های کنترل فازی پیشنهاد شده‌اند. در این پایان‌نامه یک روش پیشنهادی جهت طراحی نمودار فازی-c ارائه شده است.در اکثر تحقیقات ارائه شده در زمینه طراحی نمودار‌های فازی، از غیرفازی‌سازی استفاده شده است، که آن‌ها را بسیار شبیه به روش‌های کلاسیک می‌کند. در صورتی‌که در طراحی نمودار کنترلی فازی پیشنهادی به منظور حفظ اطلاعات نمونه‌های فازی، از تعریفی جدید از برش آلفا با استفاده از روابط هندسی و تشابه مثلثاتی، روشی ساده بدون استفاده از غیرفازی سازی طراحی شده است. بنابراین هم نمونه‌ها وهم حدود کنترلی در طول کل فرآیند طراحی نمودار، با اعداد فازی ارائه می‌شوند. همچنین در این تحقیق شاخص فازی کارایی فرآیند برای اولین بار ارائه شده است. لازم به ذکر است، در سایر تحقیقاتی که در زمینه طراحی نمودار‌های فازی,2,528225
چگونه می‌توان پدیده های جریان سیال و انتقال گرما در ریخته گری مداوم را بهبود داد؟,ریخته گری مداوم در سه دهه گذشته اهمیت روزافزونی در تولید فولاد داشته است و امروزه مهمترین گام صنعتی در تولید فولاد است. پدیده های جریان سیال و انتقال گرما در قالب ریخته گری مداوم خیلی پیچیده هستند و تاثیر قابل توجهی روی کیفیت تولید می گذارند. بنابراین، فهم پدیده های جریان سیال و انتقال گرما در قالب ریخته گری مداوم مهم می شود. به ویژه اندازه ضخامت پوسته جامد شده در خروجی قالب بسیار مهم است. زیرا پوسته جامد شده باید به اندازه کافی ضخیم باشد تا در برابر فشار فرواستاتیکی فولاد مذاب مقاومت کند. بعلت دمای بسیار بالای فرایند، اندازه گیری مستقیم توزیع سرعت و دما دشوار می باشد. لذا شبیه سازی عددی یک ابزار مهم است و دانسته های کاملتری ارائه می کند. در این تحقیق، مدلی بر پایه شرایط فنی و عملیاتی ریخته گر تختال در واحد ریخته گری مداوم شرکت فولاد مبارکه معرفی می شود. یک مدل ریاضی سه بعدی برای شبیه سازی جریان متلاطم و انتقال گرما در قالب ریخته گری مداوم تختال با نازل دو شاخه ای، با استفاده از نرم افزار حجم محدود فلوئنت ایجاد شد. از نرم افزار گمبیت برای ایجاد هندسه و تولید شبکه استفاده شد. برای پیش ب,2,532017
چرا مقاومت به خوردگی در فولادهای ساده‌کربنی در محیط‌های حاوی یون کلر ضعیف است؟,فولادهای ساده‌کربنی به دلیل خواص مکانیکی خوب و قیمت پائین به طور گسترده‌‌ای در صنایع مختلف به کار گرفته می‌‌شوند. با این حال در محیط‌‌های خورنده‌‌ حاوی یون کلر، مقاومت به خوردگی ضعیف این آلیاژها از دیرباز مشکل‌‌ساز بوده است. به همین دلیل استفاده از پوشش‌های مطلوب با مقاومت به خوردگی بالا بر روی این فولادها به منظور مقابله با این مشکل، همواره مورد توجه قرار گرفته است. در تحقیق حاضر، پوشش فولاد زنگ نزن L316 به روش الکترواسپارک بر روی فولاد ساده کربنی اعمال گردید، سپس پوشش‌های تولیدی بوسیله تابش پرتوی لیزر اصلاح‌سازی شد. بررسی تصاویر به دست آمده از سطح مقطع پوشش به کمک میکروسکوپ الکترونی روبشی نشان داد که پوشش ایجاد شده، دارای  ترک‌ و تخلخل اندکی است. همچنین آنالیز عنصری از سطح مقطع پوشش نشان داد که منطقه حساس شده حرارتی (HAZ)  طی فرایند پوشش‌دهی شکل نگرفته است. مقدار کروم و نیکل در پوشش فولاد زنگ نزن L316 اعمال شده، کمتر از مقدار نیکل و کروم الکترود اولیه است این در حالی است که مقدار مولیبدن پس از فرایند پوشش‌دهی تغییر چندانی نکرده است. مشاهدات میکروسکوپی به همراه آزمون چسبندگی نشان دهند,2,531710
چگونه فلزات سنگین از منابع مختلف وارد خاک می‌شوند؟,فلزات سنگین از راههای مختلف وارد خاک شده و می‌توانند تأثیر منفی بر موجودات زنده خاکزی مخصوصاً ریزجانداران بگذارند. سرب یکی از فلزات سنگین است که از طریق احتراق موتورهای بنزینی، آلاینده‌های صنعتی و کمپوست حاصل از زباله‌های شهری وارد خاکها می‌شود و می‌تواند سلامت خاک را به مخاطره اندازد. روشهای متنوعی برای سنجش اثرات منفی فلزات سنگین بر اکولوژی میکروبی و سلامت خاک وجود دارد. در این بین، اندازه‌گیری فعالیت میکروبی و تعیین تنوع و تعدد میکروبی حائز اهمیت هستند که در تحقیقات قبلی با سرب، مورد اندازه‌گیری قرار گرفته‌اند. در تحقیق حاضر، از برخی شاخص‌های آنزیمی و اکوفیزیولوژیک برای بررسی اثرات سوء سرب بر سلامت خاک استفاده شد. ابتدا سطوح مختلف سرب شامل 0، 100، 200، 300، 400 و 500 میلی‌گرم سرب بر کیلوگرم خاک از منبع نیترات سرب به خاک اضافه شد و در دوره‌های انکوباسیون 3، 15، 30، 90 و 180 روز فعالیت آنزیم‌های فسفومونواستراز اسیدی و قلیایی، اوره‌آز و نیترات‌رداکتاز که در چرخه‌های میکروبی فسفر و نیتروژن خاک دخیل هستند، مورد سنجش قرار گرفت. همچنین، کربن بیوماس میکروبی، تنفس پایه، تنفس تحریک شده با بست,2,535758
آیا در تشخیص بیماری کولیت میکروسکوپی، آزمایش‌های خاصی به کار می‌رود؟,طی سال‌های اخیر بیماری‌های گوارشی روده در کشور افزایش چشم‌گیری پیدا کرده است. یک دسته شایع از این بیماری‌های گوارشی، کولیت‌ها می‌باشند. در پزشکی واژه‌ی کولیت به التهاب کولون اشاره دارد وهمچنین برای توصیف التهاب روده بزرگ نیز  به کار برده می‌شود. کولیت کلاژنی، بیماری التهاب کلاژن در کولون و یکی از بیماری‌های کولیت میکروسکوپی است که  توسط اسهال شدید و مزمن مشخص می‌گردد. این تغییر در کولون از لحاظ ماکروسکوپی به صورت نرمال و از لحاظ میکروسکوپی غیرنرمال می باشد. در تشخیص این بیماری نمی‌توان از آزمایشات معمول مانند آزمایش خون و تست انگل  استفاده کرد. تنها روش تشخیص این بیماری با استفاده از نمونه برداری از روده بزرگ در خلال کلونوسکوپی و اندازه‌گیری ضخامت کلاژن توسط پاتالوژیست و به کمک  میکروسکوپ می‌باشد. ضخامت لایه کلاژن در بافت کولون فرد بیمار از 10میکرومتر بیشتراست. این تغییر ضخامت کلاژن در طول ناحیه ساب‌اپیتلیال جای مشخصی ندارد و ممکن است در هر جای آن اتفاق بیفتد. بنابراین پاتالوژیست می‌بایست از چندین ناحیه در طول بافت کولون نمونه‌برداری و ضخامت لایه کلاژن را اندازه‌گیری کند. هم اکنون این,2,533694
چه موضوعاتی در ارتباط با بازارهای مختلف و اثر متقابل آنها اخیرا مورد توجه بوده‌اند؟,در سال‌های گذشته یکی از مهمترین موضوعات مالی، ارتباط بازارهای مختلف و اثر متقابل آنها بوده است. مسأله اساسی این است که استراتژی سرمایه‌گذاری بلندمدت در بین دارایی‌های مختلف نظیر بورس اوراق بهادار، طلا، ارز، املاک و مستغلات نامشخص بوده و معلوم نیست که علیرغم رکود و رونق موقت برخی از دارایی‌ها (همانند بورس و طلا) و همچنین تأثیرات آنها بر یکدیگر، اولویت‌بندی سرمایه‌گذاری (به لحاظ ریسک و بازده) بین دارایی‌های فوق چگونه تخصیص یابد. هدف از انجام این تحقیق، پیشنهاد اوزان بهینه سرمایه‌گذاری در دارایی‌های فوق با تمرکز بر روابط بین این بازارها با استفاده از رویکرد VAR-Multivariate GARCH و ارزش در معرض ریسک می‌باشد. بدین منظور با استفاده از اطلاعات شاخص دارایی‌های فوق در فاصله زمانی فروردین 1381 تا فروردین 1390،  مرز کارایی سرمایه‌گذاری رسم شده است. نتایج حاصل نشان می‌دهد در سطح ارزش در معرض صفر بدلیل تغییرات کم واریانس، بیشترین وزن سرمایه‌گذاری در املاک و مستغلات و در بالاترین سطح ارزش در معرض ریسک، بیشترین وزن سرمایه‌گذاری در بورس اوراق بهادار تهران بدلیل بازده بالاتر، تخصیص یافته است.,2,535085
چرا روش‌های طراحی برای ستون‌های سنگی هنوز به صورت تجربی محسوب می‌شوند؟,دربین روش‌های بهسازی خاک، ستون‌های سنگی  تا به حال به‌طور گسترده مورد استفاده قرار گرفته و این روش به‌طور موفقیت‌آمیزی در بهبود وضعیت خاک سست موثر بوده است. تأثیر موفقیت‌آمیز این روش در افزایش سختی خاک‌های ریزدانه‌ی اشباع، افزایش ظرفیت باربری، کاهش نشست‌ها و سرعت‌دهی به انجام فرآیند تحکیم به اثبات رسیده است. علی‌رغم استفاده‌ی گسترده از ستون‌های سنگی و پیشرفت‌های موجود در زمینه روش ساخت و تجهیزات مورد استفاده، روش‌های طراحی موجود برای آن‌ها تجربی هستند و تنها اطلاعات محدودی درباره‌ی نحوه‌ی طراحی این ستون‌ها در آیین‌نامه‌ها و کتاب‌های مرجع موجود است. در این پایان نامه و در قالب مطالعه ای پارامتری تاثیر ستون سنگی با حجم ثابت بر روی نشست و ظرفیت باربری خاک ریزدانه بابل بررسی و ارزیابی گردید. در این راستا ضمن ساخت مدل اجزای محدود از خاک ریزدانه با مشخصات خاک بابل از نوع رس در نرم افزار PLAXIS و استفاده از نظریه سلول واحد برای ستون‌های سنگی تغییر پارامترهای طول، قطر و فاصله بین ستون‌های سنگی، تاثیر پارامترهای مذکور بررسی و تحلیل گردید. مطابق نتایج تحقیق، افزایش قطر ستون‌های سنگی باعث کاهش نش,2,802709
چه معیارهایی برای انتخاب نمونه در این تحقیق مورد استفاده قرار گرفته است؟,هدف کلی این تحقیق بررسی و مقایسه میزان روحیات کارآفرینانه مدیران و کارشناسان بنگاه های کوچک و متوسط موفق با مدیران و کارشناسان سایر بنگاه های کوچک و متوسط بخش کشاورزی استان ایلام می باشد. این تحقیق به لحاظ هدف کاربر دی می باشد و از نوع توصیفی- همبستگی بوده که به صورت پیمایشی و با استفاده از پرسشنامه انجام شده است . جامعه آماری مورد نظر را کلیه مدبران و کارشناسان بنگاه های کوچک و متوسط بخش کشاورزی استان ایلام تشکیل دادند(492) که از این میان تعداد 175 نفر به روش نمونه گیری طبقه ای متناسب به عنوان نمونه آماری انتخاب شدند. روایی ظاهری و محتوایی پرسشنامه عیناً مستند به پرسشنامه معرفی شده در کتاب ابزار سنجش ویژگی های شخصیتی کارآفرینان ایرانی(زالی وکرد نائیج، 1386) می‌باشد پایایی ابزار پژوهش نیز با آنجام آزمون مقدماتی از طریق توزیع 30پرسشنامه در بین مدیران و کارشناسان بنگاه های بنگاه های کوچک و متوسط بخش کشاورزی استان ایلام مورد تأیید قرار گرفت و ضریب اطمینان آلفای کرونباخ بخش های مختلف با استفاده از نرم افزار SPSS، 0/78 محاسبه شد. نتایج حاصل از یافته ها نشان داد که روحیه کانون کنترل ، نیاز ب,2,530844
آیا تغییرات فواصل بین دو سیلندر در تحقیق مذکور بر روی سرعت متوسط جریان و شدت اغتشاشات تأثیرگذار بوده‌اند؟,"در این پایان نامه به مطالعه رفتار جریان بر روی دو سیلندر پشت سر هم با نسبت اقطار کم در دو قطر و در دو عدد رینولدز متفاوت بین دو سیلندر پرداخته شده است.
همچنین اثر تغییرات فواصل بر روی سرعت متوسط و شدت اغتششات در پشت سیلندر اصلی بررسی شده است. نتایج به دست آمده نشان می دهد با قرار دادن یک میله در جلوی سیلندر اصلی و مغشوش شدن جریان، جدایش دیرتر اتفاق می افتد، بنابراین ناحیه گردابه ای در پشت سیلندر، کوچکتر و سرعت جریان نسبت به حالت تک سیلندر، بیشتر خواهد بود. همچنین با قرار دادن میله کنترل در فواصل نزدیک به سیلندر اصلی لایه های برشی بطور یکنواخت به سطح بالا و پایین سیلندر می رسند و بین میله و سیلندر یک حالت حفره مانند با جریان راکد و فشار خیلی کم و حتی منفی پدید می آید که همین امر، اختلاف فشار بین پشت و جلو سیلندر اصلی را کم می کند و نیروی درگ شکلی و به تبع آن نیروی درگ کلی کاهش می یابد. پس یک فاصله بحرانی بین میله و سیلندر وجود خواهد داشت که در آن نیروی درگ کمترین مقدار خواهد بود که طبق آزمایشات انجام شده در این پروژه، این فاصله بحرانی برای دو نسبت قطر 1/0 و 15/0 تقریباً برابر با 2L/D=",2,535604
چه تأثیراتی از وجود گسل شمال تبریز بر امنیت اجتماعی و اقتصادی این شهر پیش بینی می شود؟,"با توجه به اینکه کشور ایران در روی کمربند آلپ-هیمالیا که یکی از فعالترین مناطق لرزه خیز محسوب می شود قرار گرفته است اغلب توسط زلزله های با بزرگای مختلف دچار لرزش می گردد. به همین خاطر کشور ایران تلفات جانی و مالی زیادی در اثر این زلزله ها متحمل شده است.
شهر تبریز از نقطه نظر اقتصادی، سیاسی و اجتماعی یکی از مهمترین شهرهای ایران محسوب می شود. وجود گسل شمال تبریز باعث افزایش احتمال وقوع زمین لرزه های بزرگ می گردد که تهدیدی برای این شهر با جمعیت 1/6 میلیون نفری محسوب می شود.
یکی از مهمترین مسائل در طراحی سازه های مقاوم در برابر زلزله برآورد سطح لرزش هائی است که سازه ها ممکن است تحت این لرزش ها قرار بگیرند. برای این منظور می توان از تحلیل خطر لرزه ای استفاده کرد.
در این پایان نامه با استفاده از روش تحلیل احتمالی خطر لرزه ای، ارزیابی از خطرات لرزه ای در مسیر شماره 2 مترو تبریز انجام شده است. به این منظور ابتدا لرزه زمین ساخت گستره مورد مطالعه مورد بررسی قرار گرفته و کلیه منابع لرزه زا در شعاع 150 کیلومتری طرح که قادر به ایجاد زمین لرزه های مخرب می باشند تعیین شده است.
با استفاده از این ا",2,534428
چه نقشی در کاهش هزینه‌ها و افزایش کارایی دستگاه‌های جداسازی هوشمندانه ای با طراحی هوشمندانه ای از جنبه های مختلف دارند؟,جهت تنظیم نقطه شبنم آب وهیدروکربن درگازهای طبیعی وهمچنین به منظورجداسازی ترکیبات سنگین هیدروکربنی ازگازهای طبیعی، از فرآیندهای مختلفی مانند سردسازی، غشایی و استفاده می گردد. از سال 2003 میلادی تکنولوژی جدیدی با طراحی هوشمندانه ای به نام جداکننده هایم افوق صوت پا به عرصه صنعت گذاشت. برخی از مزیت‌های سیستم مذکور شامل اندازه بسیار کوچک ، هزینه های پائین تعمیر و نگهداری، نادشتن قطعات متحرک، ساعات سرویس و تعمیرات ناچیز می باشند. در این پروژه، ضمن بررسی جامع فرآیند مذکور، نسبت به انجام مدل سازی و شبیه سازی کامپیوتری آن با در نظر گرفتن خواص ترمودینامیکی مختلف و به کارگیری معادلات حالت متفاوت به منظور پیش‌بینی راندمان جداسازی و مقایسه آن با روش‌‌های متداول اقدام شده است. ‌پس از انجام فرآیند، گازِ عامل دچار افت فشار شده که برای بازگشت به خط اصلی باید فشار دوباره بالا رود. برای این مهم دو طراحی- یکی استفاده از شوک نرمال و دیگری به کمک دو نازل همگرا_واگرای متوالی-  در نظر گرفته شده است. از این رو شبیه سازی های لازم با در نظر گرفتن شرایط دخیل در فرآیند صورت گرفتند. ‌نتایج شبیه سازی ها و پیش بینی ص,2,530343
چه فناوری‌هایی برای تنظیم نقطه شبنم آب و هیدروکربن در گازهای طبیعی استفاده می‌شود؟,جهت تنظیم نقطه شبنم آب وهیدروکربن درگازهای طبیعی وهمچنین به منظورجداسازی ترکیبات سنگین هیدروکربنی ازگازهای طبیعی، از فرآیندهای مختلفی مانند سردسازی، غشایی و استفاده می گردد. از سال 2003 میلادی تکنولوژی جدیدی با طراحی هوشمندانه ای به نام جداکننده هایم افوق صوت پا به عرصه صنعت گذاشت. برخی از مزیت‌های سیستم مذکور شامل اندازه بسیار کوچک ، هزینه های پائین تعمیر و نگهداری، نادشتن قطعات متحرک، ساعات سرویس و تعمیرات ناچیز می باشند. در این پروژه، ضمن بررسی جامع فرآیند مذکور، نسبت به انجام مدل سازی و شبیه سازی کامپیوتری آن با در نظر گرفتن خواص ترمودینامیکی مختلف و به کارگیری معادلات حالت متفاوت به منظور پیش‌بینی راندمان جداسازی و مقایسه آن با روش‌‌های متداول اقدام شده است. ‌پس از انجام فرآیند، گازِ عامل دچار افت فشار شده که برای بازگشت به خط اصلی باید فشار دوباره بالا رود. برای این مهم دو طراحی- یکی استفاده از شوک نرمال و دیگری به کمک دو نازل همگرا_واگرای متوالی-  در نظر گرفته شده است. از این رو شبیه سازی های لازم با در نظر گرفتن شرایط دخیل در فرآیند صورت گرفتند. ‌نتایج شبیه سازی ها و پیش بینی ص,2,530343
آیا استفاده از غشای نانومتخلخل سیلیکا-تیتانیا می‌تواند به بهبود ارزش حرارتی سوخت و ظرفیت ایستگاه‌های تقویت فشار گاز کمک کند؟,"باتوجه به آثار جانبی وجود نیتروژن همراه گاز شهری بر ارزش حرارتی سوخت، اندازه خطوط انتقال و ظرفیت ایستگاه‌های تقویت فشار گاز، از فرایند غشایی برای جداسازی این دو گاز استفاده می‌شود. 
در کار پژوهشی حاضر، غشاء نانومتخلخل سیلیکا-تیتانیا به روش سل-ژل با استفاده از آلکوکسیدهای تیتانیوم و سیلیکون، با لایه میانی تیتانیا و لایه جدایشگری سیلیکا-تیتانیا بر روی لولهآلفاآلومینایی، بعنوان پایه نگهدارنده، ساخته و تعیین مشخصات شد. سل-های ساخته شده از مواد اولیه به روش غوطه‌وری بر روی پایه پوشش داده شدند و پس از هر بار اعمال پوشش، تا دمای 185 درجه سانتیگراد حرارت داده شدند. پوشش‌دهی سه بار تکرار شده و در دمای 500 درجه سانتیگراد تحت عملیات حرارتی قرار گرفتند. آنالیز DTA وTG خروج مواد فرار از ژل را با افزایش دما نشان می‌دهد. الگوهای XRD حضور فازآمورف را گزارش کرده که فازهای کوارتز و آناتاز بصورت جزیی نیز در آن دیده می‌شود. آنالیز طیف سنجی مادون قرمز از حضور پیوندهای Si-O-Si، Ti-O-Ti و Ti-O-Siخبر می‌دهد که نشانگرتکمیل واکنش‌های آبکافت و چگالش می‌باشد. تصاویر SEM و FESEM از سطح پوشش‌های نهایی، حاکی از سطو",2,530599
چرا جمع آوری داده‌ها به عنوان یک هنر محسوب نمی‌شود؟,"داده کاوی به معنای کاوش در میان حجم انبوهی از داده ها جهت کشف دانش پنهان و نهفته در آن است. حجم انبوه داده های ذخیره شده در مخازن اطلاعاتی سازمانها و از طرفی توسعه روز افزون سخت افزاری و نرم افزاری رایانه ها و ارزانی و سهولت دسترسی به منابع اطلاعاتی و کار با آن دانش داده کاوی را به عنوان یکی از تکنولوژیهای برتر و در حال توسعه دنیا معرفی نموده است. امروزه جمع آوری داده ها یک هنر محسوب نمی شود، بلکه در دنیای رقابتی امروز، تولید دانش از داده ها به یک ضرورت تبدیل شده است.لذا با توجه به داده های دوره گارانتی خودروی ریوشرکت سایپا یدک که از تاریخ 1/4/84 تا 6/2/89 گردآوری شده نسبت به اجرای فرآیند داده کاوی برای مساله ""استفاده از تکنیکهای داده کاوی برای تحلیل داده های دوره گارانتی شرکت سایپا یدک"" اقدام و از روش CRISP-DM و نرم افزار Clementine 12.0 جهت تحلیل، خوشه بندی، دسته بندی داده ها و کشف قوانین  استفاده شد.بررسیها نشان دادند که استفاده از خوشه بندی و کشف قوانین وابستگی برای داده های مذکور مناسب تربوده و علیهذا شرکت سایپا یدک با بهره گیری از نتایج بدست آمده می تواند برای شناسایی توالی وقوع",2,534708
چگونه رشد سریع اینترنت تاثیری بر تقاضا برای کارکنان دانش داشته است؟,"با رشد سریع اینترنت, یادگیری الکترونیکی به عنوان شکلی از یادگیری از راه دور در جوامع مختلف مرسوم شده است. حرکت از اقتصاد مبتنی بر محصول به اقتصاد مبتنی بر دانش, افزایش تقاضا برای کارکنان دانش را به دنبال داشته است تا جایی که موسسات آموزش عالی با امکانات محدود خود قادر به پاسخگویی به این نیاز نمی‌باشند, لذا, در کنار آموزش سنتی به ارائه دوره‌های الکترونیکی روی آورده‌اند. علیرغم تمایل آشکار به استفاده از سیستم‌های یادگیری مبتنی بر وب جهت تسهیل فعالیت‌های آموزش و یادگیری، تعداد کاربران این سیستم‌ها به سرعت مورد انتظار افزایش نمی‌یابد. با اینکه اساتید و دانشجویان هر دو کاربران اولیه یک سیستم یادگیری مبتنی بر وب هستند، اساتید مهم‌ترین نقش را در تعیین موفقیت یا شکست سیستم بازی می‌کنند. بنابراین, شناسایی عوامل موثر در پذیرش سیستم‌های یادگیری مبتنی بر وب توسط اساتید ضروری است. در این تحقیق, پس از بررسی مدلهای متعدد پذیرش یادگیری الکترونیکی, مدل ترکیبی وانگ و وانگ (2009) به عنوان مدل پایه انتخاب شد. سپس, بر اساس ادبیات تحقیق روابط جدیدی به مدل پایه افزوده شد و مدل نهایی تحقیق به دست آمد. هدف مدل",2,530888
آیا مقدار عدد ماخ و تغییرات دما در طول کوتاه کانال تأثیری بر تراکم ناپذیری جریان سیال دارد؟,در کار حاضر اثر زبری سطح بر  جریان آرام سیال در میکروکانال مورد بررسی قرار گرفته است. جریان  با توجه به مقدار عدد نودسن (0/1>Kn>0/01) پیوسته  و با شرایط مرزی لغزشی در دیواره در نظر گرفته شده است. معادلات ناویر استوکس به صورت عددی و با روش حجم محدود حل شده اند. جریان با توجه به مقدار عدد ماخ (0/3 >> Ma) و تغییرات ناچیز دما در طول کوتاه کانال، تراکم ناپذیر و با چگالی ثابت فرض شده است. از هوا به عنوان سیال داخل کانال استفاده شده است. نتایج حل‌های تحلیلی و عددی انجام شده در این پروژه، برای کانال بدون زبری با یکدیگر مقایسه شده‌اند و خطای قابل قبول کمتر از 1% برای عدد پوازیه و سرعت خط مرکزی جریان بدست آمده است. زبری به صورت یک سری موانع متناوب با هندسه پایه مثلثی، بر روی دیواره کانال دوبعدی مدل شده است. تاثیر تغییر ارتفاع زبری  از یک تا شش درصد قطر کانال،  تغییر پهنای المان از یک تا سی برابر ارتفاع المان، تغییر فاصله بین المان ها از صفر تا حدود هشت برابر پهنای المان و تغییر پهنای نوک المان از صفر تا پهنای قاعده المان بر روی لغزش و عدد پوازیه کانال مورد بررسی قرار گرفته است. همچنین اثر تغییر,2,528786
چه مزایا و معایبی برای استفاده از روش‌های نوین در صنعت بیمه وجود دارد؟,"در سالهای اخیر صنعت بیمه جایگاه ویژه ای در زندگی مردم پیدا کرده است. از اینرو دست اندرکاران این رشته سعی بر بهبود روشهای مورد استفاده در بیمه یا ابداع روشهای نوین نموده اند.برای انجام تحقیق، در ابتدا تغییراتی بر روی سیستم اطلاعاتی یکپارچه صنعت بیمه ایران انجام شد و داده ها آماده سازی شدند.از آنجا که شبکه های عصبی ابزار مناسبی برای پیش بینی و استخراج داده ها (دسته بندی داده ها) است، می توان از آن بعنوان روشی مناسب برای تعیین (پیش بینی) میزان هزینه/ سود در خدمات بیمه استفاده نمود. در این تحقیق با کمک تکنیکهای انتخاب ویژگی ورودی ها برای شبکه عصبی مشخص شدند. سپس این ورودیها به یک شبکه عصبی پرسپترون چند لایه اعمال و شبکه آموزش دیده شد و خروجی، پیش بینی سوددهی هر مشتری برای شرکتهای بیمه ای می باشد.
پایان نامه حاضر به بررسی سیستم اطلاعاتی موجود در بیمه بدنه خودرو در ایران می پردازد. با استفاده از روشهای انتخاب ویژگی از بین فیلدهای موجود در سیستمهای اطلاعاتی بیمه، ویژگیهای بهینه که شامل بیشترین اطلاعات سودمند هستند را انتخاب می نمائیم. سپس با استفاده از این فیلدهای منتخب و شبکه های عصبی مصنوع",2,533465
چه ویژگی های خاصی مانند ضریب هدایت حرارتی در سیالات معمولی نظیر آب و اتیلن گلیکول برای انتقال حرارت دارند؟,یکی از مسائلی که امروزه در طراحی مبدل های حرارتی مورد تحقیق و بررسی قرار داده می شود، افزایش میزان انتقال حرارت با کمترین میزان حجم مبدل حرارتی می باشد.  مقاطع غیر دایره ای نظیر کانال های با مقطع مربعی و مثلثی چون با کاهش افت فشار برای جریان سیال عبوری داخل کانال همراه است از جمله مواردی است که باید به آن پرداخته شود.  سیالات معمولی، مثل آب، اتیلن گلیکل، و غیره.... برای انتقال حرارت، ضریب هدایت حرارتی پایینی در مقایسه با فلزات و حتی اکسیدهای فلزی دارند.  که بحث نانو سیالات به دلیل اینکه پتانسیل بالایی در میزان افزایش انتقال حرارت از خود نشان می دهند مورد بررسی قرار می گیرند. در این مطالعه انتقال حرارت جابجایی اجباری نانو سیال آب Al2O3/ ، آب/CuO وآب/ Cu در جریان درهم داخل کانالهای با سطح مقطع مربعی و مثلثی با شرط مرزی دما ثابت دیواره به صورت شبیه سازی عددی با استفاده از روش CFD مورد بررسی قرار گرفته که از نرم افزار Gambit 2.4.6 برای تولید هندسه و مش بندی و Fluent 6.3.26 برای حل استفاده شده و تغییرات عدد Nu برحسب عدد Re بدست آورده شده و نقش عواملی همچون ابعاد ذرات، غلظت ذرات و نوع ذرات ب,2,530299
سیستم سیستم‌ها چگونه توصیف می‌شود؟,"سیستم سیستم‌ها، مجموعه‌ایی از سیستم‌های بزرگ است که به صورت ناهمگن و مستقل در حوزه خود کار می‌کنند ولی به صورت شبکه به هم در رسیدن به یک هدف تلاش می‌کنند که این هدف می‌تواند خرج ، عملکرد ، روباستنس و.... باشد. سیستم سیستم‌ها از بالا و کل‌نگر به سیستم نگاه کرده و بینش جدیدی را روی مسئله فراهم می‌آورد.
سیستم شبکه سنسوری بی‌سیم یک سیستم کاملا پیچیده محسوب می‌شود. بنابراین سیستم شبکه سنسوری بی‌سیم، یک سیستم سیستم‌ها محسوب شده و می‌تواند در قالب یک SoS و مطابق با فرهنگ لغات سیستم سیستم‌ها ، فرموله گردد. فرهنگ لغات دکتر دلارنتیس ، مسئله شبکه سنسوری بی‌سیم را به صورت یک مسئله سیستم سیستم‌ها فرموله و بیان می‌کنیم.
در این پایان‌نامه، به حل مسئله کشف خطر و هدایت سنسورها به سمت مناطق کشف شده توسط شبکه سنسوری بی‌سیم در قالب سیستم سیستم‌ها با در نظر گرفتن اتصالات سری و موازی می‌پردازیم. بدین صورت که تعدادی سنسور و هدف را به عنوان فرض اولیه مسئله به صورت راندم در محیط قرار دادیم. در بخش اول سنسورها با استفاده از روش VFPSO به کشف هدف‌ها و مناطق آتش‌گرفته می‌پردازند. در مرحله بعد زمانی که مناطق خطر",2,534657
چه ایستگاه‌های هواشناسی در اصفهان برای محاسبه شاخص‌های خشکسالی مورد بررسی قرار گرفته‌اند؟,"در تحقیق حاضر، شش شاخص خشکسالی هواشناسی شامل شاخص دهک‌ها (DI)، شاخص درصد نرمال بارندگی (PNPI)، شاخص بارش استاندارد شده (SPI)، شاخص معیار استاندارد Z-Score (ZSI)، شاخص Z چینی (CZI) و شاخص Z چینی اصلاح شده (MCZI) مورد ارزیابی قرار گرفته است.    این شاخص‌ها طی یک دوره‌ی آماری 20 ساله بر روی 10 ایستگاه هواشناسی استان اصفهان در مقیاس‌های زمانی 1، 3، 6، 12،24 و 48 ماهه محاسبه شد. سپس شاخص‌ها از مقیاس ماهانه به واحد مشترک سالانه تبدیل گردیدند و به منظور انتخاب مناسب‌ترین شاخص، از کمینه‌ی بارندگی در طول دوره‌ی آماری بارندگی سالانه استفاده شد.
        نتایج حاصل از آزمون فرضیه‌ها نشان داد شاخص دهک‌ها (DI) و شاخص SPI مقارن با سال وقوع کمینه بارندگی، رخداد خشکسالی شدید و بسیار‌‌شدید را در تمام ایستگاه‌های تحت مطالعه نشان می‌دهد. این دو شاخص از انحراف‌ معیار کمتر و کارآیی بیشتری به لحاظ نمایش خشکسالی بسیار‌شدید نسبت به سایر شاخص‌ها برخودار می‌باشند. شاخص‌های (CZI) در 4 ایستگاه تحت مطالعه با رخداد خشکسالی بسیار‌شدید در طی سال‌های وقوع کمینه‌ی بارندگی انطباق داشته و در 6 ایستگاه مقارن با سال وقوع ک",2,530030
چه تفاوت‌هایی در ماشینکاری فولادهای ضد زنگ نسبت به ماشینکاری دیگر فلزات مشاهده می‌شود؟,آلیاژهای فولاد ضد زنگ با داشتن خواص منحصر به فرد جزء مواد پر کاربرد در صنایع مختلف و مهم همچون هوا فضا، پزشکی، شیمیایی و نظامی محسوب می‌شوند، و به دلیل مصرف روز افزون از اهمیت بالایی برخوردار هستند. ماشینکاری فولادهای ضد زنگ نسبت به ماشینکاری دیگر فلزات مانند آلومینیوم و فولاد های کم کربن سخت‌تر است و در طول عملیات ماشینکاری نوعی رفتار چسبناک از خود نشان می‌دهند که در نتیجه عمر ابزار کاهش یافته و کیفیت قطعه پایین می‌آید. علیرغم تحقیقات صورت گرفته متعدد در زمینه ماشینکاری سنتی (فرزکاری، تراشکاری، سنگ زنی و...)، تحقیقات کمی بر میکرو ماشینکاری این آلیاژها به خصوص بررسی رفتار و ابعاد پلیسه انجام شده است. پلیسه به دلیل آسیب‌هایی که در هنگام جابجایی قطعات ماشینکاری شده وارد می‌کنند و همین طور به دلیل ایجاد اخلال در عملکرد قطعات مونتاژ شده پدیده ای نامطلوب بوده و نیازمند حذف و یا کاهش ابعاد آن می‌باشد. هدف کلی این تحقیق بررسی تأثیر پارامترهای فرآیند میکرو فرزکاری بر خروجی‌های ارتفاع و ضخامت پلیسه فولاد ضد زنگ 316 می‌باشد. بدین منظور، با انجام یک سری آزمایشات طرح ریزی شده و با تکنیک طراحی آزما,2,534670
چه مشکلاتی ممکن است در حین استفاده از بتن آماده در شهر های بزرگ وجود داشته باشد؟,"با توجه به تقاضای روز افزون  استفاده از بتن آماده در پروژه های عمرانی وهمچنین با توجه  به واقع شدن کارخانه های تولید بتن آماده در محدوه خارج شهرها (مشکل بعد مسافت)واز طرفی باتوجه به مشکلات ترافیکی حمل بتن، بخصوص در شهر های بزرگ ونیز مشکلات اجرایی در حین استفاده از بتن آماده ،لزوم بررسی دیرکرد بتن ریزی (فاصله زمانی بین ساخت تا مصرف بتن در حین اختلاط)برمقاومت فشاری  وکارایی بتن ضروری به نظر می رسید لذا با توجه به نتایج این تحقیق می توان به اهداف زیر دست یافت:
1-جنبه کیفی به معنی تامین حداقل مقاومت فشاری طراحی وکارایی و روانی مناسب.
2-جنبه اقتصادی به معنی جلوگیری از هدر رفتن بتن هایی که با دیر کرد مواجه می باشند.
3-تجدید نظر در طرح اختلاط بتن به لحاظ کاهش عیار سیمان مصرفی ،با تامین حداقل مقاومت طراحی مورد نظر(مشروط براینکه بتن با دیرکرد مورد مصرف قرار گیرد) .
عوامل متعددی برتعیین  حداکثر زمان دیرکرد بتن ریزی  موثر می باشند ازجمله:شکل وبافت سنگدانه ها ،دانه بندی ، نوع سیمان مصرفی ،عیار سیمان ،نسبت آب به سیمان ،دما،میزان رطوبت نسبی ، حداکثر دوران دیگ مخلوط کن(تراک میکسر) وهمچنین زمان گی",2,534051
چگونه می‌توان از تکنولوژی های وب معنایی برای پیاده سازی سلامت الکترونیک بهره برد؟,"به منظور بررسی و تحلیل ورود و پیاده سازی تکنولوژی های وب معنایی در حوزه ی سلامت الکترونیک لازم است ابتدا این حوزه به طور کامل شناخته شود و محیط ها و نواحی آسیب پذیر آن به طور کامل شناسایی شوند. برای رسیدن به این منظور، در بخش اول پس از شناخت مفاهیم سلامت الکترونیک و پرونده ی الکترونیک سلامت و تعریف مفهوم شکست در این سیستم ها، مستندات موجود و در دسترس بررسی و مستندات مورد نیاز انتخاب گردیدند. بررسی و تحلیل مستندات منتخب منتج به ایجاد لیست اولیه ی فاکتورهای شکست این سیستم ها گردید. بررسی اعتبار فاکتورهای بدست آمده با استفاده از پرسشنامه و ارسال آن به آدرس پست الکترونیک تعدادی از محققان و استادان این حوزه در سراسر دنیا انجام گرفت و در نهایت چارچوب نهایی این فاکتورها تدوین گردید. شناخت نواحی آسیب‌پذیر و فاکتورهای شکست این سیستم ها ممکن است به صورت مستقیم در رسیدن به نتایج نهایی مورد نظر کمکی نکنند اما باعث ایجاد درک وسیع و کاملی از سلامت الکترونیک و سیستم های الکترونیک سلامت می گردند و زمینه را برای بررسی تکنولوژی های وب معنایی در این حوزه مهیا می کنند.
در بخش دوم، پس از ارائه ی تعریف و د",2,535141
چه محدودیت‌هایی به وجود می‌آید در هنگام استفاده از پوشش TiN بر روی ابزارها و قالب‌ها در شرایط مرطوب و با سرعت بالا؟,پوشش‌های سخت به طور عمده به منظور افزایش طول عمر ابزارها، به خصوص ابزار برش و قطعات دستگاه‌ها، و هم‌چنین برای رسیدن به خواص تزئینی مطلوب و قابلیت مقاومت بالا در برابر خوردگی در اتمسفر، مایع بدن و برخی مایعات صنعتی استفاده می‌شود. TiN به عنوان پوشش سخت بر روی ابزارها و قالب‌ها علی‌رغم سختی بالا و مقاومت به سایش، در هنگام ماشینکاری  با سرعت بالا و در شرایط مرطوب دارای محدودیت است. با توجه به اینکه حضور اکسیژن در این پوشش‌ها از اکسایش بیشتر آن‌ها جلوگیری می‌کند و افزایش چقرمگی و کاهش احتمال پوسته شدن و تراشه شدن پوشش را به همراه دارد و مشارکت آلومینیم در این پوشش‌ها باعث بهبود رفتار اکسایشی و پایداری حرارتی و افزایش سختی آن‌ها می‌شود، لذا انتظار می‌رود که پوشش‌های پیشرفته‌تری نظیر پوشش‌های TiAlON و TiAlN عملکرد بهتری نسبت به نیتریدهای ساده داشته باشند. در این پژوهش با ساخت فلز هدف موزائیکی، پوشش‌های TiAlN و TiAlON توسط فرایند تبخیر قوس کاتدی ایجاد شد. پس از آن رفتار سایشی، اکسایشی و خوردگی این دو پوشش در مقایسه با پوشش TiN مورد بررسی قرار گرفت. جهت بررسی ریزساختار حاصل از فرایند تبخیر قوس,2,526018
چه نتایجی از مطالعاتی که شریفی در حوزه ترکیب ماسه و بنتونیت انجام داده است بدست آمده است؟,"یکی از مشکلات خاک‌ها ضعف آنها در مقابل نیروی‌های برشی است، ضعف خاک در این زمینه سبب ریزش خاک و عدم توانایی تحمل وزن ناشی از ایجاد سازه‌ها می‌شود. مقاومت برشی خاک‌های ماسه‌ای عمدتاً ناشی از اصطکاک داخلی سنگدانه‌ها می‌باشد. اصطکاک داخلی سنگدانه‌ها نیز متاثر از بعد و اندازه‌ی سنگ دانه‌ها می‌باشد. عامل موثر دیگر بر مقاومت برشی خاک‌ها، سربارهای قائم وارده بر خاک می‌باشد.
با توجه به مطالعاتی که شریفی(1385) روی 80 درصد ماسه و 20 درصد بنتونیت انجام دادند، در این مطالعه نیز با ثابت گرفتن درصد ماسه (80 درصد)، بنتونیت (20 درصد) و اضافه کردن میکروسیلیس (5 درصد وزنی مخلوط ماسه-بنتونیت)، دانه‌بندی ماسه تغییر کرده است، برای این منظور ماسه‌ی انتخابی را در پنج ترکیب عبوری از الک‌های 10، 20، 40، 60 و 100 دسته‌بندی نموده و سپس با بنتونیت و میکروسیلیس مخلوط شد. نمونه‌ها در رطوبت بهینه عمل‌آوری شده و تا 1536 کیلوپاسکال تحکیم داده شده و در پنج سربار 24، 48، 96، 192 و 384 کیلوپاسکال برش داده شدند و با نتایج شریفی مقایسه شدند که نتیجه گرفته شد: در تغییر شکل‌‌های کوچک مقاومت برشی خاک مورد آزمایش در حالت بدون",2,535413
آیا تبلیغات بخش ضروری از زندگی انسان‌ها است؟,تبلیغات بخشی از زندگی هر انسانی است. هر فرد به طور ذاتی نیازمند توجه است به همین منظور با رفتار خود برای جلب توجه دیگران تلاش می‌کند. این تلاش باعث وجود اعتماد به نفس در فرد شده و احساس خوبی را به او می‌دهد. به دلیل وجود این تمایل ذاتی، جوامع بشری تمایل به تبلیغات دارند و پذیرای آن هستند. در گذشته آگهی‌رسانی وجود داشته ولی شاید تبدیل آن به یک صنعت قابل توجه عمری کمتر از یک قرن داشته باشد. در هر حال باید دقت کرد که با اینکه عمر آن به بسیاری از رفتارهای اجتماعی که در طول تاریخ شکل گرفته‌اند نمی‌رسد ولی تأثیر آن بسیار بیشتر از رفتار‌های اجتماعی برای ترغیب و وادار کردن مصرف‌کننده به خرید است. در عصر حاضر تبلیغات وارد دوره‌ی جدیدی شده‌اند و تبلیغات سیار به سرعت فضای ارتباطی را پر می‌کنند. تبلیغات هوشمند سیار جدید‌ترین نسل تبلیغات است که عمر آنها به سختی به 4 سال می‌رسد ولی این نوع تبلیغات ساختاری بسیار دلپذیر برای کاربر خواهند داشت زیرا هدف آنها هوشمند تعیین شده و افرادی که نیازمند کالایی هستند و یا به آن علاقه دارند را جذب می‌کنند و علاوه بر آن اطلاعات بازاریابی بسیار ارزشمندی برای بازاریا,2,530416
چه فرضیاتی در مورد سیال لزج در این پژوهش مطرح شده و چگونه این فرضیات در حل معادلات دیفرانسیل مورد استفاده قرار گرفته‌اند؟,"تاریخچه حل انجماد سیال در جریان سکون به چند مورد محدود می‌گردد که تنها اندکی از این بررسی‌ها بر‌روی سیال لزج صورت پذیرفته است و در آن‌ها نیز فرض‌هایی مثل نادیده گرفتن تغییرات فشار در امتداد ضخامت لایه لزج و یک‌بعدی بودن معادله انرژی دیده می‌شود. 
 در این پژوهش معادلات مومنتوم ناپایدار با احتساب تغییرات فشار در امتداد ضخامت لایه لزج توسط متغیر تشابهی مناسب تبدیل به معادلات دیفرانسیل معمولی شده و برای هر لحظه به روش رانگه-کوتای مرتبه چهارم حل می‌شوند. معادله انرژی نیز با معلوم بودن سرعت در هر گام، بصورت عددی حل شده و مسئله برای دستگاه دوبعدی کارتزین و استوانه‌ای متقارن مدل‌سازی شده است. 
نتایج در محدود‌ه‌‌های خاصی که بررسی‌های قبلی وجود دارد، با هم مقایسه شده‌اند. ضخامت لایه‌مرزی حرارتی، نیمرخ دمای سیال و نیمرخ سرعت‌ها در هر لحظه و از همه مهمتر سرعت انجماد یا پیشانی حمله برای مقادیر مختلف پارامترهایی مانند اعداد بی‌بعد پرانتل و استفان توسط نمودارهایی ارائه شده‌اند. نتایج نشان می‌دهند که افزایش عدد پرانتل تا ده برابر و یا افزایش نسبت ضریب نفوذ گرمایی مایع به جامد تا دوبرابر، باعث می‌شود",2,530036
چگونه مطالعات بر روی گوشت‌خواران با استفاده از نمایه‌های زیستی مانند مدفوع و ادرار انجام می‌شود؟,مطالعه بر روی گوشت‌خواران به دلیل جمعیت محدودشان و ویژگی‌های رفتاری خاص (شبگردی، استتار و...) معمولاً به صورت غیرمستقیم و به کمک نمایه‌های زیستی (مدفوع، ادرار، خون و...) صورت می‌گیرد. در این شرایط که به جای خود حیوان با نمایه‌های آن کار می‌کنیم امکان اشتباه در تشخیص گونه‌ها وجود دارد. در مبحث تخلفات شکار نیز شناسایی بافت‌های مکشوفه از شکارچی-های متخلف و آثار خون باقی‌مانده بر روی ادوات شکار به راحتی و با روش‌های متداول چشمی میسر نیست. از این رو، در این پژوهش سعی شده روشی مبتنی بر ویژگی‌های ژنتیکی برای شناسایی این گونه‌ها را به‌ دست آورده و کلیدهای شناسایی ژنتیکی برای گوشت‌خواران بزرگ جثه ارائه شود. در این پژوهش نمونه‌های بافت به دست آمده از 6 گونه گربه‌سان، 5 گونه سگ‌سان، یک گونه کفتار و یک گونه خرس مورد استفاده قرار گرفت. پس از استخراج دی‌ان‌ای (DNA) و تکثیر بخشی از ژن ناحیه کنترل میتوکندری به کمک پی‌سی‌آر (PCR) و پرایمرهای جهانی، اندازه قطعه جدا شده به کمک الکتروفورز برای هر گونه مشخص شد. نتایج به دست آمده نشان داد که اندازه طول قطعه مورد نظر در اغلب گونه‌های مورد مطالعه پلی‌مورفیسم,2,530266
چگونه می‌توان از مدل‌های مناسب برای کنترل موجودی بهره برد تا به بهره‌وری بیشتری دست یابیم؟,"یکی از جریان‌های مهم در زنجیره تأمین جریان فیزیکی مواد (موجودی‌ها) است که حجم عظیم سرمایه درگیر را به خود اختصاص می‌دهد. جهت کنترل موجودی ارائه مدل‌های مناسب و کارآمد می‌تواند مفید واقع شود. در اکثر مدل‌های موجودی فرض می‌شود که اقلام برای مدت نامحدود قابل نگهداری است. در حالی که بسیاری از کالاها از این قاعده تبعیت نمی‌کنند. کالاهای زیادی مانند میوه‌ها، سبزیجات، گوشت، مواد غذایی، ادکلن، الکل، بنزین، مواد رادیواکتیویته، فیلم‌های عکاسی و بسیاری دیگر از کالاها موجود‌ند که با گذشت زمان از نظر کیفی یا کمی دچار زوال خواهند شد. در صورتی که نرخ زوال این گونه اقلام ناچیز باشد، می‌توان از آن صرف نظر نمود. اما در بسیاری از این کالاها این نرخ قابل چشم‌پوشی نمی‌باشد. لذا باید زایل شدن این گونه کالاها در مدل‌های مربوط به آن لحاظ گردد. 
از طرف دیگر با توجه به ماهیت مستقل اجزای تشکیل دهنده زنجیره تأمین، اگرچه رویکرد کاملا یکپارچه ممکن است منجر به عملکرد بهینه سیستم شود، اما همواره مطلوب‌ترین گزینه تمامی اعضای سیستم نیست. بنابراین اعضای مستقل زنجیره تأمین معمولا به دنبال بهینه کردن اهداف خود می‌باشند ن",2,530863
چه روش‌هایی در تحلیل مدل‌های ریاضی سیستم‌های پارامتر توزیعی مورد استفاده قرار می‌گیرد؟,مدل‌سازی ریاضی بسیاری از سیستم‌های فیزیکی در زمینه‌های گوناگون مهندسی به معادلات دیفرانسیل با مشتقات جزئی منجر می‌شود که تحت عنوان سیستم‌های پارامتر توزیعی نامیده می‌شوند. روشی کار آمد مورد نیاز است تابه تحلیل این مدل‌ها بپردازد و جواب‌هایی به‌دست آورد که با جواب واقعی مسئله مطابقت داشته باشد، بررسی پایداری در سیستم‌های پارامتر توزیعی یک نیاز اساسی به‌شمار می‌آید، چرا که اگر سیستمی پایدار نباشد، با اعمال یک سیگنال هرچند کوچک ممکن است اشباع شود. بنابراین، یک سیستم ناپایدار در عمل غیرقابل استفاده است. در این پایان‌نامه، پایداری یک سیستم تحت معادله حرارت که اهمیت فراوان دارد مورد بررسی قرار گرفته است. در ابتدا مسئله به‌صورت یک سیستم فشرده، تقریب زده می‌شود و سپس با استفاده از رهیافت پایداری سیستم‌های فشرده در مورد پایداری سیستم جدید بحث می‌شود. در ادامه با توجه به این‌که روش‌های کلاسیک برای حل مسائل کنترل غیر‌خطی و مخصوصاً مسائل کنترل بهینه غیر‌خطی معمولاً کارآمد نیستند، رهیافتی برای حل این دسته از مسائل با استفاده از برنامه‌ریزی غیر‌خطی معرفی می‌کنیم. در ابتدا، مسئله اصلی را به یک مسئله,2,533734
چرا معیار شباهت cosine در الگوریتم‌های خانواده k-means، در مواقعی که خوشه‌ها به خوبی تفکیک نشده باشند، عملکرد مناسبی ندارد؟,خوشه‌بندی، روش داده‌کاوی قدرتمندی است که جهت کشف موضوع از اسناد متنی مورد استفاده قرار می-گیرد. در این زمینه الگوریتم‌های خانواده k-means به دلیل سادگی و سرعت بالا، در خوشه‌بندی داده‌هایی با ابعاد بالا، کاربرد فراوانی دارند. در این الگوریتم‌ها، معیار شباهت cosine، تنها شباهت میان زوج اسناد را اندازه‌گیری می‌کند که در مواقعی که خوشه‌ها به خوبی تفکیک نشده باشند، عملکرد مناسبی ندارد. درمقابل، مفاهیم همسایگی و اتصال با در نظرگرفتن اطلاعات سراسری در محاسبه میزان نزدیکی دو سند،  عملکرد بسیار بهتری دارند. چنانچه میزان شباهت دو سند از حد آستانه‌ای بیشتر باشد آن دو سند همسایه‌اند و تعداد همسایه‌های مشترک میان آنها، مقدار تابع اتصال این دو سند را نشان می‌دهد. بنابراین با توجه به اینکه تنها دو حالت همسایگی و عدم همسایگی داریم که با صفر و یک نمایش داده می‌شوند، مقداری از اطلاعات را در مورد میزان شباهت میان اسناد از دست می‌دهیم که منجر به کاهش دقت خوشه‌بندی حاصل می‌شود. جهت رفع این مشکل، در گام اول لیستی از مقادیر گسسته را برای تعیین بازه‌ای از مقادیر آستانه به جای تنها یک مقدار، در نظر گرفتیم که ب,2,529971
چرا تکثیر بذری گیاه آلوئه از کارایی اندکی برخوردار است و تثبیت مزارع تجاری بر آن مبتنی نیست؟,گیاه آلوئه به دلیل برخورداری از جنبه‌های کاربردی فراوان، مورد توجه بسیاری از شرکت‌های فعال در حوزه‌های غذا، دارو، مواد آرایشی و بهداشتی و غیره ‌می‌باشد. اولین گام در بهره‌مندی از پتانسیل‌های این گیاه ارزشمند، ایجاد امکان کشت گسترده آن است. از آنجا که تکثیر بذری این گیاه (به دلیل وجود نرعقیمی گسترده) از کارایی اندکی برخوردار است، تثبیت مزارع تجاری آلوئه مبتنی بر تکثیر جنسی تقریبا ناممکن می‌باشد. ازاینرو، توجه محققان به تولید پایه‌های تکثیر غیرجنسی این گیاه برای پاسخ به نیاز صنایع وابسته به آلوئه معطوف گردیده است. در این راستا روش‌های کشت بافت گیاهی برای ریزازدیادی گیاه آلوئه از جایگاه بسیار مهمی در تامین مواد اولیه برای صنایع تبدیلی آلوئه برخوردار شده‌اند. در این تحقیق، بهینه‌سازی فرآیند کشت بافت و باززایی گیاه آلوئه به منظور ایجاد امکان انجام تحقیقات و ارائه راهکارهای بیشتر در رابطه با استفاده کاربردی از پتانسیل‌های این گیاه، انجام شد. ترکیبات مختلف محیط کشت، مواد تنظیم کننده رشد و روش‌های کشت بافت به منظور ریزازدیادی گیاه آلوئه از طریق شاخه‌زایی مستقیم و باززایی از بافت کالوس و کشت‌ها,2,531180
چگونه توسعه راه حل‌‌‌های عددی در زمینه‌ی سیالات و انتقال حرارت به حل مسائل پیچیده کمک می‌کند؟,در طول سالیان گذشته، همواره ارائه‌ی یک راه حل تحلیلی برای مسائل مختلف در زمینه‌ی سیالات و انتقال حرارت مورد نظر محققین بوده است. اما با پیچیده‌شدن شرایط فیزیکی یک مسئله و یا شرایط مرزی آن، دستیابی به چنین حل‌هایی به‌سادگی امکان پذیر نیست. بدین سبب است که راه حل‌‌‌های عددی توسعه پیدا کرده و امروزه به صورت گسترده‌ای مورد استفاده قرار می‌گیرند. اما از طرفی، اعتبار سنجی روش‌های عددی نیز از اهمیت بسیار زیادی برخوردار می‌باشد؛ لذا، ارائه‌ی یک راه حل تحلیلی، از اهمیت ویژه‌ای برخوردار است. روش‌های تحلیلی موجود که عمدتاً بر پایه‌ی روش‌های اختلال و یا غیراختلال می‌باشند، چندان قابل اطمینان نبوده و کنترل لازم بر همگرایی جواب‌های حل در آن‌ها امکان‌پذیر نمی‌باشد. روش تحلیلِ هُموتوپی (HAM) که اولین بار توسط لیائو ارائه گردید، از جمله روش‌های بسیار قوی بر پایه‌ی سری در حل تحلیلی معادلات دیفرانسیل غیر‌خطی محسوب می‌شود که بدون در نظر‌گرفتن پارامتر‌های فیزیکی موجود در معادلات، امکان کنترل بر روی ناحیه‌ی همگرایی جواب‌های معادلات را فراهم می‌آورد. در این تحقیق، هدف حل معادلات جریان سیال و انتقال حرارت جاب,2,533882
چه اختلافاتی بین مساله زمانبندی کارگاه گروهی و مسایل زمانبندی کارگاهی دیگر وجود دارد؟,در این پژوهش، مساله زمانبندی کارگاه گروهی فازی بررسی می شود.  مساله زمانبندی کارگاه گروهی حالت تعمیم یافته ای از دیگر مسایل زمانبندی کارگاهی از قبیل مسایل جریان کارگاهی، تولید کارگاهی و کارگاه باز است که در سیستم های تولیدی گوناگون با آن ها مواجه هستیم. در اکثر مطالعات انجام شده در رابطه با مسایل زمانبندی پارامترهایی از قبیل زمان های پردازش عملیات و دسترسی به کارها به صورت قطعی در نظر گرفته شده اند. چنین مفروضاتی فقط در موارد محدودی از قبیل خودکار بودن عملیات ممکن است برقرار باشند. لذا، به منظور نزدیکی بیشتر با شرایط دنیای واقعی، زمان های پردازش عملیات و دسترسی به کارها به صورت اعداد فازی مثلثی در نظر گرفته می شوند. ابتدا، یک مدل برنامه ریزی فازی با هدف حداقل کردن زمان تکمیل کلیه کارها ارائه می شود. سپس، مدل فازی ارائه شده با استفاده از رویکرد محدودیت مبتنی بر شانس به یک مدل برنامه ریزی خطی عدد صحیح مختلط قطعی تبدیل می شود. پس از بررسی رفتار مدل قطعی، یک الگوریتم ژنتیک کارا برای حل مساله توسعه داده می شود. برای بررسی عملکرد الگوریتم پیشنهادی تعدادی مساله نمونه تولید و حل می گردند. نتای,2,532700
چه ضرورتی برای ایجاد مکانیزمی در مهندسی ترافیک احساس می‌شود؟,مهندسی ترافیک به عنوان ابزاری برای مدیریت بهینه منابع در شبکه استفاده می‌شود. مسیریابی روی مسیرهای چندگانه و توزیع متعادل ترافیک روی این مسیرها از جمله راهکارهایی هستند که در جهت استفاده بهینه از منابع موجود در شبکه پیشنهاد شده‌اند. از طرفی با رشد نیازهای کاربران و تنوع سرویس‌ها با نیازمندی‌های کیفیت سرویس متفاوت، ضرورت ایجاد مکانیزمی که بتواند تنوع سرویس مطلوب را با ضمانت‌های کیفیت سرویس ابتدا تا انتها فراهم کند احساس می‌شود. به علاوه با ایجاد چنین مکانیزم‌هایی فراهم شدن بستری جهت رسیدن به شبکه‌های نسل آینده سرعت بخشیده می‌شود. از بین مکانیزم‌های ایجاد کیفیت سرویس، معماری سرویس‌های متمایز می‌تواند به همراه یک الگوریتم کنترل پذیرش ارتباط مناسب علاوه بر ایجاد تنوع سرویس و تضمین کیفیت سرویس ابتدا تا انتها از گسترش‌پذیری مطلوبی نیز برخوردار باشد. در این رساله تلفیق یک الگوریتم کنترل پذیرش پایانه‌ای مناسب و یک الگوریتم توزیع متعادل بار در بین مسیرهای چندگانه منجر به افزایش توان عملیاتی شبکه و کاهش تاخیر ابتدا تا انتهای بسته‌های داده در مقایسه با مسیریابی روی یک مسیر می‌شود. الگوریتم کنترل,2,534039
چگونه از هیستوگرام روشنایی برش‌های CT برای جداسازی بافت ریه از سایر بافت‌های تصویر استفاده می‌شود؟,"در این پایان نامه هدف شناسایی و جداسازی خودکار توده‌های کوچک سرطانی (نودول) از تصاویر CT قفسه صدری می‌باشد که در تشخیص زود هنگام سرطان ریه کاربرد دارد. چنین سیستمی شامل سه مرحله اساسی پردازش اطلاعات می‌باشد. 
در مرحله اول تا حد امکان از نویز تصاویر ورودی کاسته و به کمک درون یابی خطی، تصویر حجمی CT متعادل سازی می‌شود. نهایتاً بافت ریه از سایر بافت‌های تصویر جدا می‌شود. برای این منظور از هیستوگرام روشنایی برش‌های CT و اطلاعات برش‌های همجوار استفاده نموده‌ایم. سپس با در نظر گرفتن ویژگی خمش از کانتور ناحیه بدست آمده و عملیات مورفولوژی، بافت ریه با دقت بسیار خوبی جدا می‌شود. 
با توجه به اندازه متفاوت نودول‌ها و تشابه شدت روشنایی آن‌ها با عروق ریه شناسایی آن‌ها دشوار می‌باشد. با توجه به کروی بودن نودول‌ها در تصاویر حجمی CT در جدا سازی آن‌ها علاوه بر شدت روشنایی، از شکل هندسی بافت نیز استفاده می‌نماییم. اغلب روش‌های مبتنی بر شکل شناسی در فضای سه بعدی اجرا می‌شوند که به دلیل حجم زیاد اطلاعات تصویری، مستلزم صرف زمان بسیاری هستند. در این پایان نامه آنالیز دو بعدی داده‌ها در سه جهت مختلف عمود ب",2,534355
چه شرایط اقلیمی در دشت نیشابور وجود دارد؟,دشت نیشابور در استان خراسان رضوی با شرایط اقلیمی خشک و نیمه خشک و با تکیه بر منابع آب زیرزمینی یکی از قطب‌های مهم  تولیدات زراعی کشور محسوب می‌شود و بر اساس اطلاعات موجود برداشت از این منابع بیش از حد مجاز است. این روند موجب افت سطح آبهای زیرزمینی، کاهش کیفیت آب و حتی نشست زمین در برخی نقاط شده است.  در این تحقیق ابتدا با توجه به خصوصیات کمی و کیفی آبخوان نواحی مناسب برداشت آب با استفاده از روش FAHP مشخص شد. سپس جهت تعیین میزان افت سطح آب  مدلهای شبکه عصبی مصنوعی، سیستم استنتاج فازی، رگرسیونی  و مدل بیلان حجمی مقایسه شد و  در انتها از مدل بیلان حجمی جهت تعیین افت سطح آب استفاده گردید. در ادامه بعلت تعدد متعیرهای تابع هدف در بهینه سازی مصرف آب، با استفاده از روش های فراکاوشی و هوشمند که نیاز به محاسبات کمتر و کارآیی بیشتر نسبت به دیگر روشها دارند به بهینه سازی الگو و تراکم کشت محصولات زراعی منطقه مطالعاتی پرداخته شد. در این راستا یک نظریه با ترکیب روشهای لانه مورچگان و جهش هوشمند اجزای جمعی ارائه شد نتایج الگوریتم EMPSACO  نشان داد که در حل توابع از دقت مناسبی برخوردار است. سپس کاربرد م,2,530519
آیا تحقیقات اخیر در زمینه چیدمان سلولی به مسائل خرابی ماشین‌ها و قابلیت اطمینان آنها توجه کافی داشته‌اند؟,تحقیقات بسیاری در زمینه چیدمان سلولی در سالیان اخیر انجام شده است اما تعداد بسیار محدودی از این تحقیقات، خرابی ماشین‌ها و مسأله قابلیت اطمینان را در نظر گرفته‌اند و در بسیاری از تحقیقات که مدلسازی به اجرا در آمده، قابلیت اعتماد ماشین‌ها 100% در نظر گرفته شده است. این فرض در دنیای واقعی برقرار نیست و از آنجائیکه ماشین‌ها عناصر کلیدی در فرآیند تولید محسوب می‌شوند، خرابی آنها بر روی فرآیند تولید و عملکرد سیستم تاثیر‌گذار خواهد بود. بنابراین در نظر گرفتن قابلیت اطمینان در طراحی سلول‌های تولیدی می‌تواند مدلسازی را واقعی‌تر کرده و عملکرد کلی سیستم را تا اندازه زیادی بالا برد. در این پایان‌نامه مدل ریاضی بصورت تک هدفه برای مسأله چیدمان سلولی ارائه شده است. در تابع هدف، علاوه بر در نظر گرفتن هزینه‌های کلی سیستم‌های تولید سلولی، بمنظور واقعی‌تر نمودن مدل، هزینه‌هایی از جمله، هزینه‌‌راه‌اندازی و هزینه‌جریمه برای ماشین‌های با بهره‌وری پایین، وهزینه‌خرابی در نظر گرفته شده است. همچنین در این مدلسازی، ملاحظات مرتبط با قابلیت اطمینان ماشین‌ها نیز ارائه گردیده است. هدف در این پایان‌نامه تعیین یک مسیر,2,527204
چگونه می‌توان حساسه‌های مختلف و روش‌های محاسبه و تخمین وضعیت بالگرد نسبت به هدف را متناسب با چهار ملخه مختلف انتخاب کرد؟,"تعقیب خودکار هدف بو‌سیله بالگرد از موضوعات مهم و در عین حال پر چالش در حوزه مهندسی و صنعت محسوب می‌گردد. در جهت تحقق این امر روش‌های متعددی جهت تخمین وضعیت بالگرد نسبت به هدف پیشنهاد گردیده و کنترلرهای مختلفی جهت کنترل بالگرد پیشنهاد گردیده است که هرکدام مزایا و معایب مخصوص به خود را دارا می‌باشند. روش‌های تخمین وضعیت بسته به انتخاب حساسه یا حساسه‌های مختلف و همچنین روش محاسبه و تخمین وضعیت نسبت به هدف، متفاوت می‌باشند.
در این رساله با هدف تخمین وضعیت بالگرد چهار ملخه نسبت به هدف، تنها با استفاده از یک دوربین تک چشمی، روشی مبتنی بر فیلتر ذره‌ای تطبیقی پیشنهاد گردیده است. عملکرد روش پیشنهادی با چند روش موجود مقایسه و نتایج شبیه‌ سازی ارائه گردیده است. همچنین معادلات دینامیکی بالگرد چهار ملخه استخراج و از روش انتگرالی- بک‌ استپینگ جهت کنترل خودکار و بهینه‌ی بالگرد چهار ملخه استفاده گردیده است.",2,527439
چگونه افزایش تکنولوژی و ذخیره‌سازی حجم عظیم اطلاعات بر استفاده از داده‌کاوی تأثیر گذار است؟,با افزایش تکنولوژی و امکان ذخیره‌سازی حجم عظیم اطلاعات، استفاده از داده‌کاوی به عنوان فرآیند کشف الگوهای گوناگون در داده‌ها در حال افزایش است و به یک موضوع مهم در حوزه‌های مختلف، از جمله صنعت پوشاک تبدیل شده است.از آنجائی که داده‌کاوی بیشتر به کاربردها و اهداف مورد نظر محقق و یا مدیر توجه دارد تا به اهمیت داده‌ها و اطلاعات، تشریح کاربردها و به کارگیری آن در تصمیم‌ سازی‌های صنعت پوشاک مفید و ضروری است.درکشورمان ایران با توجه به فاکتورهای موثر بر مصرف پوشاک از جمله شرایط سنی، میزان تحصیلات، جنسیت و شرایط اقلیمی می توان روابط معنا داری بین مصرف پوشاک و این فاکتورها کشف نمود .دراین پژوهش سعی شده است با بکارگیری تکنیک‌های داده‌کاوی (قوانین انجمنی- خوشه بندی) و با توجه به در دسترس بودن داده‌های مربوط به مصرف پوشاک خانوارهای ایرانی (داده مرکز آمارایران) که شامل فیلدهای مختلفی می‌باشد به بررسی ارتباط وکشف الگوها در زمینه مصرف پوشاک خانوارهای ایرانی پرداخته شود. این الگوها می‌تواند بصورت گسترده‌ای به سازمان‌ها و ارگان‌های مختلف کشور در ایجاد تصمیم‌گیری‌های راهبردی در صنعت پوشاک کمک نماید.,2,534232
چه منابعی می‌تواند برای تولید صمغ زانتان به جای باکتری زانتاموناس کمپستریس استفاده شود؟,"صمغ زانتان بیوپلیمری است طبیعی که از کشت باکتری زانتاموناس کمپستریس تولید می شود. خواص ویژه و منحصر به فرد این ماده سبب شده که در صنایع مختلف دارویی و بهداشتی، نفت، سرامیک، چاپ و غیره کاربرد های فراوانی داشته و مصرف سالیانه آن در جهان رو به افزایش است. در نتیجه سعی بر این است که با استفاده از سوبستراهای در دسترس و ارزانتر و اعمال روش های عملیاتی گوناگون هزینه های تولید را به منظور تولید هر چه بیشتر این ماده کاهش دهند.
در این پروژه امکان تولید این بیوپلیمر از منبع قندی شیره انگور برای نخستین بار بررسی و میزان تولید آن با مقدار تولیدی همین ماده، از شیره خرما تحت شرایط مشابه مقایسه شد. بدین منظور در ابتدا سه پارامتر تاثیر گذار کربن (شیره انگور و شیره خرما) ، فسفر (K2HPO4) و نیتروژن (NH4NO3) در محدوده های به ترتیب150 g/L – 30، 12-4 و 9-3  در نظر گرفته و آزمایشات به روش ترکیب مرکزی در سه سطح، با دو بار تکرار به صورت کاملا تصادفی طراحی و در دمای ثابت 28 درجه سانتی گراد و مدت زمان تخمیری 72 ساعت انجام شد. در این پروژه از روش وزن خشک برای اندازه گیری توده سلولی و محصول تولید شده استفاده گردید",2,530944
آیا تاریخچه حل انجماد سیال در جریان سکون به چه مواردی محدود می‌شود؟,"تاریخچه حل انجماد سیال در جریان سکون به چند مورد محدود می‌گردد که تنها اندکی از این بررسی‌ها بر‌روی سیال لزج صورت پذیرفته است و در آن‌ها نیز فرض‌هایی مثل نادیده گرفتن تغییرات فشار در امتداد ضخامت لایه لزج و یک‌بعدی بودن معادله انرژی دیده می‌شود. 
 در این پژوهش معادلات مومنتوم ناپایدار با احتساب تغییرات فشار در امتداد ضخامت لایه لزج توسط متغیر تشابهی مناسب تبدیل به معادلات دیفرانسیل معمولی شده و برای هر لحظه به روش رانگه-کوتای مرتبه چهارم حل می‌شوند. معادله انرژی نیز با معلوم بودن سرعت در هر گام، بصورت عددی حل شده و مسئله برای دستگاه دوبعدی کارتزین و استوانه‌ای متقارن مدل‌سازی شده است. 
نتایج در محدود‌ه‌‌های خاصی که بررسی‌های قبلی وجود دارد، با هم مقایسه شده‌اند. ضخامت لایه‌مرزی حرارتی، نیمرخ دمای سیال و نیمرخ سرعت‌ها در هر لحظه و از همه مهمتر سرعت انجماد یا پیشانی حمله برای مقادیر مختلف پارامترهایی مانند اعداد بی‌بعد پرانتل و استفان توسط نمودارهایی ارائه شده‌اند. نتایج نشان می‌دهند که افزایش عدد پرانتل تا ده برابر و یا افزایش نسبت ضریب نفوذ گرمایی مایع به جامد تا دوبرابر، باعث می‌شود",2,530036
چه چالش‌های امنیتی با تبادل پیام کوتاه در بانکداری همراه مواجه است و چگونه می‌توان این چالش‌ها را حل کرد؟,"بانکداری همراه روش جدیدی برای انجام تراکنشهای بانکی توسط مشتریان می باشد. انواع مختلفی از بانکداری همراه وجود دارند مانند بانکداری همراه مبتنی بر WAP (Wireless Application Protocol) ، بانکداری همراه مبتنی بر Bluetooth و بانکداری همراه مبتنی بر پیام کوتاه. در این بین بانکداری مبتنی بر پیام کوتاه از محبوبیت بیشتری برخوردار است که به دلایل آن خواهیم پرداخت. اما در مقابل امنیت تبادل پیام کوتاه با چالشهای بسیاری مواجه است که باعث شده تا آنچنان که باید و شاید نتواند جایگاه خود را در عرصه بانکداری همراه بدست آورد. 
در این پایان نامه سعی برآن شده است که مدلی جدید برای رمزگذاری پیام کوتاه مبتنی بر الگوریتم رمزنگاری متقارن با استفاده از One Time Password(OTP) ارائه شود. در عین حال مشکلات استفاده از OTP در شبکه سلولی علی الخصوص بین اپراتورها وحتی در حالت فراگردی  بررسی شده و راه حل مناسبی ارائه گردد. ضمناً با توجه به محدودیت منابع مانند پردازنده و انرژی (باطری) از الگوریتم هایی با کمترین نیاز به منابع سیستم در مدل ارائه شده استفاده شده تا قابلیت پیاده سازی بر روی اکثر ادوات همراه را داشته باشد.",2,532823
چه تحقیقاتی تاکنون به طراحی مدل کسب‌وکار برای کسب‌وکارهای آینده و درحال ظهور انجام شده است؟,هم‌اکنون چالشی عظیم برای ایجاد مدل‌های کسب‌وکار مبتنی بر استراتژی‌های الکترونیکی به‌و‌جود آمده است تا سازمان‌های سنتی و با اینرسی زیاد  را به سازمان‌های پویا و با اینرسی کم  تبدیل کند. دستیابی به چنین سازمان‌هایی، بدون بهره‌مندی از طراحی مدل‌های موفق و شناخت استانداردهای مربوط به آن صنعت امکان‌پذیر نیست. البته تاکنون تحقیقات معدودی به طراحی مدل کسب‌وکار برای کسب‌وکارهای آینده و درحال ظهور پرداخته‌اند. ما در این تحقیق کوشیده‌ایم تا پس از مرور ادبیات مدل‌های کسب‌وکار، مدل کسب‌وکار شرکت مخابرات ایران را استخراج، و در ادامه چارچوبی را جهت تحقق مدل کسب‌وکار B2B شرکت مخابرات ایران، شناسایی و زیرساخت‌های لازم جهت تحقق آن پیشنهاد نماییم. البته شناسایی استاندارد eTOM را که می‌توان از آن به‌عنوان ارزش‌های قابل‌ارائه شرکت‌های مخابراتی نام برد، را لازم دانسته و مورد توجه قرار داده‌ایم(پیوست). به‌این منظور، در تحقیق حاضر از آنتالوژی BMO  که در رسالة دکترای اُستروالدر (2004) تا دو سطح کسب‌وکار شرکت مخابرات ایران(وضع موجود و وضع انتظار) بهره‌مند، و نقش IT در تقویت هریک از اجزاء تبیین شده است و نیز بر,2,534556
چه چالش‌هایی در زمینه ذخیره‌سازی سیگنال‌های نوری وجود دارد؟,توانایی کنترل سرعت نور، بسته به اینکه سرعت گروه کاهش یا افزایش پیدا کند، با عنوان نور کند یا تند اطلاق  می شود و اخیرا توجه بسیاری را به خود معطوف کرده است. این کنترل بی نظیر کاربردهای درخور توجهی در بسیاری از زمینه های علمی از جمله دانش غیرخطی،RF فوتونیک و شبکه های تمام نوری دارد. از کاربردهای مستقیم تجهیزات نور کند و تند، در زمینه مخابرات می باشد. یک چالش بزرگ که در تکنولوژی اطلاعات امروزه نیز وجود دارد، ذخیره سازی سیگنال های نوری، مستقیما در حوزه نور است. از آنجا که در شبکه های امروزی سیگنال های نوری برای مسیریابی، سوئیچینگ، و پردازش باید به سیگنال های الکتریکی تبدیل شوند، تاخیرهای بزرگ و گره های ترافیکی در این شبکه ها وجود دارند. همچنین حفظ اطلاعات در حوزه نوری در طی پروسه ی مسیر یابی موجب کاهش چشمگیر توان، پیچیدگی، و سایز مسیریاب ها خواهد شد. بدین منظور می توان از یک خط تاخیر نوری قابل کنترل، به عنوان یک بافر نوری استفاده کرد، که عمل ذخیره سازی در آن متناسب با تغییرپذیری سرعت گروه انجام می گیرد. می توان گفت بافرینگ، بزرگ ترین مساله در تحقق بخشیدن به شبکه های تمام نوری پرسرعت می با,2,532400
چه مزایا و محدودیت‌هایی برای ساخت سامانه‌های نرم‌افزاری از روش‌های مبتنی بر سرویس وب وجود دارد؟,سرویس وب به عنوان یک برنامه‌ی کاربردی جامع، پیمانه‌ای و خودتوصیف تعریف می‌شود که شامل یک آدرس منحصر به ‌فرد بوده و می‌تواند در هر جایی از محیط وب قرار گیرد. به دلایلی مانند هزینه، سهولت پیاده‌سازی و امکان استفاده‌ی مجدد از قابلیت‌های اشتراکی، برای ساخت سامانه‌های نرم‌افزاری از روش‌های مبتنی بر سرویس استفاده می‌شود. با وجود همه‌ی مزایایی که سرویس‌های وب مهیا می‌کنند، یک محدودیت اساسی در استفاده از آن‌ها وجود دارد و آن این است که یک سرویس وب، به تنهایی قادر به پاسخ‌گویی به یک درخواست پیچیده نیست. این محدودیت باعث شده است تا ایجاد سرویس‌های بزرگتر و کارآتر با استفاده از سرویس‌های وب موجود، به یکی از مهم‌ترین زمینه‌های تحقیق در فن‌آوری سرویس وب تبدیل شود. به این عمل، ترکیب سرویس‌های وب گفته می‌شود. مسئله‌ی مهم در ترکیب سرویس‌های وب، چگونگی انتخاب سرویس‌های مناسب برای شرکت در فرآیند ترکیب است. سرویسی که برای شرکت در ترکیب انتخاب می‌شود، نه تنها باید عملکرد مناسبی داشته باشد بلکه باید از نظر پارامترهای کیفیت نیز بهینه باشد.  فرآیند ترکیب سرویس‌های وب به دلیل پیچیده بودن به صورت دستی به وسیله,2,532970
چه اقداماتی برای افزایش آهنگ انتقال گرما با استفاده از سطوح گسترش یافته انجام شده است؟,"مطالعات مربوط به استفاده از سطوح گسترش یافته برای افزایش آهنگ انتقال گرما از دهه دوم قرن بیستم شروع شده است و در این زمینه کارهای پژوهشی زیادی انجام شده است. در اکثر این کارهای پژوهشی، خواص ترموفیزیکی سیال و ضریب انتقال حرارت جابجایی ثابت در نظر گرفته شده و در اغلب موارد به تعیین توزیع دما در طول پره اکتفا شده است و اثر جریان سیال روی عملکرد آنها مورد بررسی دقیق قرار نگرفته است.
با توجه به متغیر بودن ضرایب انتقال گرما و وابستگی آن به پارامتر های مختلفی از قبیل دما، رژیم جریان و ... بنظر می رسد که مطالعه همه جانبه عملکرد پره ها از نظر کارایی، توزیع دما، ساخت و ... ضروری است.
در این مطالعه، با در نظر گرفتن خواص ترمو فیزیکی متغیر برای سیال و پره ها، رفتار جریان سیال و عملکرد پره ها در انتقال حرارت مورد بررسی قرار گرفته است. هندسه های مورد مطالعه شامل یک کانال عایق با کف مسی با ابعاد ثابت می باشد، رفتار دسته پره های نصب شده بر روی صفحه مسی در انتقال حرارت از پایه به سیال که از کانال با سرعت های متفاوت عبور می کند ،مطالعه شده است. انواع پروفیل پره، اعم از مستطیلی ، ذوزنقه ای ، سهمی وار مح",2,533056
چگونه می‌توان با استفاده از روش‌های ارزیابی مختلف، آسیب‌پذیری یک سازه را در برابر زلزله مورد بررسی قرار داد؟,خرابی‌های زلزله در نقاط مختلف جهان نشان می‌دهد طراحی سازه بر اساس معیار مقاومت همیشه منجر به عملکرد مناسب سازه در برابر نیروهای رفت و برگشتی زلزله نمی‌شود و در بعضی موارد سبب فروریزش سازه گردیده است. دانش آسیب‌پذیری لرزه‌ای با روش‌های مختلفی، از طریق عبارات کیفی و یا بر اساس نتیجه‌گیری‌های کمی، پاسخ یک سازه موجود را در برابر زلزله بیان می‌کند. روش‌های ارزیابی همچون EMS-98 که توانایی برآورد آسیب‌پذیری یک ناحیه در مدت نسبتاً کم دارد، ارزیابی کیفی VIM و ارزیابی کمی طیف ظرفیت که از تحلیل پوش‌آور یک سازه استفاده می‌کند در این پژوهش مورد استفاده قرار گرفته است. در پایان علاوه بر تعیین شدن میزان آسیب‌پذیری متوسط تا ملایم از هر روش برای سازه‌های فولادی مهاربندی شده، مقایسه‌ای بین سازه‌ها انجام شده که نشان می دهد افزایش شکل پذیری و کاهش میرایی موثر سبب کاهش خسارت به سازه می شود.,2,529703
چه مزایا و معایب فنی و اقتصادی برای استفاده از منابع پراکنده در سیستم های قدرت وجود دارد؟,استفاده از منابع پراکنده علاوه بر مزایای فنی و اقتصادی، مشکلاتی را نیز برای سیستم به همراه خواهد داشت. یکی از این مشکلات، جزیره ای شدن غیرعمدی است. این حالت زمانی اتفاق می افتد که اتصال شبکه قدرت اصلی به سیستم توزیع قطع شود ولی منابع  پراکنده همچنان به تغذیه بارهای محلی ادامه دهند. جزیره ای شدن غیرعمدی علاوه بر اینکه ممکن است به تجهیزات آسیب برساند می تواند خطراتی را نیز برای جان افراد ایجاد کند، بنابراین تشخیص و جلوگیری از وقوع این حالت دارای اهمیت است. نوع دیگر جزیره ای شدن، جزیره ای شدن عمدی است. در این حالت، منبع پراکنده به منظور افزایش قابلیت اطمینان سیستم به صورت جزیره ای عمل می کند و تغذیه بارهای حساس را بر عهده خواهد داشت. در این پایان نامه عملکرد برخی از روش های پسیو تشخیص جزیره ای شدن غیرعمدی در حضور منابع اینورتری مورد بررسی قرار گرفته است. تاثیر نوع کنترل اینورتر روی ناحیه غیر قابل تشخیص روش های پسیو ولتاژ و فرکانس بررسی شده است. این مطالعات برای هر دو حالتی که منبع در ضریب توان واحد کار می کند و یا به منظور اصلاح ضریب توان استفاده می شود انجام گرفته است. از دیگر عواملی که,2,527255
چه تحقیقاتی در زمینه اثر نانوذرات بر پارامترهای موثر بر فرآیندهای انتقال جرم انجام شده و چه نتایجی به دست آمده است؟,"نانوسیالات نوع جدیدی از مواد مهندسی هستند که از نظر کاربرد در فرآیندهای صنعتی پتانسیل بالایی را دارا هستند. در طی سالهای اخیر اثرات حرارتی افزایش یافته در این نوع از سیالات به فراوانی در مقالات مورد بررسی قرار گرفته است. این مطلب در حالی است که در زمینه اثر نانوذرات بر پارامترهای موثر بر فرآیندهای انتقال جرم مطالعات محدودی صورت گرفته است که در این میان اکثر آنها سیستم گاز- مایع را مورد بررسی قرار دادهاند. 
در این پژوهش پارامترهای هیدرودینامیکی شامل رفتار قطرهها، هلدآپ استاتیک و هلدآپ دینامیک فاز پراکنده مورد بررسی قرار گرفته است. برای تهیه نانوسیالات مورد استفاده، نانوذرات سیلیکونی با درصدهای حجمی 0/01، 0/05 و 0/10 با دو مقدار آبگریزی متفاوت به وسیله امواج مافوق صوت در کروزین (سیال پایه) پراکنده شدهاند. به منظور اطمینان از پایداری نانوسیالات از روش اسپکترومتری UV-vis استفاده شد. در نهایت نتایج حاصل از حضور نانوذرات در فاز پراکنده با نتایج حاصل از عدم حضور این ذرات (با انتقال جرم و بدون انتقال جرم) مقایسه شده است.
همچنین در طی آزمایشات با اعمال شدت ضربههای متفاوت، اثر این پارامتر نیز",2,535442
چگونه می‌توان به‌صورت موثر از بیماری دیابت جلوگیری کرد؟,دیابت یکی از بیماری‌های رایج در جوامع امروزی است که دارای عوارض خطرناکی می‌باشد. این بیماری اگر چه گونه‌ای از بیماری های قلبی محسوب نمی‌شود ولی اغلب سبب بیماری‌های قلبی می شود. شخص زمانی به بیماری دیابت مبتلا می شود که بدن قادر به تامین انسولین مورد نیاز برای موازنه کردن گلوکز خون نباشد یا سلول‌های بدن توان استفاده از انسولین تولید شده را نداشته باشند.تشخیص بیماری دیابت و یا آگاهی یافتن از احتمال بالای ابتلاء به این بیماری همواره کار آسانی نخواهد بود. چرا که این بیماری علائم متعددی را بروز می-دهد که بعضی از این علائم در سایر بیماری‌ها نیز وجود دارند. بنابراین پزشک برای اتخاذ یک تصمیم مناسب، باید نتیجه‌ی آزمایش‌های بیمار و تصمیم‌های که در گذشته برای بیماران با وضیعت مشابه گرفته است، را بررسی کند. با توجه به حجم انبوه تعداد بیماران، می‌توان از یک ابزار داده‌کاوی برای شناخت الگوی بیماران قبلی استفاده کرد. در این پایان‌نامه قصد داریم از یک الگوریتم دسته‌بندی مبتنی بر قانون برای دسته‌بندی بیماران دیابتی استفاده کنیم. برای استخراج قوانین فازی از یک الگوریتم کلونی مورچه‌ها استفاده شده است. ای,2,532594
آیا آنزیم های کیتیناز و بتا-1و3 گلوکاناز در گیاه نخود زراعی به چه دلیل‌هایی تولید می‌شوند؟,آنزیم های کیتیناز و بتا-1و3 گلوکاناز جزء پروتئین های قابل القاء هستند که در پاسخ به عوامل بیماری زا توسط گیاه سنتز می شوند. در این تحقیق، بیان ژن ایزوفرم های اسیدی و بازی این دو آنزیم در سطح مولکولی در گیاه نخود زراعی مورد مطالعه قرار گرفت. سطح تظاهر این ژن ها در نمونه های تیمار شده و شاهد، در ژنوتیپ نخود حساس  MCC403و ژنوتیپ مقاوم MCC496 نسبت به آلودگی به نژاد 6 قارچ عامل برق زدگی(Ascochyta rabiei  ) در صفر، 6، 12، 24، 48 و 72 ساعت بعد از آلودگی با استفاده از روش ارزیابی نیمه کمی  RT-PCR  بررسی شد. نتایج حاکی از افزایش بیان ایزو فرم اسیدی هر دو ژن کیتیناز و بتا-1و3 گلوکاناز پس از آلودگی بود. هردو ژن مذکور در 24 ساعت اولیه پس از تلقیح حداکثر بیان را در ژنوتیپ مقاوم نشان دادند  این در حالی است که در ژنوتیپ حساس در ساعات اولیه بعد از آلودگی تظاهر دو ایزوفرم اسیدی به حداکثرمی رسید و تا 72 ساعت بعد از آلودگی سطح بیان در هردو ژنوتیپ به کمترین سطح تظاهر می رسید. ایزو فرم بازی کیتیناز در ژنوتیپ حساس به میزان بیشتری بیان شده و ایزوفرم بازی بتا- 1و3گلوکاناز تظاهر پیدا نکرد. در کل می توان نتیجه,2,529618
چه تعداد سرنگ و سر سوزن در کشور مصرف می‌شود و چه سهمی از آن توسط تولید داخلی تأمین می‌شود؟,فولاد‌های زنگ نزن یکی از پرکاربرد‌ترین مواد فلزی در صنایع گوناگون می‌باشد. یکی از کاربرد-های عمده آنها در ساخت لوله‌های نازک مورد استفاده در صنایع مختلف، از جمله پزشکی است. این لوله‌های نازک در ساخت سر سوزن‌های تزریقی استفاده می شوند. سالانه بیش از 4۵۰ میلیون سرنگ و سر سوزن در کشور مصرف می‌شود که سهم تولید داخلی تنها 24 میلیون عدد در سال است. در این تحقیق تلاش شد تا لوله‌هایی باریکی از جنس L 304 و L316 به روش کششی تهیه شود و شکل پذیری لوله‌ها پس از عملیات جوشکاری مطالعه شود. این لوله‌ها با درز جوش طولی، توسط لیزرهای CO2 و Nd:YAG جوشکاری شدند. با مطالعه مقطع لوله‌های جوشکاری شده، پارامتر‌های بهینه جوشکاری درز لوله‌ها استخراج شد. سپس از فرآیند کشش سرد با درصد کاهش سطح مقطع مختلف جهت مطالعه قابلیت کشش پذیری لوله‌های جوشکاری شده استفاده شد. به جهت افزایش سختی لوله‌ها و ایجاد تنش‌های پسماند ناشی از جوشکاری لیزری در سطح نمونه‌ها لوله‌ها تحت فرآیند عملیات حرارتی آنیل قرار گرفتند. پس از پایان مراحل کشش، لوله‌ها با استاندارد 3981 سازمان ملی استاندارد ایران از لحاظ ابعادی مورد بررسی و مقایسه قرا,2,530279
چگونه توان تولیدی پانل های فتوولتاییک بر اساس میزان تابش رسیده به سطح سلول ها تعیین می‌شود؟,کاربرد گسترده پمپ های آب خورشیدی، به علت قیمت بالای آنها محدود می باشد. در جهت بهینه کردن سرمایه گذاری بر روی این سیستم ها، لازم است هر چه بیشتر به بهینه سازی این سیستم ها در جهت کاهش واقعی قیمت سیستم پرداخته شود.قلب سیستم های پمپاژ آب خورشیدی، پانل های فتوولتاییک می باشند. توان تولیدی به وسیله این پانل ها نسبت مستقیمی بامیزان تابش رسیده به سطح این سلول ها دارد.در این تحقیق به منظور افزایش میزان تشعشع رسیده به سطح سلول های خورشیدی، بازتابنده هایی از دو جنس مختلف فویل آلومینیوم و استیل ضدزنگ 304 بر روی سیستم نصب شده و تاثیر استفاده از این بازتابنده ها بر روی کارایی پمپ آب خورشیدی مورد ارزیابی قرار گرفته است.افزایش دمای پانل های فتوولتاییک منجربه کاهش شدید توان خروجی ازاین پانل ها می‌شود. افزایش شدت تشعشع رسیده به سطح پانل های خورشیدی به دلیل استفاده از بازتابنده ها، باعث افزایش دمای پانل های خورشیدی به میزان قابل توجهی می شود. در این تحقیق به منظور پایین نگه داشتن دمای سطح سلول ها، از جریان لایه ای آب بر روی سطح سلول های خورشیدی استفاده شده است. جریان آب بر روی سطح سلول ها، علاوه بر خنک,2,530305
چگونه می‌توان از روش‌های عددی برای بهبود تحلیل جریان سرریزهای جانبی استفاده کرد؟,یکی از انواع سرریزها که به منظور آبگیری به صورت گسترده از آن استفاده می‌شود، سریز جانبی است. این سازه هم‌چنین به عنوان سازه حفاظتی در بالادست سیفون‌های معکوس، سیل‌بندها، زیرگذر جاده و سرریز انتهایی برای تخلیه آب مازاد آبگیرهای بالادست، در انتهای کانال‌های اصلی قرار می‌گیرد. محل نصب سرریز جانبی در دیواره آبراهه یا کانال انتقال آب می‌باشد. اما با وجود کاربرد وسیع سرریزهای جانبی، حل کامل تحلیلی معادلات حاکم بر جریان سرریزهای جانبی وجود ندارد. از سوی دیگر، تاثیر روش‌های عددی در حل مسائلی که حل تحلیلی آنها بدون استفاده از فرضیات ساده کننده مشکل می-باشد، روشن و اثبات شده است. بر این اساس در این تحقیق یک مدل کامپیوتری تهیه شده است که پس از کالیبره شدن توسط مدل آزمایشگاهی، به کمک روش‌های عددی قادر به محاسبه و شبیه‌سازی پروفیل یک بعدی جریان در شرایط بدون پرش هیدرولیکی و وجود پرش هیدرولیکی در محدوده سرریز می-باشد. در این تحقیق برای نخستین بار معادله حاکم بر پرش هیدرولیکی در جریان متغیر مکانی اثبات و ارائه شده و به وسیله داده‌های آزمایشگاهی نیز مورد صحت‌سنجی قرار گرفته که نتایج این صحت‌سنجی نیز ب,2,532336
چه خواصی از نانولوله‌های کربنی به عنوان جاذب رطوبت برخوردار است؟,"با توجه به اهمیت نم زدایی از گاز طبیعی در صنعت پالایش گاز، ارائه یک جاذب مناسب برای نم زدایی از گاز به شیوه جـذب سطـحی از اهمـیت ویژه‌ای برخـوردار است. به دلیل ساختار مناسب و وجود خلل و فرج بسیار و منظم در  نانولوله‌های کربنی، این مواد دارای خواص منحصر به فردی به عنوان جاذب هسـتند، اما ضـعف نانولوله‌های کـربنی به عنوان جاذب رطوبـت، ظرفیت کم جذب آن‌ها می‌باشد. در این پژوهش نانولوله‌های کربنی به عنوان جاذب رطوبت انتخاب شده اند که برای اصلاح ظرفیت جذب آن‌ها از بین روش‌های موجود همچون حرارت دهی، آغشته سازی و عامل دار کردن نانولوله‌ها از روش عامل دار کردن استفاده شده است. برای این منظور، گروه عاملی سولفونیک اسید به عنوان یک نم‌زدای بسیار قوی انتخاب گردید و طی واکنشی گروه عاملی هیدروکسیل(OH) با گروه عاملی
سولفونیک اسید (OSO3H)، جایگــزین گردید. با آزمایش‌هایی همچون آنالیزعنصری(CHNS) ، آنالیز حرارتی (TGA, DTG) و طیف سنجی FTIR، تشکیل گروه عاملی سولفونیک برسطح نانولوله‌های کربنی تأیید گردید. با انجام آزمایش‌های جذب سطحی توسط این دو جاذب، توانایی جذب این دو جاذب در نم زدایی از گاز مورد بررسی و",2,531943
چه روش‌هایی برای شناسایی بافت‌های مکشوفه از شکارچی‌های متخلف و آثار خون باقی‌مانده بر روی ادوات شکار وجود دارد؟,مطالعه بر روی گوشت‌خواران به دلیل جمعیت محدودشان و ویژگی‌های رفتاری خاص (شبگردی، استتار و...) معمولاً به صورت غیرمستقیم و به کمک نمایه‌های زیستی (مدفوع، ادرار، خون و...) صورت می‌گیرد. در این شرایط که به جای خود حیوان با نمایه‌های آن کار می‌کنیم امکان اشتباه در تشخیص گونه‌ها وجود دارد. در مبحث تخلفات شکار نیز شناسایی بافت‌های مکشوفه از شکارچی-های متخلف و آثار خون باقی‌مانده بر روی ادوات شکار به راحتی و با روش‌های متداول چشمی میسر نیست. از این رو، در این پژوهش سعی شده روشی مبتنی بر ویژگی‌های ژنتیکی برای شناسایی این گونه‌ها را به‌ دست آورده و کلیدهای شناسایی ژنتیکی برای گوشت‌خواران بزرگ جثه ارائه شود. در این پژوهش نمونه‌های بافت به دست آمده از 6 گونه گربه‌سان، 5 گونه سگ‌سان، یک گونه کفتار و یک گونه خرس مورد استفاده قرار گرفت. پس از استخراج دی‌ان‌ای (DNA) و تکثیر بخشی از ژن ناحیه کنترل میتوکندری به کمک پی‌سی‌آر (PCR) و پرایمرهای جهانی، اندازه قطعه جدا شده به کمک الکتروفورز برای هر گونه مشخص شد. نتایج به دست آمده نشان داد که اندازه طول قطعه مورد نظر در اغلب گونه‌های مورد مطالعه پلی‌مورفیسم,2,530266
آیا در مسایل زمان‌بندی فرض پیوسته بودن کار ماشین در طول افق برنامه‌ریزی همواره صحیح است؟,امروزه مسایل زمان‌بندی در بسیاری از سیستم‌های تولیدی و خدماتی کاربرد وسیعی یافته‌اند. جوهره مسایل زمان‌بندی به تصمیم‌گیری در مورد تخصیص منابع و توالی عملیات منحصر می‌شود. عناصر مهم مدل‌های زمان‌بندی،کارها و منابع‌ هستند. در مسایل زما‌ن‌بندی، منابع معمولاً «ماشین» و وظایف اساسی «کار» نامیده می‌شود. در اکثر مسایل زمان‌بندی فرض می‌شود ماشین در طول افق برنامه‌ریزی به‌طور پیوسته کار     می‌کند. این فرض ممکن است در برخی از حالت‌ها صحیح باشد، اما با در نظرگرفتن عواملی چون عملیات نگهداری و تعمیر، خرابی‌ها و یا سایر محدودیت‌های مرتبط با دسترسی ماشین‌آلات، این فرض صحیح نیست و ممکن است ماشین پس از یک فاصله زمانی به منظور نگهداری و تعمیرات و یا پس از انجام تعدادی کار برای تعویض ابزار متوقف شود. دو گروه کلی برای مسایل با محدودیت دسترسی در نظر گرفته شده که بر اساس ثابت و یا انعطاف‌پذیر بودن محدودیت دسترسی تقسیم‌بندی شده‌اند که در گروه دوم زمان شروع نت، یک متغیر تصمیم است و تحت عنوان زمان‌بندی تک‌ماشین با نت انعطاف‌پذیر از آن یاد می‌شود. در این مسایل فرض می‌شود مدت زمان هر دوره نت از قبل معلوم و نت د,2,525997
چه روش‌هایی برای حل مسائل زمانبندی نیروی کار در این صنعت‌ها به کار می‌رود؟,"زمانبندی نیروی کار عبارت است از پیش بینی تقاضا برای خدمات، تعیین شیف ت های کاری و تخصیص نیروی انسانی به شیف ت های مختلف که به منظور تامین خدم ا ت انجام م ی شود. مساله زمانبندی در بسیاری از سازما ن های خدماتی نظیر مراکز پاسخگوی تلفنی، بان ک ها، مراکز اورژانس و فروشگا ه های بزرگ به دلیل ارتباط مستقیم با مشتریان از اهمیت ویژ ه ای برخوردار بوده و همچنین به دلیل پویایی و احتمالی بودن تقاضای خدمات از پیچیدگ ی خاصی برخورداراست.
در روش های سنتی حل مسائل زمانبندی نیروی کار، تقاضای مشتری بوسیله مدل صف به تقاضای نیروی انسانی در باز ه های زمانی مختلف تبدیل شده و سپس با در نظر گرفتن ساعات کار و استراحت پرسنل، زمانبندی با هدف حداقل سازی نیروی کار با حفظ حداقل سطح سرو ی س انجام م ی شود. این در حالی است که با توجه به اهمیت روز افزون توجه به رضایت مشتریان بویژه در سازما ن های خدماتی، بهینه سازی سطح خدمات جایگاهی معادل و یا بالاتر از حداقل سازی هزینهها پیدا کرده است.
در این تحقیق مدلی چند هدفه برای زمانبندی نیروی کار توسعه د اده شده است که اهداف آن حداقل سازی هزینه، حداقل سازی نارضایتی شغلی کارکنان و",2,533554
چه موانعی باعث عدم درک کامل از رفتار لرزه ای تک میکروپایل و گروه میکروپایل شده است؟,میکروپایل ها، شمع هایی با قطر کم هستند که معمولاً جهت بهسازی پی به کار می روند. در بیشتر کاربردها، میکروپایل ها به صورت شمع های انعطاف پذیر اصطکاکی (شناور) رفتار می کنند. شواهد تجربی حاکی از آن است که میکروپایل ها تحت بارگذاری لرزه ای به سبب قابلیت انعطاف پذیری بالای خود، رفتار خوبی نشان می دهند. علیرغم کاربرد زیاد میکروپایل ها، رفتار لرزه ای تک میکروپایل و گروه میکروپایل به طور کامل به سبب تعداد محدود تست های مقیاس- مدل و نیز تعداد محدود مطالعات مدلسازی عددی میکروپایل ها درک نمی شوند. این پایان نامه، بر روی مدل سازی تفاضل محدود با نرم افزار FLAC 3D میکروپایل های مایل تحت بارگذاری لرزه ای متمرکز است. روش تفاضل محدود به صورت ابزاری موثر، برای درک رفتار لرزه ای میکروپایل ها ارایه می شوند. تحلیل های تفاضل محدود را می توان برای مشخص نمودن پارامترهایی به کار برد که بر پاسخ لرزه ای میکروپایل ها اثر دارند. البته، تحلیل دینامیکی اندرکنش سازه - میکروپایل- خاک مشکل بسیار پیچیده ای است.,2,535780
چه مساحتی از استان لرستان در مطالعه تصویر سنجنده ASTER برای تهیه نقشه تاج پوشش جنگل های زاگرس در نظر گرفته شده است؟,هدف مطالعه حاضربررسی توانائی تصاویر سنجنده  ASTER‌در‌تهیه نقشه تاج پوشش جنگل های زاگرس است. منطقه مورد مطالعه یک شیت نقشه 1:50،000 استان لرستان با مساحتی بالغ بر 64،000 هکتار می باشد. به منظور انجام این مطالعه، یک پنجره تصویر سنجنده  ASTER‌ به ابعاد60×60 کیلومتر تهیه گردید که در اردیبهشت ماه سال 1384 برداشت گردیده بود. تصویر مذکور با استفاده از 30 نقطه کنترل زمینی از طریق معادله چند جمله ای درجه اول بادقت 0/46 پیکسل  در نرم افزارILWIS3.4  با روش نمونه گیری مجدد نزدیکترین همسایه زمین مرجع گردید. عملیات پردازش تصویر شامل، تجزیه مولفه های اصلی و تهیه انواع شاخص های گیاهی Distance-based و Slop-based انجام پذیرفت. عملیات نمونه برداری صحرائی به منظور تهیه داده های زمینی به روش نمونه برداری تصادفی طبقه بندی شده (Stratified Random Sampling) با استقرار تعداد 10 پلات 10×10 متردر محیط دایره ای فرضی به شعاع 30 متر، حول نقاط تصادفی ثبت شده، انجام پذیرفت. میانگین پوشش تاجی اندازه گیری شده در 10 پلات درهر محل نمونه برداری به عنوان متغیر وابسته(Y) در تهیه مدل های رگرسیونی مورد استفاده قرار گرفت. دربرر,2,534273
چه صنایعی از جوشکاری بهره می‌برند؟,"جوشکاری یک پروسه ساخت بسیار حساس است که در صنایع مختلف مثل کشتی سازی، خودرو سازی، قطارها و پل سازی به صورت گسترده ای به کار گرفته می‌شود. اعوجاج ناشی از جوشکاری اغلب مشکلاتی در زمینه انطباق ابعادی در حین مونتاژ و به دنبال آن افزایش هزینه ساخت را به وجود می‌آورد. بنابر این پیش بینی و کاستن این اعوجاج‌ها برای بهبود کیفیت سازه حیاتی است و اطلاعات مفیدی را برای مشخص کردن زمان سرویس و باز بینی محصولات ارائه می‌کند.
در این پایان نامه به بررسی عددی میدان‌های دمایی، اعوجاج و توزیع تنش‌های پسماند در جوشکاری یک اتصال سپری پرداخته شده است. این جوشکاری در دو مرحله تک پاسه انجام گردیده و جنس فلز فولاد ساختمانی می‌باشد. این کار هم در آزمایشگاه و هم به صورت مدلسازی سه بعدی در نرم افزار آباکوس انجام شده است. برای اعمال شار حرارتی از زیر برنامه به زبان فرترن کمک گرفته شد تا  این شار به صورت ترکیبی از حجمی و سطحی اعمال شود. برای آنالیز الاستو پلاستیک پروسه جوشکاری در نرم افزار از روش کوپل غیر مستقیم استفاده شده است. در ادامه چگونگی مدلسازی فرایند جوشکاری با استفاده از روش المان محدود، معرفی پارامترهای",2,530284
چگونه تبلیغات از گذشته تا کنون تغییر یافته‌اند؟,تبلیغات بخشی از زندگی هر انسانی است. هر فرد به طور ذاتی نیازمند توجه است به همین منظور با رفتار خود برای جلب توجه دیگران تلاش می‌کند. این تلاش باعث وجود اعتماد به نفس در فرد شده و احساس خوبی را به او می‌دهد. به دلیل وجود این تمایل ذاتی، جوامع بشری تمایل به تبلیغات دارند و پذیرای آن هستند. در گذشته آگهی‌رسانی وجود داشته ولی شاید تبدیل آن به یک صنعت قابل توجه عمری کمتر از یک قرن داشته باشد. در هر حال باید دقت کرد که با اینکه عمر آن به بسیاری از رفتارهای اجتماعی که در طول تاریخ شکل گرفته‌اند نمی‌رسد ولی تأثیر آن بسیار بیشتر از رفتار‌های اجتماعی برای ترغیب و وادار کردن مصرف‌کننده به خرید است. در عصر حاضر تبلیغات وارد دوره‌ی جدیدی شده‌اند و تبلیغات سیار به سرعت فضای ارتباطی را پر می‌کنند. تبلیغات هوشمند سیار جدید‌ترین نسل تبلیغات است که عمر آنها به سختی به 4 سال می‌رسد ولی این نوع تبلیغات ساختاری بسیار دلپذیر برای کاربر خواهند داشت زیرا هدف آنها هوشمند تعیین شده و افرادی که نیازمند کالایی هستند و یا به آن علاقه دارند را جذب می‌کنند و علاوه بر آن اطلاعات بازاریابی بسیار ارزشمندی برای بازاریا,2,530416
چه انرژی‌های پاک و تجدیدپذیر دیگری در جهان وجود دارند که می‌توانند جایگزین سوخت‌های فسیلی برای صنایع شوند؟,"در دهه‌های اخیر یکی از بزرگترین دغدغه‌های دولت‌ها محدود بودن ذخایر سوخت فسیلی و تجدید ناپذیر بودن آنها بوده است. لذا همه دولت‌ها سعی بر این دارند تا حد زیادی در مصرف سوخت‌های فسیلی صنایع خود صرفه‌جویی نموده و رو به استفاده از انرژی‌های پاک، رایگان و تجدیدپذیر بیاورند. انرژی باد یکی از این انرژی‌ها بوده که بسیار مورد توجه صنعت برق به منظور تولید توان الکتریکی در سطح بالا  قرار گرفته است.
 در این پایان‌نامه، از یک مدل بهینه‌سازی تصادفی برای برنامه‌ریزی مشارکت واحدها جهت تعیین زمانبندی تولید توان ساعتی هر واحد استفاده شده است. این برنامه‌ریزی با توجه به قیود واحدها و محدودیت توان عبوری خطوط انجام شده است. در این پروژه، احتمال میزان وزش باد به‌صورت تابع احتمال توزیع نرمال فرض شده و به‌صورت درخت سناریو مدل می‌شود. احتمال هر سناریو و ارزش بار از دست رفته نیز در تابع هدف وارد می‌شود. همچنین در این پروژه برنامه‌ریزی مشارکت واحدها با توجه به عدم‌قطعیت تولید توان بادی و بار با استفاده از بهینه‌سازی فازی اجرا شده و نتایج مورد تحلیل قرار گرفته است. علاوه بر این در این پروژه به بررسی تاثیر حضور تو",2,533467
آیا افزایش تقاضا و محدودیت تاثیرپذیری تقاضا می‌تواند به بهبود هزینه سفارش‌دهی انبار و سرمایه‌گذاری منجر شود؟,با توجه به تاثیر گذاری تصمیمات اندازه نمونه بر کارایی سیستم به‌عنوان عامل کلیدی در توانمند نمودن واحدهای تولیدی در رقابت، اخیراً مقالات بی‌شماری مدل‌سازی زنجیره تامین را به‌صورت یکپارچه مورد بررسی قرار دادند. در این تحقیق نیز مسأله هماهنگی در زنجیره تأمین یک تولیدکننده و یک انبارمرکزی یکپارچه، با اضافه کردن محدودیت تاثیرپذیری تقاضا از متوسط درصد کمبود موردنظر است. در این مدل انبارمرکزی با تقاضای تصادفی مشتری روبه‌رو می‌باشد و هزینه سفارش‌دهی انبار با سرمایه‌گذاری قابل کاهش می‌باشد. کارخانه دارای دو بخش مونتاژ و پردازش است. مواد به دو صورت وارد بخش مونتاژ می گردند، گونه ای از مواد تحت عنوان مواد پردازش شده از واحد پردازش و برخی دیگر تحت عنوان مواد اولیه آماده، از بیرون کارخانه وارد مرحله مونتاژ می‌گردند. در مرحله مونتاژ، کالای نهایی تولید می‌شود. پس از ارایه یک مدل برنامه‌ریزی غیرخطی، از سه روش شاخه‌وکران، روش گرادیان کاهشی تعمیم‌ یافته و الگوریتم انجماد تدریجی برای حل مدل استفاده شده است. در این تحقیق هدف به‌دست آوردن مقدار بهینه سفارش‌دهی، مقدار بهینه تولید در هر راه‌اندازی تولید و مق,2,528031
چه اهمیتی برای سازمان‌های خدماتی مانند مراکز پاسخگوی تلفنی و بانک‌ها دارد؟,"زمانبندی نیروی کار عبارت است از پیش بینی تقاضا برای خدمات، تعیین شیف ت های کاری و تخصیص نیروی انسانی به شیف ت های مختلف که به منظور تامین خدم ا ت انجام م ی شود. مساله زمانبندی در بسیاری از سازما ن های خدماتی نظیر مراکز پاسخگوی تلفنی، بان ک ها، مراکز اورژانس و فروشگا ه های بزرگ به دلیل ارتباط مستقیم با مشتریان از اهمیت ویژ ه ای برخوردار بوده و همچنین به دلیل پویایی و احتمالی بودن تقاضای خدمات از پیچیدگ ی خاصی برخورداراست.
در روش های سنتی حل مسائل زمانبندی نیروی کار، تقاضای مشتری بوسیله مدل صف به تقاضای نیروی انسانی در باز ه های زمانی مختلف تبدیل شده و سپس با در نظر گرفتن ساعات کار و استراحت پرسنل، زمانبندی با هدف حداقل سازی نیروی کار با حفظ حداقل سطح سرو ی س انجام م ی شود. این در حالی است که با توجه به اهمیت روز افزون توجه به رضایت مشتریان بویژه در سازما ن های خدماتی، بهینه سازی سطح خدمات جایگاهی معادل و یا بالاتر از حداقل سازی هزینهها پیدا کرده است.
در این تحقیق مدلی چند هدفه برای زمانبندی نیروی کار توسعه د اده شده است که اهداف آن حداقل سازی هزینه، حداقل سازی نارضایتی شغلی کارکنان و",2,533554
چه اهمیتی برای جذب توریست و توسعه گردشگری دارد؟,"امروزه گردشگری و جذب توریست به عنوان یکی از منابع اقتصادی خصوصا در کشورهای دارای سابقه فرهنگی و اماکن جاذب سفر متعدد، مورد توجه قرار گرفته است. در این بین، توسعه سامانه‌های مبتنی بر رایانه به منظور ارائه اطلاعات در خصوص مراکز توریستی و هم چنین تسهیل کسب اطلاعات لازم توسط شخص توریست، به طور روزافزونی گسترش یافته است.                    
انتخاب بهترین مکان و تعیین بهترین مسیر جهت بازدید از مکان های منتخب، هدف اصلی در برنامه ریزی گردشگری می‌باشد. اگرچه سامانه های مختلفی جهت برنامه ریزی گردشگری موجود می باشد، اما تعداد کمی از این سامانه‌ها به صورت همزمان به علایق کاربر، تعیین بهترین مسیر و مدیریت زمانی در برنامه ریزی گردشگری، توجه کرده اند. هدف این پژوهش، طراحی و پیاده سازی یک سامانه توصیه گردشگر شخصی تحت وب می باشد. این سامانه برنامه ریزی گردشگری را برای هر فرد مطابق با علایق و اولویت های او در محدوده زمانی مشخص انجام می دهد. مدت زمان تور توسط شخص کاربر تعیین و به مسأله اعمال می گردد. از سوی دیگر لازم است بایسته هایی همچون زمان فعالیت روزانه نقاط گردشگری در مسأله لحاظ گردد. بدین منظور، ا",2,530247
چه روش‌هایی برای حل مسائل مرتبط با تعداد زیاد عوامل تولید مانند خوشه‌بندی و تصمیم‌گیری چند معیاره پیشنهاد شده است؟,"گاهی تعدد زیاد عوامل تولید مانند تعداد تأمین‌کنندگان و تعداد اقلام در زنجیره‌تأمین از یک طرف و درعین حال نرخ بالای تغییر اطلاعات از طرف دیگر لزوم ارائه روشی را ایجاد می‌کند که تؤأماً این دو مسأله را مورد توجه قرار دهد. به‌همین منظور در این تحقیق به ترتیب روش خوشه‌بندی و روش تصمیم‌گیری چند معیاره برای فائق آمدن بر مشکلات فوق پیشنهاد می‌شوند.
برآورد کردن تمام تقاضاها و محدودیتِ ظرفیت تولیدی تأمین‌کنندگان از جمله شرایطی است که در تحقیقات پیشین به‌ندرت با هم درنظر گرفته شده‌اند، که در این تحقیق قصد بر آنست که علاوه بر اینکه این دو محدودیت با هم درنظر گرفته می‌شوند، از ترکیب روش‌های تصمیم‌گیری چندشاخصه و روش‌های خوشه‌بندی بتوان روشی را پیشنهاد داد تا این محدودیت‌ها را هر چه بهتر پوشش دهد.
استفاده از خوشه‌بندی اقلام برای خوشه‌بندی تأمین‌کنندگان نیز ابتکاری بود که باعث انسجام بیشتر نتایج‌ بدست آمده از اجرای روش پیشنهادی می‌شود. این رویکرد هرگز پیش از این مشاهده نشده بود.
به‌کارگیری سیاست درست تخصیص جهت استمرار جریان اطلاعاتی از طرف تامین‌کنندگان نیز مساله‌ای بود که بحث می‌شود و تاثیر اتخاذ",2,534677
آیا زلزله های با بزرگای مختلف در کمربند آلپ-هیمالیا تنها عواملی نیستند که باعث لرزش کشور ایران می شوند؟,"با توجه به اینکه کشور ایران در روی کمربند آلپ-هیمالیا که یکی از فعالترین مناطق لرزه خیز محسوب می شود قرار گرفته است اغلب توسط زلزله های با بزرگای مختلف دچار لرزش می گردد. به همین خاطر کشور ایران تلفات جانی و مالی زیادی در اثر این زلزله ها متحمل شده است.
شهر تبریز از نقطه نظر اقتصادی، سیاسی و اجتماعی یکی از مهمترین شهرهای ایران محسوب می شود. وجود گسل شمال تبریز باعث افزایش احتمال وقوع زمین لرزه های بزرگ می گردد که تهدیدی برای این شهر با جمعیت 1/6 میلیون نفری محسوب می شود.
یکی از مهمترین مسائل در طراحی سازه های مقاوم در برابر زلزله برآورد سطح لرزش هائی است که سازه ها ممکن است تحت این لرزش ها قرار بگیرند. برای این منظور می توان از تحلیل خطر لرزه ای استفاده کرد.
در این پایان نامه با استفاده از روش تحلیل احتمالی خطر لرزه ای، ارزیابی از خطرات لرزه ای در مسیر شماره 2 مترو تبریز انجام شده است. به این منظور ابتدا لرزه زمین ساخت گستره مورد مطالعه مورد بررسی قرار گرفته و کلیه منابع لرزه زا در شعاع 150 کیلومتری طرح که قادر به ایجاد زمین لرزه های مخرب می باشند تعیین شده است.
با استفاده از این ا",2,534428
چه نوع کالاهایی از قاعده نگهداری برای مدت نامحدود خارج می‌شوند و چگونه می‌توان برای آن‌ها مدل‌های کنترل موجودی مناسب تعیین کرد؟,"یکی از جریان‌های مهم در زنجیره تأمین جریان فیزیکی مواد (موجودی‌ها) است که حجم عظیم سرمایه درگیر را به خود اختصاص می‌دهد. جهت کنترل موجودی ارائه مدل‌های مناسب و کارآمد می‌تواند مفید واقع شود. در اکثر مدل‌های موجودی فرض می‌شود که اقلام برای مدت نامحدود قابل نگهداری است. در حالی که بسیاری از کالاها از این قاعده تبعیت نمی‌کنند. کالاهای زیادی مانند میوه‌ها، سبزیجات، گوشت، مواد غذایی، ادکلن، الکل، بنزین، مواد رادیواکتیویته، فیلم‌های عکاسی و بسیاری دیگر از کالاها موجود‌ند که با گذشت زمان از نظر کیفی یا کمی دچار زوال خواهند شد. در صورتی که نرخ زوال این گونه اقلام ناچیز باشد، می‌توان از آن صرف نظر نمود. اما در بسیاری از این کالاها این نرخ قابل چشم‌پوشی نمی‌باشد. لذا باید زایل شدن این گونه کالاها در مدل‌های مربوط به آن لحاظ گردد. 
از طرف دیگر با توجه به ماهیت مستقل اجزای تشکیل دهنده زنجیره تأمین، اگرچه رویکرد کاملا یکپارچه ممکن است منجر به عملکرد بهینه سیستم شود، اما همواره مطلوب‌ترین گزینه تمامی اعضای سیستم نیست. بنابراین اعضای مستقل زنجیره تأمین معمولا به دنبال بهینه کردن اهداف خود می‌باشند ن",2,530863
چالش‌های طراحی VCO حلقوی به چه مواردی برمی‌گردد؟,از خصوصیات بارز VCO حلقوی می‌توان به محدوده تنظیم گسترده، طراحی ساده، سطح سیلیکونی کوچک، مجتمع سازی آسان و تلفات توان پایین اشاره کرد. با این حال،نسبت به اسیلاتورهای LC به دلیل ضریب کیفیت پایین، عملکرد نویز فاز اسیلاتورهای حلقوی به طور کلی بسیار ضعیف است، که این یکی از چالش‌های مهم در طراحی VCO‌حلقوی می‌باشد. در فصول ابتدایی این پایان نامه سعی بر بررسی ساختارهای مهم و کاربردی VCOهای حلقوی در کنار تکنیک‌های متفاوت از قبیل کنترل ولتاژ سوئینگ، کاهش نویز تغذیه شده است. یکی از دغدغه‌های اصلی ما در این کار در حوزه طراحی مدارهای VCO حلقوی، عملکرد در ولتاژهای پایین و همچنین خطی‌سازی نمودار مشخصه می‌باشد که با استفاده از روش DTMOS و همچنین ساختارهای پیشنهادی بر این امر فایق آمده‌ایم. در ادامه مدارهایی در حوزه فرکانس‌های بالا و UWB پیشنهاد شده که بر حسب هدف مورد نظر از قبیل نویز فاز، توان مصرفی و رنج تنظیم ساختارهایی پیشنهاد گردیده است.,2,663027
آیا آبگیرها در نواحی خشک و نیمه خشک به دلیل حاوی بودن رسوبات، مورد استفاده قرار می‌گیرند؟,آبگیرها عموماً در شبکه های توزیع آب، کانال‌های آبیاری، شبکه های فاضلاب، تاسیسات مربوط به تصفیه خانه های آب و فاضلاب، ورودی به تاسیسات تولید برق و غیره مورد استفاده قرار می‌گیرند. در نواحی خشک و نیمه خشک که جریان سیلاب حاوی رسوبات زیادی می‌باشد، بخشی از رسوبات همراه جریان وارد کانال آبگیر شده و در قسمتهای مختلف کانال از جمله در ناحیه گردابی ورودی کانال آبگیر که معروف به ناحیه جدایی جریان می‌باشد، ترسیب می‌کند. عدم کنترل رسوب ورودی به آبگیرها باعث انتقال رسوبات به داخل کانالهای آبیاری و تاسیسات شده و مشکلاتی را برای قسمت های مختلف بوجود می‌آورد. به علت وجود ذرات معلق در آب، خسارت زیادی نیز به تاسیسات بکار رفته مثل پمپ و توربین وارد می‌گردد. از اینرو شناخت ابعاد ناحیه گردابی در ورودی کانال آبگیر از اهمیت زیادی برخوردار می‌باشد. همچنین اکثر ایستگاه‌های پمپاژ رودخانه‌ای مشکل رسوبگذاری در دهانه آبگیری و حوضچه مکش را دارند که این مسئله باعث می‌شود که چندین بار در سال نیاز به رسوبزدایی داشته باشند که هزینه بهره‌برداری از اینگونه ایستگاه‌ها را بطور قابل ملاحظه‌ای افزایش می‌دهد. برای این منظور ف,2,529661
چه چالش‌هایی در مهندسی سیستم‌های نرم‌افزاری جدید وجود دارد که نیازمندی‌های آن‌ها را از ساده به پیچیده‌ترین حالت‌ها تغییر داده است؟,با گسترش سیستمهای اطلاعاتی پیچیده که در محیطهای عملیاتی پویا مستقر می شوند، نیاز به سیاستهای مدیریتی کلان برای مدیریت و کنترل سیستمها بیش از پیش به چشم می آید. هم چنین چالشهای مهندسی سیستم های نرم افزاری جدید از برطرف کردن نیازمندی های وظیفه مندی و غیروظیفه مندی ساده به موارد پیچیده تری تغییر پیدا کرده است. مواردی چون مقاوم سازی نرم افزار در برابر تغییرات ناگهانی در محیط های غیرقطعی و تطبیق پذیری سیستم در حال اجرا. در راستای برآورده ساختن نیازهای جدید و پوشش چالش های ذکر شده، سبک معماری سرویس گرا ارائه شده است که با معرفی مفاهیم نوینی در مهندسی نرم افزار مانند سرویس، ارتباط سست  بین سرویسی، واسطهای خوش تعریف و انقیاد پویا سعی دارد یک معماری قابل انعطاف برای کنترل کیفیت خدمات ارائه دهد. به منظور تضمین کیفیت سرویس ها در زمان اجرای سیستم، معماری سرویس گرا باید خود را در برابر تغییرات ناگهانی محیط عملیاتی و یا درخواست سرویسهای جدید از سوی سرویس گیرندگان تطبیق دهد. در دهه اخیر کارهای زیادی در زمینه معماری های سرویس گرای خودتطبیق انجام گرفته است. این تحقیق نیز می کوشد چهارچوبی مبتنی بر مدل ب,2,528275
چه نقشی برای نانو تکنولوژی در مهندسی عمران ایفا می‌شود؟,امروزه نانو تکنولوژی جایگاه خود را به عنوان نیروی محرکه در علوم مختلف مطرح کرده است. رسیدن به ویژگی های جدید با استفاده از نانو مواد محققین مختلف را بر آن داشته است تا با بررسی های گوناگون نانو مواد مفید در زمینه کاری خود را پیدا کرده و به بررسی تاثیرات آن بپردازند. در مهندسی عمران کاربرد نانو سیلیس در بتن به عنوان یکی از مهمترین مواد بسیار مورد توجه قرار گرفته است و محققین مختلف به بررسی های تاثیرات افزودن آن پرداخته اند. لیکن در حوزه پارامتر های مکانیکی و مهندسی علوم خاک نانو تکنولوژی هنوز راه خود را باز نکرده است، لیکن در این تحقیق به بررسی تاثیرات استفاده از نانو سیلیس بر روی ویژگی های مکانیکال یکی از مشکل دار ترین خاکها یعنی بنتونیت پرداخته شده است. مواد مورد استفاده عبارت اند از نانو سیلیس، سیمان، آب و بنتونیت، که در طرح های مختلف مقادیر نانو و سیمان تغییر کرده و به بررسی روند افزایش مقاومت نمونه ها در 7 و 28 روز پرداخته شده است. بر اساس آنچه که در قبل گفته شد در این تحقیق مطالعات آزمایشگاهی به چهار بخش تقسیم بندی گردید. در بخش اول به بررسی تاثیر افزودن نانو سیلیس بر روی مقاومت ت,2,531726
چه روشی برای جلب مشارکت کشاورزان و بهره برداران پیشنهاد شده است؟,امروزه با افزایش اهمیت نوآوری در فرآیند توسعه و انتقال فنآوری‌های کشاورزی، کارگزاران نهادی تحقیق، ترویج و آموزش کشاورزی تلاش می‌کنند تا چارچوبی انعطاف پذیر برای مشارکت هر چه بیشتر مخاطبان خویش فراهم آورند. یکی از روش های نوین جلب مشارکت کشاورزان و بهره برداران، روش مدرسه در مزرعه است، که با شعار آموزش توام با یادگیری همراه است. اما از آنجا که آموزش و توسعه منابع انسانی یک سرمایه‌گذاری گران می‌باشد، هدف کارفرما است که مطمئن شود سرمایه-گذاری در آموزش حداکثر برگشت را مهیا می‌کند. متاسفانه مقیاس‌هایی که انتقال مهارت‌های یادگرفته شده در آموزش را به محل کار نشان دهد، بسیار محدود است. یکی از روش های مورد استفاده برای این منظور استفاده از سیستم انتقال یادگیری می‌باشد. به منظور بهبود سیستم انتقال آموزش مهم است که مولفه های موثر بر انتقال یادگیری را شناخت و سپس در جهت حذف عواملی که مانع از انتقال می‌شوند، برآیند. تحقیق حاضر که با هدف مطالعه عوامل موثر بر انتقال یادگیری از در طریق پروژه آموزشی مدرسه در مزرعه در استان فارس انجام شد، از لحاظ هدف کاربردی و بر حسب روش از نوع توصیفی- همبستگی بود. جامع,2,533417
چه تغییراتی در خواص آیرودینامیکی عدس در سیستم‌های بوجاری و انتقال توسط سیال هوا در ماشین‌های کشاورزی و مهندسی فرآوری مشاهده می‌شود؟,اهمیت اقتصادی تولید محصولات کشاورزی، روز به روز در حال افزایش است. در طی تولید و فرآوری این محصولات، عملیات مکانیکی، حرارتی، ذخیره‌سازی و انتقال انجام می‌گیرد. خواص آیرودینامیکی عدس در سیستم‌های بوجاری و انتقال توسط سیال هوا در ماشین‌های کشاورزی و مهندسی فرآوری بسیار مورد استفاده قرار می‌گیرد. یکی از ویژگی‌های آیرودینامیکی عدس، سرعت حد آن می‌باشد. به منظور تعیین سرعت حد، تونل باد عمودی بر اساس روش ها و معیارهای استاندارد، طراحی و ساخته شد. برای کاهش میزان غیر یکنواختی جریان هوا در مقطع آزمایش تونل از 5 لایه توری و یک شبکه لانه زنبوری استفاده گردید. به منظور افزایش سرعت جریان هوا و جبران تلفات ناشی از توری ها و نیز کمک به افزایش یکنواختی جریان، نازل تونل باد با استفاده از روش مورل ‏‎(Morel)‎‏ طراحی و ساخته شد. جهت سادگی ساخت و کاهش هزینه های آن کلیه مقاطع تونل به صورت مربعی در نظر گرفته شدند. ارتفاع تونل 425/1 متر و مقطع آن مربعی به ابعاد 1/0*1/0 متر است. مقادیر افت در قسمتهای مختلف تونل محاسبه و نهایتا توان مورد نیاز تونل برای شناورسازی تعیین گردید. در این تحقیق نمونه‌های دو رقم عدس کی,2,532876
چه عواملی باعث افت شدید سطح آب‌های زیرزمینی در ایران شده است؟,به دلیل کم بودن ریزش‌های جوی و نامناسب بو دن توزیع زمانی و مکانی آن در ایران،کشورمان با متوسط بارندگی 250 میلیمتر در سال که یک‌چهارم متوسط بارندگی جهان است، کشور خشک و نیمه خشک محسوب می‌گردد، علاوه بر این استان اصفهان با میانگین بارش حدود 120میلیمتر در سال جزء یکی از خشک‌ترین مناطق کشور به‌شمار می‌‌آید. محدودیت آب سطحی و زیر‌زمینی در مناطق مرکزی و رشد جمعیت و افزایش نیاز آبی در بخش‌های مختلف به خصوص شرب و کشاورزی موجب افت شدید سطح آب‌های زیرزمینی شده است. در این ارتباط‌ در بخش کشاورزی ، به دلیل روش نادرست آبیاری درصدزیادی از آب مورد استفاده در کشور هدر می‌رود، ا-صلاح روش آبیاری یکی از روش‌هایی است که از هدررفت آب در زمینه کشاورزی جلوگیری می‌کند. از سوی دیگر، آموزش روستاییان و کشاورزان با روش‌های بهینه‌آبیاری و خانگی ، نیز می‌تواند به اصلاح روش مصرف کمک کند. در این پژوهش‌ هدف اصلی، شناسایی میزان مصرف آب در مناطق روستایی(مطالعه موردی روستای اندلان) وهمچنین بررسی عوامل مرتبط بر بالا بردن بازده آب کشاورزی در روستای مورد مطالعه می‌باشد. این تحقیق با بهره گیری از روش اسنادی و پیمایشی از نوع,2,531002
چه تأثیری مدیریت نامناسب در زمینه تخصیص اعتبار بر موسسات مالی در ایالات متحده آمریکا و اروپا داشته است؟,پیشرفت در بکارگیری و جمع‌آوری داده با به خدمت گرفتن کامپیوتر و همچنین استفاده همگانی از وب و اینترنت به عنوان یک سیستم اطلاع‌رسانی جهانی، داده‌کاوی را به‌عنوان یک ابزار مفید جهت کمک به حل مسائل پیچیده مطرح ساخته است. در سال‌های اخیر اعتبارسنجی به کاری مهم برای موسسات مالی همچون بانک‌ها و شرکت‌های بیمه تبدیل شده است. در حقیقت مدیریت نامناسب در زمینه تخصیص اعتبار، زیان‌های زیادی را به موسسات مالی مخصوصاً در ایالات متحده آمریکا و اروپا تحمیل کرده است و حتی برخی از آنها را تا حد ورشکستگی سوق داده است. اعتبارسنجی به کاهش مخاطرات حاصل از اعطای اعتبار می‌پردازد. این کار با پیش‌بینی صحیح رفتار مشتریان صورت می‌گیرد. در واقع، مساله اعتبارسنجی به‌صورت یک مساله دسته‌بندی قابل طرح است که هدف آن استخراج مدل کارا و مناسبی است که مشتریان را بر اساس ویژگی‌هایشان در دو دسته خوب و بد دسته‌بندی نماید.در گذشته، به منظور ایجاد مدل‌های اعتبارسنجی، از روش‌های کلاسیک داده‌کاوی نظیر رگرسیون خطی و تجزیه و تحلیل ممیزی خطی استفاده می‌شده است. اما اخیراً ابزارهای هوش مصنوعی و یادگیری ماشین، مورد توجه و استقبال محقق,2,526514
چه خطرات زیست محیطی برای اکوسیستم طبیعی پیرامون سدها به دنبال رهایی از مشکل رسوبات با استفاده از نیروی هیدرودینامیکی آب وجود دارد؟,انباشته شدن مخازن سدها از رسوبات از مهم ترین دغدغه های موجود در زمینه مدیریت و نگهداری سدها است؛ و برای ادامه حیات مفید سد باید تدابیر لازم جهت برداشت این رسوبات اندیشیده شود. در حال حاضر در کشور ما برای رهایی از این مشکل رسوبات با استفاده از نیروی هیدرودینامیکی آب از مخازن تخلیه می شوند که این روش علاوه بر آسیب رساندن به سازه سد خطرات زیست محیطی برای اکوسیستم طبیعی پیرامون ساختگاه به همراه دارد. چنانچه این رسوبات به روش  صحیح و غیر مخرب استخراج شوند و به عنوان مصالح با ارزش افزوده مورد استفاده قرار گیرند، علاوه بر افزایش حجم مفید مخزن سد، می توان از این منبع خدادادی و پایان ناپذیر بعنوان ماده خام در صنعت آجر، کاشی و سفال استفاده نمود. در این مطالعه پس از آنالیز شیمیایی و کانی شناسی رسوبات مشخص شد که رسوبات انباشته شده در مخزن سد سفیدرود شرایط لازم برای بهره برداری در صنایع مذکور را دارند. سپس به منظور بررسی ویژگیهای انقباض و ترک خوردگی نمونه های خشت رسی، نمونه های رسوبات بدست آمده از مخزن سد مورد آزمایشات طبقه بندی و حدود آتربرگ قرار گرفته اند. پس از آن بخش ماسه ای به روش مکانیکی و بخ,2,531054
آیا استفاده از راهکارهای ارائه شده پس از ارزیابی سیستم، می‌تواند به بهبود کارایی سیستم‌ها منجر شود؟,در دنیای کنونی سعی بر آن است تا با کمترین هزینه بیشترین کارایی در یک سیستم به دست آید و از طرفی این خواسته بدون تصمیم گیری‌های اساسی و ارزیابی‌های پیوسته و مطمئن از سیستم عملیاتی، امکان‌پذیر نخواهد بود. لذا شبیه سازی این امکان را فراهم می‌آورد تا با داشتن سیستم و عملیات‌های مرتبط با آن در دنیای مجازی تصمیمات درست گرفته شود و پس از ارزیابی سیستم، راهکارهای درستی ارائه گردد. پایانه‌های کانتینری نیز از این مورد مستثنی نخواهند بود، لذا با توجه به این قضیه محقق بر آن شد تا با بررسی پایانه کانتینری بندر انزلی و ارزیابی عملکرد عملیات تخلیه و بارگیری در آن راهکارهایی را برای بهبود بخشیدن به این روند ارائه نماید. گام نخست با بیان مسئله و ضرورت‌های اجرای این پژوهش شروع می‌گردد. سپس به تعریف فعالیت‌های بندری و تحقیقات انجام شده در مورد ترمینال‌های کانتینری اشاره می‌شود. بعد از آن شبیه سازی معرفی، و دامنه کاربرد آن در ترمینال‌های کانتینری بررسی می‌گردد. در این پژوهش ترمینال کانتینری بندر انزلی، به عنوان ترمینال نمونه کاوی انتخاب شده است. جهت انجام شبیه سازی از عملیات تخلیه و بارگیری ترمینال کانتین,2,530941
چه عواملی در بهینه سازی سیستم های پمپاژ آب خورشیدی برای کاهش قیمت آنها مورد بررسی قرار می‌گیرد؟,کاربرد گسترده پمپ های آب خورشیدی، به علت قیمت بالای آنها محدود می باشد. در جهت بهینه کردن سرمایه گذاری بر روی این سیستم ها، لازم است هر چه بیشتر به بهینه سازی این سیستم ها در جهت کاهش واقعی قیمت سیستم پرداخته شود.قلب سیستم های پمپاژ آب خورشیدی، پانل های فتوولتاییک می باشند. توان تولیدی به وسیله این پانل ها نسبت مستقیمی بامیزان تابش رسیده به سطح این سلول ها دارد.در این تحقیق به منظور افزایش میزان تشعشع رسیده به سطح سلول های خورشیدی، بازتابنده هایی از دو جنس مختلف فویل آلومینیوم و استیل ضدزنگ 304 بر روی سیستم نصب شده و تاثیر استفاده از این بازتابنده ها بر روی کارایی پمپ آب خورشیدی مورد ارزیابی قرار گرفته است.افزایش دمای پانل های فتوولتاییک منجربه کاهش شدید توان خروجی ازاین پانل ها می‌شود. افزایش شدت تشعشع رسیده به سطح پانل های خورشیدی به دلیل استفاده از بازتابنده ها، باعث افزایش دمای پانل های خورشیدی به میزان قابل توجهی می شود. در این تحقیق به منظور پایین نگه داشتن دمای سطح سلول ها، از جریان لایه ای آب بر روی سطح سلول های خورشیدی استفاده شده است. جریان آب بر روی سطح سلول ها، علاوه بر خنک,2,530305
چه معادلاتی برای پیوستگی، مومنتوم و انرژی در محاسبات عددی مورد استفاده قرار گرفته است؟,در مطالعه حاضر مشخصات جریان، دما و تولید آنتروپی در یک مجرای منحنی به روش عددی به دست آمده است. معادلات پیوستگی، مومنتوم و انرژی، با فرض جریان پایا، سه بعدی و  آرام به روش حجم کنترل حل شده و برای گسسته سازی عبارت های جابجایی و پخش از طرح بالادست مرتبه اول و برای پیوند میدان سرعت و فشار از الگوریتم SIMPLE استفاده شده است. نتایج عددی به دست آمده با داده های قبلی موجود مقایسه شده و تاثیر نسبت ظرافت سطح مقطع، عدد دین، شار گرمای اعمال شده به مجرا، نوع سیال عامل، تعداد و موقعیت ریب ها، اندازه ریب، نسبت ظرافت ریب و چرخش مجرا بر تولید آنتروپی بررسی شده اند. نتایج حاصل نشان می دهد که در یک نسبت ظرافت ثابت، در اعداد دین بالا و شار گرمایی پایین، تولید آنتروپی، عمدتا ناشی از اصطکاک بوده، در حالیکه در اعداد  دین پایین و شار گرمایی بالا، تولید آنتروپی ناشی از انتقال گرما غالب تر است. در هر نمونه با عدد دین و شار گرمایی مشخص، یک حالت بهینه بر اساس اصل تولید آنتروپی کمینه وجود دارد. سیال عامل با لزجت بالا باعث افزایش تولید آنتروپی ناشی از اصطکاک می شود. نتایج حاصل از افزودن ریب به مجرا نشان میدهد که ا,2,531399
چه ویژگی‌هایی از روش سطح پاسخ در مسائل بهینه‌سازی شبیه‌سازی بررسی می‌شود؟,"رویه سطح پاسخ  روشی پرکاربرد در مسائل بهینه سازی شبیه سازی  است.  استراتژی آن شناسایی، کشف و کاوش در زیر بخش هایی از فضای پارامتری است به جای آن که کل فضای پارامتری را مورد بررسی قرار دهد چون عموما کاوش در کل فضا بسیار پیچیده و هزینه بر خواهد بود. این روش خصوصا برای سیستم های پیچیده ای که در آن اطلاعات اولیه اندکی در دسترس است بسیار مناسب و کارا می باشد. علی رغم کاربرد خاص RSM در دنیای واقعی، این روش دربردارنده ی دو مشکل عمده است: اولا، این روش غیر خودکار است یعنی دخالت کاربر در هر مرحله از فرآیند جستجو وجود دارد و در واقع امری ضروری خواهد بود. دوما، RSM رویه ای ابتکاری است که همگرایی درآن ضمانت نمی شود و در نتیجه کیفیت حل نهایی را در RSM تحت تاثیر خود قرار می دهد.
از این رو این تحقیق در تلاش است که الگوریتمی را ارائه نماید که عمده مسائل بهینه سازی مدل های شبیه سازی را با وجود این دو مشکل برطرف نماید. به همین جهت الگوریتم نوین اصلاح شده ای ارائه گردیده است که در آن روش RSM سنتی با روش شبه نیوتن که جهت بهینه سازی مدل های قطعی است با هم ترکیب شده اند. البته می بایست با اجرای اصلاحاتی فض",2,535710
آیا مشکلاتی در تحلیل معادلات حاکم بر جریان سریزهای جانبی وجود دارد؟,یکی از انواع سرریزها که به منظور آبگیری به صورت گسترده از آن استفاده می‌شود، سریز جانبی است. این سازه هم‌چنین به عنوان سازه حفاظتی در بالادست سیفون‌های معکوس، سیل‌بندها، زیرگذر جاده و سرریز انتهایی برای تخلیه آب مازاد آبگیرهای بالادست، در انتهای کانال‌های اصلی قرار می‌گیرد. محل نصب سرریز جانبی در دیواره آبراهه یا کانال انتقال آب می‌باشد. اما با وجود کاربرد وسیع سرریزهای جانبی، حل کامل تحلیلی معادلات حاکم بر جریان سرریزهای جانبی وجود ندارد. از سوی دیگر، تاثیر روش‌های عددی در حل مسائلی که حل تحلیلی آنها بدون استفاده از فرضیات ساده کننده مشکل می-باشد، روشن و اثبات شده است. بر این اساس در این تحقیق یک مدل کامپیوتری تهیه شده است که پس از کالیبره شدن توسط مدل آزمایشگاهی، به کمک روش‌های عددی قادر به محاسبه و شبیه‌سازی پروفیل یک بعدی جریان در شرایط بدون پرش هیدرولیکی و وجود پرش هیدرولیکی در محدوده سرریز می-باشد. در این تحقیق برای نخستین بار معادله حاکم بر پرش هیدرولیکی در جریان متغیر مکانی اثبات و ارائه شده و به وسیله داده‌های آزمایشگاهی نیز مورد صحت‌سنجی قرار گرفته که نتایج این صحت‌سنجی نیز ب,2,532336
چه عواملی بر اندرکنش حائل- توده سنگ تأثیر می‌گذارند؟,مهمترین بخش از طرح یک تونل، طراحی سیستم حائل مناسب در برابر بارهای وارده بر آن است. ارزیابی میزان بار وارده بر حائل، نیاز به درک مناسبی از اندرکنش حائل- توده سنگ دارد. پارامترهای متعددی بر اندرکنش حائل- توده سنگ دخیل اند که از جمله آنها پارامتر سختی نسبی حائل-زمین است. روش های متعددی بر مبنای اندرکنش حائل-توده سنگ شکل گرفته اند که می توان به روش همگرایی- محصوریت و روش سختی نسبی اشاره نمود. در این پایان نامه با بکارگیری روش عددی المان محدود به کمک نرم افزار  و با پیروی از منطق روش همگرایی- محصوریت، تونل انتقال آب قطعه ا-ب نوسود را بعنوان مطالعه موردی انتخاب و طرح حائل نموده و سپس با نگرشی بر روش سختی نسبی تحلیلی پارامتریک بر روی حائل  طراحی شده انجام داده ایم. تاثیر سختی نسبی، در کنار تاثیر ضریب فشار سکون، شرایط تماس بین حائل و توده سنگ مورد ارزیابی قرار گرفته اند. تحلیل پارامتریک نشان داد که از پارامتر سختی نسبی، می توان به عنوان مهمترین عامل در اندرکنش حائل- توده سنگ نام برد. افزایش در سختی حائل با افزایش ضخامت و یا افزایش در مدول الاستیسیته مصالح تشکیل دهنده حائل رخ می دهد. بر اساس ن,2,529843
چه اقداماتی می‌توان برای بهبود عملکرد شبکه‌های خیابانی در پیشگیری از حوادث تصادفی انجام داد؟,"اگرچه پژوهش در زمینه تحلیل عملکرد شبکه های خیابانی در ارتباط با وقوع حوادث تصادفی در آنها نزدیک به دو دهه است که آغاز گردیده، ولی پژوهشهای به نسبت کمی در زمینه بهبود عملکرد این نوع شبکه ها صورت گرفته است. با توجه به سابقه این مطالعات، وقوع حوادث و اثرات آن  روی شبکه های خیابانی را می توان در سه گروه به شرح زیرتقسیم بندی کرد. (الف) رویدادهائی (چون تصادف های ترافیکی) که وقوع آنها در شبکه موجب بروز اختلال در بخشهائی از شبکه در مدتی کوتاه (در حدود چند دقیقه تا چند ساعت) می شود. (ب) رویدادهائی که وقوع آنها موجب اختلال در شرایط ترافیکی شبکه در مدتی دراز (در حدود چند روز تا چند ماه) می شود. و، (پ) رویدادهائی که موجب بروز نوسان در حجم ترافیک یا زمان سفر در خیابانها و مسیر های مبدا- مقصد می شود.
اگرچه بخش عمده‌ای از زیانهای ناشی از وقوع تصادف‌های ترافیکی، خسارات مالی و جانی است، ولی اثراتی که وقوع این حوادث بر سفر دیگر مسافرین در شبکه می‌گذارد را نباید نادیده گرفت. وقوع تصادف در خیابانهای شلوغ و با ظرفیت بالا مشکلات زیادی در وضعیت ترافیکی شبکه ایجاد می کند، درحالی که ممکن است مشکلات یاد شده در",2,527001
چه افزایشاتی در جمعیت جهان تا پایان قرن 21 پیش‌بینی می‌شود؟,با روند کنونی افزایش جمعیت جهان، تا پایان قرن 21 شاید جمعیت جهان دو برابر شده و ثروت آن‌ها نیز هشت تا شانزده برابر خواهد شد. تقاضای انرژی جهانی با وجود بهبود در بازدهی انرژی، دو تا چهار برابر خواهد شد. حتی با سطح مصرف انرژی کنونی سامانه‌های انرژی موجود عوارض زیان باری روی سلامتی انسان‌ها و محیط زیست دارند. انرژی خورشیدی یکی از منابع انرژی تجدیدپذیر است که می‌توان با طراحی-های دقیق سخت‌افزاری میزان بیشتری از آن را دریافت کرد. در این پژوهش از یک جمع‌کننده خورشیدی تخت با مساحت m21×2 از ورق فولادی به شکل کرکره‌ای (جهت افزایش سطح تماس هوا) و ضخامت mm5/0 استفاده شد. سطح صفحه جاذب به رنگ سیاه پوشانده شد و برای عایق‌کاری بدنه جمع‌کننده به منظور افزایش عملکرد جمع‌کننده خورشیدی از پشم شیشه با ضخامت cm5 استفاده شد. از مشکلات اصلی این جمع‌کننده‌ها متغیر بودن دمای هوای خروجی از آن در طول روز و پایین بودن بازده آن‌ها در هنگام ابری شدن ناگهانی هوا و ساعات پایانی روز می‌باشد. برای ثابت نگه داشتن دمای هوای خروجی از جمع‌کننده در محدوده‌های موردنظر، سیستم کنترلی با استفاده از سلول‌های فتوولتائیک، میکروکن,2,531501
چه کارهایی برای درک بهتر و آنالیز سوراخ های کرمی شکل صورت گرفته است؟,موفقیت اسیدکاری سازندهای کربناته کاملا به ایجاد سوراخ های کرمی شکل طویلی که بتوانند ناحیه آسیب دیده را تحت پوشش قرار دهند بستگی دارد. در این اواخر کارهای زیادی برای درک بهتر و آنالیز سوراخ های کرمی شکل صورت پذیرفته که نتیجه این مطالعات ارائه مدل ها و معیارهای مختلف برای طراحی و بهینه سازی اسید کاری سازندهای کربناته است. در بسیاری از مطالعات انجام شده وجود یک نرخ تزریق بهینه تایید شده است.در مدل های ارائه شده هیچ یک از مدل ها همه عوامل موثر در تشکیل سوراخ های کرمی شکل را تحت پوشش قرار نمیدهد به همین علت مطالعه مدل های مختلف الزامی به نظر میرسد. در این پایان نامه مدل ها و معیارهای مختلف ارائه شده و با استفاده از الگوریتم وراثتی، الگوریتمی برای پیش بینی سرعت بهینه در انتهای سوراخ کرمی شکل ارائه خواهد شد.,2,534362
چه محدودیت‌هایی برای روش تشعشعی در شبکه کردن پلی‌اتیلن ذکر شده است؟,"در سال‌های اخیر پلی‌اتیلن شبکه‌ای شده در بسیاری از بخش‌های صنایع سیم و کابل به ماده ای بسیار پرکاربرد مبدل شده است. شبکه کردن پلی‌اتیلن را می‌توان به وسیله‌ی تشعشع، پخت پراکسیدی و یا فرآیند شیمیایی سیلان انجام داد. روش تشعشعی به روکش‌هایی با ضخامت کم و پرکننده‌ی پایین محدود است. این امر و نیاز به تجهیزات خاص استفاده‌ی این روش را بسیار محدود کرده و خواهد کرد.
مهم ترین مزیت پلی‌اتیلن شبکه‌ای شده نسبت به پلی‌اتیلن کم چگالی و پلی وینیل کلراید دمای کاربری آن است. پلی‌اتیلن کم چگالی و پی.وی.سی برای کاربری تا دمای °C 70 مناسب هستند درحالی که این دما برای پلی‌اتیلن شبکه‌ای شده °C90 می‌باشد. پلی‌اتیلن شبکه‌ای توسط بعضی سازمان‌ها برای کاربرد تا درمای °C125 نیز مناسب دانسته شده است. پلی‌اتیلن شبکه‌ای عموما از پلی‌اتیلن کم چگالی یا پلی‌اتیلن خطی کم چگالی به همراه مقادیر کمی اتیلن وینیل استات تولید می‌شود. افزایش اتیلن وینیل استات به منظور بهبود انعطاف پذیری و مقاومت ضربه و همچنین افزایش مقدار پرکننده‌ی قابل استفاده در محصول نهایی است. همچنین اتیلن وینیل استات به فرآیند پذیری پلی‌اتیلن کمک می‌کند.",2,533437
چگونه قوانین زیست محیطی می‌توانند تأثیری بر فرایند شکست کاتالیستی هیدروکربن‌ها داشته باشند؟,"شکست کاتالیستی هیدروکربن‌های سبک یکی از راه‌های موثر برای تولید اولفین‌ها به عنوان سنگ بنای صنایع پتروشیمی است که بارزترین مزیت آن کاهش مصرف انرژی و دمای عملیاتی فرایند است. همچنین با توجه به سخت‌تر شدن قوانین زیست محیطی در جهت جلوگیری از تولید گازهای گلخانه‌ای، فرایند شکست کاتالیستی توجه زیادی را به خود جلب نموده است. از طرفی در بین کاتالیست‌های مورد استفاده جهت تولید اولفین‌های سبک، کاتالیست ZSM-5 به دلیل گزینش‌پذیری بالا نسبت به اولفین‌های سبک، پایداری در طول انجام واکنش و نیز مقبولیت صنعتی، کاتالیست مناسبی برای انجام تحقیقات کاربردی محسوب می‌شود.
گاز مایع سوخت مناسبی برای تولید انرژی است. با توجه به اینکه ترکیب این خوراک عمدتاً از پروپان و بوتان تشکیل شده است، می‌تواند منبع مهمی برای تولید اولفین‌های سبک باشد. در این پروژه، پس از انجام تبادل یون، ساخت کاتالیست، و تعیین مشخصات کاتالیست، شکست کاتالیستی گاز مایع بر روی کاتالیست‌های زئولیتی NaZSM-5، HZSM-5 و FeHZSM-5 جهت تولید اولفین‌ها مورد مطالعه قرار گرفته و در نهایت روند تولید درصد تبدیل خوراک، بازده اولفین‌های سبک و بازده آروماتی",2,531055
چه اهمیتی برای پیاده‌سازی انواع الگوریتم‌های شار نوری در بینایی ماشین و پردازش داده‌های تصویر وجود دارد؟,هدف اصلی این مطالعه، بررسی پیاده‌سازی انواع الگوریتم‌های شار نوری بر روی نرم‌افزار و سخت‌افزار با استفاده از الگوریتم‌های موجود در بینایی ماشین و پردازش داده‌های تصویر می‌باشد. در واقع هدف از پیاده‌سازی الگوریتم‌های شار نوری تشخیص حرکت جسم در یک سلسه تصویر متوالی است. از انجا که حجم اطلاعات در پردازش داده‌های یک تصویر زیاد می‌باشد، لذا از الگوریتم‌هایی استفاده شده است که برای پیاده‌سازی بر روی سخت‌افزار مناسب و دارای عملکرد خوبی باشند. از جمله الگوریتم‌هایی که به پیاده‌سازی انها پرداخته شده است عبارتند از؛ شار نوری به روش Lucas_Kanade و شار نوری به روش .Horn_shunk بنابراین از جمله الگوریتم‌هایی که در این روش به پیاده‌سازی ان نیازاست، عملگر کانولوشن می‌باشد که پیاده‌سازی انواع ان و مقایسه انها با یکدیگر مورد بررسی قرار گرفته اند. همچنین از دیگر پارامتر‌هایی که در این روش مورد بررسی قرار گرفته است، انتخاب پنجره‌ای مناسب برای عملیات کانولوشن و ابعاد ان می‌باشد. لازم به ذکر است که در این روش با محاسباتی ساده به پیاده‌سازی الگوریتم فیلتر گوسین به صورت متقارن برای صرفه جویی در اشغال حجم سخت‌,2,533931
چگونه می‌توان با تحلیل امپدانس شاخه‌ها، رویت‌پذیری شبکه‌های قدرت را بهبود داد؟,"در این رساله ابتدا به بحث رویت‌پذیری در شبکه‌های قدرت با در نظر گرفتن امپدانس خطوط پرداخته شده است. ثابت می‌شود که نسبت X به R خطوط تاثیری بر رویت‌پذیری شبکه ندارد. ولی مقدار امپدانس شاخه‌ها می‌تواند بر رویت‌پذیری (به شرط وجود رابطه‌ای مشخص بین امپدانس‌ها) تاثیرگذار باشد. همچنین، جهت تحلیل رویت‌پذیری در شبکه‌های شعاعی، روشی ساده بر مبنای فضای تهی ماتریس تلاقی اندازه‌گیر با شاخه پیشنهاد می‌شود. 
در ادامه، روش جدیدی برای جایابی یکپارچه و بهینه اندازه‌گیرهای فازوری جهت تخمین حالت توزیع (DSE) مقاوم با لحاظ نمودن نرخ خرابی (FP) و نویزی (BDP) بودن PMU و همچنین رسیدن به مقداری پیش‌فرض برای خطای نسبی احتمالاتی (معرفی‌شده در این رساله) پیشنهاد می‌شود. عدم قطعیت بارها، خطای اندازه‌گیرها و ضریب همبستگی بین بارها در این جایابی اعمال شده‌اند. علاوه بر این، جایابی اندازه‌گیرها به طور یکپارچه برای مولفه‌های اصلی و هارمونیک‌ها صورت می‌پذیرد. ثابت می‌شود که وقتی FP و BDP کمتر باشد، تعداد PMU های مورد نیاز کمتر یا دقت DSE (برای تعداد مساوی PMU) بهتر می‌شود. علاوه بر این، مکان PMU در فرایند بهینه-سازی ط",2,534146
آیا روش‌های آماده‌سازی سطح بتن برای اتصال مناسب بین سطح و ورق، می‌تواند جلوی جدا شدگی این دو را بگیرد؟,یکی از متداول‌ترین روش‌های تقویت سازه‌های بتن آرمه، استفاده از ورق‌های تقویتی FRP جهت بالابردن مقاومت خمشی و برشی اعضای بتنی می‌باشد. به دلیل مقاومت بالا، سبکی، اجرای ساده و مقاوم بودن در برابر خوردگی، استفاده از این مصالح روز به روز گسترش بیش‌تری پیدا کرده است. ضریب پواسون ورق‌های FRP با بتن تفاوت زیادی دارد؛ که این مسئله منجر به جدا شدگی سریع صفحات تقویتی از سطح بتن می‌شود. آماده نمودن سطح بتن جهت اتصال مناسب بین سطح و ورق تا حدی می‌تواند جدا شدگی را به تعویق بیاندازد؛ ولی در اکثر تحقیقاتی که تیرهای بتن آرمه با ورق‌های FRP در برش تقویت شده‌اند، جدا شدگی رویت شده است. آماده سازی سطحی بتن نیز با محدودیت‌هایی از جمله خسارت ناشی از توقف کار، هزینه‌ی مراحل گوناگون و حتی عدم دسترسی به عضو مورد نظر مواجه است. لذا در این تحقیق تأثیر آماده سازی سطحی به منظور تقویت برشی تیرهای بتن آرمه و جای-گزینی این شیوه با روش شیار زنی بررسی می‌گردد. نمونه‌های آزمایشگاهی شامل 20 تیر به ابعاد 80×85×560 میلی متر و 48 تیر به ابعاد 70×85×560 میلی متر در قالب 11 سری می‌باشد که تحت بار گذاری 4 نقطه‌ای قرار گرفتند,2,526479
چه چالش‌ها و موانعی برای استفاده از روش‌های سنتی برای استخراج اطلاعات کاربری اراضی و پوشش اراضی وجود دارد؟,نقشه‌های کاربری ‌اراضی و پوشش ‌اراضی از جمله مهمترین اطلاعات در حوزه برنامه‌ریزی و مدیریت شهری بشمار می‌روند. روش‌های سنتی  استخراج چنین اطلاعاتی از قبیل تفسیر بصری تصاویر هوایی و روش‌های برداشت زمینی، اغلب روش‌هایی پر هزینه، وقت‌گیر و وابسته به نوع و کیفیت مهارت اپراتور هستند. سال‌های زیادی است که محققان در جستجوی روشی خودکار یا نیمه‌خودکار برای تهیه این اطلاعات هستند. ظهورتصاویر بزرگ مقیاس ماهواره‌ای از قبیل Ikonos و QuickBird، فرصت‌ها و امکانات فراوانی را در نواحی شهری ایجاد کرده است. در کشور اسلامی ما ایران، به علت رشد ناهمگون نواحی شهری، استخراج این اطلاعات دارای دشواری دو چندانی است. در این پایان نامه منطقه مورد مطالعه برخلاف سابقه پیشین در تحقیقات دیگر، از یک منطقه کاملاً پیچیده و متراکم در شهر شیراز از تصویر Ikonos انتخاب شد. هدف این انتخاب، ارائه راه‌حلی برای تولید اطلاعات پوشش‌اراضی و کاربری‌اراضی در اینگونه مناطق است که تقریباً بخش اعظمی از شهرهای ایران عزیز را شامل می‌شوند. اما هدف اصلی این تحقیق توسعه یک روش نیمه خودکار و خودکار جهت طبقه‌بندی کاربری‌اراضی و پوشش‌اراضی برمب,2,534727
چگونه شاخه‌تکان دستی الکترونیوماتیکی برای برداشت بهارنارنج طراحی و ساخته شده است؟,بهارنارنج شکوفه درخت نارنج می‌باشد، در عطر‌سازی مورد استفاده بوده ولی کاربرد اصلی آن به صورت گل خشک و به خصوص عرق در طب گیاهی است. بهارنارنج آرامش بخش و ضد هیجانات دستگاه عصبی است و سردردهای عصبی و همچنین میگرنی را کاهش می‌دهد. در این پژوهش یک شاخه‌تکان دستی الکترونیوماتیکی برنامه‌پذیر دقیق منحصر به فرد، از نوع ضربه‌ای برای برداشت مکانیکی بهارنارنج طراحی و ساخته شد. لرزاننده قابل حمل دستی به طور نیوماتیک از یک کمپرسور هوا توان می‌گیرد و قسمت کنترل آن با یک باطری لیتیوم کار می‌کند. به طوری که در برداشت به تراکتور نیازی نمی-باشد. به منظور طراحی لرزاننده خواص فیزیکی و مکانیکی شاخه مورد بررسی قرار گرفت و مقدار نیروی ارتعاشی لرزاننده بر شاخه محاسبه شد. به منظور تعیین مقدار نیروی ارتعاشی، سیستم ارتعاشی شاخه- لرزاننده، یک درجه آزادی تحت تحریک پایه برانگیخته هارمونیک در نظر گرفته شد. سیستم شاخه به صورت تیر یک سر گیر‌دار پیوسته فرض شد و فرکانس‌های طبیعی آن با استفاده از معادله اویلر- برنولی محاسبه شد.  نیروی استاتیکی لازم برای جدایش شکوفه از شاخه توسط دستگاه کشش- فشار جامع اندازه‌گیری شد. لرزان,2,528653
چه نقشی برای سازمان‌های مدیریتی و تصمیم‌گیرنده در تحلیل اولویت‌ها و جنبه‌های توجیه پذیری اقتصادی طرح‌ها و سازمان‌های بیمه‌ای ذکر شده است؟,توجه به افزایش روز افزون تعداد و اهمیت سازهای ژئوتکنیکی بخصوص سد های خاکی و نقش مهم این سازه ها بر ملاحظات انسانی واقتصادی استفاده از روش سیستماتیک مناسب برای براورد میزان آسیب پذیری و خرابی این سازه ها بگونه‌ای که با روش منطقی عدم قطعیت‌های موجود در پارامترها و مکانیسم‌ها را در مسئله مورد توجه قرار دهد، لازم گردیده است. بخصوص سازمان های مدیریتی و تصمیم گیرنده در مورد اولویت ها و جنبه توجیه پذیری اقتصادی طرح ها و سازمان های بیمه‌ای به این مطالعات توجه زیادی معطوف داشته اند.در تحلیل های احتمالاتی با توجه به وجود عدم قطعیت در پارامترها و بارگذاری های موثر در شکست سازه  عدم اطمینان درروش های محاسباتی، شرایط شکست برای سازه به صورت توابع احتمالاتی بیان می گردند،که میزان عدم قطعیت در پارامترهای مختلف موثر در مکانیسم شکست درآن لحاظ گردیده است. بطور خاص این روش را برای سد خاکی با خصوصیات مشخص می توان به کار برد.در این پایان نامه جابجایی بدنه و احتمال شکست یک سد خاکی تحت اثر زلزله با استفاده از مفاهیم احتمالاتی مورد بررسی قرار می گیرد.,2,529854
آیا خواص ترموفیزیکی سیال و ضریب انتقال حرارت جابجایی در تعیین توزیع دما در طول پره اکتفا شده است؟,"مطالعات مربوط به استفاده از سطوح گسترش یافته برای افزایش آهنگ انتقال گرما از دهه دوم قرن بیستم شروع شده است و در این زمینه کارهای پژوهشی زیادی انجام شده است. در اکثر این کارهای پژوهشی، خواص ترموفیزیکی سیال و ضریب انتقال حرارت جابجایی ثابت در نظر گرفته شده و در اغلب موارد به تعیین توزیع دما در طول پره اکتفا شده است و اثر جریان سیال روی عملکرد آنها مورد بررسی دقیق قرار نگرفته است.
با توجه به متغیر بودن ضرایب انتقال گرما و وابستگی آن به پارامتر های مختلفی از قبیل دما، رژیم جریان و ... بنظر می رسد که مطالعه همه جانبه عملکرد پره ها از نظر کارایی، توزیع دما، ساخت و ... ضروری است.
در این مطالعه، با در نظر گرفتن خواص ترمو فیزیکی متغیر برای سیال و پره ها، رفتار جریان سیال و عملکرد پره ها در انتقال حرارت مورد بررسی قرار گرفته است. هندسه های مورد مطالعه شامل یک کانال عایق با کف مسی با ابعاد ثابت می باشد، رفتار دسته پره های نصب شده بر روی صفحه مسی در انتقال حرارت از پایه به سیال که از کانال با سرعت های متفاوت عبور می کند ،مطالعه شده است. انواع پروفیل پره، اعم از مستطیلی ، ذوزنقه ای ، سهمی وار مح",2,533056
چرا بانکداری مبتنی بر پیام کوتاه محبوب‌تر از سایر روش‌های بانکداری همراه است؟,"بانکداری همراه روش جدیدی برای انجام تراکنشهای بانکی توسط مشتریان می باشد. انواع مختلفی از بانکداری همراه وجود دارند مانند بانکداری همراه مبتنی بر WAP (Wireless Application Protocol) ، بانکداری همراه مبتنی بر Bluetooth و بانکداری همراه مبتنی بر پیام کوتاه. در این بین بانکداری مبتنی بر پیام کوتاه از محبوبیت بیشتری برخوردار است که به دلایل آن خواهیم پرداخت. اما در مقابل امنیت تبادل پیام کوتاه با چالشهای بسیاری مواجه است که باعث شده تا آنچنان که باید و شاید نتواند جایگاه خود را در عرصه بانکداری همراه بدست آورد. 
در این پایان نامه سعی برآن شده است که مدلی جدید برای رمزگذاری پیام کوتاه مبتنی بر الگوریتم رمزنگاری متقارن با استفاده از One Time Password(OTP) ارائه شود. در عین حال مشکلات استفاده از OTP در شبکه سلولی علی الخصوص بین اپراتورها وحتی در حالت فراگردی  بررسی شده و راه حل مناسبی ارائه گردد. ضمناً با توجه به محدودیت منابع مانند پردازنده و انرژی (باطری) از الگوریتم هایی با کمترین نیاز به منابع سیستم در مدل ارائه شده استفاده شده تا قابلیت پیاده سازی بر روی اکثر ادوات همراه را داشته باشد.",2,532823
چه تدابیری باید اتخاذ شود تا خطرات سوخت‌های آلوده در جهان کاهش یابد؟,افزایش برداشت از مخازن نفتی به خصوص مخازنی با نفت‌های سنگین‌تر، به علت نیاز جوامع صنعتی به این ماده گران‌بها، باعث گردیده صنایع پالایش در جهان دائما در مسیر پیشرفت قرار گیرند. یکی از معضلات استفاده از نفت‌هایی با درجه API کمتر، تولید ترکیبات آلاینده گوگردی بیشتر در ضمن پالایش است. ترکیباتی که ضمن پایین آوردن کیفیت محصول از نظر به‌سوزی، سبب ساز مشکلات زیست محیطی بیشماری گشته است. وضع قوانین سخت گیرانه زیست محیطی برای کاهش خطرات سوخت‌های آلوده باعث شده که بحث شیرین‌سازی فرآورده‌های نفتی در اولویت شرکت‌های طراح فعال در حوزه صنایع نفت گردد. یکی از ترکیبات آلاینده گوگردی، مرکاپتان‌ها می‌باشند. ترکیباتی که ضمن بوی بد و سمیت، از خاصیت خورندگی بالای برخوردارند. عدم حذف مرکاپتان‌ها در فرآیندهای معمول شیرین‌سازی باعث شده که توجه ویژه‌ای به این ترکیب گردد. اکسیداسیون کاتالیستی مرکاپتان‌ها در حضور مشتقات کبالت فتالوسیانین و محلول سود، مهمترین روش پالایش فرآورده‌های نفتی از مرکاپتان می‌باشد. لذا شناخت سینتیک واکنش اکسیداسیون کاتالیستی مرکاپتان‌ها و بررسی تاثیر عوامل مختلف بر فرآیند، از مهمترین ملزو,2,526666
چه چالش‌هایی در استفاده از نانو تکنولوژی در علوم خاک وجود دارد؟,امروزه نانو تکنولوژی جایگاه خود را به عنوان نیروی محرکه در علوم مختلف مطرح کرده است. رسیدن به ویژگی های جدید با استفاده از نانو مواد محققین مختلف را بر آن داشته است تا با بررسی های گوناگون نانو مواد مفید در زمینه کاری خود را پیدا کرده و به بررسی تاثیرات آن بپردازند. در مهندسی عمران کاربرد نانو سیلیس در بتن به عنوان یکی از مهمترین مواد بسیار مورد توجه قرار گرفته است و محققین مختلف به بررسی های تاثیرات افزودن آن پرداخته اند. لیکن در حوزه پارامتر های مکانیکی و مهندسی علوم خاک نانو تکنولوژی هنوز راه خود را باز نکرده است، لیکن در این تحقیق به بررسی تاثیرات استفاده از نانو سیلیس بر روی ویژگی های مکانیکال یکی از مشکل دار ترین خاکها یعنی بنتونیت پرداخته شده است. مواد مورد استفاده عبارت اند از نانو سیلیس، سیمان، آب و بنتونیت، که در طرح های مختلف مقادیر نانو و سیمان تغییر کرده و به بررسی روند افزایش مقاومت نمونه ها در 7 و 28 روز پرداخته شده است. بر اساس آنچه که در قبل گفته شد در این تحقیق مطالعات آزمایشگاهی به چهار بخش تقسیم بندی گردید. در بخش اول به بررسی تاثیر افزودن نانو سیلیس بر روی مقاومت ت,2,531726
چگونه استفاده از روش سطح پاسخ می‌تواند در کاهش پیچیدگی و هزینه‌ها در کاوش فضای پارامتری مؤثر باشد؟,"رویه سطح پاسخ  روشی پرکاربرد در مسائل بهینه سازی شبیه سازی  است.  استراتژی آن شناسایی، کشف و کاوش در زیر بخش هایی از فضای پارامتری است به جای آن که کل فضای پارامتری را مورد بررسی قرار دهد چون عموما کاوش در کل فضا بسیار پیچیده و هزینه بر خواهد بود. این روش خصوصا برای سیستم های پیچیده ای که در آن اطلاعات اولیه اندکی در دسترس است بسیار مناسب و کارا می باشد. علی رغم کاربرد خاص RSM در دنیای واقعی، این روش دربردارنده ی دو مشکل عمده است: اولا، این روش غیر خودکار است یعنی دخالت کاربر در هر مرحله از فرآیند جستجو وجود دارد و در واقع امری ضروری خواهد بود. دوما، RSM رویه ای ابتکاری است که همگرایی درآن ضمانت نمی شود و در نتیجه کیفیت حل نهایی را در RSM تحت تاثیر خود قرار می دهد.
از این رو این تحقیق در تلاش است که الگوریتمی را ارائه نماید که عمده مسائل بهینه سازی مدل های شبیه سازی را با وجود این دو مشکل برطرف نماید. به همین جهت الگوریتم نوین اصلاح شده ای ارائه گردیده است که در آن روش RSM سنتی با روش شبه نیوتن که جهت بهینه سازی مدل های قطعی است با هم ترکیب شده اند. البته می بایست با اجرای اصلاحاتی فض",2,535710
چرا مدل سازی سیگنال‌های صوتی با استفاده از سیگنال سینوسی با دامنه ثابت کارآمد نیست؟,تخمین پارامترهای سیگنال سینوسی میرا از مسائل قدیمی است که به شکل‌های گوناگون در کاربردهای مهندسی ظاهر می‌شود. مدل سازی سیگنال‌های صوتی و گفتار و شناسایی سیستم‌ها از جمله کاربردهای سیگنال‌های سینوسی میرا می‌باشند. سیگنال‌های صوتی دارای تغییرات سریع در دامنه می‌باشند و بنابراین مدل سازی آن‌ها به وسیله سیگنال سینوسی با دامنه ثابت کارآمد نیست. همچنین در مسائل شناسایی سیستم‌ها، توصیف پاسخ ضربه یک سیستم خطی به صورت مجموعی از نمایی‌های مختلط و شناسایی دامنه مختلط و فرکانس طبیعی این نمایی‌ها از اهمیت ویژه‌ای برخوردار است. تخمین پارامتر در سیگنال‌های سینوسی میرا می‌تواند شامل تخمین دامنه، ضریب میرایی، فرکانس و فاز باشد. در این میان، تخمین فرکانس و ضریب میرایی به لحاظ ارتباط غیر خطی با سیگنال سینوسی میرا از اهمیت ویژه‌ای برخوردار است. در این پایان‌نامه، یک الگوریتم تطبیقی، جهت تخمین بهنگام فرکانس و ضریب میرایی سیگنال‌های سینوسی میرا ارائه شده است. الگوریتم ارائه شده مبتنی بر مفهوم شناساننده تطبیقی به عنوان روشی برای تخمین پارامترهای یک سیستم خطی می‌باشد. الگوریتم پیشنهادی از یک فیلتر مرتبه دو به,2,533934
چه مزایا و معایبی با بهره‌گیری از روش‌های فیزیکی، شیمیایی و بیولوژیکی مقایسه می‌شود؟,به کارگیری وسیع مشتقات نفت وگاز در اغلب صنایع بزرگ مانند پالایشگاهها،  و پتروشیمی هاخطرآلودگی‌‌‌های نفتی و روغنی در منابع آبی راافزایش داده است. روشهای معمول تصفیه پساب‌های آلوده به مواد نفتی و روغنی عبارتند از روشهای فیزیکی، شیمیایی و بیولوژیکی هر کدام از این روش ها و یا ترکیبی از آنها در صنایع برای تصفیه پساب به کار گرفته می شود. یکی از روش های نوین، فناوری غشایی است. از جمله مزیتهای فرآیندهای غشایی می‌توان به صرفه جویی در مصرف انرژی و کاهش فضای مورد نیاز اشاره کرد. در بین روشهای غشایی، فرآیندهای میکروفیلتراسیون و اولترافیلتراسیون برای تصفیه پسابهای آلوده به مواد نفتی و روغنی استفاده میشود. در این پژوهش به بررسی تاثیر شرایط عملیاتی در فرآیند غشایی اولترافیلتراسیون بر میزان جریان تراوش یافته، میزان حذف کدورت و COD در پساب‌های آلوده به مواد نفتی و روغنی پرداخته شده، همچنین از روش آماری سطح پاسخ و طرح مرکب مرکزی برای ارزیابی و بهینه‌سازی فرآیند در روش ترکیبی برای تصفیه پساب‌هایی با بار آلودگی بالا استفاده شده است. نتایج حاصل از بررسی تاثیر شرایط عملیاتی در فرآیند غشایی اولترافیلتراسیون,2,533961
آیا انعطاف‌پذیری در برنامه‌ریزی فرآیند برای سیستمهای تولیدی امروزی اهمیت دارد؟,"برنامه‌ریزی فرآیند و زمانبندی دو فعالیت اساسی در سیستمهای تولیدی است. در مدل تولید کار کارگاهی (JS) کلاسیک هیچ نوع انعطاف‌پذیری در برنامه‌ریزی فرآیند وجود ندارد. این در حالی است که در سیستمهای ساخت و تولید امروزی، انعطاف‌پذیری، به عنوان یک مکانیزم پاسخ در برابر تغییرات افزایش یافته است. در چنین سیستمهایی یک قطعه ممکن است دارای چندین برنامه فرآیند منعطف باشد. با وجود ارتباط تنگاتنگ بین دو فعالیت برنامه‌ریزی فرآیند و زمانبندی، در بسیاری از تحقیقات قبلی این دو فعالیت به صورت جدا یا متوالی در نظر گرفته شده است. تحقیقات نشان داده است که حدود 30% برنامه‌های فرآیندی که به صورت جدا و بدون توجه به شرایط کارگاه تعیین می‌شوند، در سطح کارگاه تغییر داده می‌شود. یکپارچه‌سازی این دو فعالیت راه کاری موثر برای جلوگیری از تحمل هزینه و تلاشهای اضافی ناشی از این نوع تغییرات، و استفاده از انعطاف‌پذیری موجود در راستای بهبود عملکرد سیستم است.
در تحقیق حاضر یکپارچه‌سازی برنامه‌ریزی فرآیند و زمانبندی تولید در سیستم ساخت و تولید کار کارگاهی چند مسیره با تابع هدف کمینه‌سازی ماکزیمم زمان تکمیل قطعات (C_max ) مطا",2,534809
چه روش‌های تحلیلی برای تعیین فرکانس‌ها و مدشیپ‌های تیرها با ناپیوستگی‌های فیزیکی مورد استفاده قرار می‌گیرد؟,"آنالیز ارتعاشات تیرها در حالات ساده دارای جواب تحلیلی می‌باشد. وجود ناپیوستگی در خواص فیزیکی تیر، نظیر ترک‌ها، جرم‌های متمرکز، تغییرات ناگهانی سطح مقطع در طول و....، باعث می‌گردد که محققان برای تعیین فرکانس‌ها و مدشیپ‌های تیر بسمت حل ضعیف مسئله نظیر مودهای فرضی، روش ریتز-گالرکین و غیره متمایل شوند. در این تحقیق ارتعاشات عرضی یک نانولوله ترکدار بطور دقیق مورد مطالعه و بررسی قرار گرفته است. در این راستا، باتوجه به اینکه تئوری‌های کلاسیک توانایی پذیرش اثر مقیاس‌های کوچک در حد ابعاد نانومتر را ندارند، از تیر تیموشنکو غیرمحلی برای شبیه‌سازی نانولوله ترکدار استفاده شده است.
ابتدا حل مسئله تیرتیموشنکو ترکدار در ابعاد معمولی از دو روش کلاسیک و استفاده از تابع تعمیم‌ یافته ‌دلتای‌ دیراک مورد بررسی قرارگرفته است. در روش کلاسیک تیر ترکدار بصورت دو زیرتیر مجزا در حالی که بوسیله یک فنر پیچشی و یک فنر الاستیک خطی به یکدیگر متصل شده‌اند مدل شده و سپس معادلات ارتعاشی به‌کمک شرایط‌سازگاری در محل ترک و همچنین شرایط‌مرزی دو انتهای تیر بدست آمده‌اند. در روش‌دوم، از آنجایی که هر ترک به واسطه تابع دلتای دی",2,531400
چه تغییراتی در برنامه‌ریزی و تخصیص خدمات سلامت در بیمارستان‌ها اخیرا مورد توجه قرار گرفته‌اند؟,در سال‌های اخیر توجه به بهداشت و درمان اهمیت زیادی پیدا کرده است و سیاست‌های اقتصادی در زمینه‌ی سلامت استفاده‌ی موثرتر از منابع را می‌طلبد. در این بین برنامه‌ریزی و تخصیص خدمات سلامت در بیمارستان‌ها به طرز فزاینده‌ای مورد توجه قرار گرفته است. یکی از بخش‌هایی که بیشترین هزینه و درآمد را برای بیمارستان‌ها دارد اتاق‌های عمل هستند و در نتیجه نقش اساسی در تعیین کارایی بیمارستان ایفا می‌کنند. تا کنون مطالعات متنوعی در جهت برنامه‌ریزی منابع در اتاق‌های عمل بیمارستان‌ها صورت گرفته است. یکی از منابعی که در این بین مورد توجه بوده است ظرفیت زمانی اتاق‌های عمل می‌باشد. این ظرفیت به دلیل محدودیت اتاق‌های عمل موجود و هزینه‌ی قابل توجه افزایش اتاق‌عمل مورد توجه مدیران و متخصصان بیمارستان است. در این مطالعه، مدلی مبتنی بر کارایی  به کمک تحلیل پوششی داده‌های متمرکز برای تخصیص ظرفیت بخش اتاق‌های عمل بیمارستان ارائه شد. استفاده از مدل تحلیل کارایی متمرکز در این پژوهش این امکان را فراهم کرد که ظرفیت موجود اتاق‌های عمل به گونه‌ای به گروه‌های جراحی مختلف اختصاص یابد که کارایی کل بخش اتاق‌های عمل بیمارستان ح,2,527185
چه مشکلاتی ممکن است با استفاده از روش سطح پاسخ در بهینه‌سازی شبیه‌سازی روبرو شویم؟,"رویه سطح پاسخ  روشی پرکاربرد در مسائل بهینه سازی شبیه سازی  است.  استراتژی آن شناسایی، کشف و کاوش در زیر بخش هایی از فضای پارامتری است به جای آن که کل فضای پارامتری را مورد بررسی قرار دهد چون عموما کاوش در کل فضا بسیار پیچیده و هزینه بر خواهد بود. این روش خصوصا برای سیستم های پیچیده ای که در آن اطلاعات اولیه اندکی در دسترس است بسیار مناسب و کارا می باشد. علی رغم کاربرد خاص RSM در دنیای واقعی، این روش دربردارنده ی دو مشکل عمده است: اولا، این روش غیر خودکار است یعنی دخالت کاربر در هر مرحله از فرآیند جستجو وجود دارد و در واقع امری ضروری خواهد بود. دوما، RSM رویه ای ابتکاری است که همگرایی درآن ضمانت نمی شود و در نتیجه کیفیت حل نهایی را در RSM تحت تاثیر خود قرار می دهد.
از این رو این تحقیق در تلاش است که الگوریتمی را ارائه نماید که عمده مسائل بهینه سازی مدل های شبیه سازی را با وجود این دو مشکل برطرف نماید. به همین جهت الگوریتم نوین اصلاح شده ای ارائه گردیده است که در آن روش RSM سنتی با روش شبه نیوتن که جهت بهینه سازی مدل های قطعی است با هم ترکیب شده اند. البته می بایست با اجرای اصلاحاتی فض",2,535710
چه اهدافی با بررسی دیرکرد بتن ریزی بر مقاومت فشاری وکارایی بتن می‌توان دست یافت؟,"با توجه به تقاضای روز افزون  استفاده از بتن آماده در پروژه های عمرانی وهمچنین با توجه  به واقع شدن کارخانه های تولید بتن آماده در محدوه خارج شهرها (مشکل بعد مسافت)واز طرفی باتوجه به مشکلات ترافیکی حمل بتن، بخصوص در شهر های بزرگ ونیز مشکلات اجرایی در حین استفاده از بتن آماده ،لزوم بررسی دیرکرد بتن ریزی (فاصله زمانی بین ساخت تا مصرف بتن در حین اختلاط)برمقاومت فشاری  وکارایی بتن ضروری به نظر می رسید لذا با توجه به نتایج این تحقیق می توان به اهداف زیر دست یافت:
1-جنبه کیفی به معنی تامین حداقل مقاومت فشاری طراحی وکارایی و روانی مناسب.
2-جنبه اقتصادی به معنی جلوگیری از هدر رفتن بتن هایی که با دیر کرد مواجه می باشند.
3-تجدید نظر در طرح اختلاط بتن به لحاظ کاهش عیار سیمان مصرفی ،با تامین حداقل مقاومت طراحی مورد نظر(مشروط براینکه بتن با دیرکرد مورد مصرف قرار گیرد) .
عوامل متعددی برتعیین  حداکثر زمان دیرکرد بتن ریزی  موثر می باشند ازجمله:شکل وبافت سنگدانه ها ،دانه بندی ، نوع سیمان مصرفی ،عیار سیمان ،نسبت آب به سیمان ،دما،میزان رطوبت نسبی ، حداکثر دوران دیگ مخلوط کن(تراک میکسر) وهمچنین زمان گی",2,534051
چه راهکارهایی برای بهبود تخمین‌های مناسب برای اهداف دارای مانور بالا در مدل‌های حرکت هدف پیشنهاد می‌شود؟,با توجه به اهمیت و کاربرد فراوان ردیابی اهداف دارای مانور در سیستمهای کنترل ترافیک هوایی و مسائل نظامی، در این پایان‌نامه انواع مدلهای تولید شده برای توصیف دینامیک حرکت هدف و روشهای اصلی در تخمین حالتهای هدف که شامل سه دسته‌ی کلی نویز معادل، تشخیص و تخمین ورودی و سویچینگ می‌باشند، مرور شده است.روشهای ارائه شده تا کنون بر اساس نامعینی‌هایی از نوع تصادفی سفید پایه‌گذاری شده‌اند و نمی‌توانند تخمینهای مناسبی برای اهداف دارای مانور بالا ارائه دهند. از آنجا که این نوع نامعینی‌ها نیازمند اطلاعاتی از نویز (میانگین و واریانس) می‌باشند، و اغلب این  اطلاعات در دسترس نبوده یا دارای خطا می‌باشند، در این پایان‌نامه مدلی بر اساس نامعینی‌های نامشخص ولی محدود برای حرکت هدف در نظر گرفته شده و الگوریتمهای متناسب با آن بوسیله تلفیق روش نویز معادل با روش تشخیص و تخمین ورودی ارائه شده است. با توجه به اینکه این نوع نامعینی به اطلاعات کمتری (باند) از نویز نیازمند است بنابراین، روش ارائه شده دارای مقاومت بیشتری نسبت به تغییر نامعینی‌های موجود در مدل هدف است.نتایج شبیه‌سازیها نشان می‌دهد که روشهای ارائه شده بر,2,528090
چه فناوری های دیگری برای تولید محصولات با اندازه میکرو و نانو وجود دارند؟,"امروزه استفاده از فناوری سیالات فوق بحرانی جهت تولید محصول با اندازه میکرو و نانو از جمله روش های نوین می باشد. از جمله پارامترهای موثر در تولید ریزذرات در مقیاس میکرو و نانو، تعیین میزان حلالیت جامدات در حلال های مختلف است. لذا پیش بینی و مدلسازی میزان حلالیت در فرایندهای تولید ریزذرات  با هندسه و اندازه مناسب، امری ضروری است.
       در کار پژوهشی حاضر دادههای حلالیت مربوط به 30 سیستم دوتایی شامل جامد + حلال آلی در شرایط عملیاتی مختلف با استفاده از مقالات، جمع آوری شده است. میزان حلالیت جامدات در حلال های آلی با استفاده از معادله حالت PC-SAFT مدلسازی شده است. نتایج حاصل از مدلسازی حاکی از آن است که معادله حالت PC-SAFT حلالیت جامدات در سیستمهای مذکور، در محدوده دمایی 100.2 الی 336.2 کلوین و فشار یک اتمسفر را به خوبی پیش بینی می کند. خطای مطلق میانگین در این سیستم ها 0.7731 درصد است",2,534535
چگونه سیستم‌های پردازشی قدیمی در مقایسه با تکنولوژی‌های جدید ناتوان در پردازش داده‌های پیچیده به وجود آمده‌اند؟,"با توجه به گسترش روزافزون حجم داده‌ها و افزایش پیچیدگی‌ داده‌ها و همچنین پیشرفت در تکنولوژی‌های نرم‌افزاری پردازش داده‌ها و نحوه‌ی جستجوی آنها پیچیده‌تر می‌شوند. سیستم‌های پردازشی کلاسیک قادر به پاسخگویی به این پردازش‌ها نیستند و با توجه به اینکه در بازاریابی اطلاعات از زبان‌های محاوره‌ای استفاده می‌شود، معمولاً ابهام و عدم دقت در پرس‌وجوها و همچنین داده‌های ذخیره شده موجود است.
برای تطبیق انعطاف‌پذیری داده‌های زبانی و نسبی و فرمول‌های دقیق زمانی، منطق فازی توسط پروفسور زاده  (1975) ارائه شد. یکی از کاربردهای این منطق در پرس‌وجوهای اطلاعات کیفی و پایگاه داده‌های فازی است. همچنین علاوه بر اطلاعات کیفی موجود با افزایش حجم داده‌ها پردازش‌داده‌ها نیز پیچیده‌تر شدند. بنابراین نیاز به سیستمی که بتواند با درک صحیحی از محتوای بازیابی منطقی از داده‌ها داشته باشد محسوس می‌شود. برای رسیدن به این خواسته لزوم درک ماشین از محتوای داده‌ها و رابطه‌ی منطقی بین آنها محسوس می‌شود. نیکروش (2001) بحث منطق فازی و اینترنت  را مطرح کرد و بحث وب معنایی در چند سال اخیر در محیط وب و موتورهای جستجو و کاربردهای د",2,534469
چه تفاوت‌هایی بین بارگذاری نیروی جانبی خارج از مرکز و بارگذاری‌های دیگر در مطالعات مرتبط مشاهده شده است؟,"با توجه به کاربرد وسیع پی‌های عمیق در سازه‌ها خصوصاً سازه‌های ساحلی، نیاز به دانش درباره رفتار شمع در مقابل انواع بارهای وارده اعم از بار محوری، بار جانبی وبار پیچشی اهمیت می‌یابد. در صورتیکه بار جانبی وارده به سازه دارای خروج از مرکزیت باشد، نیروی وارده ایجاد کوپل پیچشی می‌کند. با توجه به اینکه وارد شدن نیروی جانبی خارج از مرکز معمولا دائمی نبوده و بصورت تصادفی به سازه وارد می‌گردد، مطالعات در مورد این نوع بارگذاری بسیار کمتر از سایر بارگذاری‌ها می‌باشد. 
این پایان‌نامه بر رفتار شمع تحت پیچش در حالت الاستیک و الاستوپلاستیک تمرکز کرده و سعی بر آن دارد تا یک روش کلی، ساده و قابل اعتماد برای تحلیل آن ارائه دهد. روش ارائه شده در این پژوهش، گسترش روش تحلیلی قطعه به قطعه (SSM)، که برای اولین‌بار توسط Ghazavi & Ahmadi ]4[ برای شمع تحت بار قائم در حالت الاستیک ارائه شده‌است، در حالت الاستیک و الاستوپلاستیک برای شمع تحت پیچش مدفون در خاک لایه‌ای است. در این روش شمع با توجه به پروفیل خاک اطراف به یکسری قطعات تقسیم می‌گردد. معادلات حاکم بر روی قطعات اعمال می‌گردد و با توجه به شرایط مرزی، شمع بص",2,532316
چه مشخصه‌های مهمی از چهره انسان در فریم‌های متوالی تعقیب می‌شوند؟,"مشخصه‌های چهره شامل ابرو، چشم، بینی و لب، نقاطی هستند که در فریم‌های متوالی تعقیب می‌شوند تا اطلاعات مکانی آنها با استفاده از کلاس‌بندها برای تشخیص حالت چهره مورد استفاده قرار گیرند. مشخصه‌های چهره دارای حرکات غیرصلب فراوانی هستند. همچنین تغییرات روشنایی و انسداد‌های مختلف کار تعقیب را دچار چالش اساسی می‌نمایند.
      فیلتر ذره‌ای به جای تحلیل مستقیم چگالی تغییرات، نمونه‌های برداشته شده از آن را مورد آنالیز قرار می‌دهد. در این پایان‌نامه فیلتر ذره‌ای از نوع کمکی مورد استفاده قرار گرفته است. مشخصه‌های مختلف به طور مستقل مورد تعقیب قرار می‌گیرند تا ابعاد فضای حالت کاهش یابد. همچنین در ساختار مدل مشاهده‌ای از تبدیلات فوریه استفاده شده تا نسبت به تغییرات روشنایی مقاوم باشد. هنگامی که در چند فریم متوالی مشخصه‌ها مسدود شده و تعقیب نقاط ویژگی از دست می‌رود، بعد از رفع انسداد سیستم سعی در بازیابی و تخمین محل مشخصه‌ها دارد. در این راستا، سوراخ‌های بینی به عنوان مشخصه‌های مرجع مورد استفاده قرار گرفته‌اند. با توجه به اینکه اساس الگوریتم بر مقادیر سطح خاکستری استوار است، از نوعی فیلتر متقارن برای",2,533691
فیلترهای غیرفعال چه مزایا و معایبی دارند؟,بجهت پیشرفت سریع ادوات الکترونیک قدرت، بارهای غیرخطی در زمینه های مختلف به کار گرفته شده اند که موجب تزریق هارمونیک به سیستم قدرت می گردند. مقادیر بالای هارمونیک منجر به تولید مشکلاتی برای سیستم توزیع می گردد. یکی از راه های غلبه بر این مشکلات استفاده از فیلترهای فعال یا غیرفعال می باشد. از فواید فیلترهای غیرفعال، سادگی نگهداری و هزینه و پیچیدگی کمتر آنها می باشد. اما معایب متعددی نیز دارند: رزونانس سری و موازی، گذشت عمر اجزای غیرفعال و وابستگی به امپدانس منبع. برای غلبه بر این معایب، از فیلترهای فعال استفاده می گردد. در مقایسه با سایر فیلتر های فعال، استفاده از فیلتر فعال موازی به علت عملکرد و هزینه مناسب، بیشتر مرسوم می باشد. این نوع از فیلتر بر مبنای تزریق جریان هایی با مقادیر برابر ولی با علامت مخالف برای اجزای هارمونیکی، با هدف حذف نمودن آنها می باشد. بررسی روش های مختلف تشخیص اغتشاشات ولتاژ و جریان، مقایسه کارایی آن ها در شناسایی آلودگی شبکه و تعیین روش موثر به عنوان تکنیک استخراج هارمونیک با توجه به اهداف جبرانسازی، اولین گام در طراحی این فیلترها محسوب می شود که در این پایان نام,2,531440
چرا موسسات آموزش عالی با امکانات محدود قادر به پاسخگویی به نیازهای آموزشی نمی‌باشند؟,"با رشد سریع اینترنت, یادگیری الکترونیکی به عنوان شکلی از یادگیری از راه دور در جوامع مختلف مرسوم شده است. حرکت از اقتصاد مبتنی بر محصول به اقتصاد مبتنی بر دانش, افزایش تقاضا برای کارکنان دانش را به دنبال داشته است تا جایی که موسسات آموزش عالی با امکانات محدود خود قادر به پاسخگویی به این نیاز نمی‌باشند, لذا, در کنار آموزش سنتی به ارائه دوره‌های الکترونیکی روی آورده‌اند. علیرغم تمایل آشکار به استفاده از سیستم‌های یادگیری مبتنی بر وب جهت تسهیل فعالیت‌های آموزش و یادگیری، تعداد کاربران این سیستم‌ها به سرعت مورد انتظار افزایش نمی‌یابد. با اینکه اساتید و دانشجویان هر دو کاربران اولیه یک سیستم یادگیری مبتنی بر وب هستند، اساتید مهم‌ترین نقش را در تعیین موفقیت یا شکست سیستم بازی می‌کنند. بنابراین, شناسایی عوامل موثر در پذیرش سیستم‌های یادگیری مبتنی بر وب توسط اساتید ضروری است. در این تحقیق, پس از بررسی مدلهای متعدد پذیرش یادگیری الکترونیکی, مدل ترکیبی وانگ و وانگ (2009) به عنوان مدل پایه انتخاب شد. سپس, بر اساس ادبیات تحقیق روابط جدیدی به مدل پایه افزوده شد و مدل نهایی تحقیق به دست آمد. هدف مدل",2,530888
چگونه می‌توان با بهره‌گیری از طراحی مدل‌های موفق و شناخت استانداردهای مربوط به صنعت، سازمان‌های سنتی را به سازمان‌های پویا تبدیل کرد؟,هم‌اکنون چالشی عظیم برای ایجاد مدل‌های کسب‌وکار مبتنی بر استراتژی‌های الکترونیکی به‌و‌جود آمده است تا سازمان‌های سنتی و با اینرسی زیاد  را به سازمان‌های پویا و با اینرسی کم  تبدیل کند. دستیابی به چنین سازمان‌هایی، بدون بهره‌مندی از طراحی مدل‌های موفق و شناخت استانداردهای مربوط به آن صنعت امکان‌پذیر نیست. البته تاکنون تحقیقات معدودی به طراحی مدل کسب‌وکار برای کسب‌وکارهای آینده و درحال ظهور پرداخته‌اند. ما در این تحقیق کوشیده‌ایم تا پس از مرور ادبیات مدل‌های کسب‌وکار، مدل کسب‌وکار شرکت مخابرات ایران را استخراج، و در ادامه چارچوبی را جهت تحقق مدل کسب‌وکار B2B شرکت مخابرات ایران، شناسایی و زیرساخت‌های لازم جهت تحقق آن پیشنهاد نماییم. البته شناسایی استاندارد eTOM را که می‌توان از آن به‌عنوان ارزش‌های قابل‌ارائه شرکت‌های مخابراتی نام برد، را لازم دانسته و مورد توجه قرار داده‌ایم(پیوست). به‌این منظور، در تحقیق حاضر از آنتالوژی BMO  که در رسالة دکترای اُستروالدر (2004) تا دو سطح کسب‌وکار شرکت مخابرات ایران(وضع موجود و وضع انتظار) بهره‌مند، و نقش IT در تقویت هریک از اجزاء تبیین شده است و نیز بر,2,534556
چه روش‌هایی برای تسهیل فعالیت‌های آموزش و یادگیری از طریق سیستم‌های یادگیری مبتنی بر وب مورد استفاده قرار می‌گیرد؟,"با رشد سریع اینترنت, یادگیری الکترونیکی به عنوان شکلی از یادگیری از راه دور در جوامع مختلف مرسوم شده است. حرکت از اقتصاد مبتنی بر محصول به اقتصاد مبتنی بر دانش, افزایش تقاضا برای کارکنان دانش را به دنبال داشته است تا جایی که موسسات آموزش عالی با امکانات محدود خود قادر به پاسخگویی به این نیاز نمی‌باشند, لذا, در کنار آموزش سنتی به ارائه دوره‌های الکترونیکی روی آورده‌اند. علیرغم تمایل آشکار به استفاده از سیستم‌های یادگیری مبتنی بر وب جهت تسهیل فعالیت‌های آموزش و یادگیری، تعداد کاربران این سیستم‌ها به سرعت مورد انتظار افزایش نمی‌یابد. با اینکه اساتید و دانشجویان هر دو کاربران اولیه یک سیستم یادگیری مبتنی بر وب هستند، اساتید مهم‌ترین نقش را در تعیین موفقیت یا شکست سیستم بازی می‌کنند. بنابراین, شناسایی عوامل موثر در پذیرش سیستم‌های یادگیری مبتنی بر وب توسط اساتید ضروری است. در این تحقیق, پس از بررسی مدلهای متعدد پذیرش یادگیری الکترونیکی, مدل ترکیبی وانگ و وانگ (2009) به عنوان مدل پایه انتخاب شد. سپس, بر اساس ادبیات تحقیق روابط جدیدی به مدل پایه افزوده شد و مدل نهایی تحقیق به دست آمد. هدف مدل",2,530888
چگونه می‌توان بهبودی در مدل‌های سیاست موجودی و قیمت‌گذاری کالاها را در بازارهای رقابتی امروزی دنبال کرد؟,"در سال‌های اخیر به دلیل پیشرفت در فناوری، بازارهای رقابتی شدید و مشتریان سخت‌گیر تعداد کالاهای فاسدشدنی- یعنی کالاهایی که به مرور زمان ارزش خود را از دست می‌دهند- بیش از پیش شده است. با وجود چنین بازارهایی یک امر حیاتی برای بنگاه‌های مختلف تعیین سیاست بهینه موجودی و قیمت بهینه فروش کالاها است.
در گذشته سیاست موجودی و قیمت‌گذاری کالا دو بخش کاملا جدا از هم بودند که به ترتیب توسط بخش‌های عملیاتی و بازاریابی در بنگاه‌ها تعیین می‌شد. اما امروزه دیگر نمی‌توان به مدل‌های سنتی و قدیمی اکتفا کرد و باید از مدل‌های ترکیبی برای رسیدن به حداکثر سود استفاده کرد. 
 در این تحقیق 4 مدل اصلی زیر بر اساس سیاست موجودی مقدار اقتصادی سفارش همراه با قیمت‌گذاری برای کالاهای فاسدشدنی ارائه می‌شود:
	قیمت‌گذاری و کنترل موجودی به صورت توام برای کالاهای فاسدشدنی با در نظر گرفتن کمبود به صورت پس‌افت پاره‌ای و تقاضای وابسته به قیمت
	قیمت‌گذاری و کنترل موجودی به صورت توام برای کالاهای فاسدشدنی غیرآنی با در نظر گرفتن کمبود به صورت پس‌افت پاره‌ای و تقاضای وابسته به قیمت و زمان
	قیمت‌گذاری و کنترل موجودی به صورت ت",2,528652
تحقیق حاضر به دنبال چه مدلی جهت بررسی بلوغ حاکمیت بر امنیت اطلاعات است؟,استفاده وسیع از اینترنت و نفوذ آن در بسیاری از فعالیت ها، مخاطراتی را برای ارزش اطلاعات به وجود آورده است ،که این مخاطرات نیازبه حفاظت وامنیت اطلاعات را  بیش از پیش نشان می دهد بنابراین اطلاعات باید مدیریت وحفاظت و ایمن شود. اخیراً حاکمیت بر امنیت اطلاعات توجه زیادی را به خود جلب کرده است و در این زمینه چارچوب ها و مدل های مختلفی ارائه شده است . با این وجود مدل های کمی در زمینه بلوغ حاکمیت بر امینت اطلاعات و مدل های فراسازمانی ارائه شده است. از این رو تحقیق حاضر به دنبال ارائه ی مدلی جهت بررسی بلوغ حاکمیت بر امنیت اطلاعات در حوزه ی مدیریت زنجیره تامین است. به همین منظور ابتدا با بررسی تحقیقات گذشته مدل پیشنهادی ارائه گردید. برای ارزیابی مدل مذکور، در مرحله اول پرسشنامه‌ای برای گردآوری و تحلیل نظرات خبرگان در مورد مولفه ها وشاخص های سنجش آنها، طراحی شد. این پرسشنامه توسط 14 نفر از خبرگان حوزه ی امنیت اطلاعات ومدیریت زنجیره تامین تکمیل گردید.پس از دریافت نظر خبرگان شاخص های سنجش مولفه ها و مدل پیشنهادی ، نهایی شد. با استفاده از مدل  ISG-MM شرکت سایپا یدک مورد مطالعه قرار گرفت. به این منظ,2,530521
آیا عملیات آسیاکاری به مدت چه مدت و در چه دمایی بر روی پودر نانو سیلیس انجام شده است؟,در این تحقیق تاثیر نانوذرات SiO2 بر روی خواص مکانیکی سیانواکریلات(CA) بررسی شده‌است. به این منظور آلکوکسی اتیل سیانواکریلات به عنوان زمینه و پودر نانو سیلیس به عنوان فاز تقویت کننده استفاده شد و به منظور جلوگیری از توده‌ای شدن نانوذرات SiO2، قبل از افزودن آن به سیانواکریلات، عملیات آسیاکاری به مدت 10 دقیقه در دمای پایین برروی پودر انجام شد. نانوکامپوزیت زمینه سیانواکریلات تقویت شده با درصدهای وزنی ( 0و 0/5 و 1، 2، 3، 4 و5 ) از SiO2    بدین روش تولید شدند. پس از تولید نانوکامپوزیت سیانواکریلات، خواص مکانیکی آن توسط آزمون خمش و خراش و پایداری ابعادی آن توسط آزمون دیلاتومتری مورد بررسی قرارگرفت. همچنین ارزیابی مکانیزم تغییر شکل نمونه‌های خراش و همچنین سطوح شکست نمونه‌های خمش با استفاده از میکروسکوپ الکترونی روبشی (SEM) صورت گرفت. پایداری حرارتی سیانواکریلات و تاثیر نانوذرات سیلیس در محدوده دمایی محیط تا C˚100 با نرخ حرارت‌دهی min-1.C˚10 طی آزمون دیلاتومتری مورد بررسی قرار گرفت. بررسی نتایج آزمون خراش نشان داد، نانوکامپوزیت سیانواکریلات دارای رفتار شکست ترد است که عامل ایجاد ترک‌های خطی و,2,534829
چه مواردی باعث ابتلا به بیماری دیابت می‌شود؟,دیابت یکی از بیماری‌های رایج در جوامع امروزی است که دارای عوارض خطرناکی می‌باشد. این بیماری اگر چه گونه‌ای از بیماری های قلبی محسوب نمی‌شود ولی اغلب سبب بیماری‌های قلبی می شود. شخص زمانی به بیماری دیابت مبتلا می شود که بدن قادر به تامین انسولین مورد نیاز برای موازنه کردن گلوکز خون نباشد یا سلول‌های بدن توان استفاده از انسولین تولید شده را نداشته باشند.تشخیص بیماری دیابت و یا آگاهی یافتن از احتمال بالای ابتلاء به این بیماری همواره کار آسانی نخواهد بود. چرا که این بیماری علائم متعددی را بروز می-دهد که بعضی از این علائم در سایر بیماری‌ها نیز وجود دارند. بنابراین پزشک برای اتخاذ یک تصمیم مناسب، باید نتیجه‌ی آزمایش‌های بیمار و تصمیم‌های که در گذشته برای بیماران با وضیعت مشابه گرفته است، را بررسی کند. با توجه به حجم انبوه تعداد بیماران، می‌توان از یک ابزار داده‌کاوی برای شناخت الگوی بیماران قبلی استفاده کرد. در این پایان‌نامه قصد داریم از یک الگوریتم دسته‌بندی مبتنی بر قانون برای دسته‌بندی بیماران دیابتی استفاده کنیم. برای استخراج قوانین فازی از یک الگوریتم کلونی مورچه‌ها استفاده شده است. ای,2,532594
آیا مهندسان سازه نیاز به دانش بیشتری در زمینه مصالح بنایی دارند؟,"مصالح بنایی از قدیمی ترین مصالح در ساخت بناست. با ظهور فولاد و بتن در قرن بیستم به عنوان مصالح کلیدی توجه کمتری به مصالح بنایی می شود. این امر موجب می‌شود که مهندسان سازه، دانش کمتری در مورد مصالح سنتی و بنایی داشته باشند. تغییر شکل زمانمند ساختمان‌های بنایی، یکی از جنبه‌های مهم رفتار مصالح است که می‌بایست در ارزیابی ایمنی و پایداری بناهای تاریخی لحاظ گردد. این تغییر شکل‌ها می‌تواند منجر به شکست غیر منتطره سازه شود. به دلیل مقاومت کم مصالح بنایی و وزن مردۀ زیاد بناهای تاریخی، تحت سطح باری قرار می‌گیرند که نسبت به مقاومت فشاری مواد شاکله در سطح بالایی قرار دارند. 
      محققان بسیاری رفتار خزشی در بتن را مطاله کرده‌اند در صورتی که کمتر به رفتار بلند مدت مصالح بنایی پرداخته شده است. پس از فروریختن برج ساعت سیویک و تلاش‌ها برای پیدا کردن علت خرابی، توجه موسسات تحقیقاتی به مسأله خزش و رفتار زمانمند مصالح بنایی معطوف شد. پس از این واقعه، آزمایش‌های جامعی با تمرکز بر رفتار خزشی مصالح بنایی به جا مانده از ویرانه‌ها صورت گرفت.  
      برای توصیف رفتار آنی و رفتار زمانمند مواد از مدل‌های رئول",2,802703
چطور یک سرویس وب می‌تواند با محدودیت‌های پاسخگویی به درخواست‌های پیچیده روبرو شود؟,سرویس وب به عنوان یک برنامه‌ی کاربردی جامع، پیمانه‌ای و خودتوصیف تعریف می‌شود که شامل یک آدرس منحصر به ‌فرد بوده و می‌تواند در هر جایی از محیط وب قرار گیرد. به دلایلی مانند هزینه، سهولت پیاده‌سازی و امکان استفاده‌ی مجدد از قابلیت‌های اشتراکی، برای ساخت سامانه‌های نرم‌افزاری از روش‌های مبتنی بر سرویس استفاده می‌شود. با وجود همه‌ی مزایایی که سرویس‌های وب مهیا می‌کنند، یک محدودیت اساسی در استفاده از آن‌ها وجود دارد و آن این است که یک سرویس وب، به تنهایی قادر به پاسخ‌گویی به یک درخواست پیچیده نیست. این محدودیت باعث شده است تا ایجاد سرویس‌های بزرگتر و کارآتر با استفاده از سرویس‌های وب موجود، به یکی از مهم‌ترین زمینه‌های تحقیق در فن‌آوری سرویس وب تبدیل شود. به این عمل، ترکیب سرویس‌های وب گفته می‌شود. مسئله‌ی مهم در ترکیب سرویس‌های وب، چگونگی انتخاب سرویس‌های مناسب برای شرکت در فرآیند ترکیب است. سرویسی که برای شرکت در ترکیب انتخاب می‌شود، نه تنها باید عملکرد مناسبی داشته باشد بلکه باید از نظر پارامترهای کیفیت نیز بهینه باشد.  فرآیند ترکیب سرویس‌های وب به دلیل پیچیده بودن به صورت دستی به وسیله,2,532970
چه انواع بانکداری همراهی وجود دارد و چه تفاوت‌هایی بین آن‌ها وجود دارد؟,"بانکداری همراه روش جدیدی برای انجام تراکنشهای بانکی توسط مشتریان می باشد. انواع مختلفی از بانکداری همراه وجود دارند مانند بانکداری همراه مبتنی بر WAP (Wireless Application Protocol) ، بانکداری همراه مبتنی بر Bluetooth و بانکداری همراه مبتنی بر پیام کوتاه. در این بین بانکداری مبتنی بر پیام کوتاه از محبوبیت بیشتری برخوردار است که به دلایل آن خواهیم پرداخت. اما در مقابل امنیت تبادل پیام کوتاه با چالشهای بسیاری مواجه است که باعث شده تا آنچنان که باید و شاید نتواند جایگاه خود را در عرصه بانکداری همراه بدست آورد. 
در این پایان نامه سعی برآن شده است که مدلی جدید برای رمزگذاری پیام کوتاه مبتنی بر الگوریتم رمزنگاری متقارن با استفاده از One Time Password(OTP) ارائه شود. در عین حال مشکلات استفاده از OTP در شبکه سلولی علی الخصوص بین اپراتورها وحتی در حالت فراگردی  بررسی شده و راه حل مناسبی ارائه گردد. ضمناً با توجه به محدودیت منابع مانند پردازنده و انرژی (باطری) از الگوریتم هایی با کمترین نیاز به منابع سیستم در مدل ارائه شده استفاده شده تا قابلیت پیاده سازی بر روی اکثر ادوات همراه را داشته باشد.",2,532823
چه مشکلاتی اخیراً برای گروه‌های مختلف جامعه، از جمله مهندسین، به وجود آمده است؟,در سال‌های اخیر رسوب مشکلات بسیاری را برای گروه‌های مختلف جامعه از جمله مهندسین ایجاد نموده است. از طرفی در بیشتر موارد خصوصیات رودخانه در ارتباط با رسوب و میزان این پارامتر در رودخانه می‌باشد. بنابراین رسوب باید از مواردی ‌باشد که در برآورد آن بسیار باید دقت نمود. در این تحقیق به بررسی میزان دقت شش فرمول برآورد بار معلق رسوب نسبت به داده های اندازه گیری شده در رودخانه های ارمند-بازفت-سولگان مورد مطالعه پرداخته شده است. داده‌های هیدرولوژیکی و داده‌های مرتبط با مورفولوژی رودخانه برای رودخانه ارمند در حدود 30 سال، برای رودخانه سولگان در حدود 20 و برای رودخانه بازفت نیز در حدود 20 سال ، از اطلاعاتی می‌باشند که در این تحقیق جهت برآورد دبی رسوب معلق استفاده شده‌اند. فرمول های مورد استفاده در این تحقیق: بگنولد، لین و کالینسک، انیشتین، چانگ-سایموز-ریچاردسون، بروکس، توفالتی می‌باشند. میزان دقت این فرمول‌ها در برآورد میزان دبی رسوب معلق در رودخانه مورد مطالعه، براساس میزان انحراف آن‌ها در برآورد این پارامتر با استفاده از مقایسه دبی‌های برآوردی با دبی‌های اندازه‌گیری شده مورد سنجش قرار گرفته است,2,531022
چرا بیماری‌های گوارشی روده، به ویژه کولیت‌ها، در کشور اخیراً افزایش یافته‌اند؟,طی سال‌های اخیر بیماری‌های گوارشی روده در کشور افزایش چشم‌گیری پیدا کرده است. یک دسته شایع از این بیماری‌های گوارشی، کولیت‌ها می‌باشند. در پزشکی واژه‌ی کولیت به التهاب کولون اشاره دارد وهمچنین برای توصیف التهاب روده بزرگ نیز  به کار برده می‌شود. کولیت کلاژنی، بیماری التهاب کلاژن در کولون و یکی از بیماری‌های کولیت میکروسکوپی است که  توسط اسهال شدید و مزمن مشخص می‌گردد. این تغییر در کولون از لحاظ ماکروسکوپی به صورت نرمال و از لحاظ میکروسکوپی غیرنرمال می باشد. در تشخیص این بیماری نمی‌توان از آزمایشات معمول مانند آزمایش خون و تست انگل  استفاده کرد. تنها روش تشخیص این بیماری با استفاده از نمونه برداری از روده بزرگ در خلال کلونوسکوپی و اندازه‌گیری ضخامت کلاژن توسط پاتالوژیست و به کمک  میکروسکوپ می‌باشد. ضخامت لایه کلاژن در بافت کولون فرد بیمار از 10میکرومتر بیشتراست. این تغییر ضخامت کلاژن در طول ناحیه ساب‌اپیتلیال جای مشخصی ندارد و ممکن است در هر جای آن اتفاق بیفتد. بنابراین پاتالوژیست می‌بایست از چندین ناحیه در طول بافت کولون نمونه‌برداری و ضخامت لایه کلاژن را اندازه‌گیری کند. هم اکنون این,2,533694
آیا تفاوت‌های میان کشورها در مورد قارچ‌های بیماری‌زا مورد مطالعه قرار گرفته است؟,امروزه قارچ‌های خوراکی یکی از منابع مهم تامین مواد غذایی در دنیا هستند. کشت این قارچ-ها هم‌زمان با افزایش مصرف آنها به عنوان غذا به طور پیوسته تا امروز افزایش یافته است. قارچ خوراکی‌دکمه‌ای با نام علمی Agaricus bisporus (lang) singer یکی از مهمترین انواع قارچ‌های خوراکی می‌باشد. با تشخیص ارزش بالای قارچ‌های خوراکی و توسعه کشت و پرورش انواع این قارچ‌ها بخصوص گونه A. bisporus، مدیریت واحدهای پرورش از نظر کنترل بیماری‌ها از اهمیت قابل توجهی برخوردار است. قارچ‌های بیماری‌زا در کشورهای مختلف؛ از جمله ایران، خسارت قابل توجهی را به پرورش‌دهندگان تحمیل می‌نمایند. در ایران رقم این خسارت برآورد نشده است، اما در مواردی مشاهده شده که در اثر حمله عوامل بیماری‌زای قارچی یا محصول قابل استحصال نیست یا کیفیت محصول به شدت پایین بوده و قابل عرضه به بازار نمی‌باشد. از جدی‌ترین عوامل بیماری‌زا در قارچ‌های خوراکی دکمه‌ای می‌توان به گونه Mycogone perniciosa عامل بیماری حباب‌تر اشاره کرد. این بیماری باعث کاهش عمده محصول در مراکز پرورش قارچ‌خوراکی دکمه‌ای می‌شود. در این مطالعه خصوصیات ریخت شناسی، فیزیولوژیک و,2,531053
چه تغییراتی در مصرف سوخت و مصرف سوخت ویژه‌ی موتور تراکتور MF-399 با استفاده از مخلوط سوخت دیزل و بیودیزل مشاهده شده است؟,در تحقیق حاضر، عملکرد و آلایندگی دو نوع موتور درونسوز با استفاده از مخلوط سوخت‌های فسیلی و بیوفیول مورد مطالعه قرار گرفته است. در ابتدا، عملکرد و آلاینده‌های موتور تراکتور MF-399 با استفاده از مخلوط‌های 20 تا 100 درصد حجمی از سوخت دیزل و بیودیزل مورد آزمایش و ارزیابی قرار گرفته است. نتیجه‌ی آزمایش‌های انجام شده نشان می‌دهد که با استفاده از مخلوط‌های سوخت دیزل و بیودیزل، توان و گشتاور موتور تراکتور MF-399 به‌طور تقریبی ثابت ‌مانده، در حالی‌که مصرف سوخت و مصرف سوخت ویژه‌ی آن افزایش می‌یابد. از طرف دیگر، انتشار آلاینده‌های هیدروکربن‌های نسوخته (UHC) حدود 16% کاهش و دی‌اکسید کربن (CO2) در حدود 18% توسط تمام مخلوط‌ها افزایش می‌یابد. در مجموع با در نظر گرفتن هم‌زمان متغیرهای عملکردی و آلایندگی، موتور تراکتور MF-399 با استفاده از مخلوط‌های B60 (60% حجمی بیودیزل و 40% حجمی دیزل) و B80 (80% حجمی بیودیزل و 20% حجمی دیزل) دارای بهترین راندمان از نظر عملکرد و آلایندگی است. در نهایت، عملکرد و آلاینده‌های موتور اشتعال جرقه‌ای XU7JP/L3 با استفاده از مخلوط سوخت‌های بنزین و اتانول (E20) و همچنین سوخت‌ه,2,530742
چه تدابیری برای کاهش ریسک و عدم قطعیت در سیستم های قدرت ارائه شده است؟,"سیستمهای قدرت یکی از پیچیده ترین وگسترده ترین سیستمهای ساخته شده توسط بشر هستند که همواره در معرض انواع اغتشاشات قرار دارند. علاوه بر این تجدید ساختار  در سیستم های قدرت نیز موجب افزایش ریسک و عدم قطعیت در سیستمهای قدرت امروزی شده است.
سیستم قدرت یک سیستم دینامیکی، پیچیده و غیرخطی است. معمولاً در سیستم های غیر خطی، چنانچه امکان پذیر باشد سعی می شود با خطی کردن سیستم حول نقاط کار نامی، به تحلیل مدل خطی حاصل پرداخت. اما طبیعت بسیار غیر خطی ژنراتور و رفتار سیستم تحت یک اغتشاش شدید مانع از استفاده مناسب از کنترلرهای خطی در سیستم می شود. به همین منظور مطالعات بسیاری روی کنترلر های غیر خطی ژنراتور سنکرون صورت گرفته است.
در این پایان‌ نامه، با استفاده از کنترلرهای غیر خطی، به پایدارسازی و میرا کردن نوسانات ولتاژ، زاویه بار و توان خروجی ژنراتور خواهیم پرداخت. به همین منظور از روش های لیاپانوف و بازگشتی(back-stepping) برای طراحی کنترلر استفاده خواهیم کرد. هم چنین، عملکرد کنترلرهای پیشنهادی، در یک شبکه تک ماشینه و در مرحله بعد در یک شبکه سه ماشینه و 9 شینه بررسی خواهد شد. در هر دو حالت، از خطا",2,526692
چه نقشی در بهبود منافع و استراتژی‌های پیشبرد تکنولوژی در مسائل نظریه‌ی بازی‌ها ایفا می‌کند؟,امروزه یکی از مهم‌ترین مباحث ریاضیات و بهینه‌سازی نظریه‌ی بازی‌ها است. از موارد مهمی که در حیطه نظریه‌ی بازی‌ها می‌توان به آن‌ اشاره نمود، سیاست‌های داخله و خارجه‌ی دول در برخورد با ملت و سایر دولت‌ها جهت بهبود منافع، استراتژی پیشبردِ تکنولوژی، اقتصاد، روابط، جنگ و قدرت می‌باشد. از میان حالات گوناگون نظریه‌ی بازی‌ها، ساده‌ترین حالت وقتی است که تمامی بازیکنان از میزان منابع و اهداف یکدیگر باخبر باشند. از این میان می‌توان به بازی‌های استکل‌برگ اشاره نمود. مسائل چند سطحی از مسئله‌ی استکل‌برگ توسعه داده شده است. یک مسئله‌ی دو سطحی، یک بازی دو نفره است که بازیکن اول به ازای تعیین متغیر تحت کنترل خود، پاسخی از بازیکن دوم دریافت می‌نماید. فضای جواب و هدف برای هر دو بازیکن مشهود و ثابت است. سوالی که در اینجا مطرح می‌شود این است که بازیکن اول به ازای تعیین چه مقداری از متغیر تحت کنترلش، بیشترین سود را می‌برد. اما مشکل حل مسائل برنامه‌ریزی سه سطحی در این است که لزوماً نقاط رأسی فضای قابل‌دستیابی زیرمجموعه‌ی نقاط رأسی فضای شدنی نیست و این حالت وقتی اتفاق می‌افتد که برای مقدار معین و ثابتی از متغی,2,531564
چگونه می‌توان امکان سوء استفاده از سرویس دهنده‌ها در اینترنت را به دلیل آسیب‌پذیری‌های نرم افزارها و پروتکل‌ها کاهش داد؟,با افزایش میزان موفقیت فناوری اطلاعات در برآورده کردن نیازهای انسان، هر روزه بر تعداد خدماتی که از این فناوری بهره می‌برند، افزوده می‌شود. به دنبال توسعه حجم خدمات ارائه شده بر روی اینترنت، امکان دسترسی افراد مختلف به خدمات اینترنتی، مستقل از زمان و مکان فراهم شده است. با وجود مکانیزم‌های محرمانگی و کنترل دسترسی، امکان سوء استفاده از سرویس دهنده‌ها به دلیل وجود آسیب‌پذیری‌های نرم افزارها و پروتکل‌ها به طور جدی وجود دارد. پایش مداوم فعالیت کاربران و جلوگیری از خرابکاری، راه مراقبت از پیوستگی ارائه خدمات است. سیستم‌های تشخیص نفوذ، با این هدف ایجاد شده و توسعه یافتند. سیستم تشخیص نفوذ به عنوان یک حسگر، اتفاقات مشکوک به حمله را با بررسی ترافیک خام شبکه به صورت هشدار گزارش می‌کند. هشدار تولیدشده، توسط راهبران شبکه مورد بررسی قرار گرفته و اقدامات لازم جهت رسیدگی به آن‌ها صورت می‌گیرد. گزارش‌های تولیدشده توسط سیستم‌های تشخیص‌نفوذ و سایر حسگرهای امنیتی شبکه، با مشکلات عدیده‌ای از جمله تولید هشدارهای سیل‌آسا و غلط روبه رو است. درشبکه های بزرگ، وجود این مشکلات امکان استفاده مؤثر از سیستم تشخیص ن,2,533033
چه چالش‌هایی ممکن است در اندازه‌گیری های ثقل سنجی هوایی در مناطق ناهموار به وجود آید؟,با روش گرانی سنجی هوایی طول موج های متوسط میدان جاذبه ی زمین اندازه گیری می‌شود. دقت این اندازه گیری ها با معیارهای گوناگون بیان می شود. به عنوان مثال انحراف معیار شتاب گرانی در نقاط گرهی خطوط پرواز یکی از معیارهای دقت در این روش است. اما در مورد صحت اندازه گیری های ثقل سنجی هوایی، تنها روش موجود مقایسه ی آن ها با مقادیر ثقل زمینی است که تا ارتفاع پرواز بالا آورده شده اند. در صورتیکه توپوگرافی منطقه ناهموار بوده و تعداد نقاط زمینی زیاد نباشد، این مسئله ممکن است دچار پیچیدگی هایی شود. روش های گوناگونی برای انتقال فراسو موجود است. در این پایان نامه با استفاده از دو روش انتقال فراسو   صحت اندازه گیری های ثقل در ارتفاع پرواز مورد بررسی قرار گرفته است. در روش اول، از انتگرال موریتز استفاده شده که روش دقیقی بوده و دارای پیچیدگی های تئوری و عملی خاص خود    می باشد. در روش دوم از تقریب خطی سری تیلور استفاده شده که روشی سریع و ساده  می-باشد. داده های استفاده شده، اندازه گیری های ثقل سنجی هوایی کوه های آلپ و مقادیر آنامولی ثقل زمینی در همان ناحیه می باشد. قبل از ارزیابی این داده ها، داده هایی که,2,533502
چه افزودنی سوختی دیگری به جای متیل ترشیاری بوتیل اتر می‌تواند برای اختلاط با بنزین پایه در پالایشگاه‌های ایران مناسب باشد؟,"افزودنی سوختی مورد استفاده در ایران متیل ترشیاری بوتیل اتر می باشد که در سالهای اخیر از سوی کشورهای پیشرفته خواص سمی آن به اثبات رسیده و استفاده از آن ممنوع گردیده است . به همین منظور ، می بایست به دنبال ترکیبی برای جایگزینی این ماده برای اختلاط با بنزین پایه در پالایشگاه های کشور بود .
در این تحقیق چهار ماده افزودنی متانول ، اتانول ، ترشیاری بوتیل الکل و دی ایزوپروپیل اتر در نسبت های حجمی 5 ، 7/ 5 ، 10 ، 12 /5 و 15 درصد با بنزین پایه تهیه شده از پالایشگاه نفت شهید تندگویان تهران ترکیب گردیده و پس از بررسی خواص فیزیکی و شیمیایی ترکیبات بدست آمده ، سوخت های مورد نظر بر روی یک موتور اشتعال جرقه ای تحت آزمون های عملکردی قرار گرفته اند . سپس با محاسبه مشخصه های عملکردی موتور و همچنین گازهای آلاینده خروجی از موتور ، ترکیب بهینه برای هر کدام از افزودنی های مورد نظر تعیین گردیده است .نتایج بدست آمده از آزمون های تجربی نشان می دهد که با افزودن میزان افزودنی ها به مخلوط ، میزان گشتاور ، توان ، راندمان و دبی جرمی سوخت افزایش یافته و در مقابل مصرف سوخت ویژه و نسبت هم ارزی کاهش می یابند . همچنین",2,530954
بهارنارنج چه کاربردهایی در طب گیاهی دارد؟,بهارنارنج شکوفه درخت نارنج می‌باشد، در عطر‌سازی مورد استفاده بوده ولی کاربرد اصلی آن به صورت گل خشک و به خصوص عرق در طب گیاهی است. بهارنارنج آرامش بخش و ضد هیجانات دستگاه عصبی است و سردردهای عصبی و همچنین میگرنی را کاهش می‌دهد. در این پژوهش یک شاخه‌تکان دستی الکترونیوماتیکی برنامه‌پذیر دقیق منحصر به فرد، از نوع ضربه‌ای برای برداشت مکانیکی بهارنارنج طراحی و ساخته شد. لرزاننده قابل حمل دستی به طور نیوماتیک از یک کمپرسور هوا توان می‌گیرد و قسمت کنترل آن با یک باطری لیتیوم کار می‌کند. به طوری که در برداشت به تراکتور نیازی نمی-باشد. به منظور طراحی لرزاننده خواص فیزیکی و مکانیکی شاخه مورد بررسی قرار گرفت و مقدار نیروی ارتعاشی لرزاننده بر شاخه محاسبه شد. به منظور تعیین مقدار نیروی ارتعاشی، سیستم ارتعاشی شاخه- لرزاننده، یک درجه آزادی تحت تحریک پایه برانگیخته هارمونیک در نظر گرفته شد. سیستم شاخه به صورت تیر یک سر گیر‌دار پیوسته فرض شد و فرکانس‌های طبیعی آن با استفاده از معادله اویلر- برنولی محاسبه شد.  نیروی استاتیکی لازم برای جدایش شکوفه از شاخه توسط دستگاه کشش- فشار جامع اندازه‌گیری شد. لرزان,2,528653
چگونه لوله گوارش و غدد بزاقی لاروهای پروانه سفید اشجار جدا می‌شوند؟,پروانه سفید اشجار Hyphantria cunea Drury  یکی از آفات مهم درختان جنگلی، میوه و زینتی در استان گیلان می‌باشد. آنزیم‌های گوارشی نقش مهمی در تغذیه حشرات دارند. لاروهای پروانه سفید اشجار از روی درختان چنار در استان گیلان جمع آوری شدند. لوله گوارش و غدد بزاقی لاروها جدا شده و برای انجام آزمایش‌ها در دمای 20- نگهداری شدند. همچنین همولنف با قطع یکی از  پا های کاذب لاروها جمع آوری و در آزمایش مورد استفاده قرار گرفت. اثر pH  (4-12)، دما (C°15-75) و مواد شیمیایی روی فعالیت آنزیمهای گوارشی موجود در لوله گوارش، غدد بزاقی و همولنف پروانه سفید اشجار با استفاده از بافرسیترات-فسفات- گلایسین40 میلی مولار مورد بررسی قرار گرفت. نتایج نشان داد که  pHبهینه آلفا-آمیلاز موجود در غدد بزاقی و لوله گوارش 10 بوده و دمای بهینه برای فعالیت این آنزیم در لوله گوارش و غدد بزاقی به ترتیب  55 و 45 درجه سانتی‌گراد محاسبه شد.pH  بهینه برای آلفا-گلوکوزیداز موجود در لوله گوارش و همولنف به ترتیب 8، 7 و برای بتا-گلوکوزیداز لوله گوارش، غدد بزاقی و همولنف به ترتیب 8، 6 و 8 بدست آمد. درجه حرارت بهینه برای فعالیت آنزیم آلفا-گلوک,2,527963
چه روش‌ها و معیارهای استانداردی برای کاهش غیر یکنواختی جریان هوا در مقطع آزمایش تونل باد عمودی ارائه شده است؟,اهمیت اقتصادی تولید محصولات کشاورزی، روز به روز در حال افزایش است. در طی تولید و فرآوری این محصولات، عملیات مکانیکی، حرارتی، ذخیره‌سازی و انتقال انجام می‌گیرد. خواص آیرودینامیکی عدس در سیستم‌های بوجاری و انتقال توسط سیال هوا در ماشین‌های کشاورزی و مهندسی فرآوری بسیار مورد استفاده قرار می‌گیرد. یکی از ویژگی‌های آیرودینامیکی عدس، سرعت حد آن می‌باشد. به منظور تعیین سرعت حد، تونل باد عمودی بر اساس روش ها و معیارهای استاندارد، طراحی و ساخته شد. برای کاهش میزان غیر یکنواختی جریان هوا در مقطع آزمایش تونل از 5 لایه توری و یک شبکه لانه زنبوری استفاده گردید. به منظور افزایش سرعت جریان هوا و جبران تلفات ناشی از توری ها و نیز کمک به افزایش یکنواختی جریان، نازل تونل باد با استفاده از روش مورل ‏‎(Morel)‎‏ طراحی و ساخته شد. جهت سادگی ساخت و کاهش هزینه های آن کلیه مقاطع تونل به صورت مربعی در نظر گرفته شدند. ارتفاع تونل 425/1 متر و مقطع آن مربعی به ابعاد 1/0*1/0 متر است. مقادیر افت در قسمتهای مختلف تونل محاسبه و نهایتا توان مورد نیاز تونل برای شناورسازی تعیین گردید. در این تحقیق نمونه‌های دو رقم عدس کی,2,532876
کدام الگوریتم‌ها برای پیاده‌سازی بر روی سخت‌افزار برای تشخیص حرکت جسم در تصاویر متوالی مناسب ترین عملکرد را ارائه می‌دهند؟,هدف اصلی این مطالعه، بررسی پیاده‌سازی انواع الگوریتم‌های شار نوری بر روی نرم‌افزار و سخت‌افزار با استفاده از الگوریتم‌های موجود در بینایی ماشین و پردازش داده‌های تصویر می‌باشد. در واقع هدف از پیاده‌سازی الگوریتم‌های شار نوری تشخیص حرکت جسم در یک سلسه تصویر متوالی است. از انجا که حجم اطلاعات در پردازش داده‌های یک تصویر زیاد می‌باشد، لذا از الگوریتم‌هایی استفاده شده است که برای پیاده‌سازی بر روی سخت‌افزار مناسب و دارای عملکرد خوبی باشند. از جمله الگوریتم‌هایی که به پیاده‌سازی انها پرداخته شده است عبارتند از؛ شار نوری به روش Lucas_Kanade و شار نوری به روش .Horn_shunk بنابراین از جمله الگوریتم‌هایی که در این روش به پیاده‌سازی ان نیازاست، عملگر کانولوشن می‌باشد که پیاده‌سازی انواع ان و مقایسه انها با یکدیگر مورد بررسی قرار گرفته اند. همچنین از دیگر پارامتر‌هایی که در این روش مورد بررسی قرار گرفته است، انتخاب پنجره‌ای مناسب برای عملیات کانولوشن و ابعاد ان می‌باشد. لازم به ذکر است که در این روش با محاسباتی ساده به پیاده‌سازی الگوریتم فیلتر گوسین به صورت متقارن برای صرفه جویی در اشغال حجم سخت‌,2,533931
چه معایبی برای موتورهای رلوکتانسی سنکرون اشاره شده است؟,ضربان بالای گشتاور و پایین بودن مقدار ضریب برجستگی موتورهای رلوکتانسی سنکرون همواره از مهمترین معایب این موتورها به شمار می‌آید و در بیشتر تحقیقات سعی شده به بررسی راه‌های بهبود معایب مذکور پرداخته شود. از جمله راه‌های کاهش میزان ضربان گشتاور تعیین بهینه موقعیت زاویه‌ای شیارهای روتور و مورب‌سازی شیارهای روتور می‌باشد. هدف از تعیین موقعیت زاویه‌ای شیارهای روتور، تعداد شیارها و ضخامت این شیارها است. بدین منظور در این پایان‌نامه تعداد شیارهای روتور، گام قطبی روتور و ضخامت شیارهای روتور به عنوان متغیر برای این کار در نظر گرفته شده است. محدودیت‌های مکانیکی این شیارها باعث شده که فضای جستجوی بزرگی به وجود آید و موجب پیچیده شدن کارشود: بنابراین در این پایان نامه سعی شده است تا از روش مستقیم و غیر مستقیم برای پیدا کردن موقعیت بهینه شیارها استفاده شود. در روش مستقیم از الگوریتم جستجوی ذرات استفاده شده است و در روش غیر مستقیم از چندین مدل نمونه استفاده شده است. لازم به ذکر است که این مدل‌ها در محدوده‌های مجازی که بر اساس محدودیت‌های مکانیکی تعیین شده است، قرار دارند و در تحلیل آنها از روش المان,2,528896
آیا امپدانس خطوط تأثیری بر رویت‌پذیری شبکه‌های قدرت دارد؟,"در این رساله ابتدا به بحث رویت‌پذیری در شبکه‌های قدرت با در نظر گرفتن امپدانس خطوط پرداخته شده است. ثابت می‌شود که نسبت X به R خطوط تاثیری بر رویت‌پذیری شبکه ندارد. ولی مقدار امپدانس شاخه‌ها می‌تواند بر رویت‌پذیری (به شرط وجود رابطه‌ای مشخص بین امپدانس‌ها) تاثیرگذار باشد. همچنین، جهت تحلیل رویت‌پذیری در شبکه‌های شعاعی، روشی ساده بر مبنای فضای تهی ماتریس تلاقی اندازه‌گیر با شاخه پیشنهاد می‌شود. 
در ادامه، روش جدیدی برای جایابی یکپارچه و بهینه اندازه‌گیرهای فازوری جهت تخمین حالت توزیع (DSE) مقاوم با لحاظ نمودن نرخ خرابی (FP) و نویزی (BDP) بودن PMU و همچنین رسیدن به مقداری پیش‌فرض برای خطای نسبی احتمالاتی (معرفی‌شده در این رساله) پیشنهاد می‌شود. عدم قطعیت بارها، خطای اندازه‌گیرها و ضریب همبستگی بین بارها در این جایابی اعمال شده‌اند. علاوه بر این، جایابی اندازه‌گیرها به طور یکپارچه برای مولفه‌های اصلی و هارمونیک‌ها صورت می‌پذیرد. ثابت می‌شود که وقتی FP و BDP کمتر باشد، تعداد PMU های مورد نیاز کمتر یا دقت DSE (برای تعداد مساوی PMU) بهتر می‌شود. علاوه بر این، مکان PMU در فرایند بهینه-سازی ط",2,534146
چگونه شبکه‌های شناختی می‌توانند به ایجاد ارتباطات مطمئن بین کاربران مختلف کمک کنند؟,"شناخت رادیویی رویکرد جدیدی است که در جهت استفاده بهینه از منابع طیف گام برمی‌دارد. برای رسیدن به این هدف، مهمترین کار، استفاده حداکثر از طیفهای فرکانسی، بدون ایجاد تداخل بین کاربران مختلف است. یک راه حل، ایجاد شبکه‌ای از گره‌ها است که برای رسیدن به هدف فوق‌الذکر، از استراتژی یکسانی استفاده می‌کنند، و ما آن را ""شبکه شناختی"" می‌نامیم و به حاصل کار این شبکه نیز ""شناخت رادیویی"" می‌گوییم. از طرفی، برای ایجاد ارتباطهای مطمئن بین کاربران مختلف در این شبکه، نیازمند این هستیم که هر گره بتواند بخوبی سیگنالهای دریافتی را شناسایی کند. این شناسایی که به آن ""تشخیص کاربر"" نیز می‌گوییم، مستقیماً روی کارایی شناخت رادیویی تأثیر می‌گذارد. محورهای اصلی این تحقیق عبارتند از: 1) ارائه یک استراتژی برای اینکه گره‌های شبکه شناختی بتوانند از طریق ""همکاری"" با یکدیگر، بنحو مؤثرتری از عهده مسائل و چالشهای موجود در محیط(کانال) رادیویی برآیند. 2) ارائه روشهایی برای تشخیص سیگنال رادیویی دریافتی، و نیز تخمین حالت کانال رادیویی، تا بر اساس آن بتوانیم دید کلی بهتری را از کانال رادیویی داشته باشیم وبتوانیم ارتباطهای مستح",2,530512
چه مراحلی برای ایجاد لیست فاکتورهای شکست در سیستم های الکترونیک سلامت باید طی شود؟,"به منظور بررسی و تحلیل ورود و پیاده سازی تکنولوژی های وب معنایی در حوزه ی سلامت الکترونیک لازم است ابتدا این حوزه به طور کامل شناخته شود و محیط ها و نواحی آسیب پذیر آن به طور کامل شناسایی شوند. برای رسیدن به این منظور، در بخش اول پس از شناخت مفاهیم سلامت الکترونیک و پرونده ی الکترونیک سلامت و تعریف مفهوم شکست در این سیستم ها، مستندات موجود و در دسترس بررسی و مستندات مورد نیاز انتخاب گردیدند. بررسی و تحلیل مستندات منتخب منتج به ایجاد لیست اولیه ی فاکتورهای شکست این سیستم ها گردید. بررسی اعتبار فاکتورهای بدست آمده با استفاده از پرسشنامه و ارسال آن به آدرس پست الکترونیک تعدادی از محققان و استادان این حوزه در سراسر دنیا انجام گرفت و در نهایت چارچوب نهایی این فاکتورها تدوین گردید. شناخت نواحی آسیب‌پذیر و فاکتورهای شکست این سیستم ها ممکن است به صورت مستقیم در رسیدن به نتایج نهایی مورد نظر کمکی نکنند اما باعث ایجاد درک وسیع و کاملی از سلامت الکترونیک و سیستم های الکترونیک سلامت می گردند و زمینه را برای بررسی تکنولوژی های وب معنایی در این حوزه مهیا می کنند.
در بخش دوم، پس از ارائه ی تعریف و د",2,535141
چه محدودیت‌هایی برای استفاده از آلیاژهای برپایه منیزیم وجود دارد؟,آلیاژهای برپایه منیزیم بعلت داشتن خصوصیات ساختاری منحصر بفرد از جمله چگالی بسیار پایین و سفتی و استحکام بالا در سالهای اخیر مورد توجه صنایع مختلف مانند اتومبیل سازی و هوا و فضا قرار گرفته اند. این آلیاژها بتدریج جایگزین فولاد و آلومینیوم و در صنایعی مانند الکترونیک جایگزین پلاستیک می شوند. اما در کنار این خصوصیات منحصربفرد، بعلت شکلپذیری ضعیف در دمای اتاق، قیمت بالا، مقاومت پایین آنها به سایش و خوردگی و پایین بودن مقدار سختی، استفاده از این آلیاژها همچنان محدود باقی مانده است. در این تحقیق با تولید کامپوزیت و نانو کامپوزیت سطحی AZ91/SiO2 با استفاده از فرآوری اصطکاکی اغتشاشی، خواص متالورژیکی و مکانیکی این کامپوزیت مورد مطالعه قرار گرفته است. نتایج بدست امده از ازمایشات نشان می دهد که فرآوری اصطکاکی اغتشاشی باعث ایجاد یک ریزساختار همگن بسیار ریزدانه می شود، بطوریکه اندازه دانه در نمونه های نانو کامپوزیتی تولیدی در سه پاس به حدود 7 میکرون رسیده است که حدود 20 برابر کوچکتر از اندازه متوسط دانه در الیاژ ریختگری AZ91 می باشد. همچنین تحقیقات نشان می دهد که فرآوری اصطکاکی اغتشاشی باعث بهبود خو,2,535357
آیا پیشرفت در تکنولوژی‌های نرم‌افزاری می‌تواند منجر به پیچیده‌تر شدن جستجوی داده‌ها شود؟,"با توجه به گسترش روزافزون حجم داده‌ها و افزایش پیچیدگی‌ داده‌ها و همچنین پیشرفت در تکنولوژی‌های نرم‌افزاری پردازش داده‌ها و نحوه‌ی جستجوی آنها پیچیده‌تر می‌شوند. سیستم‌های پردازشی کلاسیک قادر به پاسخگویی به این پردازش‌ها نیستند و با توجه به اینکه در بازاریابی اطلاعات از زبان‌های محاوره‌ای استفاده می‌شود، معمولاً ابهام و عدم دقت در پرس‌وجوها و همچنین داده‌های ذخیره شده موجود است.
برای تطبیق انعطاف‌پذیری داده‌های زبانی و نسبی و فرمول‌های دقیق زمانی، منطق فازی توسط پروفسور زاده  (1975) ارائه شد. یکی از کاربردهای این منطق در پرس‌وجوهای اطلاعات کیفی و پایگاه داده‌های فازی است. همچنین علاوه بر اطلاعات کیفی موجود با افزایش حجم داده‌ها پردازش‌داده‌ها نیز پیچیده‌تر شدند. بنابراین نیاز به سیستمی که بتواند با درک صحیحی از محتوای بازیابی منطقی از داده‌ها داشته باشد محسوس می‌شود. برای رسیدن به این خواسته لزوم درک ماشین از محتوای داده‌ها و رابطه‌ی منطقی بین آنها محسوس می‌شود. نیکروش (2001) بحث منطق فازی و اینترنت  را مطرح کرد و بحث وب معنایی در چند سال اخیر در محیط وب و موتورهای جستجو و کاربردهای د",2,534469
چه عواملی می‌توانند باعث شکل‌گیری عیوب در مواد شوند؟,مکانیک آسیب پیوسته، به عنوان یکی از شاخه های نوپا در علم مکانیک، متممی قدرتمند برای مکانیک شکست محسوب می گردد. تمامی مواد به صورت ذاتی دارای نقص هایی بصورت ترک، حفره و عیوب دیگر می باشند. این عیوب می توانند در خلال تولید ماده یا حین بارگذاری شکل گیرند. هدف اصلی مکانیک آسیب، بررسی رشد تمامی عیوب و تأثیر آنها بر روی استحکام مکانیکی ماده است. وجه مشترک موجود در تمامی مدل های آسیب پیوسته، بیان عیوب ریز ساختاری توسط یک متغیر میدانی پیوسته است. با توجه به میدان آسیب پیوسته، معادلات ساختاری موجود به گونه ای فرمول بندی و پیاده سازی می گردند که اثر آسیب پیشرونده در ماده به صورت افت خواص مکانیکی از قبیل استحکام یا سختی در نظر گرفته شود. تعیین حد شکل دهی و پیش بینی مود های شکست در فرآیندهای شکل دهی یکی از چالش های مهم در این زمینه محسوب می گردد. فرآیندهای کشش عمیق ظروف مستطیلی و شکل دهی بدنه خودرو به دلیل مسیرهای کرنش غیر خطی از اهمیت خاصی برخوردار هستند. در این پایان نامه با استفاده از دو مدل آسیب نرم FLD و لمتر به پیش بینی شروع آسیب و رشد آن در فرایندهای مذکور پرداخته شده و حد شکل‌پذیری ورق نیز,2,526211
چه نتایجی از شبیه‌سازی‌ها نشان می‌دهد که ماتریس پیشنهادی در مقایسه با ماتریس توپلیتز بهینه نشده از چه ویژگی‌هایی برخوردار است؟,با توجه به رشد روزافزون استفاده از تصاویر ویدئویی برای کاربردهای مختلف و نیز با در نظر گرفتن حجم بالای آن‌ها، فشرده‌سازی این قبیل تصاویر از اهمیت بالایی برخوردار است. در این پایان‌نامه نخست روشی برای طراحی ماتریس نمونه‌برداری ارائه شده است. این روش بر مبنای بهینه‌سازی ماتریس توپلیتز با استفاده از الگوریتم PSO می‌باشد. نتایج شبیه‌سازی نشان‌گر آن است که ماتریس پیشنهادی در مقایسه با ماتریس توپلیتز بهینه نشده از پایداری بیش‌تری برخوردار است و در مقابل کوآنتیزاسیون مقاوم‌تر عمل می‌کند. در مرحله بعدی، روشی برای سنجش فشرده ویدئو مطرح گردیده است. در این شیوه پس از گروه‌بندی خودکار فریم‌ها، بلوک‌های تصویر به‌صورت وفقی نمونه‌برداری می‌شوند. به این معنی که هر بلوک با نرخ نمونه‌برداری خاص خود اندازه‌گیری می‌شود. برای پیش‌بینی تعداد نمونه‌های لازم برای هر بلوک از ویژگی‌های تصویر لبه فریم مرجع بهره گرفته شده است. نتایج شبیه‌سازی این قسمت حاکی از آن است که روش پیشنهادی به ازای نرخ نمونه‌برداری یکسان کیفیت بهتری از تصویر ویدئویی ارائه می‌دهد. علاوه بر این، می‌توان از این روش برای کاهش خطای کوآنتیزاسیو,2,533891
چگونه می‌توان از سیستم ناوبری بدون وابستگی به عوامل خارجی برای هدایت پهپاد استفاده کرد؟,"برای هدایت پهپاد می‌توان از ناوبری ماهواره‌ای جی‌پی‌اس  و گلوناس  یا سیستم ناوبری اینرسی استفاده کرد. با وجود دقت خوب و مقرون به صرفه بودن استفاده از ناوبری ماهواره‌ای، وابستگی ناوبری پهپاد به یک سیستم خارجی در شرایط جنگی به دلایل مسایل فنی و سیاسی ممکن است امکان‌پذیر نباشد. همچنین سیستم ناوبری اینرسی به دلیل این‌که خطایش با گذشت زمان افزایش می‌یابد قابل اعتماد نیست.
برای غلبه بر این مشکل، استفاده از یک سیستم ناوبری که به عوامل خارجی وابستگی نداشته باشد به صورت منفرد یا در کنار سایر سیستم‌های ناوبری لازم است. یکی از روش‌هایی که می‌تواند برای این منظور مورد استفاده قرار گیرد استفاده از ناوبری مبتنی بر تصویر می‌باشد. در این روش تصاویری از مسیر پرواز پهپاد در کامپیوتر آن ذخیره شده و در طی مسیر، تصاویر دریافتی از طریق دوربین همراه پهپاد با تصویر ذخیره شده تطبیق داده می‌شود.
با توجه به اینکه هدف این پروژه ناوبری مبتنی بر تصویر پهپاد است، لذا محیطی که در آن ناوبری صورت می‌گیرد، محیطی فاقد ساختار است. ناوبری در چنین محیطی بر اساس استخراج ویژگی‌هایی خاص از تصاویر ذخیره شده در پهپاد و تصاویر",2,529034
چه عواملی باعث بارگذاری بیش از حد خطوط انتقال انرژی در سیستم های برقی می‌شوند؟,امروزه خطوط انتقال انرژی بیش از پیش تحت بارگذاری قرار گرفته اند. این مسئله سبب گردیده که بسیاری از سیستم ها در نزدیکیهای حد بارپذیری خود مورد بهره برداری قرار گیرند که منجر به ناپایداری ولتاژ می گردد. در نتیجه مسئله برنامه ریزی تولید واحدها، به یک مسئله حیاتی تبدیل شده است. یکی از مهمترین عواملی که در برنامه ریزی تولید واحدها  نقش اساسی دارد تابع هزینه تولید این واحدها می باشد. الگوی تولید بقسمی تعیین می گردد،  که حداقل هزینه تولید را نتیجه دهد. در بعضی از سیستم های قدرت بعلت ویژگی های خاص، الگوی اقتصادی،  سیستم را در وضعیتی قرارمی دهد که باعث کاهش درجه امنیت سیستم گردد. در چنین شرایطی، بهبود درجه امنیت سیستم ضروری می باشد. بایستی توجه داشت که هرگونه تغییری در برنامه ریزی تولید واحدها بمنظور بهبود درجه امنیت سیستم می تواند منجر به دور شدن سیستم از نقطه کار اقتصادی خود گردد. بنابر این ملاحظه می گردد که در پاره ای از موارد دو مشخصه هزینه تولید و درجه امنیت سیستم در تعارض با یکدیگر می باشند. بهبود یکی از این شاخص ها  به بهای نامطلوب شدن  دیگری خواهد بود . در چنین  سیستم هایی می توان  بر ا,2,530267
آیا استفاده از آنتن‌هایی که برای پیاده‌سازی فضای کمتری را اشغال کنند، می‌تواند منجر به افزایش کارایی و کاهش مصرف انرژی در دستگاه‌های بی‌سیم شود؟,با توجه به گسترش ابزارهای بی‌سیم همچون گوشی‌های موبایل، دستگاه‌های موقعیت‌سنج، استفاده لپ‌تاپ در کاربردهای بی‌سیم و غیره، لزوم استفاده از آنتن‌هایی که بتوانند باندهای استاندارد مختلفی را پوشش دهند، بیش از پیش احساس می‌شود. استفاده از آنتن‌هایی با قابلیت پوشش دو یا تعداد بیشتری باند فرکانسی، به دلیل عدم استفاده از چند آنتن مجزا سبب کاهش هزینه‌ها می‌گردد. از سوی دیگر، استفاده از آنتن‌هایی که برای پیاده‌سازی فضای کمتری را اشغال کنند، ضرورت یافته است. آنتن‌های مسطح با توجه به ساختار ساده‌ی که دارند و همچنین دارا بودن پتانسیل پوشش چندین باند فرکانسی  WWAN  مورد توجه قرار گرفته‌اند. در این پایان‌نامه آنتن‌های مسطح به سه دسته آنتن‌های میکرواستریپ، آنتن‌های مسطح F معکوس (PIFA)  و آنتن‌های تک‌قطبی مسطح   تقسیم‌بندی شده‌اند. در هریک از این گروه‌ها، ساختاری جدید با خصوصیت دو یا چند بانده پیشنهاد شده است. در فصل یک ابتدا کارهای انجام گرفته در زمینه آنتن‌های میکرواستریپ چند فرکانسی، ساختار آنتن PIFA و ایده‌های مربوط به بهینه کردن این نوع آنتن‌ها (پهن باند کردن و فشرده سازی) به اختصار مورد بررسی قرا,2,530514
چه ابزارهای خاصی برای فرم‌دهی نموی در روش استفاده می‌شود؟,یکی از روش‌های فرم‌دهی ورق که امروزه از اهمیت ویژه‌ای برخوردار است و در صنایعی چون صنایع خودروسازی و صنایع فضایی و نیز مصارف پزشکی و غیره کاربرد دارد، فرم‌دهی نموی می‌باشد. در این روش که برای فرم‌دهی قطعات پیچیده استفاده می‌شود، نیازی به قالب و هزینه‌های بالای آن نیست بلکه از دستگاه CNC و ابزار مخصوص آن  برای فرم‌دهی استفاده می‌شود. از این روش بیشتر برای ساخت نمونه‌های اولیه و قطعات با تعداد کم استفاده می‌شود زیرا زمان لازم برای این فرم‌دهی بیشتر از روش‌های معمول است. از مزایای این روش عدم نیاز به قالب، انعطاف‌پذیری بالا، قابلیت فرم‌دهی بالا، نیروی کم لازم برای فرم‌دهی و بی‌صدا بودن آن است. از معایب این روش می‌توان به زمان زیاد برای فرم‌دهی، مناسب بودن برای تولید با تعداد کم، چند مرحله‌ای بودن برای جداره با شیب زیاد و حالت فنری موجود در این روش اشاره کرد.  در این مطالعه به معرفی قسمت‌های مختلف از جمله اجزای دستگاه فرم‌دهی نموی، انواع فرم‌دهی نموی، قابلیت فرم‌دهی در فرم‌دهی نموی، مسیر ابزار، زبری سطح، دقت، پایداری پروسهی فرم‌دهی، انتخاب استراتژی فرم‌دهی و برخی از کاربرد‌های دیگر فرم‌دهی,2,534473
چگونه طرح فیزیکی پوشش سطحی برای شبیه‌سازی شار گرما در فرایند‌های SVAT مورد استفاده قرار می‌گیرد؟,"مدیریت کارآمد منابع آب مستلزم شناخت و برآورد مولفه‌های چرخه آب می‌باشد. اندازه‌گیری مستقیم برخی از این مولفه‌ها معمولاً پر‌هزینه بوده و لذا با استفاده از مدل‌های هیدرولوژیکی شبیه‌سازی می‌شوند. مدل DBH یک مدل توزیعی مکانی است که در آن روش‌های پیشرفته‌ای برای فهم واکنش چرخه آب بکار رفته است. پیشرفت‌های مدل DBH به صورت زیر خلاصه می‌گردد:
1.	محاسبه تبخیر، با استفاده از طرح فیزیکی پوشش سطحی به منظور شبیه‌سازی شار گرما در فرایند‌های SVAT، با قابلیت اعتماد بیشتری انجام می‌شود.
2.	داده‌های ماهواره‌ای به منظور توصیف سری‌های زمانی تغییر پوشش سطح مورد استفاده قرار گرفته است؛که این امر، ارزیابی واکنش‌های هیدرولوژیکی در حوضه‌های بدون اندازه‌گیر را با استفاده از داده‌های موجود، ممکن می‌سازد.
3.	مشاهدات هواشناسی بدست آمده از ایستگاه‌های هواشناسی نظیر: بارش، دما، رطوبت، فشار بخار، ساعات آفتابی و سرعت باد در مدل مذکور مورد استفاده قرار می‌گیرند. این مدل می‌تواند با بکاربردن خروجی‌های مدل اتمسفریک، با این مدل کوپل گردد.
در این تحقیق با استفاده از اطلاعات ماهواره‌ای و نیز داده‌های هواشناسی نظیر بارش،",2,532906
آیا استفاده از کنترل برداری مناسب است برای دستیابی به دینامیک مطلوب در سرعت‌های متوسط تا بالا؟,موتور القایی بدلیل ساختار ساده و مقاوم، قابلیت اعتماد بالا، قیمت و هزینه‌ی تعمیر و نگهداری پائین، بیشترین کاربرد را در صنعت دارد. روشهای کنترل اسکالر برای کاربردهای با عملکرد پائین، که در آن‌ها تنها حالت دائمی اهمیت دارد، بدلیل سادگی و وابستگی کمتر به پارامتر‌های ماشین، می‌توانند انتخاب مناسبی در سرعت‌های متوسط تا بالا باشند. ولی در کنترل اسکالر نمی‌توان به دینامیک مطلوبی دست پیدا کرد. برای داشتن دینامیک مطلوب، استفاده از کنترل برداری در کاربردهای با کیفیت بالا بسیار مرسوم است. مزیت اولیه آن کنترل مستقل شار و گشتاور می‌ باشد. برای دستیابی به سرعت‌های متغیر، استفاده از کنترل‌کننده‌های PI بسیار پرکاربرد است. البته واضح است که استفاده کنترل‌کننده‌هایی با ضرایب ثابت در مواجه باتغییرات شدید و یا اختلالات بوجود آمده، عملکرد مناسبی ندارند. یک راه‌حل برای غلبه بر مسایل ذکر شده، استفاده از کنترل‌کننده‌های فازی می‌باشد. کنترل‌کننده های فازی از خانواده کنترل کننده‌های مقاوم هستند. مزیت اصلی کنترل‌کننده های فازی این است که بدون نیاز به مدل دقیقی از سیستم، قابلیت مواجه با سیستم های پیچیده‌ی غیر خطی,2,531522
آیا شهر تبریز با جمعیت 1/6 میلیون نفری آمادگی کافی برای مقابله با زمین لرزه های بزرگ دارد؟,"با توجه به اینکه کشور ایران در روی کمربند آلپ-هیمالیا که یکی از فعالترین مناطق لرزه خیز محسوب می شود قرار گرفته است اغلب توسط زلزله های با بزرگای مختلف دچار لرزش می گردد. به همین خاطر کشور ایران تلفات جانی و مالی زیادی در اثر این زلزله ها متحمل شده است.
شهر تبریز از نقطه نظر اقتصادی، سیاسی و اجتماعی یکی از مهمترین شهرهای ایران محسوب می شود. وجود گسل شمال تبریز باعث افزایش احتمال وقوع زمین لرزه های بزرگ می گردد که تهدیدی برای این شهر با جمعیت 1/6 میلیون نفری محسوب می شود.
یکی از مهمترین مسائل در طراحی سازه های مقاوم در برابر زلزله برآورد سطح لرزش هائی است که سازه ها ممکن است تحت این لرزش ها قرار بگیرند. برای این منظور می توان از تحلیل خطر لرزه ای استفاده کرد.
در این پایان نامه با استفاده از روش تحلیل احتمالی خطر لرزه ای، ارزیابی از خطرات لرزه ای در مسیر شماره 2 مترو تبریز انجام شده است. به این منظور ابتدا لرزه زمین ساخت گستره مورد مطالعه مورد بررسی قرار گرفته و کلیه منابع لرزه زا در شعاع 150 کیلومتری طرح که قادر به ایجاد زمین لرزه های مخرب می باشند تعیین شده است.
با استفاده از این ا",2,534428
چگونه متدلوژی شش سیگما می‌تواند به بهبود عملکرد بنادر کمک کند؟,ارزیابی و شناخت عملکرد بنادر همچون دیگر سازمان ها همواره مورد توجه مدیران بنادر بوده است. این ارزیابی منجر به شناخت نقاط ضعف و قوت کارکرد بنادر می گردد که می تواند خط مشی ها و راهبرد های آنها را دستخوش تغییر و تحول قرار دهد. روش های تحلیل فراگیر داده ها (DEA) و تحلیل تابع مرزی تصادفی (SFA) از جمله روش های رایج برای اندازه گیری کارآیی بنادر می باشند که با استفاده از مفاهیم تابع تولید به بررسی عملکرد می پردازند. متدلوژی شش سیگما که در این تحقیق از آن استفاده شده، روشی است که با استفاده از مفاهیم آماری به اندازه گیری انحرافات عملکردی سازمان پرداخته و با تحلیل علل آن، سعی در بهبود عملکرد فرایند ها دارد. شش سیگما با اندازه گیری خطا ها و انحرافات عملکردی هر سازمانی، مسیر روشنی را در جهت حذف خطاها و انحرافات، صرفه جویی ناشی از آنها و افزایش رضایت مشتریان برای مدیران را تبیین می نماید. در این تحقیق با استفاده از چرخه DMAIC شش سیگما به بررسی وضعیت عملیات تخلیه و بارگیری کالاهای فله خشک بندر امام خمینی پرداخته شده است. مرحله نخست چرخه DMAIC، مرحله تعریف مسئله می باشد که نرخ تخلیه و یا بارگیری به,2,526151
آیا استفاده از توصیف نامه پیشنهادی شورای بین‌المللی روغن زیتون به همراه نشانگرهای ملکولی ریزه ماهواره می‌تواند در ارتقای صنعت زیتون‌کاری موثر باشد؟,زیتون (Olea europaea L.) یکی از گونه‌های مهم میوه های نیمه گرمسیری است که اهمیت زیادی در کشاورزی و اقتصاد کشور دارد توسعه این صنعت و پیشبرد برنامه‌های اصلاحی نیازمند شناخت دقیق و صحیح ارقام معرفی شده و ترکیب‌های جدید ارقام می‌باشد. از جمله روش‌های شناسایی و تمایز ارقام زیتون استفاده از نشانگر‌های مرفولوژیکی است. در این مطالعه از توصیف نامه پیشنهادی شورای بین‌المللی روغن زیتون (IOOC) به همراه  ده نشانگر ملکولی ریزه ماهواره (SSR) به منظور تمایز و گروه‌بندی 57 ژنوتیپ زیتون از شش منشا جغرافیایی، استفاده شد. نتایج آنالیز داده‌های مرفولوژیکی گروه‌بندی اولیه بر اساس منشاء جغرافیایی را کاملا تایید کرد و گروه ارقام سوریه و اسپانیا را به یکدیگر مرتبط و ژنوتیپ-های ناشناخته مورد مطالعه را به این دو گروه نزدیک نشان داد. همچنین این نتایج گروه ایران را از سایرین جدا و منحصر به فرد نشان داد. تجزیه داده‌های ملکولی نیز نتایج داده‌های مرفولوژیکی را تایید کرد، با این تفاوت که نتایج ملکولی ارقام گروه فرانسه و ایتالیا را متمایزتر از دیگران نشان داد. همچنین نتایج جدول تجزیه واریانس (AMOVA) هر دونوع داده ملکو,2,530902
چگونه مدل بهینه‌سازی تصادفی می‌تواند در برنامه‌ریزی مشارکت واحدها برای تعیین زمانبندی تولید توان مورد استفاده قرار گیرد؟,"در دهه‌های اخیر یکی از بزرگترین دغدغه‌های دولت‌ها محدود بودن ذخایر سوخت فسیلی و تجدید ناپذیر بودن آنها بوده است. لذا همه دولت‌ها سعی بر این دارند تا حد زیادی در مصرف سوخت‌های فسیلی صنایع خود صرفه‌جویی نموده و رو به استفاده از انرژی‌های پاک، رایگان و تجدیدپذیر بیاورند. انرژی باد یکی از این انرژی‌ها بوده که بسیار مورد توجه صنعت برق به منظور تولید توان الکتریکی در سطح بالا  قرار گرفته است.
 در این پایان‌نامه، از یک مدل بهینه‌سازی تصادفی برای برنامه‌ریزی مشارکت واحدها جهت تعیین زمانبندی تولید توان ساعتی هر واحد استفاده شده است. این برنامه‌ریزی با توجه به قیود واحدها و محدودیت توان عبوری خطوط انجام شده است. در این پروژه، احتمال میزان وزش باد به‌صورت تابع احتمال توزیع نرمال فرض شده و به‌صورت درخت سناریو مدل می‌شود. احتمال هر سناریو و ارزش بار از دست رفته نیز در تابع هدف وارد می‌شود. همچنین در این پروژه برنامه‌ریزی مشارکت واحدها با توجه به عدم‌قطعیت تولید توان بادی و بار با استفاده از بهینه‌سازی فازی اجرا شده و نتایج مورد تحلیل قرار گرفته است. علاوه بر این در این پروژه به بررسی تاثیر حضور تو",2,533467
چه اثراتی از آزمایش‌های آزمایشگاهی در محیط‌های مصنوعی در خصوص هیدرودینامیک جریان خون و الگوهای جریان بر عملکرد پیوند‌های عروقی مشاهده شده است؟,یکی از دلایل مهم شکست عمل جراحی پیوند در عروق مختلف، از جمله رگ کرونر قلب، پریافتگی غشاء درونی رگ های پیوندی و تشکیل لخته خون در محل پیوند می باشد. بررسی ها بر روی مدل های حیوانی زنده، نشان دهنده این است که محل هایی چون پاشنه، پنجه و خط بخیه پیوند از مستعد ترین مناطق برای پر یافتگی بافت درونی پیوند می باشند. در کنار آن مطالعات آزمایشگاهی در محیط های مصنوعی، حکایت از اثراتِ مهمی همچون هیدرودینامیک جریان خون، توزیع سرعت، الگوهای جریان و ایستایی خون در این عارضه دارند. با توجه به اینکه انجام بررسی های گسترده بر روی نمونه های زنده همواره میسر نبوده و از طرفی محدودیت هایی در تجهیزات آزمایشگاهی وجود دارد، نقش ارزنده بررسی عددی هویداتر می گردد. در این تحقیق با استفاده از یک روش عددی کاملا لاگرانژی و عاری از شبکهء مبتنی بر ذرات، به نام روش هیدوردینامیک ذرات هموار (SPH)، معادلات ناویر-استوکس که در واقع معادلات حاکم هستند، حل می‌شوند. در این روش یک سری نقاط درونیابی با توزیع دلخواه وجود دارند که کلیه متغیرهای مسئله به وسیله این نقاط و توسط یک تابع درونیابی به نام کرنل محاسبه می‌شوند. در این تحقی,2,529837
چه فاکتورهایی در ایران بر مصرف پوشاک تأثیرگذار هستند؟,با افزایش تکنولوژی و امکان ذخیره‌سازی حجم عظیم اطلاعات، استفاده از داده‌کاوی به عنوان فرآیند کشف الگوهای گوناگون در داده‌ها در حال افزایش است و به یک موضوع مهم در حوزه‌های مختلف، از جمله صنعت پوشاک تبدیل شده است.از آنجائی که داده‌کاوی بیشتر به کاربردها و اهداف مورد نظر محقق و یا مدیر توجه دارد تا به اهمیت داده‌ها و اطلاعات، تشریح کاربردها و به کارگیری آن در تصمیم‌ سازی‌های صنعت پوشاک مفید و ضروری است.درکشورمان ایران با توجه به فاکتورهای موثر بر مصرف پوشاک از جمله شرایط سنی، میزان تحصیلات، جنسیت و شرایط اقلیمی می توان روابط معنا داری بین مصرف پوشاک و این فاکتورها کشف نمود .دراین پژوهش سعی شده است با بکارگیری تکنیک‌های داده‌کاوی (قوانین انجمنی- خوشه بندی) و با توجه به در دسترس بودن داده‌های مربوط به مصرف پوشاک خانوارهای ایرانی (داده مرکز آمارایران) که شامل فیلدهای مختلفی می‌باشد به بررسی ارتباط وکشف الگوها در زمینه مصرف پوشاک خانوارهای ایرانی پرداخته شود. این الگوها می‌تواند بصورت گسترده‌ای به سازمان‌ها و ارگان‌های مختلف کشور در ایجاد تصمیم‌گیری‌های راهبردی در صنعت پوشاک کمک نماید.,2,534232
چه رویکردهایی برای بهینه‌سازی وزن و هزینه سازه‌ها مطرح شده است؟,"امروزه توجه فزاینده به کمبود مواد خام و نقصان شدید منابع انرژی شناخته شده، موجب تمایل به داشتن سازه‌هایی سبک، کارا و ارزان قیمت شده است. این خواست به نوبه خود بر ضرورت آگاهی یافتن مهندسان از فنون بهینه‌سازی وزن و هزینه سازه‌ها تاکید می‌کند.
      در سالهای اخیر بهینه سازی سازه ها شاهد تکنیک های جدید و ابداعی طراحی سازه‌ها بوده است .این روشهای جستجوی تصادفی از ایده های ناشی از طبیعت نشأت می گیرند و مشکلات روشهای ریاضیاتی، همچون پیوستگی تابع هدف، نیازمندی به محاسبه مشتقات توابع هدف وقیود و غیره را ندارند. این در حالیستکه این روشها صرفاً با ارزیابی توابع هدف توانایی یافتن نقاط بهینه کلی را دارند.
      الگوریتم بهینه سازی اجتماع ذرات (PSO) از جمله این الگوریتم‌ها می‌باشد. این الگوریتم بر اساس شبیه سازی اجتماعی دسته پرندگان و اجتماع ماهیها، اولین بار در سال 1995 توسط Eberhart  و Kennedy  ارائه گردید. این الگوریتم دارای یکسری مزایا می‌باشد که در مقایسه با سایر الگوریتم‌ها آن را شاخص‌تر می‌کند. از جمله این مزایا می‌توان به تعداد کم پارامترهای تنظیمی، سادگی کاربرد و برنامه‌نویسی الگوریتم، س",2,526879
چه مواردی باعث پیچیده‌شدن شرایط فیزیکی یک مسئله در زمینه‌ی سیالات و انتقال حرارت می‌شود؟,در طول سالیان گذشته، همواره ارائه‌ی یک راه حل تحلیلی برای مسائل مختلف در زمینه‌ی سیالات و انتقال حرارت مورد نظر محققین بوده است. اما با پیچیده‌شدن شرایط فیزیکی یک مسئله و یا شرایط مرزی آن، دستیابی به چنین حل‌هایی به‌سادگی امکان پذیر نیست. بدین سبب است که راه حل‌‌‌های عددی توسعه پیدا کرده و امروزه به صورت گسترده‌ای مورد استفاده قرار می‌گیرند. اما از طرفی، اعتبار سنجی روش‌های عددی نیز از اهمیت بسیار زیادی برخوردار می‌باشد؛ لذا، ارائه‌ی یک راه حل تحلیلی، از اهمیت ویژه‌ای برخوردار است. روش‌های تحلیلی موجود که عمدتاً بر پایه‌ی روش‌های اختلال و یا غیراختلال می‌باشند، چندان قابل اطمینان نبوده و کنترل لازم بر همگرایی جواب‌های حل در آن‌ها امکان‌پذیر نمی‌باشد. روش تحلیلِ هُموتوپی (HAM) که اولین بار توسط لیائو ارائه گردید، از جمله روش‌های بسیار قوی بر پایه‌ی سری در حل تحلیلی معادلات دیفرانسیل غیر‌خطی محسوب می‌شود که بدون در نظر‌گرفتن پارامتر‌های فیزیکی موجود در معادلات، امکان کنترل بر روی ناحیه‌ی همگرایی جواب‌های معادلات را فراهم می‌آورد. در این تحقیق، هدف حل معادلات جریان سیال و انتقال حرارت جاب,2,533882
چه مشکلی از نظر تکنیکی در موتورهای سوئیچ رلوکتانس وجود دارد؟,یکی ازمهمترین عیب های موتورهای سوئیچ رلکتانس ریپل گشتاور آنها می باشدکه برای کاهش آن، تحقیقات فراوانی انجام و روش های مختلفی ارائه شده است که در فصل مقدمه به این روش ها اشاره می شود. هدف از این پایان نامه ارائه روشی برای کنترل سرعت با در نظر گرفتن کاهش ریپل گشتاور این نوع موتور هاست. در ابتدای پایان نامه مروری  بر زمینه های تحقیقاتی این موتورها و روش ها ی مختلف کاهش ریپل گشتاور انجام شده و در ادامه اصول عملکرد و نحوه مدلسازی موتور مورد بحث قرار می گیرد . برای این منظور مدل مناسبی که خصوصیات غیر خطی و اشباع موتور در آن در نظر گرفته شود مورد استفاده قرار می گیرد. در این پایان نامه برای رسیدن به این  هدف از اطلاعات یک  موتور 4 کیلووات 6/8 استفاده شده است؛ این اطلاعات از طریق آنالیز المان محدود (FEA) بدست آمده و صحت این اطلاعات با اندازه گیری عملی نیز بررسی شده است. در ادامه مروری بر مبدل های مختلف و مقایسه بین آنها انجام می گیرد و ویژگی های مبدل  مورد استفاده در شبیه سازی و پیاده سازی عملی بیان می شود. در ابتدا به منظور کنترل، از یک  کنترل کننده PI معمولی بر روی مدل استخراج شده  در محیط م,2,527253
چگونه تونل باد عمودی برای تعیین سرعت حد آیرودینامیکی عدس طراحی و ساخته شده است؟,اهمیت اقتصادی تولید محصولات کشاورزی، روز به روز در حال افزایش است. در طی تولید و فرآوری این محصولات، عملیات مکانیکی، حرارتی، ذخیره‌سازی و انتقال انجام می‌گیرد. خواص آیرودینامیکی عدس در سیستم‌های بوجاری و انتقال توسط سیال هوا در ماشین‌های کشاورزی و مهندسی فرآوری بسیار مورد استفاده قرار می‌گیرد. یکی از ویژگی‌های آیرودینامیکی عدس، سرعت حد آن می‌باشد. به منظور تعیین سرعت حد، تونل باد عمودی بر اساس روش ها و معیارهای استاندارد، طراحی و ساخته شد. برای کاهش میزان غیر یکنواختی جریان هوا در مقطع آزمایش تونل از 5 لایه توری و یک شبکه لانه زنبوری استفاده گردید. به منظور افزایش سرعت جریان هوا و جبران تلفات ناشی از توری ها و نیز کمک به افزایش یکنواختی جریان، نازل تونل باد با استفاده از روش مورل ‏‎(Morel)‎‏ طراحی و ساخته شد. جهت سادگی ساخت و کاهش هزینه های آن کلیه مقاطع تونل به صورت مربعی در نظر گرفته شدند. ارتفاع تونل 425/1 متر و مقطع آن مربعی به ابعاد 1/0*1/0 متر است. مقادیر افت در قسمتهای مختلف تونل محاسبه و نهایتا توان مورد نیاز تونل برای شناورسازی تعیین گردید. در این تحقیق نمونه‌های دو رقم عدس کی,2,532876
چه عواملی باعث افزایش غلظت نیترات در منابع آب می‌شوند؟,یکی از مهم‌ترین مشکلات سیستم‌های زهکشی، آبشویی نیترات و ورود آن به منابع آب سطحی می‌باشد. افزایش غلظت نیترات در منابع آب باعث ایجاد مشکلاتی برای انسان‌ها و حیوان‌ها می‌گردد. فرایند دنیتریفیکاسیون یکی از راهکارهای مناسب برای حذف نیترات از آب‌های آلوده به نیترات می‌باشد. این فرایند در خاک‌های کشاورزی به علت کمبود مواد کربنی با محدودیت مواجه است. تأمین کربن مورد نیاز در خاک باعث افزایش این فرایند و حذف بیشتر نیترات از محیط می‌گردد. استفاده از مواد آلی به عنوان ماده کربنی ارزان قیمت و قابل دسترس یکی از بهترین گزینه‌ها برای این هدف می‌باشد. تحقیق حاضر با اهداف: کاربرد مواد مختلف کربنی شامل ذرات چوب، پوشال جو، پوسته شلتوک برنج و برگ نخل خرما به عنوان فیلتر‌های زیستی در دیواره‌های دنیتریفیکاسیون در کاهش نیترات خروجی، بررسی تأثیر بار فشاری ورودی (1 و 2 متر)، ضخامت فیلتر‌های زیستی (30 و 60 سانتی‌متری) و غلظت نیترات آب زهکشی (40 و 160 میلی‌گرم در لیتر) در کاهش نیترات آب زهکشی در تیمارهای مختلف، بررسی تغییرات نیترات وآمونیوم آب خروجی از زهکش‌ها در طول دوره مطالعه (نه هفته)، بررسی قرار گیری مواد ک,2,534191
چه عواملی می‌توانند منجر به شکست پروژه‌های توسعه نرم‌افزار شوند؟,"پروژه‌های توسعه نرم‌افزار غالبا در معرض شکست هستند. عوامل زیادی منجر به شکست پروژه می‌شوند که بی‌شک یکی از این عوامل مهم کنترل ناکافی ریسک است. شواهد پژوهشی بکرات نشان داده‌اند که اختلاف معناداری در درک و ارزیابی مردم جوامع مختلف از ریسک پروژه وجود دارد. این پژوهش که از نوع توصیفی و در دسته همبستگی قرار دارد، بر پایه تجربیات تعداد 102 مدیر پروژه شرکتهای توسعه نرم‌افزار ایران که در رتبه بندی شورای عالی انفورماتیک رتبه های یک الی چهار را کسب نموده‌اند، در خصوص بومی‌سازی چک لیست فاکتورهای ریسک پروژه توسعه نرم‌افزار در ایران اقدام نموده و همچنین تاثیر فاکتورهای ریسک برونی را بر ابعاد ساختار مدیریت ریسک پروژه، بررسی کرده است. یافته های حاصل از تحلیل عاملی تاییدی داده ها حاکی از شناسایی 36 فاکتور ریسک در 9 بعد شامل 6 بعد درونی (ابعاد : تیم، پیچیدگی، کاربر، دامنه و اهداف، نیازمندی‌ها، و برنامه‌ریزی) و 3 بعد برونی (ابعاد: محیط سازمانی، سیاسی، و اقتصادی) است. تحلیل مدل معادلات ساختاری ""تاثیر فاکتورهای ریسک برونی را بر ابعاد ساختار ریسک مدیریت پروژه"" نشان می‌دهد که بعد برونی ریسک اقتصادی مستقیما",2,532014
آیا بخش مسکن در ایران واقعاً میزان زیادی از مصرف سوختهای فسیلی را بر عهده دارد؟,بخش مسکن در ایران حدود 40% از مصرف سوختهای فسیلی را به خود اختصاص می‌دهد و این در حالی است که اکثر ساختمان‌های کشور فاقد ضوابط فنی لازم برای جلوگیری از هدر رفت انرژی هستند. هدف پژوهش حاضر، جایگزینی انرژی‌های تجدید پذیر جهت تأمین انرژی مصرفی ساختمان و ارائه فرصت‌های صرفه‌جویی مناسب جهت کمک به مصرف بهینه انرژی در ساختمان است. در این تحقیق، سیستمهای فعال خورشیدی از جمله سیستم تأمین آبگرم مصرفی خورشیدی با مساحت بهینه گردآورنده خورشیدی و گرمایش از کف و همچنین مقدار کلیه انرژیهای ساختمان از جمله تابش خورشیدی، گرمایشی، سرمایشی، بارهای داخلی و بارهای ناشی از تهویه و نفوذ هوا به تفکیک ماههای سال برای ابعاد متداول ساختمانهایی که بر اساس روشهای غیرفعال خورشیدی دارای کمترین انرژی کمکی شده اند، محاسبه شده است و با تأمین انرژی الکتریکی از روشهای فعال خورشیدی امکان دستیابی به ساختمانی با مصرف خالص انرژی صفر بررسی شده است.برای حل عددی معادلات دیفرانسیل و جبری سیستمهای خورشیدی طراحی شده از نرم افزار TRNSYS و از روش اصلاح شده اویلر استفاده شده است. با توجه به نتایج این پژوهش، مشخص گردید که امکان بهره بر,2,533218
چگونه می‌توان انتشار آلاینده در سطح آبهای زیرزمینی از طریق کنترل و تصفیه شیرابه‌ها را جلوگیری کرد؟,"از تخریب مواد زائد در خاکچال ها موجب پدیدار شدن مشکلات زیست محیطی که منجربه خروج گازهای گلخانه ای وهمچنین تولید سیالی به نام شیرابه که دارای مقادیر بالایی از یون آمونیم وترکیبات آلی می گردد میباشد.چنانچه شیرابه کنترل ویا تصیفه نگردد موجب انتشار آلاینده در سطح آبهای زیرزمینی می گردد.روش های بکارگرفته در تصفیه متنوع وبا عملکرد های خاص می باشند، باتوجه به اینکه هرروزه عناصر مختلفی در شیرابه ها دیده می شوند روش های موجودجهت حذف عناصر ناکارآمد می باشد.در این تحقیق از روش ترکیبی  MBR  ثقلی وباپس تصفیه اکسیداسیون شیمیایی جهت کاهش میزان COD، BOD، رنگ و کدورت و غیره استفاده گردید.در این مطالعه از یک واحد MBR از جنس پلی اتیلن به حجم مفید 22 لیتر که در داخل آن یک مدول غشایی Hollow Fiber با مساحت سطح m2 2 و از جنس پروپیلن و در بالاتر از یک دیفیوزر دستی به قطر 20 سانتی‌متر قرار دارد، استفاده شده است. این غشاها از گروه نانوفیلترها بوده و دارای منافذ nm 100هستند طراحی و ساخته شده است.
در این برسی عملکرد MBR  ثقلی توسط اندازه‌گیری شاخص های کیفی مانند COD، BOD، رنگ، کدورت و فلزات سنگین مورد ارزیابی قر",2,802863
مشکلات اصلی در ایجاد مدل‌های کسب‌وکار مبتنی بر استراتژی‌های الکترونیکی چیست؟,هم‌اکنون چالشی عظیم برای ایجاد مدل‌های کسب‌وکار مبتنی بر استراتژی‌های الکترونیکی به‌و‌جود آمده است تا سازمان‌های سنتی و با اینرسی زیاد  را به سازمان‌های پویا و با اینرسی کم  تبدیل کند. دستیابی به چنین سازمان‌هایی، بدون بهره‌مندی از طراحی مدل‌های موفق و شناخت استانداردهای مربوط به آن صنعت امکان‌پذیر نیست. البته تاکنون تحقیقات معدودی به طراحی مدل کسب‌وکار برای کسب‌وکارهای آینده و درحال ظهور پرداخته‌اند. ما در این تحقیق کوشیده‌ایم تا پس از مرور ادبیات مدل‌های کسب‌وکار، مدل کسب‌وکار شرکت مخابرات ایران را استخراج، و در ادامه چارچوبی را جهت تحقق مدل کسب‌وکار B2B شرکت مخابرات ایران، شناسایی و زیرساخت‌های لازم جهت تحقق آن پیشنهاد نماییم. البته شناسایی استاندارد eTOM را که می‌توان از آن به‌عنوان ارزش‌های قابل‌ارائه شرکت‌های مخابراتی نام برد، را لازم دانسته و مورد توجه قرار داده‌ایم(پیوست). به‌این منظور، در تحقیق حاضر از آنتالوژی BMO  که در رسالة دکترای اُستروالدر (2004) تا دو سطح کسب‌وکار شرکت مخابرات ایران(وضع موجود و وضع انتظار) بهره‌مند، و نقش IT در تقویت هریک از اجزاء تبیین شده است و نیز بر,2,534556
چگونه می‌توان استراتژی سرمایه‌گذاری بلندمدت را بین دارایی‌های مختلف نظیر بورس اوراق بهادار، طلا و ارز تعیین کرد؟,در سال‌های گذشته یکی از مهمترین موضوعات مالی، ارتباط بازارهای مختلف و اثر متقابل آنها بوده است. مسأله اساسی این است که استراتژی سرمایه‌گذاری بلندمدت در بین دارایی‌های مختلف نظیر بورس اوراق بهادار، طلا، ارز، املاک و مستغلات نامشخص بوده و معلوم نیست که علیرغم رکود و رونق موقت برخی از دارایی‌ها (همانند بورس و طلا) و همچنین تأثیرات آنها بر یکدیگر، اولویت‌بندی سرمایه‌گذاری (به لحاظ ریسک و بازده) بین دارایی‌های فوق چگونه تخصیص یابد. هدف از انجام این تحقیق، پیشنهاد اوزان بهینه سرمایه‌گذاری در دارایی‌های فوق با تمرکز بر روابط بین این بازارها با استفاده از رویکرد VAR-Multivariate GARCH و ارزش در معرض ریسک می‌باشد. بدین منظور با استفاده از اطلاعات شاخص دارایی‌های فوق در فاصله زمانی فروردین 1381 تا فروردین 1390،  مرز کارایی سرمایه‌گذاری رسم شده است. نتایج حاصل نشان می‌دهد در سطح ارزش در معرض صفر بدلیل تغییرات کم واریانس، بیشترین وزن سرمایه‌گذاری در املاک و مستغلات و در بالاترین سطح ارزش در معرض ریسک، بیشترین وزن سرمایه‌گذاری در بورس اوراق بهادار تهران بدلیل بازده بالاتر، تخصیص یافته است.,2,535085
چه ویژگی‌های لرزه‌ای باید برای اثبات آسیب ناپذیری سازه های کش بستی مورد بررسی قرار گیرد؟,"اگرچه متون علمی نسبتاً فراوانی در مورد رفتار لرزه ای سازه های فضاکار شبکه ای وجود دارد، اما هیچ کدام از آنها برای سازه های کش بستی مناسب نیستند. زیرا در سازه های کش بستی به منظور ایجاد سختی، بایستی در اعضای کابلی کرنش اولیه ایجاد شود و تحلیل این سازه ها بر پایه این مسئله استوار است. اکثراً از سازه های کش بستی با عنوان سازه های آسیب ناپذیر در برابر زلزله یاد شده است. با این حال، این ویژگی سازه های کش بستی باید از طریق مطالعه رفتار لرزه ای این سازه ها اثبات شود. سازه های کش بستی که اخیرا موردتوجه وتحقیق قرار گرفته اند می توانند به عنوان سازه های سبک برای پوشش به کار بروند‚چلیک های کش بستی از جمله این سازه ها بوده وکار اندکی در مورد رفتار این نوع سازه ها به خصوص رفتار لرزه ای و دینامیکی آنها صورت گرفته است.
در این تحقیق، پس از تعریف سازه های کش بستی و توصیف بافتارهای متنوع آنها، مطالعات استاتیکی و آزمایشگاهی و دینامیکی انجام شده روی این سازه ها مرورمی شود.سپس با هدف بررسی رفتار لرزه ای چلیک های کش بستی و ارائه پاسخ های مناسب در خصوص نقش پارامترهای مختلف در رفتار لرزه ای سازه های چلیک های",2,534311
آیا گیاه گون زرد با نام علمی Astragalus verus Orlivie در کشور ایران به وفور یافت می‌شود؟,"کشور ایران خاستگاه اصلی و یکی از مراکز مهم تنوع گونه های گون است.گیاه گون زرد با نام علمی Astragalus verus Orlivie یکی از گونه‌های مولد کتیرا است که در سراسر رشته کوه‌های البرز و زاگرس پراکنده است.کتیرای این گیاه دارای کاربرد‌های فراوانی درصنایع غذایی، دارویی و صنعتی است که این گیاه را در زمره گیاهان صنعتی قرار‌می‌دهد. صمغ کتیرا از جمله ترکیبات ثانویه است که در شرایط درون شیشه‌ای در کشت تعلیق نیز تولید می‌شود. در این تحقیق اثر انواع محیط‌های مختلف هورمونی BA و 2,4-D در شرایط درون شیشه ای بر کالوس زایی و تولید صمغ کتیرا مورد بررسی قرار گرفت.
 هم‌چنین اثر اسید سولفوریک،آب گرم و اسید جیبرلیک بر  جوانه زنی بذور این گیاه مورد بررسی قرار گرفت. نتایج نشان داد که تفاوت معنی دار (در سطح یک درصد) بر میزان جوانه‌زنی بین بذور تیمار شده با تیمار شاهد داشت، بیشترین میزان جوانه‌زنی در تیمارهای با اسید سولفوریک غلیظ ارزیابی شد. اختلاف معنی داری در میزان القای کالوس در هنگام استفاده از هورمون BA در غلظت های مختلف در مقایسه باشاهد(فاقد هورمون) مشاهده شد. در کشت سوسپانسیون اثر غلظت‌های مختلف هورمونی درا",2,535574
چه پژوهش‌هایی در زمینه تحلیل عملکرد شبکه‌های خیابانی در ارتباط با وقوع حوادث تصادفی انجام شده است؟,"اگرچه پژوهش در زمینه تحلیل عملکرد شبکه های خیابانی در ارتباط با وقوع حوادث تصادفی در آنها نزدیک به دو دهه است که آغاز گردیده، ولی پژوهشهای به نسبت کمی در زمینه بهبود عملکرد این نوع شبکه ها صورت گرفته است. با توجه به سابقه این مطالعات، وقوع حوادث و اثرات آن  روی شبکه های خیابانی را می توان در سه گروه به شرح زیرتقسیم بندی کرد. (الف) رویدادهائی (چون تصادف های ترافیکی) که وقوع آنها در شبکه موجب بروز اختلال در بخشهائی از شبکه در مدتی کوتاه (در حدود چند دقیقه تا چند ساعت) می شود. (ب) رویدادهائی که وقوع آنها موجب اختلال در شرایط ترافیکی شبکه در مدتی دراز (در حدود چند روز تا چند ماه) می شود. و، (پ) رویدادهائی که موجب بروز نوسان در حجم ترافیک یا زمان سفر در خیابانها و مسیر های مبدا- مقصد می شود.
اگرچه بخش عمده‌ای از زیانهای ناشی از وقوع تصادف‌های ترافیکی، خسارات مالی و جانی است، ولی اثراتی که وقوع این حوادث بر سفر دیگر مسافرین در شبکه می‌گذارد را نباید نادیده گرفت. وقوع تصادف در خیابانهای شلوغ و با ظرفیت بالا مشکلات زیادی در وضعیت ترافیکی شبکه ایجاد می کند، درحالی که ممکن است مشکلات یاد شده در",2,527001
چه عواملی باعث کاهش سهم ایران از صادرات بادام در جهان شده است؟,ایران یکی از مهم‌ترین مناطق خاستگاه و تنوع گونه‌های وحشی بادام در دنیا است و سومین تولیدکننده این محصول در جهان می‌باشد. بادام ایرانی بالاترین ارزش را در جهان داشته ولی با این حال سهم ایران از صادرات این محصول فقط 0/22 درصد است. این مسئله ممکن است به دلیل فقدان سیستم درجه‌بندی و بسته‌بندی مناسب و عدم رعایت استاندارد کیفی بادام در کشور ‌باشد. لذا هدف کلی از این تحقیق، دست‌یابی به یک تکنولوژی با کارائی بالا و کم هزینه، برای درجه‌بندی غیرمخرب بادام به‌صورت آن‌لاین بود. برای نیل به این هدف، اقدام به ساخت و ارزیابی نمونه آزمایشگاهی یک سیستم درجه‌بندی ضربه-صوتی هوشمند و خودکار مرکب از واحد تغذیه، واحد تشخیص آکوستیک و جداکننده نیوماتیکی محصول به همراه سیستم کنترل‌کننده الکترونیکی گردید. نمونه‌های بادام مورد استفاده در این تحقیق، شامل پنج ژنوتیپ و سه رقم در سه کلاس سنگی، نیمه‌کاغذی و کاغذی بودند که برخی از خواص فیزیکی آن‌ها اندازه‌گیری شد. آزمایش‌ها در سه مرحله : الف- شناسایی و طبقه-بندی ارقام و ژنوتیپ‌های مختلف بادام بر اساس اختلاف آن‌ها در ضخامت و سختی پوسته در سه کلاس سنگی، نیمه‌کاغذی وکاغذ,2,802718
چه خساراتی شته جالیز Aphis gossypii بر محصولات اقتصادی وارد می‌کند؟,شته جالیز Aphis gossypii از خانواده Aphididae و راسته  Hemipteraآفتی پلی‌فاژ و دارای انتشار جهانی است. این آفت سبب خسارت شدیدی به محصولات مهم اقتصادی می‌شود. هدف از این مطالعه بررسی تنوع ژنتیکی شته جالیز روی میزبانهای مختلف در مناطق متفاوت جغرافیایی شامل غرب استان مازندران و شرق استان گیلان بود. به منظور انجام این بررسی شته جالیز از روی میزبان‌های مختلف در سه منطقه غرب مازندران و چهار منطقه شرق گیلان جمع آوری و شته‌ها به دو گروه بالدار و بی‌بال تقسیم شدند. نشانگر مولکولی RAPD برای ارزیابی تنوع ژنتیکی 36 شته جالیز مورد استفاده قرار گرفت. DNA استخراج شده از شته‌ها با استفاده از واکنش زنجیره‌ای پلیمراز با 18 آغازگر تصادفی تکثیر شد. در این مطالعه، 18 آغازگر مورد استفاده 275 باند چندشکلی، بطور متوسط 277/15 باند به ازای هر آغازگر، تولید کردند. تعدادی از باندهای RAPD در جمعیت خاصی تکثیر شدند. تشابه و فاصله ژنتیکی بدست آمده بر اساس شاخص نی، نشان‌دهنده تشابه ژنتیکی بالا و فاصله ژنتیکی کم بین جمعیت‌های بال‌دار و بی‌بال بود. علاوه بر این، آنالیز داده‌ها تنوع ژنتیکی درون جمعیتی زیادی را بر اساس نو,2,531258
آیا فرسایش بادی تنها به وزش باد و حمل ذرات توسط آن بستگی دارد؟,فرسایش بادی با وزش باد و حمل ذرات توسط آن شروع می‌شود. میزان مواد حمل شده توسط فرآیند باد به عوامل متعددی بستگی دارد. بنابراین یکی از پیچیدگی‌های سیستم‌های بادرفتی، بررسی رفتار رسوبات بادی در فرآیند فرسایش بادی می‌باشد. فناوری اندازه‌گیری حمل ذرات خاک به وسیله‌ی باد به دو دسته-ی مستقیم و غیرمستقیم تقسیم می‌شود. در فناوری غیرمستقیم، با یک تحلیل زمانی متفاوت، نقاطی از چند روز تا چندین دهه برای مشاهده‌ی فرسایش و رسوب‌گذاری در نظر گرفته می‌شوند و در فناوری اندازه‌گیری مستقیم، دبی ذرات انتقال یافته به وسیله‌ی باد در یک مکان ثابت توسط تله‌های رسوب‌گیر نمونه‌برداری می‌شوند. در این پژوهش، منطقه‌ی کرسیای داراب به عنوان منطقه‌ی مورد مطالعه به منظور مدل‌سازی رسوبات بادی با استفاده از شبکه‌های عصبی مصنوعی و مدل رگرسیونی در نظر گرفته شد.  به منظور اجرای این تحقیق، ابتدا از روش اندازه‌گیری مستقیم و از تله‌ی‌ رسوب‌گیر MDCO جهت نمونه-برداری از رسوبات استفاده گردید. سپس نمونه‌برداری از رسوبات در سه تیپ گیاهی Halocnemum strobilaceum، Tamarix aphylla  و Juncus gerardi به منظور تأثیر پوشش‌های گیاهی در به,2,533789
چه ایده‌هایی در مورد مخابرات مشارکتی در سال‌های اخیر به طور خاص توجه جلب کرده‌اند؟,در سال های اخیر استفاده از ایده مخابرات مشارکتی توجه فراوانی را به خود جلب نموده است. مخابرات مشارکتی به عنوان راه حل مناسبی برای کاهش اثرات مخرب فیدینگ مطرح است. نیاز روزافزون به طیف فرکانسی نیز منجر به پیشنهاد شبکه های رادیویی شناختگر گردید. با تلفیق این دو روش شبکه هایی به نام شبکه های شناختگر مبتنی بر رله معرفی شده است. در این پایان نامه مساله شکل دهی پرتو در این شبکه ها مورد بررسی قرار می گیرد. سیستم معرفی شده از دو شبکه اولیه و ثانویه تشکیل شده که هر کدام از آنها از یک فرستنده و یک گیرنده تک آنتنی برای ارسال و دریافت اطلاعات استفاده می کنند. در شبکه ثانویه، یک رله چند آنتنی مورد استفاده قرار می گیرد. هر دو شبکه بطور همزمان و از طریق یک باند فرکانسی اطلاعات را ارسال می کنند که این امر موجب ایجاد تداخل و افت عملکرد آنها می شود. هدف اصلی این پایان نامه محاسبه بهینه ضرایب شکل دهی پرتو در رله به منظور کنترل تداخل بین شبکه ها و کنترل توان رله است. برای محاسبه ماتریس شکل دهی پرتو دو مساله بهینه سازی تعریف می شود. در مساله اول حداقل سازی توان مصرفی رله با هدف تضمین کیفیت سیگنال های دریاف,2,530619
چه روش‌هایی برای بررسی و مقایسه میزان روحیات کارآفرینانه در این تحقیق به کار گرفته شده است؟,هدف کلی این تحقیق بررسی و مقایسه میزان روحیات کارآفرینانه مدیران و کارشناسان بنگاه های کوچک و متوسط موفق با مدیران و کارشناسان سایر بنگاه های کوچک و متوسط بخش کشاورزی استان ایلام می باشد. این تحقیق به لحاظ هدف کاربر دی می باشد و از نوع توصیفی- همبستگی بوده که به صورت پیمایشی و با استفاده از پرسشنامه انجام شده است . جامعه آماری مورد نظر را کلیه مدبران و کارشناسان بنگاه های کوچک و متوسط بخش کشاورزی استان ایلام تشکیل دادند(492) که از این میان تعداد 175 نفر به روش نمونه گیری طبقه ای متناسب به عنوان نمونه آماری انتخاب شدند. روایی ظاهری و محتوایی پرسشنامه عیناً مستند به پرسشنامه معرفی شده در کتاب ابزار سنجش ویژگی های شخصیتی کارآفرینان ایرانی(زالی وکرد نائیج، 1386) می‌باشد پایایی ابزار پژوهش نیز با آنجام آزمون مقدماتی از طریق توزیع 30پرسشنامه در بین مدیران و کارشناسان بنگاه های بنگاه های کوچک و متوسط بخش کشاورزی استان ایلام مورد تأیید قرار گرفت و ضریب اطمینان آلفای کرونباخ بخش های مختلف با استفاده از نرم افزار SPSS، 0/78 محاسبه شد. نتایج حاصل از یافته ها نشان داد که روحیه کانون کنترل ، نیاز ب,2,530844
چالش‌هایی که در زمینه جانمایی-قیمت‌گذاری وجود دارد چیست؟,"این تحقیق روی نادقیق بودن داده‌ها در زمینه یک چالش صنعتی مهم یعنی مسئله جانمایی-قیمت‌‌گذاری، ارائه مدل مناسب و روش حل برای آن تحت شرایط فازی متمرکز شده است. دربازارانحصاری، یک خرده فروش چند تسهیلی برای ارائه محصولی (خدمتی) مشخص به جمعیت مشتریانی که ممکن است حساسیت‌های متفاوتی نسبت به قیمت و فاصله داشته باشند، نیازمند انتخاب همزمان مکان‌های بهینه تسهیلات و سیاست بهینه قیمت‌گذاری فاصله‌ای است تا به هدف خود که ماکزیمم کردن سود کل می‌باشد، دست یابد.
 اما توجه به این نکته ضروری است که بعضی از متغیرهای مسئله نظیر حساسیت به قیمت و حساسیت به فاصله مشتری و از همه مهمتر، مطلوبیت مشتری نادقیق بوده و در دنیای واقعی با حالت‌های زبانی انطباق بیشتری دارند. تخصیص یک ارزش دقیق و غیرفازی به این متغیرها بعنوان یک قضاوت ذهنی، مشکل و دور از واقعیت است. بنابراین تحلیل مسئله جانمایی-قیمت‌گذاری تحت شرایط فازی حائز اهمیت بسیار است. ما یک سیستم خبره فازی را با هدف ساده‌سازی و کارامدتر-کردن سیستم برای برخورد با این چالش طراحی کرده‌ایم؛ کاری که تا کنون انجام نشده است.
 در این تحقیق، پس از معرفی مختصرمسئله و مدل",2,532320
چرا انعطاف‌پذیری برنامه‌ریزی فرآیند در مدل تولید کارگاهی (JS) کلاسیک وجود ندارد؟,"برنامه‌ریزی فرآیند و زمانبندی دو فعالیت اساسی در سیستمهای تولیدی است. در مدل تولید کار کارگاهی (JS) کلاسیک هیچ نوع انعطاف‌پذیری در برنامه‌ریزی فرآیند وجود ندارد. این در حالی است که در سیستمهای ساخت و تولید امروزی، انعطاف‌پذیری، به عنوان یک مکانیزم پاسخ در برابر تغییرات افزایش یافته است. در چنین سیستمهایی یک قطعه ممکن است دارای چندین برنامه فرآیند منعطف باشد. با وجود ارتباط تنگاتنگ بین دو فعالیت برنامه‌ریزی فرآیند و زمانبندی، در بسیاری از تحقیقات قبلی این دو فعالیت به صورت جدا یا متوالی در نظر گرفته شده است. تحقیقات نشان داده است که حدود 30% برنامه‌های فرآیندی که به صورت جدا و بدون توجه به شرایط کارگاه تعیین می‌شوند، در سطح کارگاه تغییر داده می‌شود. یکپارچه‌سازی این دو فعالیت راه کاری موثر برای جلوگیری از تحمل هزینه و تلاشهای اضافی ناشی از این نوع تغییرات، و استفاده از انعطاف‌پذیری موجود در راستای بهبود عملکرد سیستم است.
در تحقیق حاضر یکپارچه‌سازی برنامه‌ریزی فرآیند و زمانبندی تولید در سیستم ساخت و تولید کار کارگاهی چند مسیره با تابع هدف کمینه‌سازی ماکزیمم زمان تکمیل قطعات (C_max ) مطا",2,534809
چه راهکارهایی برای غلبه بر مشکلات تولید مشکلات برای سیستم توزیع وجود دارد؟,بجهت پیشرفت سریع ادوات الکترونیک قدرت، بارهای غیرخطی در زمینه های مختلف به کار گرفته شده اند که موجب تزریق هارمونیک به سیستم قدرت می گردند. مقادیر بالای هارمونیک منجر به تولید مشکلاتی برای سیستم توزیع می گردد. یکی از راه های غلبه بر این مشکلات استفاده از فیلترهای فعال یا غیرفعال می باشد. از فواید فیلترهای غیرفعال، سادگی نگهداری و هزینه و پیچیدگی کمتر آنها می باشد. اما معایب متعددی نیز دارند: رزونانس سری و موازی، گذشت عمر اجزای غیرفعال و وابستگی به امپدانس منبع. برای غلبه بر این معایب، از فیلترهای فعال استفاده می گردد. در مقایسه با سایر فیلتر های فعال، استفاده از فیلتر فعال موازی به علت عملکرد و هزینه مناسب، بیشتر مرسوم می باشد. این نوع از فیلتر بر مبنای تزریق جریان هایی با مقادیر برابر ولی با علامت مخالف برای اجزای هارمونیکی، با هدف حذف نمودن آنها می باشد. بررسی روش های مختلف تشخیص اغتشاشات ولتاژ و جریان، مقایسه کارایی آن ها در شناسایی آلودگی شبکه و تعیین روش موثر به عنوان تکنیک استخراج هارمونیک با توجه به اهداف جبرانسازی، اولین گام در طراحی این فیلترها محسوب می شود که در این پایان نام,2,531440
آیا دیابت می‌تواند سبب بیماری‌های قلبی شود؟,دیابت یکی از بیماری‌های رایج در جوامع امروزی است که دارای عوارض خطرناکی می‌باشد. این بیماری اگر چه گونه‌ای از بیماری های قلبی محسوب نمی‌شود ولی اغلب سبب بیماری‌های قلبی می شود. شخص زمانی به بیماری دیابت مبتلا می شود که بدن قادر به تامین انسولین مورد نیاز برای موازنه کردن گلوکز خون نباشد یا سلول‌های بدن توان استفاده از انسولین تولید شده را نداشته باشند.تشخیص بیماری دیابت و یا آگاهی یافتن از احتمال بالای ابتلاء به این بیماری همواره کار آسانی نخواهد بود. چرا که این بیماری علائم متعددی را بروز می-دهد که بعضی از این علائم در سایر بیماری‌ها نیز وجود دارند. بنابراین پزشک برای اتخاذ یک تصمیم مناسب، باید نتیجه‌ی آزمایش‌های بیمار و تصمیم‌های که در گذشته برای بیماران با وضیعت مشابه گرفته است، را بررسی کند. با توجه به حجم انبوه تعداد بیماران، می‌توان از یک ابزار داده‌کاوی برای شناخت الگوی بیماران قبلی استفاده کرد. در این پایان‌نامه قصد داریم از یک الگوریتم دسته‌بندی مبتنی بر قانون برای دسته‌بندی بیماران دیابتی استفاده کنیم. برای استخراج قوانین فازی از یک الگوریتم کلونی مورچه‌ها استفاده شده است. ای,2,532594
چه مشکلاتی بازار برق تجدید ساختار را برای تولیدکنندگان برق ایجاد می‌کند؟,"در بازار برق تجدید ساختار یافته، تولیدکنندگان برق به فروش برق تولیدی و سایر خدمات جانبی نظیر رزرو گردان می‌پردازند. بازار برق به علت تعداد محدود عرضه‌کنندگان، نیاز به سرمایه‌گذاری کلان برای ورود به صنعت برق، محدودیت‌های سیستم انتقال و تلفات انتقال شرایط یک رقابت کامل را ندارد.  در چنین شرایطی نه تنها تعیین میزان فروش برق تولیدی و میزان فروش رزرو اهمیت دارد بلکه ارائه قیمت فروش مناسب به بازار حائز اهمیت بسزایی می‌باشد.
یکی از روشهای تعیین پیشنهاد بهینه، روش تئوری بازیها می‌باشد. تئوری بازیها یک تکنیک ریاضی به منظور تجزیه و تحلیل مسائلی است که دربرگیرنده موقعیت‌های در تعارض می‌باشد. هدف از این تکنیک یافتن نقطه تعادل نش با در نظر گرفتن واکنش همه بازیکنان می‌باشد. اکثر رقاتبهای بازارهای برق یک بازی ایستا هستند و در فرم نرمال مطالعه می‌شوند. مدلی که در این پایان‌نامه برای بازار در نظر گرفته می‌شود یک بازی ایستا با اطلاعات کامل و تمام است که مسئله استراتژی بهینه قیمت را در دو سطح حل می‌کند. در سطح اول ژنراتورها سود خود را حداکثر می‌کنند و در سطح دوم بهره‌بردار مستقل بازار با توجه به محدودیت",2,535255
چرا روش گالرکین برای تحلیل المان های محدود در جریان سیالات قابل استفاده نیست؟,در این تحقیق از الگوریتم جداسازی بر پایه مشخصه یا سی- بی- اس برای مدلسازی جریان در کانال ها استفاده گردیده است. این روش بر پایه المان های محدود می باشد و در سال 1995 توسط زینکوویچ و کدینا برای حل جریان سیالات ارائه گردید. برای مدلسازی جریان در کانال ها با استفاده از این روش، در این تحقیق برنامه نویسی به زبان Visual C++ انجام گرفته است. برای تحلیل المان های محدود در جامدات، معمولا از روش گالرکین استفاده می گردد که در آن توابع وزن همان توابع شکل می باشد. متاسفانه روش گالرکین در سیالات قابل استفاده نیست و سبب واگرایی نتایج می گردد. یک راه حل معمول، استفاده از روش پترو- گالرکین بالادست در امتداد خطوط جریان می باشد. این روش توابع وزن را برای ترم های انتقال مشخص می نماید و در هر قدم محاسباتی باید مجددا بر اساس جهت سرعت ها محاسبه گردد. برنامه به یک ایجاد کننده مش برای شبکه بندی مسائل مجهز شده است. توضیحات کامل برنامه نویسی در فصل ششم داده شده است و هم چنین کد برنامه ضمیمه گردیده است. جهت اثبات و اعتبار بخشیدن به تحقیق، جریان دو بعدی در lid- driven cavity و backward- facing step و همچنین جریان,2,528119
چه عواملی باید در نظر گرفته شوند تا بهترین روش فرازآوری مصنوعی برای افزایش تولید نفت در هر میدان مشخص شود؟,"نرخ تولید از میادین نفتی با گذشت زمان، در اثر عوامل مختلف کاهش پیدا میکند. لذا نیاز است از روشهایی استفاده شود که تا حدی این میزان کاهش نرخ تولید را جبران کند. یکی از روشهای افزایش میزان تولید استفاده از فرازآوری مصنوعی می باشد.        
فرازآوری مصنوعی جزء روشهای افزایش میزان  تولید از طربق کاهش فشار ته چاهی می باشد. فرازآوری مصنوعی شامل پنج روش می باشد و بسیار مهم است که بهترین روش برای هر میدان با توجه به شرایط میدان انتخاب گردد. در این پایان نامه ابتدا با استفاده از روشهای تصمیم گیری چند معیاره ، روش مناسب برای میدان مورد نظر انتخاب می شودکه روشهای در نظر گرفته شده شامل TOPSIS ، SAW   و ELECTRE  می باشد. (برنامه هر کدام از این روشهای چند معیاره توسط نرم افزار Matlab. نوشته شده است)  در این تحقیق از 24  خاصیت برای یکی از میادین نفتی ایران استفاده شده است.  مقایسه نتایج بدست آمده از روشهای تصمیم گیری چند معیاره به منظور انتخاب بهترین روش فرازآوری  در این میدان استفاده می شود. سپس روش  انتخاب شده را برای میدان مورد نظر با استفاده از برنامه شبیه ساز لوله‌ به کار برده  وتاثیر آن در افزا",3,532903
چه روش‌هایی برای تشخیص و رفع خطا در اینورترهای چندسطحی استفاده می‌شود و چگونه این روش‌ها می‌توانند بهبود عملکرد موتور و سیستم درایو را فراهم کنند؟,"در سال‌های اخیر استفاده از درایو چندسطحی ماجولار به دلیل مزایای آن گسترش روزافزونی پیدا کرده است و به دلیل آنکه از این نوع درایو در صنایع سنگین و توان بالا استفاده می‌گردد و قابلیت اطمینان این صنایع از اهمیت بالایی برخوردار است، لذا عملکرد موتور و سیستم درایو آن بدون هیچ گونه وقفه‌ای مطلوب است. بنابراین تشخیص و رفع خطا در اینورترهای چندسطحی امری ضروری به نظر می‌رسد. تا کنون روش‌های متعددی ازجمله استفاده از تبدیل ویولت، تبدیل پارک و تبدیل فوریه به همراه روش‌های کلاس‌بندی همچون شبکه عصبی و یا SVM جهت تشخیص خطا به‌کار رفته‌اند. با استفاده از تحلیل هیستوگرام می‌توان با پیچیدگی محاسباتی بسیار کمتر و زمان کوتاه‌تر ویژگی‌های شکل موج خروجی را استخراج و سپس طی الگوریتمی عملکرد موتور را به حالت متعادل برگرداند. 
شبیه‌سازی مدار قدرت اینورتر چندسطحی در محیط نرم‌افزار PSIM و شبیه‌سازی بخش مدولاسیون و نیز تشخیص خطا در محیط SIMULINK/MATLAB انجام گرفته و بین این دو محیط توسط SIMCOUPLER ارتباط برقرار گشته است. در بخش مدولاسیون روش جدیدی پیشنهاد و شبیه‌سازی شده است و سپس شکل موج‌های بدست آمده از ولتاژ",3,531223
چه روش‌هایی برای تحلیل قدرت بازار در این پژوهش پیشنهاد شده است؟,مسأله قدرت بازار از دیرباز در اقتصاد به عنوان یک چالش مطرح بوده و با توجه به خصوصیات ویژه بازار برق بیش از پیش مورد توجه محققان و مدیران صنعت برق قرار گرفته است. در این رساله، عملکرد بازار پول در افق زمانی کوتاه مدت از دیدگاه نهاد قانون گذار با تأکید بر مسأله قدرت بازار مورد مطالعه قرار می گیرد. روش های پیشنهادی جهت تحلیل قدرت بازار در دو محور اصلی ارائه گردیده است. در محور اول، هدف دستیابی به اطلاعات واقع بینانه از میزان به کارگیری قدرت بازار در چارچوب طرح های بازار برق پیش از پیاده سازی این طرح ها می باشد. در این راستا، مسأله مرز تمرکز جهت تعیین بازه ای برای تغییرات شاخص تمرکز بازار معرفی و فرمول بندی شده است. سیاست‌های جداسازی سرمایه های تولید به عنوان یکی از کاربردی ترین روش های کاهش قدرت بازار در بازارهای تازه راه اندازی شده به کمک این روش ارزیابی گردیده است. مقایسه این نتایج با نتایج به دست آمده از شبیه ساز عامل محور مرسوم، کارایی روش تحلیل تمرکز در شناسایی پتانسیل های قدرت بازار را آشکار می سازد. در این رساله، روش یادگیری Q-learning فازی جهت مدل سازی رفتار استراتژیک تولیدکنندگان,3,528228
چه اهمیتی دارد که روش‌های شبیه‌سازی مبتنی بر قانون یکی از موارد مورد بررسی در سیستم‌های پیچیده باشد؟,شبیه سازی و مدلسازی، یکی از جنبه های بسیار مهم و گاها حیاتی، در بسیاری از زمینه های علمی و مهندسی هستند. شبیه سازی و بررسی سیستم های پیچیده معمولا کمک بزرگی را برای زندگی بهتر انسان ها فراهم آورده است. سیستم های پیچیده شامل دامنه ی بسیار بزرگی از مسائل است که از علوم مختلف برای پیشبرد اهداف آن مطالعات متنوعی صورت می گیرد. شبیه سازی کامپیوتری یکی از اهدافی است که در زمینه ی سیستم های پیچیده برای ارائه ی شبیه سازی های واقعی تر و کاراتر همیشه مطرح بوده است. روش های شبیه سازی مبتنی بر قانون یکی از مهم ترین رویکردها در شبیه سازی دسته ای است که به تعدد، تا به حال مورد استفاده قرار گرفته است. مطالعات جدید در این زمینه بیان داشته اند که شبیه سازی های مبتنی بر قانون دارای محدودیت هایی است که در مسائل بزرگ تر و پیچیده تر مشکلاتی را به همراه خواهد داشت. در پژوهش حاضر از روش یادگیری به جای استفاده از قوانین از پیش تعریف شده در شبیه سازی دسته ای استفاده شده است. با توجه به اینکه مفهوم یادگیری در ازدحام های دنیای واقعی نیز وجود دارد به نظر می رسد که استفاده از مفهوم یادگیری در شبیه سازی دسته ای باعث,3,802812
چه عواملی باید در نظر گرفته شوند تا مکان‌یابی صحیح دیوارهای برشی با در نظر گرفتن تاثیر دیوار بر رفتار کلی سازه و قیود معماری انجام شود؟,دیوارهای برشی به دلیل سختی و مقاومت درون صفحه‌ای  بالا و امکان تحمل بارهای جانبی و ثقلی بصورت همزمان، اثرات مطلوبی بر روی عملکرد ساختمان‌ها دارند. همچنین با توجه به اینکه موقعیت دیوارهای برشی تاثیر مستقیم بر فاصله میان مرکز جرم و مرکز سختی طبقات خواهد داشت، مکان  قرارگیری دیوارهای برشی در ساختمان های با سیستم دوگانه، می‌تواند از مهمترین تصمیم‌های یک مهندس سازه محسوب گردد. برای مکان یابی صحیح دیوارهای برشی باید علاوه بر در نظر گرفتن تاثیر دیوار بر رفتار کلی سازه به قیود معماری هم توجه داشت. در تحقیق انجام شده با استفاده از الگوریتم ژنتیک، علاوه بر موقعیت مناسب دیوارهای برشی در پلان، امکان قطع دیوار برشی در ترازی از طبقات، به عنوان یکی از متغییرهای بهینه سازی مورد بررسی قرار گرفته است. برای این منظور از نرم افزار SAP 2000، برای مدل ساز و تحلیل سازه و از زبان برنامه نویسی ویژوال بیسیک برای برنامه نویسی مسئله استفاده گردیده است. در انتها با تشریح چند مثال کارآیی روش پیشنهادی مورد ارزیابی قرار داده شده است.,3,528888
چه تغییرات اساسی در نظام مدیریت شبکه‌های برق و بهره برداری از آن به دنبال تجدید ساختار در سیستم‌های قدرت ایجاد شده است؟,"با بوجود آمدن تجدید ساختار در سیستم‌های قدرت، تغییرات اساسی در نظام مدیریت شبکه‌های برق و بهره برداری از آن بوجود آمده است. یکی از مسایل مهم در محیط تجدید ساختار یافته تامین سرویس‌های جانبی می‌باشد. در ساختار جدید، سرویس‌های جانبی بعنوان یک کالای تجاری محسوب می‌شوند. از جمله مهمترین این سرویس‌های جانبی کنترل بار- فرکانس  (LFC) است. یکی از مهم‌ترین مسایل در LFC طراحی کنترل کننده‌ای است که با وجود عدم قطعیت‌های مختلف سیستم و قراردادهای مختلف بین کمپانی‌های تولید و مصرف مختلف، پاسخ دینامیکی بهینه‌ای داشته باشد.
فرایند طراحی کنترل کننده‌هایی که در پایان نامه انجام شده است عبارت است از:
1- در ابتدا در شرایط مختلف (نقاط کار مختلف) کنترل کننده‌های PID معمولی طراحی شده و سپس با استفاده از اطلاعات کنترل کننده‌های PID به دست آمده برای آموزش دادن ANFIS استفاده شده است، بدین ترتیب کنترل کننده PID تطبیقی (PID فازی از نوع سوگنو) طراحی شده که ضرایب آن در شرایط کاری مختلف به صورت تطبیقی تغییر می‌کنند. همچنین کارایی آن با  PIDمعمولی مقایسه گردیده است.
2- در این پایان نامه یک ساختار جدید کنترل کننده",3,534825
چه مشکلاتی ممکن است در خطوط انتقال گاز و تجهیزات مربوط به گاز طبیعی به وجود آید؟,"یکی از مشکلاتی که در خطوط انتقال گاز، سیستم ها و تجهیزات مربوط به گاز طبیعی ممکن است به وجود آید تشکیل هیدرات است. تشکیل هیدرات علاوه بر ایجاد افت فشار، در بسیاری از موارد باعث مسدود شدن و قطع جریان گاز می شود، بنابراین تخمین تشکیل هیدرات از اهمیت زیادی برخوردار است.
      روشهای مختلفی برای تخمین تشکیل هیدرات گازی تاکنون پیشنهاد شده است که شامل: نمودارهای چگالی گاز، انبساط ژول تامسون، روش کَتز و کارسُن ، تریکل-کَمبل، مَک لُد-کَمبل، معادلات تجربی، ترمودینامیک آماری و شبکه های عصبی مصنوعی است که هر یک دارای مزایا و معایبی می باشند که در فصل های دوم، سوم و ششم این پایان نامه به این روشها پرداخته خواهد شد.
در فصل چهارم به معادلات تجربی و روشهای متعددی که برای محاسبه شرایط تشکیل هیدرات در هنگام استفاده از مواد بازدارنده تشکیل هیدرات وجود دارد اشاره خواهد شد. معادلات تجربی، نمودارهای چگالی گاز و روشهایی که در فصل دوم به آنها پرداخته می شود، فقط برای گازهای شیرین صادق است، بنابراین در فصل پنجم به روشهای مختلف تخمین تشکیل هیدرات در گازهای ترش اشاره می شود.
کلیه داده های تجربی موجود برای ان",3,531247
چرا شناسایی و کنترل نشت در شبکه‌های آبرسانی و سیستم‌های توزیع آب اهمیت زیادی دارد؟,شناسایی و کنترل نشت‌ در شبکه‌های آبرسانی و سیستم‌های توزیع آب از اهمیت زیادی برخوردار است. در این پایان‌نامه یک روش مناسب بهینه‌سازی برای تعیین نشت در شبکه توزیع آبرسانی شهری و خطوط انتقال آب ارائه شده است. مدل جدید، محل دقیق نشت و مقدار نشت را در گره‌ها و خطوط انتقال آب پیش‌بینی می‌کند. همچنین نشان می‌دهد که ضریب انتشار کننده جریان وابسته به فشار و حجم تقاضای اولیه در گره‌ها است و تفاوت بین فشار و جریان اندازه‌گیری شده داده‌های صحرایی و مدل شبیه‌سازی شده را به حداقل می‌رساند. بهینه‌سازی این مسئله با استفاده از الگوریتم ژنتیک و روابط هیدرولیکی حاکم بر جریان آب در شبکه‌های انتقال انجام شده است. این روش یک ابزار آسان و جامع برای بهینه‌سازی مدل نشت می‌باشد. بنابراین می‌توان به آسانی محل دقیق نشت را شناسایی و گرادیان هیدرولیکی را کالیبره کرد. روش پیشنهادی بر پایه بهینه‌سازی مدل شبکه با الگوریتم ژنتیک و استفاده از داده‌های مشاهداتی اندازه‌گیری شده فشار در زمان مینیمم تقاضای ساعتی برای شناسایی نشت و همچنیین برای کالیبره کردن ضریب زبری در زمان ماکزیمم تقاضای ساعتی بوده است. مطابق تحقیق صورت گ,3,534764
چه جزئیاتی از مطالعه مکانیک مواد دانه‌ای در این متن ذکر شده است؟,"ماده دانه‌ای شامل توده‌ای از تعداد زیادی ذره در محدوده اندازههای گوناگون از میکرون تا سانتی‌متر است. این قبیل مواد درخیلى از مجموعه‌های طبیعى وصنعتى ازقبیل توده‌های شن، برف(بهمن)‌، ماسه، غلات، حبوبات، میوه‌هاومحصولات صنایع دارویی دیده می‌شود. در حال حاضر مطالعه مکانیک مواد دانه‌ای یک جزءجدانشدنی از مکانیک کاربردی است. مطالعات انجام شده به کمک مدل‌های عددی روی مواد دانه‌ای براساس دو اصل متفاوت مکانیک محیط پیوسته و مکانیک محیط گسسته پایه‌گذاری، برنامه‌سازی و تدوین می‌شوند.در مدل‌های مبتنی بر فرض ماده گسسته رفتار کلی هر سیستم با شبیه‌سازی رفتار تک‌تک اجزای تشکیل دهنده آن شبیه‌سازی می‌شود. لذا این مدل‌ها که طبیعت گسسته سیستم‌های حاوی اجزای منفصل را مد نظر قرار می‌دهند و رفتار سیستم را از روی رفتار اجزای آن شبیه سازی می‌کنند، تحت عنوان مدل‌های عناصر مجزا شناخته می‌شوند.
انسداد مواد دانه‌ای یکی از جدی‌ترین مشکلاتی است که در عملیات تخلیه از مخازن قیفی شکل ذخیره‌سازی مانند مخازن تخلیه گندم از سیلوها، تخلیه سیمان از بونکرها  و غیره وجود دارد. این انسداد منجر به توقف مکرر در بهره‌برداری از مواد",3,533595
چگونه تکنولوژی RFID در سیستم های موقعیت یاب درونی به طرز گسترده ای استفاده می شود؟,"امروزه شبکه های ارتباطی بی سیم  برای یافتن موقعیت مکانی اشیاء، انسان ها و یا حیوانات استفاده می شوند. از جمله ی این سیستم ها GPS است. با توجه به نارسایی های این سیستم در درون ساختمان سیستم های مختلفی جهت موقعیت یابی اشیاء درون ساختمان معرفی شده اند. البته هر یک از این سیستم ها از جمله فرستنده و گیرنده های مبتنی بر امواج مادون قرمز و یا شبکه های 802.11  مزایا و معایبی دارند. اخیرا تکنولوژی RFID در سیستم های موقعیت یاب درونی به طرز گسترده ای استفاده می شوند. این سیستم ها علاوه بر توانایی در ارسال با رنج بالا، در یافتن موقعیت درونی دقت کافی را دارا می باشند.
 این تکنولوژی در واقع نوعی سامانه ی شناسایی بی سیم است که داده ها را بین یک تگ متصل شده به شئ مورد نظر و یک داده خوان تبادل می کند. با  توجه به این که این سیستم ها بر مبنای تغییرات امواج الکترومغناطیسی و یا فرکانس های رادیویی کار می‌کنند، جهت تقویت سیگنال های موجود در محیط از آنتن نیز استفاده می شود. موضوع دیگری که در رابطه با عملکرد این سیستم مطرح می‌گردد اختلالات انتشار امواج رادیویی در محیط های داخلی است. این اختلالات به صورت چند",3,532739
چه عواملی از جمله عمر بالا و دوام قابل قبول در مقابل آتش‌سوزی و خوردگی باعث تمایل روزافزون به استفاده از سازه‌های بتنی شده‌اند؟,استفاده از سازه‌های بتنی به دلایل مختلف انتخاب اول بسیاری از مهندسان طراح سازه و کارفرمایان در سالهای اخیر به شمار می‌رود. عمر بالا، صرفه‌جویی اقتصادی وحل مشکل محدودیت‌های معماری و سازه‌ای، دوام قابل قبول در مقابل آتش‌سوزی و خوردگی از عمده عواملی هستند که باعث تمایل روزافزون دست‌اندرکاران صنعت ساختمان به این گونه سازه‌ها گردیده است. حدود 50% از هزینه ساخت ساختمان‌های شهری تا اتمام مرحله سفتکاری و اسکلت صرف می‌شود. بنا بر این نیاز به بررسی عوامل موثر بر میزان مواد مصرفی شامل بتن و آرماتور نقش مهمی در چرخه اقتصاد صنعت ساختمان ایفا می‌کند. در این پایان‌نامه سعی می‌شود با در نظر گرفتن عوامل مختلف در چندین سازه، اثر مقاومت بتن در نمونه‌های انتخابی بررسی گردد. مطلوب است نتیجه به یک طرح بهینه برای طراحی و همچنین تولیدکنندگان بتن آماده منجر گردد. به دلیل ارتباط مقاومت بتن با مدول الاستیسیته بتن بر اساس فرمول ارائه شده در آئین‌نامه‌های طراحی همچنین ارتباطی که طبق قانون هوک بین تنش و کرنش با مقدارE برقرار است به نظر می‌رسد گاهی افزایش و یا کاهش مقاومت بتن در سازه‌های بتن آرمه آن‌چنان که تصور می‌,3,802779
چه عواملی بر دقت سیستم‌های تشخیص هویت بر اساس عنبیه تأثیر می‌گذارند؟,نیاز روز افزون به امنیت، استفاده از روش های مرسوم تشخیص هویت نظیر کارت های شناسایی و رمز عبور را ناکارا نموده است. لذا ایده استفاده از فن آوری زیست سنجی و تشخیص هویت توسط مشخصه های فیزیولوژیکی (همچون اثر انگشت، چهره و عنبیه) و یا رفتاری (همچون دست خط و امضاء)، مطرح گردید. عنبیه بدلیل پیچیدگی ساختار بافت ها، سبب ایجاد تمایز میان افراد مختلف می گردد. لذا از آن جهت تشخیص هویت در سطح وسیع استفاده می شود. حصول دقت بالا در این سیستم‌ها مشروط به اخذ تصاویر با کیفیت و نمایش مناسب الگوهای عنبیه است. در تصاویر غیر ایده آل کاربر همکاری کمتری جهت اخذ تصویر داشته و عوامل نویزی چون پلک ها، مژه ها، بازتابش ها، خارج از کادر بودن و فوکوس بد بوجود آمده که سبب کاهش دقت سیستم می گردد. به منظور حذف نویز، محدوده ی پلک ها توسط تبدیل هاف سهموی و سایر عوامل نویز با یافتن آستانه های بهینه بوسیله راهکاری موسوم به تصمیم گیری آماری، آشکار می گردند. در استخراج ویژگی ها از فیلتری موسوم به گابور- موجک استفاده شده که منطبق بر الگوهای عنبیه طراحی گشته است. بدلیل ساختار پیچیده ی الگوهای عنبیه و این که پارامترهای فیلتر گ,3,535132
چه چیزهایی از محیط اطراف توسط شبکه‌های حسگر بی‌سیم می‌توانند جمع‌آوری کنند؟,"شبکه‌های حسگر بی‌سیم از مجموعه‌ای از گره‌های مستقل با توان مصرفی و پردازشی محدود تشکیل شده اند، که در یک منطقه جغرافیایی برای مانیتورینگ و جمعآوری داده مربوط به پدیدههای فیزیکی مثل دما، رطوبت، حرکت و غیره از محیط اطراف، گسترش یافته‌اند. گره های شبکه از طریق فرستنده های رادیویی با یکدیگر در ارتباط هستند و اقدام به جمع آوری اطلاعات از محیط می نمایند. از مهمترین چالش های موجود در شبکه های حسگر بیسیم محدودیت مصرف انرژی و بالا بردن طول عمر شبکه است. از عوامل مهم تاثیرگذار بر طول عمر شبکه، مصرف انرژی غیریکنواخت در قسمت های مختلف شبکه می باشد. این مصرف انرژی غیریکنواخت نتیجه ی مستقیم داشتن چاهک استاتیک می باشد، به طوری که گره های نزدیکتر به چاهک، علاوه بر ارسال داده های خود دائماً در انتقال داده بقیه گره ها هم شرکت دارند و همین امر باعث تخلیه انرژی زودهنگام گره های نزدیک به چاهک خواهد شد. در این حالت، تمام شدن انرژی گره های نزدیک تر به چاهک، دلیل اصلی کاهش طول عمر شبکه می باشد. 
در این پایان نامه یک الگوی مبتنی بر تحرک برای داشتن چاهک متحرک در شبکه های حسگر بی سیم ارائه شده است. ما در بازه ه",3,533799
چگونه سیستم سیستم‌ها می‌تواند بهبود عملکرد و روباستنس سیستم شبکه سنسوری بی‌سیم را ارتقا دهد؟,"سیستم سیستم‌ها، مجموعه‌ایی از سیستم‌های بزرگ است که به صورت ناهمگن و مستقل در حوزه خود کار می‌کنند ولی به صورت شبکه به هم در رسیدن به یک هدف تلاش می‌کنند که این هدف می‌تواند خرج ، عملکرد ، روباستنس و.... باشد. سیستم سیستم‌ها از بالا و کل‌نگر به سیستم نگاه کرده و بینش جدیدی را روی مسئله فراهم می‌آورد.
سیستم شبکه سنسوری بی‌سیم یک سیستم کاملا پیچیده محسوب می‌شود. بنابراین سیستم شبکه سنسوری بی‌سیم، یک سیستم سیستم‌ها محسوب شده و می‌تواند در قالب یک SoS و مطابق با فرهنگ لغات سیستم سیستم‌ها ، فرموله گردد. فرهنگ لغات دکتر دلارنتیس ، مسئله شبکه سنسوری بی‌سیم را به صورت یک مسئله سیستم سیستم‌ها فرموله و بیان می‌کنیم.
در این پایان‌نامه، به حل مسئله کشف خطر و هدایت سنسورها به سمت مناطق کشف شده توسط شبکه سنسوری بی‌سیم در قالب سیستم سیستم‌ها با در نظر گرفتن اتصالات سری و موازی می‌پردازیم. بدین صورت که تعدادی سنسور و هدف را به عنوان فرض اولیه مسئله به صورت راندم در محیط قرار دادیم. در بخش اول سنسورها با استفاده از روش VFPSO به کشف هدف‌ها و مناطق آتش‌گرفته می‌پردازند. در مرحله بعد زمانی که مناطق خطر",3,534657
آیا شبکه های عصبی مصنوعی می توانند بهبودی در پیش بینی قیمت سهام داشته باشند؟,"پیش بینی قیمت سهام در بورسها از جمله چالش برانگیز ترین مباحث در مقوله  پیش بینی می باشد که توجهات بسیاری را نزد سرمایه گذاران ، فعالان ، دست اندرکاران بازار سرمایه و نه تنها همه کسانی که به نوعی با این بازارها در ارتباط می باشد بلکه محققین و پژوهشگران بسیاری را نیز به خود جلب نموده است.در میان این الگوریتم های هوشمند مختلف که در علوم گوناگون جهت پیش بینی به کار گرفته شده اند ، شبکه عصبی مصنوعی جزء الگوریتم هایی ست که بسیار مورد استفاده قرار گرفته و نتایج خوبی نیز از آن حاصل شده است، ولی با وجود اینکه بورسها یا همان  بازار های سهام منبعی از داده های گوناگون هستند که سرمایه گذاران به این داده ها بسیار وابسته بوده و در بیشتر مواقع مبنای تصمیم گیریهای آینده آنان می باشد ولیکن وجود بسیاری این اطلاعات بر اساس تئوری اطلاعات می تواند موجب از دست رفتن داده های مفید گردد بطوریکه پالایش داده های ورودی حذف آنچه که ممکن است موجب انحراف و گمراهی در فرایند پیش بینی گردد می تواند بسیار مفید و سازنده باشد.
بدین جهت از الگوریتم اطلاعات مشترک جهت استفاده از داده هایی که بیشترین وابستگی را داشته به منظور",3,534741
چه تفاوت‌هایی بین رویکردهای امن سازی سیستم عامل در این تحقیق بیان شده است؟,در این تحقیق به مسئله ساختن یک سیستم عامل امن به عنوان مهم ترین نرم افزار سیستمی پرداخته شده است. روش های امن سازی سیستم عامل ها به طور سنتی دارای دو رویکرد کلی است. رویکرد اول به  بازبینی و امن سازی پیکربندی سیستم عامل و سرویس های آن می پردازد. و رویکرد دوم نیز به حذف پتانسیل های مخاطره آمیز یعنی سرویس های غیرضروری می پردازد. در این تحقیق ابتدا این دو روش بررسی می شود و سپس روش جدیدی علاوه بر دو روش قبل برای امن سازی سیستم عامل ها ارائه می شود. در این رویکرد جدید سرویس ها و اجزای اصلی سیستم عامل در فضاهای ایزوله ای اجرا می شوند که از یکدیگر مستقل هستند. مجزا شدن و ایزوله بودن سرویس ها مخاطرات حملات را کاهش داده و امنیت سیستم عامل را افزایش می دهد. یکی از مهمترین مزیت های رویکرد جدید هزینه و سربار کم بر روی سیستم عامل است. این رویکرد با کمک فناوری های مجازی سازی موجود پیاده سازی خواهد شد.,3,535018
آیا روش درون شیشه ای برای ارزیابی مقاومت به R. solanacearum می تواند به عنوان یک روش مطمئن، کم هزینه و سریع مورد استفاده قرار گیرد؟,"این تحقیق با هدف شناسایی ژن های القاء شونده و همچنین مکانیسم های احتمالی موثر در پاسخ دفاعی گیاه میزبان سیب زمینی (Solanum tuberosum, S. phureja)و غیر میزبان توتون (Nicotiana tabacum) در برابر باکتری Ralstonia solanacearum انجام شد. ارزیابی فنوتیپی مقاومت ارقام تجاری سیب زمینی در شرایط درون شیشه ای درجات مختلفی از حساسیت، تحمل و مقاومت را نشان داد و همچنین مشخص شد روش درون شیشه ای می تواند بعنوان روشی مطمئن، کم هزینه و سریع برای ارزیابی مقاومت به
R. solanacearum  بکار رود. در مطالعه بیان افتراقی ژن های سیستم دفاعی،  الگو های متفاوتی از cDNA-AFLP در تعامل دو رقم سیب زمینی مارفونا (حساس) الس (متحمل) و یک ژنوتیپ از گونه مقاوم S. phureja با باکتری R. solanacearum مشاهده شد. در مجموع با استفاده از هشت ترکیب آغازگری 2820 cDNA تولید شد که از بین آنها 206 قطعه بیان متفاوت نشان دادند. 35 قطعه با موفقیت توالی یابی شد که 11 قطعه شباهتی با توالیهای نوکلئوتیدی ثبت شده در پایگاه اطلاعاتی بانک های ژن نشان نداده و به عنوان ژنهای کاندیدای جدید سیستم دفاعی سیب زمینی در برابر R. solanacearum  معرفی می ش",3,530690
چرا توت‌فرنگی به عنوان یک میوه آسیب‌پذیر مورد توجه بسیاری قرار گرفته است؟,تقاضا برای محصولات با کیفیت بالا از دهه‌ی گذشته در حال افزایش بوده و هم اکنون نیز روند افزایشی دارد. برداشت میوه در مرحله‌ی مناسب رسیدگی جهت حصول کیفیت بهینه و اغلب برای نگه‌داری کیفیت در دوران پس از برداشت ضروری است. این مساله در مورد توت‌فرنگی از اهمیت بخصوصی برخوردار است. میوه‌ی توت‌فرنگی بسیار آسیب‌پذیر بوده، و کیفیت میوه به پارامترهای ظاهری  (شدت و توزیع رنگ قرمز، اندازه و شکل میوه، عدم خرابی و فساد در ظاهر میوه)، سفتی و طعم آن بستگی دارد. در این پژوهش پنج مرحله‌ی رسیدگی با توجه به درصد قرمزی میوه‌ی توت‌فرنگی درنظرگرفته شد و پارامترهای کیفی میوه‌ی توت‌فرنگی از جمله شاخص طعم میوه، کوفتگی و سفتی در مراحل مختلف رسیدگی برای دو رقم سلوا و گاویتا اندازه‌گیری شد و اثر این فاکتورها بر روی آن‌ها مورد بررسی قرار گرفت. کوفتگی به دو صورت کیفیت میوه را تحت تاثیر قرار می‌دهد: ظاهر میوه را از حالت رضایت‌بخش خارج می‌کند و میوه را در مقابل عوامل بیماری‌زا آسیب‌پذیر می‌سازد. در این تحقیق پس از تخمین روند تغییرات سفتی، کوفتگی، شاخص طعم میوه به صورت تابعی از زمان برداشت به شکل معادلات ریاضی، از نرم‌ا,3,527416
سلولز چه نقشی در دیواره سلولی گیاهی دارد؟,"سلولز مهمترین پلی‌ساکارید دیواره سلولی و یکی از فراوانترین هیدروکربن‌های موجود در طبیعت است و در حدود 40% از توده زنده گیاهی را تشکیل می دهد.آنزیم های سلولوتیک به صورتی از سه گروه آنزیمی و به صورت سینرژیستی با همدیگر عمل می کنند و  در شرایط هوازی می توانند پیوندهای گلیکوزیدی بتا 1و4 رادر سلولز هیدرولیز نموده و آن را به دی اکسید کربن و آب و در شرایط غیر هوازی به دی اکسید کربن، متان و آب تبدیل نماید. این آنزیم ها عبارتند از: 1-4-β-D- گلوکانازها یا اندوگلوکاناز(EG, EC 3.2.1.4)  ، 1-4-β-D- گلوکان یا اگزوکلوکانازها(CBH, EC.3.2.1.91)  ، 1-4-β-D- گلوکوزیدها (βGLC, 3.2.1.21) می باشد. در این تحقیق گونه های  فعال قارچی  در تجزیه سلولز در محیط CMC و با معرف آرسنات مولیبدات توسط اسپکتوفتومتر مورد ارزیابی فعالیت سلولازی قرار گرفتند. 4 ایزوله برترTrichoderma longibrachiatum ,Trichoderma viride ,Aspergillus terreus Penicillium oxalicum بر اساس سوبسترا مورد استفاده برای ردیابی و توالی یابی ژن بتا1و4 اندوگلوکاناز، استفاده شدند. استخراج RNA  و DNA به ترتیب توسط کیت گوانیدین ایزوتیوسیانات و روش CTAB انجا",3,528134
چه هدفی از تحقیق انجام شده بر روی اثر ساختار اولیه فلز پایه بر روی ساختار ناحیه جوش آلیاژهای آلومینیومی جوش‌کاری شده به روش FSW بوده است؟,جوشکاری اصطکاکی اختلاطی (FSW) به دلیل ایجاد کرنش و دمای بالا در حین جوشکاری  باعث  ایجاد یک ریز ساختار تبلورمجدد یافته دینامیکی در ناحیه جوشکاری می‌شود. پارامترهای گوناگونی روی اندازه دانه‌های تبلورمجدد یافته موثر هستند. هدف از تحقیق حاضر بررسی اثر ساختار اولیه فلز پایه روی ساختار ناحیه جوش آلیاژهای آلومینیومی جوش‌کاری شده به روش FSW می‌باشد. برای این منظور از آلیاژهای آلومینیوم سری 2000 و 5000 که کاربرد گسترده‌ای در صنایع هوایی و دریایی دارند استفاده شده است. آلیاژ آلومینیوم  2024 در دو شرایط عملیات حرارتی آنیل و پیرسازی مصنوعی(T6) و آلیاژ آلومینیوم 5083 در سه شرایط اولیه آنیل (بدون کارسرد)، 30% و 50% کار سرد  تحت فرایند FSW قرار گرفتند. دمای ناحیه جوش آلیاژهای مذکور در حین جوشکاری توسط دستگاه data acquisition   ثبت گردید. ریزساختار نواحی گوناگون نمونه‌های جوشکاری شده توسط میکروسکوپ الکترونی روبشی(SEM) و میکروسکوپ نوری (OM) مورد بررسی قرار گرفت. اندازه دانه‌ها در ناحیه دکمه جوش توسط نرم افزار پردازش تصاویر Clemex vision PE-2003 بدست آمد. پروفیل سختی نیز در سطح مقطع عرضی و در جهت عمود,3,532994
چگونه راستای چرخش روتورها در وسیله هوایی بدون سرنشین مانند کوداروتور تنظیم می‌شود؟,امروزه وسایل هوایی بدون سرنشین به دلیل کاربردها و قابلیتهایشان به نحو چشمگیری مورد استفاده قرار گرفته اند. کوداروتور بدون سرنشین، یک نمونه بالگرد است که مکانیزم پروازی آن از چرخش چهار موتور و پروانه که در چهار طرف قاب اصلی آن قرار دارند، حاصل می شود. در این وسیله زاویه حمله پروانه ها تغییر نکرده و تغییر نیروی بالابر صرفاً با تغییر سرعت گردش روتورها انجام می گیرد. همچنین راستای چرخش هر چهار روتور ثابت و عمود بر قاب اصلی می باشد. به منظور خنثی شدن گشتاور اصطکاکی و کاهش اثرات زیروسکوپی، جهت گردش دو روتور از این وسیله نسبت به دو روتور دیگر در جهت عکس می باشد. در این تحقیق ضمن استخراج معادلات دینامیکی پرنده، به کنترل و طراحی مسیر حرکت برای آن پرداخته شده است. هدف نهایی در کنترل این وسیله کنترل سرعت خطی آن می باشد. با توجه به اینکه در طراحی این پرنده ساختار دینامیکی به گونه ای در نظرگرفته شده است که زوایای چرخشی در آن به صورت وابسته به نرخ تغییرات سرعت خطی پرنده تعیین می شوند، مکانیزم کنترلی در نظر گرفته شده برای این وسیله یک مکانیزم دو حلقه ای می باشد. در حلقه خارجی این مکانیزم از کنترل کنن,3,535174
آیا مقایسه‌ای بین روش تولید نانوذرات با استفاده از سیالات فوق بحرانی و روش‌های دیگر برای مدلسازی انجام شده است؟,یکی از روشهای تولید نانوذرات، فرآیند ذرات حاصل از محلول اشباع گازی است. این روش بدلیل مزایای متعدد از جمله: تولید ذرات بسیار ریز با اندازه یکسان، توزیع اندازه باریک، قابلیت کنترل اندازه ذرات با تغییر شرایط فرآیند، تولید ذرات با خلوص بالا و عاری از حلال، روشی منحصر بفرد برای تولید ذرات می باشد. از بین انواع روشهای موجود برای تولید نانوذرات به کمک سیالات فوق بحرانی، با توجه به اینکه فرآیند ذرات حاصل از محلول اشباع گازی، دارای مزایایی نسبت به سایر روشها می باشد، برای مدلسازی انتخاب شده است. از مزایای مهم این فرآیند در مقایسه با سایر روشها نیاز آن به فشار پایین، مصرف پایین تر گاز به دلیل نسبت های کمتر گاز در مایع و توانایی تشکیل ذرات بدون نیاز به حلال است. از دیگر مزایای این فرآیند، توانایی تشکیل نانوکامپوزیت ها یا نانوذرات دارویی کپسوله شده است. اهداف عمده از انجام این پایان نامه تدوین مدلسازی جامع برای  فرآیند فوق الذکر، اثبات مدل از طریق مقایسه با نتایج آزمایشگاهی، شناخت پارامترهای موثر، مطالعه نحوه اثر پارامترهای مذکور بر اندازه ذرات، بررسی سیستم در شرایط طراحی و کارکردی که در حال حاضر,3,533790
چه پارامترهای هیدروشیمیایی برای پهنه بندی کیفیت آب آبیاری در تحقیق مورد بررسی قرار گرفته است؟,در نواحی خشک و نیمه خشک کاهش کیفیت آب آبیاری  در اثر خشکسالی،  پیشروی آب شور، بهره برداری بیش از حد و افت سطح آب زیرزمینی تاثیر مستقیم بر بازدهی محصولات دارد لذا از اهمیت خاصی برخوردار است.  در این تحقیق پهنه بندی کیفی آب آبیاری بر اساس آنالیز پارامترهای هیدروشیمیایی  وسدیم %Na، EC، SAR ،کلر Cl  و RSC  و نمودار  ویلکوکس در 47 چاه دشت ارسنجان انجام شده است . پهنه بندی توسط سیستم  اطلاعات جغرافیایی  (GIS) و نرم افزار ArcGIS 9.3  و روش IDW (Inverse Distance Weighting) انجام شده است. دشت ارسنجان به دلیل روند کاهش کیفیت  آب آبیاری با بحران بلقوه ای مواجه است. رخساره غالب آب دشت ارسنجان بر اساس نمودار پایپر از نوع بی کربناته می باشد براساس نقشه پهنه بندی کلر تغییرات مقدار کلر در نواحی عایشه،گودنظام وخورشید صحرا بین 2/30 تا 100 میلی گرم بر لیتر می باشد که نشان دهنده کیفیت مناسب آب در این نواحی و وجود جبهه ی تغذیه ای مناسب از ارتفاعات سازند های  کارستی آهکی  اطراف است. تغییرات هدایت الکتریکی دراین مناطق بین598 تا 1000 میکروموس بر سانتی متر می باشد. متوسط سختی آب دشت ارسنجان 67/499 قسمت در میلی,3,532128
چرا توسعه سیستم قدرت افزایش روز افزون وابستگی به انرژی برق را نتیجه می‌دهد؟,توسعه سیستم قدرت، نتیجه  افزایش روز افزون وابستگی به انرژی برق می‌باشد، بدلیل خصوصی سازی این صنعت ، توزیع انرژی با کمترین خاموشی وبالاترین درجه اطمینان از اهمیت بسیار ویژه‌ای برخوردار شده است. شبکه های توزیع بدلیل گستردگی و نزدیکی به مصرف کنندگان بیشترین آمار خطاها و خاموشی ها را به خود اختصاص می‌دهند. با توجه به نرخ بالای خطا در شبکه های توزیع ارائه روشی که بتواند محل وقوع خطا را در کمترین زمان نشان دهد کمک و راهنمای مناسبی برای بهره‌برداران جهت بازیابی سریع شبکه وافزایش ایمنی افراد و طول عمر تجهیزات می‌باشد. درصد بالایی ازخطاها، خطاهای امپدانس بالا هستند. در اثر تماس هادی های برقدار با اجسامی همچون شاخه درختان یا سقوط آنها روی سطوح خاکی، خطای امپدانس بالا به وقوع می پیوندد. جریان خطای امپدانس بالا معمولا کمتر ازنقطه تنظیم رله های اضافه جریان بوده و از اینرو امکان تشخیص آنها توسط رله های معمولی وجود ندارد. خطای امپدانس بالا تقریباً همیشه با قوس همراه بوده لذا با خطای قوس مترادف است. مدل سازی خطای امپدانس بالای همراه قوس وتأثیر متقابل آن برسیستم قدرت برای طراحی و تست رله های حفاظتی مهم,3,527029
چگونه سیستم های توصیه گر می‌توانند به کاربران کمک کنند تا وبلاگ‌هایی که با علایق آن‌ها منطبق هستند را پیدا کنند؟,امروزه وبلاگ ها به طور گسترده توسط افراد مختلف مورد استفاده قرار می گیرند و لذا پیدا کردن یک وبلاگ منطبق بر علایق، برای کاربران یک مسئله قابل توجه و پر چالش است. در این بین سیستم های توصیه گر می توانند یک راه حل مناسب باشد. در این پایان نامه ما یک رده جدید از وبلاگ های هوشمند را معرفی کرده و با استفاده از یک سیستم توصیه گر چند عامله که از ابزار هایی مانند لینک های ارتباطی بین وبلاگ ها، روابط معنایی و آمار های مربوط به انتخابات قبلی کاربران استفاده می کند، اقدام به پیش بینی و معرفی وبلاگ های مورد علاقه به هر یک از کاربران می نماییم. این پیش بینی ها با بررسی میزان اعتماد تعریف شده بین وبلاگ ها فیلتر خواهد شد.,3,531969
چگونه تکنیک‌های جدید در طراحی سازه‌ها از ایده‌های ناشی از طبیعت بهره می‌برند؟,"امروزه توجه فزاینده به کمبود مواد خام و نقصان شدید منابع انرژی شناخته شده، موجب تمایل به داشتن سازه‌هایی سبک، کارا و ارزان قیمت شده است. این خواست به نوبه خود بر ضرورت آگاهی یافتن مهندسان از فنون بهینه‌سازی وزن و هزینه سازه‌ها تاکید می‌کند.
      در سالهای اخیر بهینه سازی سازه ها شاهد تکنیک های جدید و ابداعی طراحی سازه‌ها بوده است .این روشهای جستجوی تصادفی از ایده های ناشی از طبیعت نشأت می گیرند و مشکلات روشهای ریاضیاتی، همچون پیوستگی تابع هدف، نیازمندی به محاسبه مشتقات توابع هدف وقیود و غیره را ندارند. این در حالیستکه این روشها صرفاً با ارزیابی توابع هدف توانایی یافتن نقاط بهینه کلی را دارند.
      الگوریتم بهینه سازی اجتماع ذرات (PSO) از جمله این الگوریتم‌ها می‌باشد. این الگوریتم بر اساس شبیه سازی اجتماعی دسته پرندگان و اجتماع ماهیها، اولین بار در سال 1995 توسط Eberhart  و Kennedy  ارائه گردید. این الگوریتم دارای یکسری مزایا می‌باشد که در مقایسه با سایر الگوریتم‌ها آن را شاخص‌تر می‌کند. از جمله این مزایا می‌توان به تعداد کم پارامترهای تنظیمی، سادگی کاربرد و برنامه‌نویسی الگوریتم، س",3,526879
چه اهمیتی برای افزایش سرعت بازیابی تصاویر دیجیتال از طریق سیستمهای بازیابی تصویر دارد؟,"با رشد سریع دستگاههای تصویربرداری، حجم تصاویر دیجیتال و پایگاه دادههای تصویری به سرعت رو به افزایش است، و از طرفی دسترسی کاربران به این تصاویر به سهولت صورت میگیرد. در نتیجه نیاز به سیستمهای بازیابی تصویر که بتواند به صورت موثر بازیابی تصویر را انجام دهد بیشتر شده است. در این پایان نامه، ساختاری برای پیاده سازی یک سیستم بازیابی تصاویر ارائه شده است که می تواند بر اساس محتویات بصری تصاویر و با استفاده از یادگیری نظرات کاربران عمل بازیابی را انجام دهد. 
برای توصیف شباهت تصاویر در این پایان نامه از دو ویژگی رنگ و بافت تصاویر استفاده گردیده است. برای توصیف ویژگی رنگ از دو روش هیستوگرام سراسری رنگ و اتوکرلوگرام رنگ تصویر ناحیه بندی شده استفاده شده است. محاسبه اتوکرلوگرام رنگ در روش پیشنهادی باعث موثرتر شدن و مقاوم شدن این توصیفگر نسبت به دوران و انتقال تصاویر میشود. اتوکرلوگرام ذاتاً یک روش توصیف محلی است؛ محاسبه اتوکرلوگرام رنگ در تصویر ناحیه بندی شده محلی بودن این اطلاعات را افزایش می دهد. برای اضافه نمودن اطلاعات سراسری رنگ، از هیستوگرام رنگ که یک توصیفگر کاملاً سراسری است در ترکیب با ا",3,531204
چرا شکست کاتالیستی هیدروکربن‌های سبک یکی از راه‌های موثر برای تولید اولفین‌ها به عنوان سنگ بنای صنایع پتروشیمی است؟,"شکست کاتالیستی هیدروکربن‌های سبک یکی از راه‌های موثر برای تولید اولفین‌ها به عنوان سنگ بنای صنایع پتروشیمی است که بارزترین مزیت آن کاهش مصرف انرژی و دمای عملیاتی فرایند است. همچنین با توجه به سخت‌تر شدن قوانین زیست محیطی در جهت جلوگیری از تولید گازهای گلخانه‌ای، فرایند شکست کاتالیستی توجه زیادی را به خود جلب نموده است. از طرفی در بین کاتالیست‌های مورد استفاده جهت تولید اولفین‌های سبک، کاتالیست ZSM-5 به دلیل گزینش‌پذیری بالا نسبت به اولفین‌های سبک، پایداری در طول انجام واکنش و نیز مقبولیت صنعتی، کاتالیست مناسبی برای انجام تحقیقات کاربردی محسوب می‌شود.
گاز مایع سوخت مناسبی برای تولید انرژی است. با توجه به اینکه ترکیب این خوراک عمدتاً از پروپان و بوتان تشکیل شده است، می‌تواند منبع مهمی برای تولید اولفین‌های سبک باشد. در این پروژه، پس از انجام تبادل یون، ساخت کاتالیست، و تعیین مشخصات کاتالیست، شکست کاتالیستی گاز مایع بر روی کاتالیست‌های زئولیتی NaZSM-5، HZSM-5 و FeHZSM-5 جهت تولید اولفین‌ها مورد مطالعه قرار گرفته و در نهایت روند تولید درصد تبدیل خوراک، بازده اولفین‌های سبک و بازده آروماتی",3,531055
چه مزایا و مزایایی برای استفاده از نانوسیالات به عنوان سیال مبرد در صنایع و نیروگاه‌ها ذکر شده است؟,"در سال‌های اخیر با دستیابی به توانایی تولید ذرات جامد با ابعاد نانومتر، ایده استفاده از نانوسیالات به عنوان سیال مبرد در صنایع و نیروگاه‌ها تقویت شده است. از عمده‌ترین مزایای این مواد می‌توان به بهبود انتقال حرارت سیستم‌های حرارتی، کوچکتر و سبکتر شدن سیستم‌ها و مبدل‌های حرارتی و کمتر شدن هزینه‌های عملیاتی اشاره نمود. تصور اولیه این بود که افزودن نانوذراتی با ضریب هدایت حرارتی بالاتر به سیال پایه، سبب افزایش ضریب هدایت حرارتی معادل نانوسیال نسبت به سیال پایه می‌شود و این منجر به افزایش انتقال حرارت این سیالات مبرد جدید خواهد شد. اما بیشتر کارهای انجام شده روی نانوسیالات نشان می‌دهد که افزایش ضریب هدایت حرارتی نمی‌تواند تنها عامل افزایش قابل توجه انتقال حرارت در نانوسیالات باشد و مکانیزم‌های مختلفی برای این افزایش پیشنهاد شده است.
انتقال حرارت جابه‌جایی در نانوسیالات را می‌توان با دو روش تکفاز و دوفاز مدل کرد. اگرچه روش تکفاز ساده‌ و کم هزینه است ولی چون خواص واقعی نانوسیالات دقیقاً مشخص نیستند، نتایج این روش معمولاً تطابق مناسبی با کارهای تجربی ندارد و یا محدود به شرایطی خاص بوده و قاب",3,530332
چه نتایجی از تحلیل جریان سیال همراه با انتقال حرارت و جرم در تحقیق مورد بررسی به دست آمده است؟,"در تحقیق پیش رو استخر خورشیدی گرادیان نمک به صورت عددی و دو بعدی مدل سازی شده است و رفتار حرکتی و حرارتی لایه‌های مختلف استخر مورد بررسی قرار گرفته است. تحلیل جریان سیال همراه با انتقال حرارت و جرم به دلیل وابستگی بین معادلات حاکم مشکل است. در این تحقیق از روش شبکه بولتزمن برای حل معادله حاکم بر جریان سیال استفاده‌شده است. معادلات انتقال حرارت و انتقال جرم نیز به روش تفاضل محدود حل‌شده‌اند.
 در کار حاضر ابتدا برای اعتبار سنجی روش حل، جریان داخل حفره با جابه‌جایی طبیعی و استخر با دو شرط مرزی دما ثابت و شار ثابت برای کف برای نسبت منظرهای 1 و 2 مورد بررسی قرار گرفته و نتایج حاصله با مراجع دیگر مقایسه شده که تطابق خوبی داشته است. سپس رفتار حرارتی استخر در مرحله ذخیره‌سازی با در نظر گرفتن انرژی جذب شده حاصل از تابش خورشید بررسی شده است. همچنین اثرات سایه ایجاد شده توسط دیوارهای استخر بر عملکرد حرارتی سیستم و بر آرایش جریان در لایه‌های مختلف مطالعه شده و نتایج به دست آمده از این حالت نیز ارائه شده است. در نهایت نیز تأثیر گرادیان نمک بر پایداری و آرایش جریان‌های سیال در استخر مطالعه شده است.",3,802868
چگونه می‌توان از الگوریتم‌های ژنتیک و روش مونت‌کارلو برای بهینه‌سازی زمان‌بندی تعمیرات در سیستم‌های قدرت تجدید‌ساختار‌شده استفاده کرد؟,در پژوهش حاضر به حل مسألهی زمان‌بندی تعمیرات واحدها و خطوط در سیستم قدرت تجدید‌ساختار‌شده پرداخته شده است. این پژوهش برای سنجش قابلیت‌اطمینان از شاخص امید ریاضی توان تأمین نشده یا EPNS استفاده کرده است. این شاخص با استفاده از روش مونت‌کارلوی متوالی و تولید نمونه‌های تصادفی (رخداد‌های خروج اجباری واحدها و خطوط) محاسبه می‌شود. از الگوریتم‌ژنتیک با انجام اصلاحاتی در تولید پاسخ‌های تصادفی اولیه و عملیات‌های تقاطع و جهش برای حل این مسأله استفاده شده است. تابع‌هدف جدیدی به صورت ترکیب خطی انحرافات بازه‌های پیشنهادی مالکان واحدها و خطوط از بازه‌های مورد تأیید بهره‌بردار مستقل سیستم معرفی شده است. همچنین روش حل نوینی برای مسائل از این دست با استفاده از الگوریتم‌ژنتیک ارائه شده است. در کارهای پیشین اثر زمان‌بندی خطوط بر برآورده کردن تقاضا و همچنین قابلیت‌اطمینان سیستم مرکب تولید و انتقال، با در نظر گرفتن شاخص قابلیت‌اطمینان مطالعه نشده بود. نمونه‌های تولید‌شده برای خروج اجباری واحدها و خطوط با استفاده از روش مونت‌کارلوی متوالی محاسبه می‌شوند. این روش با تولید زنجیره‌ای پیوسته از رخدادهای تصادفی,3,802234
چه نیازهایی برای تولید سطوح آزاد دقیق در لنزها، قالب ها و سطوح بیولوژیکی وجود دارد؟,تولید سطوح آزاد با کیفیت بالا در صنایع امروزی اهمیت ویژه ای یافته است. نیاز به تولید سطوح آزاد دقیق عمدتاً در لنزها، قالب ها و سطوح بیولوژیکی وجود دارد. با توجه به ناکارآمدی روش های متداول از حیث دقت و زمان، از پولیشکاری با کنترل کامپیوتری (CCP) به منظور کنترل بهینه ی فرآیند استفاده می گردد. هدف از این پژوهش مدل سازی فرآیند پولیشکاری با کنترل کامپیوتری برای سطوح آزاد می باشد که از یک مدل پروانه کشتی به عنوان سطح آزاد استفاده شده است. بر اساس پژوهش های انجام شده و با توجه به ماهیت پروژه که نیازمند داده های عددی به منظور انجام شبیه سازی می باشد، از داده هایی به صورت ابر نقاط استفاده شده است. این داده ها از محیط نرم افزاری کتیا استخراج شده و برای پردازش های بعدی در نرم افزار برنامه‌نویسی متلب آماده گردیده است. داده های وارد شده به متلب ابتدا در الگوریتم‌هایی مورد پردازش قرار گرفته تا برای شبیه سازی قابل استفاده باشند. سپس با استفاده از زبری سطح مدل CAD به عنوان یک پارامتر ورودی، توپوگرافی رویه پره متناسب با زبری سطح داده شده مدل سازی گردیده و خروجی حاصل از آن برای تعیین مختصات تماس ابزار,3,535155
چه هدفی در این تحقیق دنبال می‌شود؟,هدف اصلی در این تحقیق بهبود مدل تنش محور مود شکست پیچ خوردگی الیاف در مواد کامپوزیت تک جهته و ارائه مدل جدیدی بر مبنای کرنش است که بتواند استحکام فشاری و زاویه باند پیچ خوردگی ناشی از مود شکست پیچ خوردگی را  پیش بینی نماید. در این راستا مدل دو بعدی و سه بعدی مود پیچ خوردگی الیاف که توسط پینهو بر مبنای اقدامات آرگون و داویلا ارائه شده است، به تفصیل تبیین می شود. مدل مذکور بر اساس ایده ای است که معتقد است مود پیچ خوردگی الیاف از مود میکروکمانش متمایز است و پدیده پیچ خوردگی در اثر شکست ماتریس ایجاد می شود. در این مدل با فرض معلوم بودن مقدار استحکام فشاری ماده و فرض این که شکست ماده در اثر بار محوری در ناحیه ماتریس رخ می دهد، میزان خارج از محوری الیاف در لحظه شکست با استفاده از معیار شکست ماتریس محاسبه می گردد و با بهره گیری از روابط متشکله تنش- کرنش برشی میزان خارج از محوری اولیه الیاف در ناحیه شکست خورده نیز مشخص می شود. میزان خارج از محوری اولیه الیاف به عنوان پارامتر مادی در مدل مذکور و در تحلیل نرم افزاری وارد می گردد. در این مدل پس از شروع آسیب، در هر مرحله از  بارگذاری، متغیر آسیب ک,3,529078
چه تحقیقاتی برای بهبود عملکرد پیش گرمکن هوای ژانگستروم در نیروگاه‌های سراسر جهان انجام شده است؟,با افزایش روزافزون مصرف انرژی الکتریکی در جهان، بهینه‌سازی انرژی در نیروگاه های تولید برق امری اجتناب ناپذیر می‌باشد. پیش گرمکن هوای ژانگستروم با بازیافت انرژی و پیش گرم کردن هوا، به میزان قابل توجهی در مصرف انرژی صرفه جویی می کند.بازیاب چرخان یا پیش گرمکن هوا (ژانگستروم)، یکی از مهم ترین مبدل ها جهت بازیابی و بهبود وضعیت انرژی می باشد. ژانگستروم با پیش گرم کردن هوای ورودی به بویلر به منظور بالا بردن بازدهی، در بسیاری از نیروگاه های سراسر جهان به کار می‌رود. در این تحقیق به منظور بررسی بهبود عملکرد ژانگستروم، مدل عددی انتقال حرارت مورد بررسی قرارگرفته است. مدل ارائه شده سه بعدی است و با توجه به تقارن موجود در هندسه، شامل قسمتی از صفحات انتقال حرارت می باشد. مقایسه نتایج حاصل از حل عددی با نتایج  واقعی در حالت پایدار، نشان می دهد که مدل ارائه شده مدل قابل قبولی می باشد. همچنین در تحلیل عملکرد گذرای این مدل، زمان عملکرد ژانگستروم تا رسیدن به شرایط پایدار بررسی شده است. نتایج نشان می دهند که تطابق زمانی لازم بین قسمت‌های گرم و سرد برای ایجاد شرایط دینامیکی پایدار وجود دارد.بررسی رابطه بین,3,530420
چگونه عملکرد روش استحصال انرژی ایجاد شده بر اثر ارتعاش ناشی از گردابه ها برای تولید انرژی توضیح داده می‌شود؟,استحصال انرژی ایجاد شده بر اثر ارتعاش ناشی از گردابه ها ((vortex induced vibrations for energy converte یا به طور مختصر VIVEC روشی نوین برای تولید انرژی پاک از جریان سیالات است. در این روش عبور جریان از اطراف یک استوانه باعث ایجاد ارتعاش شده و نیروی مورد نیاز برای حرکت دادن یک مولد الکتریکی را فراهم می‌آورد. به دلیل محدود بودن انرژی، تأمین انرژی از راه های مختلف همیشه مورد نظر بوده است. در این میان اقیانوس‌ها، رودخانه‌ها، وزش باد و بطور کلی جریان سیال به دلیل چرخه دائمی و حمل انرژی فراوان در غالب امواج دریا، تغیرات جزر و مدی، جریان رودخانه ها و... همواره مورد توجه بوده است. یکی از انرژی‌هایی که بر اثر عبور سیال از اطراف یک مانع ایجاد می‌شود، انرژی حاصل از ارتعاش مانع بر اثر بروز پدیده Vortex shedding است. در صورت بروز جریان‌های شدید پدیده Vortex shedding می‌تواند انرژی بسیار زیادی تولید کند که این انرژی بر اثر بروز پدیده تشدید بسیار بیشتر از انرژی خود سیال در حرکت است. برای مثال می‌توان از تخریب پل Tacoma Narrows در سال 1940 بر اثر ایجاد Vortex shedding بر روی کابل‌های پل نام برد. به و,3,530633
چه اهمیتی برای اعتمادپذیری یک سد دارد که محاسبه ریسک شکست آن اساسی و مهم است؟,شکست سدها همواره تهدیدی برای جان و مال انسان‌ها محسوب می‌شود. برای دست‌یابی به میزان ایمنی و اعتمادپذیری یک سد، محاسبه ریسک شکست آن راه‌کاری اساسی و مهم است. در میان تمام عواملی که باعث شکست سدها می‌شوند، روگذری خصوصاً در سدهای خاکی و سنگریزه‌ای بزرگ‌ترین خطر محسوب می‌شود. به طوری که بیش از یک سوم شکست سدها در جهان به علت روگذری رخ داده است. در این تحقیق به منظور توسعه کاربرد آنالیز ریسک در تحلیل ایمنی سدها، به محاسبه‌ی خطر روگذری یک سد خاکی با در نظر گرفتن عدم قطعیت پارامترهای موثر در این پدیده پرداخته شده است. این پارامترها شامل ارتفاع سد، تراز اولیه آب مخزن، دبی پیک سیلاب، هندسه‌ی مخزن، دبی خروجی سرریز، خطای روندیابی، سرعت باد و خطای مربوط به محاسبه‌ی افزایش ارتفاع ناشی از وزش باد است. برای برآورد ریسک از روش‌های شبیه‌سازی مونت‌کارلو و LHS استفاده شده است. برای درک بهتر و نشان دادن کاربرد آنالیز ریسک، اعتمادپذیری سد ونک در برابر روگذری بررسی شده است. نتایج نشان می‌دهد که در نظر گرفتن عدم قطعیت پارامترها در احتمال شکست سد موثر است. در این میان تأثیر عدم قطعیت در منحنی حجم- ارتفاع مخز,3,527078
چه تحقیقاتی انجام شده است برای بررسی اثر انواع محیط‌های مختلف هورمونی بر کالوهای گیاه Astragalus verus Orlivie؟,"کشور ایران خاستگاه اصلی و یکی از مراکز مهم تنوع گونه های گون است.گیاه گون زرد با نام علمی Astragalus verus Orlivie یکی از گونه‌های مولد کتیرا است که در سراسر رشته کوه‌های البرز و زاگرس پراکنده است.کتیرای این گیاه دارای کاربرد‌های فراوانی درصنایع غذایی، دارویی و صنعتی است که این گیاه را در زمره گیاهان صنعتی قرار‌می‌دهد. صمغ کتیرا از جمله ترکیبات ثانویه است که در شرایط درون شیشه‌ای در کشت تعلیق نیز تولید می‌شود. در این تحقیق اثر انواع محیط‌های مختلف هورمونی BA و 2,4-D در شرایط درون شیشه ای بر کالوس زایی و تولید صمغ کتیرا مورد بررسی قرار گرفت.
 هم‌چنین اثر اسید سولفوریک،آب گرم و اسید جیبرلیک بر  جوانه زنی بذور این گیاه مورد بررسی قرار گرفت. نتایج نشان داد که تفاوت معنی دار (در سطح یک درصد) بر میزان جوانه‌زنی بین بذور تیمار شده با تیمار شاهد داشت، بیشترین میزان جوانه‌زنی در تیمارهای با اسید سولفوریک غلیظ ارزیابی شد. اختلاف معنی داری در میزان القای کالوس در هنگام استفاده از هورمون BA در غلظت های مختلف در مقایسه باشاهد(فاقد هورمون) مشاهده شد. در کشت سوسپانسیون اثر غلظت‌های مختلف هورمونی درا",3,535574
آیا پارامتر سختی نسبی حائل- زمین می‌تواند تأثیر زیادی بر پایداری تونل داشته باشد؟,مهمترین بخش از طرح یک تونل، طراحی سیستم حائل مناسب در برابر بارهای وارده بر آن است. ارزیابی میزان بار وارده بر حائل، نیاز به درک مناسبی از اندرکنش حائل- توده سنگ دارد. پارامترهای متعددی بر اندرکنش حائل- توده سنگ دخیل اند که از جمله آنها پارامتر سختی نسبی حائل-زمین است. روش های متعددی بر مبنای اندرکنش حائل-توده سنگ شکل گرفته اند که می توان به روش همگرایی- محصوریت و روش سختی نسبی اشاره نمود. در این پایان نامه با بکارگیری روش عددی المان محدود به کمک نرم افزار  و با پیروی از منطق روش همگرایی- محصوریت، تونل انتقال آب قطعه ا-ب نوسود را بعنوان مطالعه موردی انتخاب و طرح حائل نموده و سپس با نگرشی بر روش سختی نسبی تحلیلی پارامتریک بر روی حائل  طراحی شده انجام داده ایم. تاثیر سختی نسبی، در کنار تاثیر ضریب فشار سکون، شرایط تماس بین حائل و توده سنگ مورد ارزیابی قرار گرفته اند. تحلیل پارامتریک نشان داد که از پارامتر سختی نسبی، می توان به عنوان مهمترین عامل در اندرکنش حائل- توده سنگ نام برد. افزایش در سختی حائل با افزایش ضخامت و یا افزایش در مدول الاستیسیته مصالح تشکیل دهنده حائل رخ می دهد. بر اساس ن,3,529843
چه عواملی در تشخیص سرطان ریه اهمیت دارند؟,"طبق آمار سرطان ریه شایع ترین نوع سرطان با کمترین شانس بهبود است. سه عامل اساسی در تشخیص سرطان ریه شامل حجم تومور، نزدیکی تومور به غدد لنفاوی و انتشار سرطان در دیگر بافت ها است و  تصاویر پزشکی مهمترین ابزار پزشکان برای بررسی و تشخیص این عوامل هستند. تصاویر پزشکی نیاز به انجام کالبد شکافی و یا نمونه برداری بافتها برای تشخیص را به شدت کاهش داده اند. در دهه های اخیر با پیشرفت فناوری تهیه تصاویر سه بعدی و تصاویر دارای دقت بسیار بالا امکان پذیر شده است ولی با بالا رفتن دقت و یا حجم اطلاعات ثبت شده در تصویر قدرت انسان برای تفسیر آنها کمتر می شود. تشخیص به کمک رایانه از زمینه هایی است که در آن سعی شده است تا حد زیادی کاربردهای روشهای پردازشی و هوشمند را در علم پزشکی افزایش دهد. در بسیاری از موارد پزشکان برای تشخیص تغییرات سرطان ریه از تصاویر تهیه شده در بازه های زمانی متفاوت که نشانگر تغییرهای بیماری در جهت بهبود و یا پیشرفت هستند استفاده می کنند.
 یکی از مشکلات مقایسه تصاویر تهیه شده در بازه های زمانی متفاوت تغییر شرایط تصویربرداری است. ممکن است تفاوت وضعیت بیمار و یا تنظیمات متفاوت دستگاه ت",3,530297
چه مزایا و معایبی برای استفاده از سیستم‌های نظارتی هوشمند در ترافیک شهری وجود دارد؟,"سیستم‌های نظارتی هوشمند امروزه توجه زیادی در زمینه ترافیک شهری به خود جلب کرده است. این سیستم‌ها در مقایسه با مشاهدات انسانی، با داشتن دقت زیاد و سرعت بالاتر پردازش اطلاعات، در شناسایی تخلفات رانندگی و کنترل ترافیک مورد استفاده قرار می‌گیرند. یکی از مهمترین زمینه‌های کاربردی سیستم‌های نظارتی هوشمند رهگیری خودروها در ترافیک شهری است. نتایج رهگیری خودروها را همچنین می‌توان در پردازش‌های سطح بالاتر بکار برد و از آن جهت تحلیل ترافیک استفاده کرد. 
هدف ما در این پروژه رهگیری مقاوم و موثر خودروهای مشاهده شده از توالی تصاویر گرفته شده از یک دوربین ثابت، که روی یک پل یا ساختمان قرار دارد، است. رهگیری خودرو با تهیه کردن اطلاعات تصویری غنی‌تر، بطور موثری در تحلیل-های سطح بالاتر کمک می‌کند. هرچند که هنوز رهگیری ویدیویی بدلیل مشکلات آشکارسازی و قطعه‌بندی، نماهای مختلف یک شئ متحرک، مورفولوژی اشیاء نرم، هم‌پوشانی چند شئ متحرک، تغییرات روشنایی، سایه‌ها و ... یک مساله باز است.  در اینجا از سه ماسک زمینه که شامل ماسک لبه، ماسک تفاضل فریم و ماسک تفاضل زمینه هستند، برای مدل‌سازی زمینه پویا جهت استخراج زم",3,534608
چه راهکارهایی برای مدیریت وابستگی تولید مزارع بادی به ویژگی‌های تصادفی باد وجود دارد؟,امروزه افزایش قابلیت اطمینان سیستمهای قدرت یکی از اصلیترین ضروریات برنامه ریزیهای شبکه محسوب می شود. در این میان بررسی قابلیت اطمینان از نقطه نظر تولید نیز از اهمیت ویژه ای برخوردار است. از طرفی استفاده از منابع تجدیدپذیر نیز روز به روز در حال افزایش است، که استفاده از مزارع بادی با توجه به امکان تولید انرژی در حجم بالاتر، ارزانتر بودن و دسترسی به آن در سطح جغرافیایی وسیعتر اهمیت پیدا می کند. لیکن نظر به وابستگی تولید مزارع بادی به باد که تقریباً یک منبع غیرقابل پیش بینی و دارای خصوصیات تصادفی است، توان خروجی این مزارع نیز به تبع آن شکلی تصادفی خواهد داشت. در این راستا، مدلی مناسب برای پیش بینی سرعت باد در این مطالعه در نظر گرفته شده است. روش ارزیابی قابلیت اطمینان شبکه در این پژوهش روش تحلیلی می باشد. جهت ارزیابی قابلیت اطمینان سیستم مورد مطالعه با حضور مزارع بادی، مدلی مطلوب برای واحد توربین و مزرعه بادی مورد نیاز است. در این پژوهش روش تواتر و مدت زمان برای مدلسازی مزرعه بادی مانند یک واحد تولید مرسوم چند حالته استفاده می شود. احتمال، تواتر رخداد و نرخ خروج هر حالت را میتوان با استفا,3,526061
چگونه در روش ESO، مصالح غیر لازم از سازه حذف یا انتقال داده می‌شوند تا شکل نهایی سازه به بهترین نوع توزیع سوق داده شود؟,یکی از روش‌های بهینه‌سازی سازه‌ها،‌ Evolutionary Structural Optimizaton (ESO) می‌باشد. این روش، به منظور استفاده بهینه از مصالح، مصالح سازه را باز توزیع می‌کند. در این روش، حرکت تدریجی از سازه اولیه به سمت سازه بهینه صورت می‌گیرد و با در نظر گرفتن کلیه شرایط حاکم بر سازه از قبیل شرایط ساختگاهی، تکیه گاهی، بارگذاری و... با حذف یا انتفال تدریجی مصالح غیر لازم، شکل نهایی آن، ارایه و سازه به سمت بهترین نوع توزیع(مثل توزیع تنش یا ابعاد) سوق داده می‌شود. به عبارتی این توزیع به نحوی انجام می‌گیرد که مصالح از نقاط قوی‌تر با کارایی کمتر به نقاط ضعیف‌تر با کارایی بیشتر انتقال یافته وسازه با توجه به عملکرد مورد نظر، قابلیت بالاتری نسبت به طراحی اولیه داشته باشد. تاکنون دیدگاه ها و نظریات مختلفی در مورد روش بهینه‌سازی تکاملی سازه‌ها ابراز شده است. در این میان بعضی از پژوهشگران به انتقاد از این روش پرداخته و آن را در تولید ساختار بهینه ناکارا معرفی می‌کنند و ادعا می کنند روش بهینه‌سازی تکاملی سازه‌ها همیشه به جواب مطلوب منجر نمی‌شود و بعضی مواقع جواب‌های فوق العاده غیربهینه و محلی تولید می‌کند. زیر,3,534270
سازه‌های تطبیقی چرا از مهمترین سازه‌ها برای استخراج نفت و گاز شناخته می‌شوند؟,"سازه‌های تطبیقی از مهمترین سازه‌ها برای استخراج نفت و گاز به‌شمار می‌روند. سکوهای پایه کششی(TLP) یکی از مهمترین سازه‌ها برای استخراج نفت از آب‌های عمیق می‌باشند. به دلیل اینکه در این سازه‌ها شناوری بیش از وزن می‌باشد، برای تعادل قائم سکو به مهارهای سفت مرتبط کننده سازه فوقانی به فنداسیون روی بستر دریا نیاز است. در حالت کلی این سازه‌ها دارای شش درجه آزادی می‌باشند که بیشترین دامنه حرکت، در راستای حرکت طولی است. 
بعد از بدست آوردن معادله حرکت طولی سکو، که شامل پارامتر غیرخطی می‌باشد، با توجه به روش‌های موجود برای حل مسایل غیرخطی، برای یافتن پاسخ از یک روش اغتشاش، که بر خلاف روش‌های مرسوم ، در این روش نیازی به کوچک بودن پارامتر غیرخطی نیست، استفاده شده‌‌است.
در ادامه برای کاهش دامنه حرکت طولی سکو تحت امواج دریا از میراگر جرمی متوازن استفاده می‌شود، که منجر به اعمال مقادیر کمتر نیرو و تنش به تندون‌ها و رایزر‌ها می‌شود. میراگر جرمی متوازن از یک جرم، فنر و میراگر که این ترکیب برای کاهش پاسخ دینامیکی سازه به آن متصل می‌شود تشکیل شده‌است. فرکانس این میراگر نزدیک به یکی از فرکانس‌های نوسانی س",3,532481
چه بسط‌هایی برای جایگزینی ضریب بازتاب فرنل برای تحلیل ساده‌تر تشعشع دوقطبی بر روی نیم‌فضاهای متامتریالی در این پایان‌نامه ارائه شده است؟,در این پایان نامه هدف کلی بررسی تشعشع دوقطبی قرار گرفته بر روی نیم فضاهای متامتریالی می باشد. برای این منظور ضریب بازتاب فرنل مورد مطالعه قرار می گیرد. بسط های مختلفی برای جایگزینی ضریب بازتاب فرنل به منظور تحلیل ساده تر تشعشع دوقطبی بر روی نیم فضای متامتریالی ارائه می شود. با استفاده از بسط های ارائه شده، امپدانس ورودی دوقطبی های الکتریکی و مغناطیسی که به طور افقی و یا عمودی در بالای انواع نیم فضاهای متامتریالی قرار گرفته اند، مورد بررسی قرار می گیرد. در قسمت دوم پایان نامه با تلفیق دو روش تئوری تصویر گسسته و تئوری تصویر دقیق روش جدید و موثری برای تحلیل ساختار های متمرکز کننده امواج الکترومغناطیسی ارائه می گردد. ابتدا این روش تحلیل برای دوقطبی که در بالای نیم فضای متامتریالی قرار گرفته مورد مطالعه قرار می گیرد و با استفاده از روش ارائه شده، تحلیل فرایند متمرکز شدن امواج الکترومغناطیسی در این ساختار به طور کامل بررسی می شود. سپس این روش در بررسی فرایند متمرکز شدن امواج الکترومغناطیسی در لنز متامتریالی مورد مطالعه قرار خواهد گرفت. این روش دید جالب و متفاوتی از نحوه متمرکز شدن امواج الکت,3,534336
چه نکاتی در پایان‌نامه‌ای که به عملکرد آرایه آنتن‌های بازتابنده اختصاص داده شده است، باید به دقت بررسی شوند؟,آرایه آنتن های بازتابنده به دلیل ترکیب برخی از بهترین خصوصیات آنتن های رفلکتوری و آرایه ای با یکدیگر، سال هاست که مورد توجه ویژه ای قرار گرفته اند. این آنتن ها به دلیل استفاده از تکنولوژی میکرواستریپ، آنتن هایی ارزان، کوچک و سبک هستند. در این پایان نامه نگاه نسبتاً جامعی به عملکرد آرایه آنتن‌های بازتابنده شده است. پس از توضیحاتی مقدماتی در ارتباط با عملکرد این آنتن ها روش های مختلف محاسبه ی فاز موج پراکنده شده از سلول آرایه تشریح شده اند. برای محاسبه نمودارهای اندازه و فاز پراکندگی از نرم افزار Ansoft HFSS استفاده شده است. در یافتن تمامی نمودارها فرض شده که عنصر درون یک آرایه متناوب بی نهایت از عناصری همانند خود قرار دارد لذا شبیه سازی آرایه به شبیه سازی یک سلول واحد آن کاهش یافته است.  همچنین عملکرد اجزاء مختلف آرایه اعم از پچ ها، زیر لایه، فیدر، صفحه زمین، تغییر فاز دهنده و شبکه آرایه در عملکرد آن تشریح شده اند. یکی از مواردی که در مبحث آرایه بازتابنده، تاکنون کمتر از دیگر مباحث مورد بررسی و مطالعه قرار گرفته مسئله ی تلفات در آن است. این مسئله از نقطه نظرهای مختلفی از جمله: تغییرات ت,3,527495
چه تأثیری اختلالات فناوری اطلاعات بر امنیت و یکپارچگی سیستم های تولیدی- صنعتی دارد؟,در عصر حاضر یافتن  مکانی که تولید یا کسب و کار در آن انجام می شود بدون وابستگی به سیستم های فناوری اطلاعات شاید دوراز ذهن به نظر برسد به طور مثال سیستم های یکپارچه تولیدی- صنعتی ترکیبی ساخت یافته از اجزای متعدد سخت افزاری و نرم افزاری است که برای ارتباط و تبادل اطلاعات با یکدیگر از بستری مانند شبکه استفاده می نمایند. چنین سیستم هایی با وجود داشتن مزایای زیاد دارای معایبی نیز هستند. شاید بزرگترین عیب این سیستم ها تامین امنیت و یکپارچگی آنها در برابر مخاطرات فناوری اطلاعات و تبعات ناشی از اختلال در آنهاست. برای برطرف کردن این نقیصه طرح های سازمانی متفاوتی در حوزه های مختلف مانند امنیت، ایمنی، شرایط اضطراری، ....  معرفی گردیده است که جامع ترین این طرح ها، طرح مقابله با بحران های فناوری اطلاعات یا ITCP   است. یکی از صنایع مادر و مهم در هر کشور که پیشرفت آن نشان دهنده رشد و بالندگی کشور در فناوری های سطح بالا می باشد صنایع کشتی سازی است. فرآیند ساخت کشتی، فناوری های مرتبط و دانش کسب شده از آن، حاصل تلاش تیمهای مختلف و فعالیت گروهی بخشهای زیادی از یک صنعت کشتی سازی می باشد. ناگفته پیداست که,3,531269
چگونه طرح بلوک‌های کاملاً تصادفی در تحقیقات کشاورزی می‌تواند به دقت و اعتبار نتایج کمک کند؟,محدودیت منابع آب، ضرورت استفاده بهینه از آب در بخش کشاورزی را نشان می‌دهد. یکی از راه‌های استفاده بهینه از آب، به‌کارگیری روش‌های مدرن آبیاری از جمله آبیاری قطره‌ای نواری است. در این تحقیق به منظور ارزیابی سیستم‌های آبیاری قطره‌ای سطحی و زیر‌سطحی بر عملکرد پنبه، آزمایشی بصورت کرت-های خرد شده و در قالب طرح بلوک‌های کاملاً تصادفی با سه تکرار در مزرعه مرکز تحقیقات کشاورزی و منابع طبیعی ارزوئیه واقع در استان کرمان اجرا گردید. تیمارها شامل سه سطح آبیاری 100، 80 و 60 درصد نیاز آبی به عنوان عامل اصلی و دو سیستم آبیاری قطره‏ای سطحی و زیر‌سطحی به عنوان عامل فرعی می-باشند. تیمارهای مورد مطالعه، از لحاظ میزان عملکرد محصول، آب مصرفی، کارایی مصرف آب، اجزاء عملکرد و معیار اقتصادی نسبت منفعت به هزینه ارزیابی گردیدند. نتایج تحقیق نشان می‌دهد با توجه به یکسان بودن میزان آب مصرفی تیمارهای فرعی اعمال شده در هر تیمار اصلی، در دو تیمار 60 و 80 درصد نیاز آبی نسبت به تیمار 100 درصد نیاز آبی، به ترتیب به میزان 3200 و 1500 مترمکعب در هکتار در مصرف آب صرفه‌جویی گردید. میزان کارایی مصرف آب در تیمار 80 درصد نیاز,3,529596
چگونه پارامترهای رئوکست مانند سرعت و مدت زمان همزدن مذاب نیمه جامد بر ریز ساختار و سختی نمونه‌های آلیاژ Al-6Si-2Mg تأثیر می‌گذارند؟,امروزه به دلیل نیاز صنایع خودرو سازی و هوا فضا به آلیاژ های سبک ، آلیاژ های آلومینیم هم در کنار سایر آلیاژ های سبک غیر آهنی کاربرد فراوانی یافته اند. بر اساس محاسبات ترمودینامیکی، آلیاژ Al-6Si-2Mg از بین آلیاژ های Al-Si-Mg بهترین گزینه برای فرایند ریخته گری نیمه جامد است. بعد از تولید این آلیاژ، پارامتر های رئوکست نظیر سرعت و مدت زمان همزدن مذاب نیمه جامد روی ریز ساختار و سختی نمونه ها مورد بررسی قرار گرفت. در ابتدا نتایج نشان دادند که با همزدن مخلوط نیمه جامد تا سرعت rpm50، ساختار از دندریتی به گل رزی تغییر یافته است و با افزایش سرعت چرخش همزن به rpm150، مورفولوژی ذرات از گل رزی به کروی تغییر پیدا کرد. همزدن مخلوط نیمه جامد همچنین باعث توزیع یکنواخت تر ترکیبات بین فلزی در زمینه ی یوتکتیک شد. افزایش بیشتر سرعت چرخش از rpm150 به rpm600 روی مورفولوژی ذرات تاثیری نداشت. افزایش سرعت چرخش همزن از rpm150 به rpm450 باعث کاهش اندازه ذرات و افزایش سختی نمونه ها شد اما افزایش بیشتر سرعت همزن به rpm600 تاثیر قابل توجهی روی اندازه ذرات و سختی نداشت. همچنین با همزدن مخلوط نیمه جامد به صورت همدما تا,3,534087
چگونه برقراری اتصال الکتریکی بین ذرات و سطح پایه آهنی می‌تواند ویژگی‌های حفاظت کاتدی را تحت تأثیر قرار دهد؟,رنگهای صنعتی حاوی ذرات فلز روی از بهترین پوششها جهت آستر و یا رنگ ضد خوردگی در محیط های خورنده محسوب میشوند. نیاز به برقراری اتصال الکتریکی بین ذرات و سطح پایه آهنی برای بهره وری از ویژگی حفاظت کاتدی قربانی شونده، حضور روی در میزان حدود %90 وزنی را الزامی میکند که ازطرفی  بر خواص چسبندگی وانسجام فیلم اثر نامطلوب میگذارد و از سوی دیگر جنبه اقتصادی و قیمت تمام شده را تحت اثر قرار میدهد.به نظر می آید که کاهش قطر متوسط ذرات با افزایش نسبت سطح به حجم رنگدانه، میزان فلز روی مورد نیازرا کاهش می دهد. همچنین با کنترل هدایت الکتریکی پوشش های تعاملی ضد زنگ، بر مبنای ایجاد پوسته هادی پلی آنیلین  بر ذرات فلزی موجود در پایه ارگانیک میتواند منجر به افزایش کارایی این کامپوزیتها گردد، علاوه بر اینکه میزان نانوفلز مصرفی کاهش می یابد. به اینترتیب خواص مکانیکی و الکتروشیمیایی افزایش می یابد که بررسی این ایده هدف پروژه حاضر است. همچنین تاًثیر نانو رنگدانه دی اکسید تیتانیوم جهت افزایش مقاومت در برابر نور ماورائ بنفش پوشش به عنوان لایه رویه نیز مورد بررسی قرار گرفته است.آزمایشات XRD  ، SEM و تعیین هدایت رنگد,3,534268
بیان کنید که در مهندسی بافت استخوان، چه اجزایی برای ترمیم و بازسازی بافتهای آسیب دیده به کار می‌روند؟,"در مهندسی بافت استخوان، داربست ها از اجزای اصلی مورد استفاده جهت ترمیم و بازسازی بافتهای آسیب دیده هستند. این داربستها از انواع بیومتریال ها شامل فلزات، سرامیک ها، پلیمرها و حتی کامپوزیت های مختلف ساخته می شوند. عامل اصلی برتری بیو مواد سرامیکی بر انواع فلزی و پلیمری، در سازگاری بسیار خوب این مواد با سازوکارهای موجود زنده می باشد. بیو سرامیک ها برخلاف فلزات، حتی پس از قرارگرفتن به مدت طولانی در محیط زنده دچار تغییرات شیمیایی نمی شوند. اما مهمترین محدودیت استفاده از بیو سرامیک‌ها به تنهایی در داربست‌ها،‌ تردی و عدم سهولت شکل ‌دهی می‌باشد که به این خاطر به طور معمول با مواد پلیمری یا سرامیکی آمیخته و کامپوزیت داربست را تشکیل می دهند.
هدف از انجام این پروژه، ساخت داربستهای نانوکامپوزیتی  از جنس هیدروکسی آپاتیت و نانو آلومینا با استفاده از روش قالب ریزی ژل و بررسی خواص آن ها می باشد. در ساخت این داربست، از ژل بدست آمده از متاکریل آمید-کو- متاکریلیک اسید به عنوان ژل پلیمری شکل دهنده در فرآیند قالبریزی ژل جهت ساخت نانو کامپوزیت هیدروکسی آپاتیت و نانو ذرات آلومینا بهره گرفته شده است.
ابتدا",3,533367
آیا تحقیقات بیشتری بر روی رفتار تیرهای عمیق پیش‌تنیده باید انجام شود تا روابط مشخص و قابل قبولی برای طراحی بهینه این اعضا ارائه شود؟,تیرهای عمیق به عنوان یکی از اعضای مهم در سازه‌های بتن مسلح مطرح می‌باشند. در این اعضا به دلیل دارا بودن نسبت دهانه برشی به ارتفاع کم، بارها با یک مکانیزم خرپایی به تکیه‌گاه‌ها منتقل می‌شود. گسیختگی این تیرها از نوع برشی با شکل‌گیری ترک‌های قطری می‌باشد. بنابراین، با استفاده از پیش‌تنیدگی می‌توان مقدار بازشدگی ترک‌های قطری را کاهش داده و ظرفیت باربری این اعضا را بهبود بخشید. مطالعات بر روی رفتار تیرهای عمیق پیش‌تنیده محدود می‌باشد و روابط کاملا مشخص و قابل قبولی برای طراحی این اعضا ارائه نشده است و در نتیجه تحقیقات بیشتر در این زمینه ضروری به نظر می‌رسد. در این پایان‌نامه، تیرهای عمیق بتن مسلح پیش‌تنیده دو سر ساده با استفاده از نرم‌افزار اجزای محدود Abaqus به صورت سه بعدی مدل‌سازی شده‌اند. برای این منظور، مدل‌سازی المان‌های بتنی با استفاده از مدل آسیب – خمیری و مدل‌سازی آرماتورهای فولادی با استفاده از تئوری خمیری کلاسیک انجام شده است. مدل‌سازی نیروی پیش‌تنیدگی در تاندون‌ها با در نظرگیری گام‌های مختلف محاسباتی با شرایط تماسی مختلف برای اندرکنش تاندون و بتن و اعمال تنش‌های اولیه به تاندون,3,660510
چه موضوعاتی در مورد تخمین تطبیقی توزیع شده در شبکه‌های سنسوری بررسی شده‌اند؟,"اخیراً مفهوم تخمین تطبیقی توزیع شده به عنوان روشی مناسب برای تخمین در شبکه‌های سنسوری فاقد FC مد نظر قرار گرفته است. در قسمت اول این رساله مساله تخمین تطبیقی توزیع شده در شبکه های افزایشی مبتنی بر LMS با در نظر گرفتن کیفیت مشاهدات در دو حالت کلی (1) شبکه همگن و (2) شبکه غیر همگن مورد توجه قرار گرفت. ابتدا نشان داده شد که چنانچه از شبکه تطبیقی در یک محیط همگن استفاده شود، از نظر خطای حالت دائم، نتایج بدست آمده تفاوتی با نتایج قابل ارائه توسط شبکه غیرمشارکتی ندارد. با این حال استفاده از شبکه تطبیقی این مزیت را دارد که با نرخ همگرایی سریع‌تری به جواب رسیده و لذا مزیت اصلی آنها در این مورد فقط سرعت همگرایی آن‌هاست. 
در حالت دوم ابتدا نشان دادیم که وجود گره هایی با کیفیت پایین سبب کاهش شدید کارایی شبکه های تطبیقی می گردد. برای حل این مساله در این رساله الگوریتم های متفاوتی ارائه گردید. ابتدا توجه خود را معطوف به طراحی الگوریتمی نمودیم که در آن هدف دسترسی به خطای کمتر نسبت به الگوریتم DILMS به شرط نرخ همگرایی برابر با آن تعیین گردید. بسته به در دسترس بودن اطلاعات مربوط به واریانس نویز مشاهد",3,531173
آیا در صنایع هوایی برای کاهش خطرات برخورد پرنده با هواپیما از چه روش‌هایی استفاده می‌شود؟,"تصادم پرنده با هواپیما که به عنوان ""برخورد پرنده"" شناخته می‌شود، پدیده‌ای معمول و در عین حال خطرناک است. در صنایع هوایی، تلاش می‌شود سطوح خارجی بالگرد و هواپیما به گونه‌ای طراحی شوند که پرنده را پس از برخورد منحرف و یا انرژی برخورد را تا حد زیادی جذب‌کنند. به دلیل هزینه زیاد انجام آزمون عملی برخورد پرنده، نیاز به روش‌های عددی مدل‌سازی دقیق، کارا و کم‌هزینه احساس می‌شود. با گسترش روش‌های عددی در تحلیل‌ مساله برخورد، استفاده از روش‌های عددی برای تحلیل برخورد پرنده با مکان‌هایی از سطح هواپیما که انجام آزمون عملی در آن‌ها هزینه‌بر و مشکل است، رو به افزایش است. یکی از کاراترین روش‌های عددی برای بررسی مساله برخورد پرنده، روش اجزای محدود می‌باشد.
در این پایان‌نامه، پیشینه کارهای انجام‌شده در زمینه برخورد پرنده ارایه می‌شود؛ در ادامه روش‌های متداول برای حل مسایل برخورد پرنده، یعنی لاگرانژ، اویلری-لاگرانژی انتخابی(ALE) و هیدرودینامیک ذره‌ای هموارشده (SPH) معرفی ‌شده و معادلات حاکم بر هر یک بیان می‌شود؛ سپس روش‌های تئوریکی که تاکنون برای حل مسایل برخورد پرنده ارایه‌شده‌است، بیان می‌شود. در ادام",3,526894
چه نقشی برای داده‌کاوی در کاهش هزینه‌های مراکز درمانی ارائه شده است؟,در این تحقیق به بیان کاربرد‌ روش‌های داده‌کاوی در کشف دانش از اطلاعات مراکز درمانی پرداخته می‌شود. در این میان، با توجه به اینکه در مراکز درمانی ملکی سازمان تامین اجتماعی ارائه خدمات درمانی به بیمه‌شدگان تامین اجتماعی رایگان بوده و هیچ گونه/ فرانشیزی از آنها دریافت نمی-شود، شناسایی کلاهبرداری برخی از افراد سودجو که ممکن است اقدام به انجام تخلف‌های گوناگون در زمینه دریافت دارو از طریق نسخ دارویی نمایند، و یا شناسایی افرادی که مراجعات غیرضروری زیادی به مراکز درمانی دارند، می‌تواند بسیاری از هزینه‌های سازمان‌ را کاهش دهد.برای انجام این مطالعه در ابتدا چارچوب شناسایی کلاهبرداری از طریق دسته‌بندی بیماران بر اساس میزان مراجعات آنها طی یک بازه زمانی مشخص طراحی گردید که در آن از رویکردی ترکیبی متشکل از مراحل پیش‌پردازش، خوشه‌بندی و دسته‌بندی استفاده شده است، و برای هر کدام از مراحل ابزارهای مناسبی بکار گرفته شدند. جهت انجام این تحقیق مجموعه داده‌ای مربوط به اطلاعات بیماران بیمارستان امام رضا(ع) ارومیه در بازه زمانی یکساله مورد استفاده قرار می‌گیرد و چارچوب شناسایی کلاهبرداری بر روی آنها بکار گ,3,802692
آیا مبدل DC به DC افزاینده سه ورودی پیشنهادی دارای دو پورت توان یک‌جهته و یک پورت توان دوجهته است؟,در این پایان‌نامه یک مبدل DC به DC افزاینده سه ورودی پیشنهاد می‌شود. مبدل پیشنهادی دو پورت توان یک‌جهته برای منابع توان ورودی و یک پورت توان دوجهته برای المان ذخیره کننده انرژی را در یک ساختار واحد فراهم می‌آورد. این مبدل به‌منظور ترکیب منابع انرژی-های نو از جمله منبع فتوولتائیک، منبع پیل سوختی و باتری (به‌عنوان منبع ذخیره توان) توصیه می‌شود. تامین بار خروجی و شارژ یا دشارژ باتری می‌تواند توسط هر کدام از منابع ورودی چه به‌صورت ترکیبی و چه به‌صورت منفرد به‌کار رود. در ساختار مبدل پیشنهادی فقط از چهار کلید قدرت استفاده شده است که این کلیدها توسط چهار دیوتی‌سایکل مجزا از هم، به‌صورت مستقل کنترل می‌شوند. با بهره‌گیری از این دیوتی-سایکل‌ها، استحصال حداکثر توان از منبع توان فتوولتائیک، تنظیم توان منبع FC، کنترل میزان توان باتری و رگولاسیون ولتاژ خروجی میسر می‌شود. در این مبدل، بسته به حالت استفاده از باتری، سه مد عملکرد متفاوت برای باتری تعریف می‌شود. به منظور طراحی سیستم کنترل، در هر کدام از مدهای عملکرد مدار، مدل سیگنال کوچک مبدل محاسبه می‌شود. به دلیل تداخل حلقه‌های کنترلی مبدل، شبکه دکوپ,3,531824
چه اهمیتی برای هزینه کلی و کیفیت قطعه تولیدی دارد؟,برنامه ریزی فرآیند تولید به عنوان پلی برای ارتباط بین فرآیند طراحی و ساخت تلقی می شود. برنامه ریزی نصب و قرار به منظور دسته بندی فیچرهای (Feature) مورد ماشینکاری در نصب و قرارهای مشخص، مرتب کردن این نصب و قرارها و ترتیب بندی عملیات در هر نصب و قرار بیان می شود. این مرحله همچنین پله ورود به بحث برنامه ریزی قید و بند (Fixture Planning) می باشد. برنامه ریزی نصب و قرار به میزان زیادی بر روی هزینه کلی و کیفیت قطعه تولیدی اثر می گذارد. برنامه ریزی نصب و قرار شامل سه مرحله اصلی است که عبارتند از: تولید نصب و قرار، اولویت بندی نصب و قرارها و ترتیب عملیات در هر نصب و قرار. فاکتورهائی چون اولویت فیچرها(Feature Precedence Relationship)، تلرانس های ابعادی و هندسی، جهت پیشروی ابزار، ابزار، ماشین در تعیین صحیح یک برنامه نصب و قرار موثر هستند. در این پروژه قیود، موانع و فاکتورهای مختلف تاثیر گذار در طرحریزی نصب و قرار برای قطعات منشوری شکل بررسی می شود. همچنین با استفاده از یک تابع هدف مناسب، طرح نصب و قرار بهینه با توجه به ابزارها، ماشین های در اختیار و ترتیب عملیات، بهینه می گردد. در اولین مرحله با,3,531024
چگونه مدل‌های عددی برای مطالعه مواد دانه‌ای در این مقاله استفاده شده‌اند؟,"ماده دانه‌ای شامل توده‌ای از تعداد زیادی ذره در محدوده اندازههای گوناگون از میکرون تا سانتی‌متر است. این قبیل مواد درخیلى از مجموعه‌های طبیعى وصنعتى ازقبیل توده‌های شن، برف(بهمن)‌، ماسه، غلات، حبوبات، میوه‌هاومحصولات صنایع دارویی دیده می‌شود. در حال حاضر مطالعه مکانیک مواد دانه‌ای یک جزءجدانشدنی از مکانیک کاربردی است. مطالعات انجام شده به کمک مدل‌های عددی روی مواد دانه‌ای براساس دو اصل متفاوت مکانیک محیط پیوسته و مکانیک محیط گسسته پایه‌گذاری، برنامه‌سازی و تدوین می‌شوند.در مدل‌های مبتنی بر فرض ماده گسسته رفتار کلی هر سیستم با شبیه‌سازی رفتار تک‌تک اجزای تشکیل دهنده آن شبیه‌سازی می‌شود. لذا این مدل‌ها که طبیعت گسسته سیستم‌های حاوی اجزای منفصل را مد نظر قرار می‌دهند و رفتار سیستم را از روی رفتار اجزای آن شبیه سازی می‌کنند، تحت عنوان مدل‌های عناصر مجزا شناخته می‌شوند.
انسداد مواد دانه‌ای یکی از جدی‌ترین مشکلاتی است که در عملیات تخلیه از مخازن قیفی شکل ذخیره‌سازی مانند مخازن تخلیه گندم از سیلوها، تخلیه سیمان از بونکرها  و غیره وجود دارد. این انسداد منجر به توقف مکرر در بهره‌برداری از مواد",3,533595
چه روش‌هایی برای ارزیابی مورفولوژیکی، شیمیایی و مولکولی گیاه دارویی آویشن استفاده می‌شود؟,آویشن (Thymus spp)یکی از گیاهان مهم دارویی است که در صنایع غذایی، دارویی، بهداشتی و آرایشی کاربرد دارد. اولین قدم برای کارهای اصلاحی آویشن، اطلاع از تنوع ژنتیکی و روابط خویشاوندی بین توده های مختلف آن است. در این تحقیق 13 نمونه از گیاه دارویی آویشن، مورد ارزیابی های مورفولوژیکی، شیمیایی و مولکولی قرار گرفتند. بر اساس تجزیه واریانس صفات مورفولوژیک تفاوت معنی داری بین نمونه ها مشاهده شد. با توجه به دندروگرام حاصل از تجزیه خوشه ای صفات مورفولوژیک، نمونه ها در دو دسته کلی قرار گرفتند. به‌منظور ارزیابی تنوع مولکولی نمونه های آویشن، DNA ژنومی به‌صورت بالک با استفاده از روش CTAB گیاهان دارویی با کمی تغییرات، استخراج گردید. برای انجام PCR از 20 آغازگر استفاده گردید که تنها 9 آغازگر باندهای واضح و تکرارپذیر را نشان دادند. از مجموع 149 باند تولید شده 124باند (83/22%) چندشکل بودند. آنالیز داده ها با برنامه هایPOPGENE  و  SPSSانجام و دندروگرام بر پایه UPGMA ترسیم شد. دندروگرام ترسیم شده در فاصله ژنتیکی 85% سه گروه اصلی را بین 13 نمونه مشخص کرد. به‌منظور ارزیابی تنوع شیمیایی، اسانس نمونه ها به‌وسیل,3,529688
چه چالش‌هایی در بهینه‌سازی بازده احتراق سیستم احتراق در نیروگاه‌های حرارتی وجود دارد؟,امروزه با توجه به افزایش ارزش انرژی در کشور، یکی از دغدغه‌های جدی در صنایع نیروگاه‌حرارتی افزایش راندمان بویلرها به‌کمک بهینه‌سازی بازده احتراق می‌باشد. مسئله بهینه سازی کارکرد سیستم احتراق در یک نیروگاه حرارتی ایجاد یک توازن بین افزایش بازده احتراق و مینیمم سازی انتشار گازهای نامطلوب می‌باشد. فرایند احتراق در سیستم بویلر یک فرایند چند‌ورودی چند‌خروجی، متغیر با زمان و به شدت غیرخطی می‌باشد. به همین خاطر تنظیم پارامترهای تنظیم‌پذیر اصلی آن با استفاده از روشهای کلاسیک مبتنی بر مدلسازی مشکل می‌باشد. از آنجایی که سیستم‌های کنترل توزیع شده به طور گسترده در نیروگاه‌ها مورد استفاده قرار می‌گیرد، داده‌های مربوط به پارامترهای بویلر جمع‌آوری و ثبت می شوند به همین خاطر استفاده از تکنیک‌های داده‌کاوی یک روش بسیار موثر به منظور تنظیم بهینه پارامترهای احتراق می‌باشد. با توجه به اینکه داده‌های موجود، خروجی سنسورهای نصب شده روی سیستم است اغلب، داده ها دارای دقت مناسب نبوده و در بعضی مواقع نویز نیز روی آنها تاثیر می‌گذارد، به همین دلیل استفاده از مجموعه‌های فازی در تحلیل این داده‌ها بسیار مفید می‌باشد.,3,534994
ایمنی راه‌ها و اولویت‌بندی قطعات تصادف‌خیز در حمل و نقل,"امروزه موضوع ایمنی راه‌ها به دلیل ایجاد هزینه‌های گزاف اجتماعی و اقتصادی تصادفات جاده‌ای و پیامدهای فیزیکی و روانی آن بر روی افراد و جوامع، یکی از مهمترین موضوعات در تحقیقات علمی بخش حمل و نقل به شمار می‌آید. به دلیل وجود محدودیت‌های اجرایی و بودجه‌ای برای ایمن‌سازی کلیه قطعات تصادف‌خیز، امکان ایمن‌سازی تمامی این قطعات در راه‌ها وجود ندارد. از این‌رو باید ضمن شناسایی قطعات تصادف‌خیز آنها را برای انجام عملیات ایمن‌سازی، اولویت‌بندی کرد.
در این تحقیق پس از بررسی اشکالات روش‌های موجود قطعه‌بندی راه، انواع خطاهای ایجاد شده ناشی از آنها بررسی شده است. یکی از اشکالات روش‌های رایج برای قطعه‌بندی عدم شناسایی طول قطعه تصادف‌خیز است که در این رساله با شبیه‌سازی آمار تصادفات به سیگنال پاسخ راه به ترافیک عبوری توسط یک مدل دینامیکی مبتنی بر تئوری تبدیل موجک، امکان شناسایی طول قطعات تصادف‌خیز متناسب با آرایش تصادفات در طول مسیر به وجود آمده است. از مهمترین قابلیت‌های مدل قطعه‌بندی دینامیکی راه، امکان شناسایی قطعات تصادف‌خیز با طول مختلف و شناسایی قطعات با طول کوتاه در طول قطعات بلندتر است. در حل یک",3,511216
چه عواملی باعث افزایش اهمیت استفاده از نرم‌افزارهای متن‌باز در این پژوهش شناخته شده‌اند؟,نرم‌افزارهای متن‌باز گزینه‌ای قابل توجه و یکی از بهترین انتخاب‌ها برای جایگزینی نرم‌افزارهای تجاری و اختصاصی محسوب می‌شوند. مزایای زیاد این نوع نرم‌افزارها موجب حرکت به سمت استفاده از آنها در ایران طی سالیان اخیر شده است. مسایل مربوط به امنیت ملی و تحریم‌های بین‌المللی و همچنین هزینه‌های نرم‌افزاری و خدماتی و بسیاری از موارد دیگر اهمیت استفاده از این نرم‌افزارها را دو چندان نمود. این موضوع موجب تعریف طرح ملی نرم‌افزارهای متن‌باز در سال ۱۳۷۹ گردید که عملیات اجرایی آن سال ۱۳۸۱ آغاز شد. در این پژوهش تلاش کرده‌ایم تا به سنجش موفقیت نرم‌افزارهای متن‌باز در ایران بپردازیم. ابتدا به استخراج شاخص‌های اصلی و فرعی موفقیت متن‌باز پرداخته‌ایم. این شاخص‌ها در ۷ مولفه‌ی اصلی و ۳۴ زیر شاخص مطرح و با استفاده از نظرات خبرگان، بررسی و تایید شده است. مولفه‌های استخراج شده شامل کیفیت نرم‌افزارهای متن‌باز، رضایت از متن‌باز، کیفیت خدمات انجمن متن‌باز، استفاده از متن‌باز، قابلیت‌های فناوری اطلاعات حاصل از متن‌باز، امنیت ملی ناشی از متن‌باز،منافع خالص متن‌باز بوده‌اند. سپس با استفاده از این مولفه‌ها مدل سنجش,3,532047
چه عواملی باعث تمایل به داشتن سازه‌های سبک، کارا و ارزان قیمت شده است؟,"امروزه توجه فزاینده به کمبود مواد خام و نقصان شدید منابع انرژی شناخته شده، موجب تمایل به داشتن سازه‌هایی سبک، کارا و ارزان قیمت شده است. این خواست به نوبه خود بر ضرورت آگاهی یافتن مهندسان از فنون بهینه‌سازی وزن و هزینه سازه‌ها تاکید می‌کند.
      در سالهای اخیر بهینه سازی سازه ها شاهد تکنیک های جدید و ابداعی طراحی سازه‌ها بوده است .این روشهای جستجوی تصادفی از ایده های ناشی از طبیعت نشأت می گیرند و مشکلات روشهای ریاضیاتی، همچون پیوستگی تابع هدف، نیازمندی به محاسبه مشتقات توابع هدف وقیود و غیره را ندارند. این در حالیستکه این روشها صرفاً با ارزیابی توابع هدف توانایی یافتن نقاط بهینه کلی را دارند.
      الگوریتم بهینه سازی اجتماع ذرات (PSO) از جمله این الگوریتم‌ها می‌باشد. این الگوریتم بر اساس شبیه سازی اجتماعی دسته پرندگان و اجتماع ماهیها، اولین بار در سال 1995 توسط Eberhart  و Kennedy  ارائه گردید. این الگوریتم دارای یکسری مزایا می‌باشد که در مقایسه با سایر الگوریتم‌ها آن را شاخص‌تر می‌کند. از جمله این مزایا می‌توان به تعداد کم پارامترهای تنظیمی، سادگی کاربرد و برنامه‌نویسی الگوریتم، س",3,526879
روش های استاتیکی غیرخطی در ارزیابی سازه ها چه تأثیری بر توزیع نیروها و تغییرشکل ها دارند؟,در حال حاضر منطقی ترین و کاربردی ترین روش ارزیابی سازه ها ، روش های استاتیکی غیرخطی می باشد. یکی از فرضیات اولیه در این روش ها تعیین پاسخ سازه چند درجه آزادی تحت حرکت لرزه ای زمین از پاسخ یک سیستم یک درجه آزادی می باشد.با توجه به تفاوت تغییرمکان حداکثر در این سیستم ها، توزیع نیروها وتغییرشکل ها در این دو سیستم متفاوت خواهد بود که یکی از علتهای این تفاوت، اثر مودهای بالاتر می باشد. در روش های رایج آنالیز بار جانبی افزاینده، توزیع نیرو و تغییرمکان هدف بر این فرض استوار است که پاسخ سازه توسط مود ارتعاشی اصلی سازه کنترل    می شود.ما در سازه هایی که تحت تأثیر مودهای ارتعاشی به غیر از مود اصلی ارتعاشی خود قرار دارند، همانند سازه های بلند ویا ساختمان های با طبقه ضعیف ،ویا ساختمان های نامتقارن در پلان که در آنها پیچش اتفاق می افتد ویا ساختمان های نامنظم در ارتفاع نمی توان به صحت  روش های آنالیز بارجانبی افزاینده که در آنها آنالیز با فرض کنترل سازه توسط مود اصلی ارتعاشی صورت     می گیرد اطمینان کرد.بنابراین مطالعات اخیر در این زمینه ،برگسترش روش بارجانبی افزاینده به  سازه هایی که در آنها اثر مو,3,505922
چه خصوصیاتی باعث کاربردهای متعدد نانولوله‌ها می‌شوند؟,"نانولوله‌ها به علت دارا بودن ساختار ویژه و خواص منحصر به فرد همچنین مقاومت و استحکام کششی بالا، هدایت بالا و ...کاربردهای متعددی پیدا کرده‌اند. تحقیقات گسترده‌ای در زمینه سنتز نانولوله‌های کربنی انجام شده و یکی از مهمترین اهداف، یافتن روشی برای تولید آن‌ها بوده که علاوه بر ایجاد محصولی با کیفیت بالا، قابلیت تولید در مقیاس انبوه را داشته و از لحاظ اقتصادی به صرفه باشد. 
در این پایان‌نامه از روش شناورسازی بخار کاتالیست که از روش‌های رسوب دهی بخارشیمیایی است و قابلیت تولید انبوه را دارد، استفاده شد. زایلن به عنوان خوراک کربنی، فروسن به عنوان کاتالیست و هیدروژن گاز حامل و ایجاد کننده محیطی کاهنده انتخاب گردید. به منظور هدفمند کردن آزمایشات و بهینه‌سازی شرایط عملیاتی از نرم افزار آماری طراحی آزمایش7Design expert و روش رویه پاسخ مرکب مرکزی استفاده شد. با توجه به ثابت بودن قطر لوله راکتور مورد استفاده در طول آزمایشات، غلظت کاتالیست در محدوده 6- 1 درصد جرمی ، دما C° 1200-800 و جریان گاز حامل cc/min280-160انتخاب شدند. طراحی آزمایش در پنج سطح و با توجه به محدوده‌های تعریف شده برای هر یک از پارا",3,526622
چه تفاوت‌های ماکروسکوپی و میکروسکوپی در کولیت کلاژنی وجود دارد؟,طی سال‌های اخیر بیماری‌های گوارشی روده در کشور افزایش چشم‌گیری پیدا کرده است. یک دسته شایع از این بیماری‌های گوارشی، کولیت‌ها می‌باشند. در پزشکی واژه‌ی کولیت به التهاب کولون اشاره دارد وهمچنین برای توصیف التهاب روده بزرگ نیز  به کار برده می‌شود. کولیت کلاژنی، بیماری التهاب کلاژن در کولون و یکی از بیماری‌های کولیت میکروسکوپی است که  توسط اسهال شدید و مزمن مشخص می‌گردد. این تغییر در کولون از لحاظ ماکروسکوپی به صورت نرمال و از لحاظ میکروسکوپی غیرنرمال می باشد. در تشخیص این بیماری نمی‌توان از آزمایشات معمول مانند آزمایش خون و تست انگل  استفاده کرد. تنها روش تشخیص این بیماری با استفاده از نمونه برداری از روده بزرگ در خلال کلونوسکوپی و اندازه‌گیری ضخامت کلاژن توسط پاتالوژیست و به کمک  میکروسکوپ می‌باشد. ضخامت لایه کلاژن در بافت کولون فرد بیمار از 10میکرومتر بیشتراست. این تغییر ضخامت کلاژن در طول ناحیه ساب‌اپیتلیال جای مشخصی ندارد و ممکن است در هر جای آن اتفاق بیفتد. بنابراین پاتالوژیست می‌بایست از چندین ناحیه در طول بافت کولون نمونه‌برداری و ضخامت لایه کلاژن را اندازه‌گیری کند. هم اکنون این,3,533694
چه کارکردهایی برای پخش اطلاعات در شبکه‌های اقتضایی بین خودرویی مطرح می‌شود؟,شبکه‌های  اقتضایی بین‌خودرویی در عصر حاضر توجه فراوانی را به خود جلب نموده‌اند. یکی از اساسی‌ترین مسائلی که در این قبیل شبکه‌ها مطرح است، مساله پخش اطلاعات می‌باشد. پخش اطلاعات در شبکه‌های اقتضایی بین خودرویی می‌تواند کارکردهای متفاوتی داشته باشد. در این پایان‌نامه، کارکرد غیرحفاظتی پخش اطلاعات در این شبکه‌ها مورد بررسی قرار گرفته است. در چنین کارکردهایی از پخش اطلاعات به منظور درآمدزایی و اهداف تجاری استفاده می‌گردد. در این تحقیق با به‌کارگیری ایده‌ی کدگذاری بدون نرخ، پخش بهینه‌ی  اطلاعات دراین قبیل شبکه‌ها مورد بررسی قرار می‌گیرد. پخش اطلاعات در شبکه‌های اقتضایی بین خودرویی می‌تواند از طریق یک واحد کنار جاده‌ای(RSU)  و یا یک گره‌ی سیار (خودرو) در شبکه صورت گیرد. واحدهای اطلاع‌رسان، واحدهایی هستند که پیام مطلوب برای پخش در شبکه را توزیع می‌نمایند.  ماهیت پیامی که در شبکه پخش می‌گردد، می‌تواند مبین نوع کاربرد در نظر گرفته شده برای شبکه‌ی اقتضایی بین خودرویی باشد. در این قبیل شبکه‌ها، خودروها علاوه بر داشتن توانایی صحبت و تبادل اطلاعات با واحدهای کنار جاده‌ای، امکان برقراری ارتباط با خو,3,532968
Evolutionary Structural Optimization (ESO) چگونه مصالح سازه را در این روش مورد بازتوزیع قرار می‌دهد؟,یکی از روش‌های بهینه‌سازی سازه‌ها،‌ Evolutionary Structural Optimizaton (ESO) می‌باشد. این روش، به منظور استفاده بهینه از مصالح، مصالح سازه را باز توزیع می‌کند. در این روش، حرکت تدریجی از سازه اولیه به سمت سازه بهینه صورت می‌گیرد و با در نظر گرفتن کلیه شرایط حاکم بر سازه از قبیل شرایط ساختگاهی، تکیه گاهی، بارگذاری و... با حذف یا انتفال تدریجی مصالح غیر لازم، شکل نهایی آن، ارایه و سازه به سمت بهترین نوع توزیع(مثل توزیع تنش یا ابعاد) سوق داده می‌شود. به عبارتی این توزیع به نحوی انجام می‌گیرد که مصالح از نقاط قوی‌تر با کارایی کمتر به نقاط ضعیف‌تر با کارایی بیشتر انتقال یافته وسازه با توجه به عملکرد مورد نظر، قابلیت بالاتری نسبت به طراحی اولیه داشته باشد. تاکنون دیدگاه ها و نظریات مختلفی در مورد روش بهینه‌سازی تکاملی سازه‌ها ابراز شده است. در این میان بعضی از پژوهشگران به انتقاد از این روش پرداخته و آن را در تولید ساختار بهینه ناکارا معرفی می‌کنند و ادعا می کنند روش بهینه‌سازی تکاملی سازه‌ها همیشه به جواب مطلوب منجر نمی‌شود و بعضی مواقع جواب‌های فوق العاده غیربهینه و محلی تولید می‌کند. زیر,3,534270
چطور مقاومت AC در محاسبه جریان‌های گردشی و تلفات اهمی در آرمیچر توربوژنراتورها مورد استفاده قرار می‌گیرد؟,"معمولا سیم بندی آرمیچر توربوژنراتورهای بزرگ از چندین رشته تشکیل می‌شوند که نسبت به هم عایق بندی شده‌اند و به منظور کاهش تلفات ناشی از جریان‌های فوکو و جریان‌های گردشی بین رشته ها در راستای طولی ماشین ترانسپوز شده‌اند. محاسبه چنین تلفاتی نیاز به داشتن آگاهی از توزیع جریان گردشی دارد. در این پایان نامه جریان گردشی در شینه‌هایی که با استفاده از روش روبل در آن‌ها جابجایی صورت گرفته است، بررسی می‌شود. با استفاده از تحلیل جریان‌های گردابی، مقاومت AC محاسبه شده و در محاسبات جریان‌های گردشی و تلفات اهمی در انواع جابجایی‌های از قبیل 90، 180، 360 و 540 درجه در ناحیه شیار در نظر گرفته می‌شود و ناحیه انتهایی شینه‌ها در دو حالت بدون جابجایی (اتصال کوتاه شدن همه رشته ها با کلیپ) و با جابجایی (اتصال رشته به رشته) که این حالت به دو صورت که رشته در شینه مجاور به رشته متناظر متصل شود و یا اینکه می-تواند با جابجایی متصل شوند. 
نتایج نشان می‌دهد که بدون در نظر گرفتن ناحیه انتهای سیم بندی، جابجایی 360 و 540 درجه کمترین جریان‌های گردشی و نمودار جریان گردشی هموارتری دارند، با در نظر گرفتن ناحیه انتهای شینه‌",3,535334
چه اهمیتی برای صنایع تولیدی دارد که در مسئله تعیین همزمان اندازه دسته و زمان‌بندی تولید هموار‌سازی صورت گیرد؟,با توجه به نقش هموارسازی تولید در کاهش هزینه‌ها و افزایش سطح خدمت به مشتری، تاکنون پژوهش‌های وسیعی بر روی مسائل هموار‌سازی تولید انجام گرفته است. در این پژوهش هموار‌سازی تولید در مسئله تعیین همزمان اندازه دسته و زمان‌بندی تولید (GLSP) در سیستم تولیدی تک ماشین، با در نظر گرفتن دو تابع هدف کمینه‌سازی مجموع هزینه‌های تولید شامل آماده‌سازی وابسته به توالی و نگهداری موجودی و نیز تابع هدف کمینه‌سازی میزان انحراف از نرخ تولید ایده‌ال، مورد مطالعه قرار گرفته است. در ادبیات موضوع تاکنون مسئله هموارسازی تولید در GLSP بررسی نشده است. دو مدل ریاضی بر اساس نحوه مدل‌سازی کلرک و مدل‌سازی فلشمن و میر برای این مسئله ارائه شده است. مقایسه دو مدل مذکور نشان داده است که مدل کلرک نسبت به مدل فلمشن و میر کاراتر بوده و در مدت زمان کوتاه‌تر توانسته است فضای حل بیشتری را جستجو کند و به پاسخ بهتری دست یابد. برای حل مدل ریاضی مسئله در ابعاد کوچک، از دو روش مجموع وزنی توابع هدف و روش محدودیت ε استفاده شده است. هم چنین یک الگوریتم فراابتکاری ژنتیک با جستجوی محلی پیشنهاد شده است. در مسائل با ابعاد کوچک، مرز کارای ت,3,526504
چگونه می‌توان یک روش مناسب برای شناسایی محل وقوع خطا در شبکه های توزیع ارائه داد؟,توسعه سیستم قدرت، نتیجه  افزایش روز افزون وابستگی به انرژی برق می‌باشد، بدلیل خصوصی سازی این صنعت ، توزیع انرژی با کمترین خاموشی وبالاترین درجه اطمینان از اهمیت بسیار ویژه‌ای برخوردار شده است. شبکه های توزیع بدلیل گستردگی و نزدیکی به مصرف کنندگان بیشترین آمار خطاها و خاموشی ها را به خود اختصاص می‌دهند. با توجه به نرخ بالای خطا در شبکه های توزیع ارائه روشی که بتواند محل وقوع خطا را در کمترین زمان نشان دهد کمک و راهنمای مناسبی برای بهره‌برداران جهت بازیابی سریع شبکه وافزایش ایمنی افراد و طول عمر تجهیزات می‌باشد. درصد بالایی ازخطاها، خطاهای امپدانس بالا هستند. در اثر تماس هادی های برقدار با اجسامی همچون شاخه درختان یا سقوط آنها روی سطوح خاکی، خطای امپدانس بالا به وقوع می پیوندد. جریان خطای امپدانس بالا معمولا کمتر ازنقطه تنظیم رله های اضافه جریان بوده و از اینرو امکان تشخیص آنها توسط رله های معمولی وجود ندارد. خطای امپدانس بالا تقریباً همیشه با قوس همراه بوده لذا با خطای قوس مترادف است. مدل سازی خطای امپدانس بالای همراه قوس وتأثیر متقابل آن برسیستم قدرت برای طراحی و تست رله های حفاظتی مهم,3,527029
چگونه توزیع انرژی در یک سازه می‌تواند برای کاهش خسارات زلزله موثر باشد؟,در روش های مرسوم طراحی مقاوم ساختمان ها در برابر زلزله از رفتار غیر الاستیک سازه برای اتلاف انرژی ورودی به آن استفاده می گردد و به سازه اجازه داده می شود تا از محدوده الاستیک خارج و به واسطه تغییر شکل های غیر الاستیک به وجود آمده مقداری از انرژی را مستهلک نماید. توجه به نحوه توزیع انرژی در یک سازه روش دیگری به منظور کاستن اثرات زلزله را به همراه می آورد که بر اساس  افزودن وسایل میراگر الحاقی به ساختمان می باشد. این وسایل قادرند قسمتی از انرژی ورودی را به تنهایی جذب و مستهلک نمایند. در واقع میراگر ها وسایلی هستند که از خاصیت میرایی بسیار بالایی برخوردارند و می توانند پاسخ سازه را در یک ارتعاش آزاد کاهش دهند و از تخریب سازه جلوگیری کنند. میراگرهای اصطکاکی از جمله وسایلی هستند که در کنترل غیر فعال سازه ها انرژی را از طریق اصطکاک، در اثر لغزش بین سطوح فولادی و لنت ترمز اتلاف می کنند. از مزایای چنین سیستمی می توان به عدم نیاز به منبع انرژی خارجی،  هزینه کم ساخت و نگهداری و کم کردن هزینه کلی ساختمان به علت افزودن سختی اضافی به سازه اشاره کرد. در این پایان نامه نتایج حاصل از آزمایش بر روی قاب,3,534083
چه نقشی برای مدل‌های حل اختلاف در تصمیم‌گیری مناسب برای مسائل حل اختلاف در مدیریت و تخصیص آب ایفا می‌کنند؟,امروزه بهره برداری بهینه منابع آب با توجه به محدودیت ها و در جهت تامین نیازها و اهداف مختلف که عموماً در تضاد با یکدیگر قرار دارند، از دلایل عمده ایجاد تنش بین مصرف کنندگان مختلف می باشد. در این راستا استفاده از مدلهای حل اختلاف که با استفاده از توابع  مطلوبیت ذینفعان مختلف به ارائه مناسب ترین نقطه تصمیم گیری می پردازند، به عنوان یک راهکار مناسب برای مسائل حل اختلاف می  باشند. در این تحقیق، مسئله مدیریت و حل اختلاف در تخصیص آب در قالب یک مدل بازی ارائه گردیده است و تابع هدف با استفاده از تابع نش نامتقارن مدل شده است. مدل مذکور در حوضه رودخانه زرینه رود مورد استفاده قرار گرفته است. حوضه آبریز زرینه رود، یکی از قطب های  کشاورزی ایران و بزرگترین زیرحوضه در حوضه آبریز دریاچه ارومیه می باشد. دریاچه ارومیه بزرگترین دریاچه داخلی کشور و دومین دریاچه آب شور جهان در سا لهای اخیر با شرایط بحرانی مواجه شده است. جلوگیری از نابودی این دریاچه در صورتی امکان پذیر خواهد بود که برنامه ریزی اصولی و صحیح در بهره برداری از منابع تامین کننده آب دریاچه تدوین و اجرا گردد. استفاده بهینه از منابع آب این رودخانه,3,530236
چه کاربردهایی برای پلاسمون پلاریتون‌های سطحی (SPPs) در حسگرها و مدارهای فوتونیکی ذکر شده است؟,پلاسمون پلاریتون‌های سطحی (SPPs) امواجی هستند که در امتداد سطح هادی و محصور به آن منتشر می‌شوند. این امواج نوری چون با الکترون‌های آزاد در سطح هادی بر هم‌کنش می‌کنند، در سطح هادی به دام افتاده‌اند. مزیت عمده این امواج متمرکز بودن انرژی آنها در فاصله بسیار نزدیکی از سطح هادی و تشدید میدان آن‌ها در سطح فلز در فرکانس‌های نوری می‌باشد. از این رو این امواج کاربردهای فراوانی در حسگرها، مدارهای فوتونیکی ، تقویت پروسه‌های نوری ماهیتاً ضعیف و ... یافته‌اند. اما در کنار این مزیت‌ها مشکل عمده این امواج که کارایی آن‌ها را محدود می‌کند، میرایی شدید آن‌ها به دلیل تلفات اهمی فلز می‌باشد. در سالهای اخیر تلاش‌های زیادی برای کم کردن این تلفات، با معرفی اشکال گوناگونی از موجبرهای پلاسمون پلاریتونی و یا جبران این تلفات، با استفاده از محیط‌های فعال انجام شده است. محلول‌های رنگی، نیم‌رساناها، چاهای چندلایه کوانتومی و ... از جمله محیط‌های فعالی هستند که بدین منظور استفاده می‌شوند. در این پایان‌نامه نیز محیط‌های فعال بابهره برای افزایش طول انتشار امواج پلاسمون پلاریتونی سطحی به کار رفته‌اند و نیم‌رسانای گالیم,3,526267
چگونه می‌توان از منابع تجدیدپذیر برای افزایش قابلیت اطمینان در تولید انرژی استفاده کرد؟,امروزه افزایش قابلیت اطمینان سیستمهای قدرت یکی از اصلیترین ضروریات برنامه ریزیهای شبکه محسوب می شود. در این میان بررسی قابلیت اطمینان از نقطه نظر تولید نیز از اهمیت ویژه ای برخوردار است. از طرفی استفاده از منابع تجدیدپذیر نیز روز به روز در حال افزایش است، که استفاده از مزارع بادی با توجه به امکان تولید انرژی در حجم بالاتر، ارزانتر بودن و دسترسی به آن در سطح جغرافیایی وسیعتر اهمیت پیدا می کند. لیکن نظر به وابستگی تولید مزارع بادی به باد که تقریباً یک منبع غیرقابل پیش بینی و دارای خصوصیات تصادفی است، توان خروجی این مزارع نیز به تبع آن شکلی تصادفی خواهد داشت. در این راستا، مدلی مناسب برای پیش بینی سرعت باد در این مطالعه در نظر گرفته شده است. روش ارزیابی قابلیت اطمینان شبکه در این پژوهش روش تحلیلی می باشد. جهت ارزیابی قابلیت اطمینان سیستم مورد مطالعه با حضور مزارع بادی، مدلی مطلوب برای واحد توربین و مزرعه بادی مورد نیاز است. در این پژوهش روش تواتر و مدت زمان برای مدلسازی مزرعه بادی مانند یک واحد تولید مرسوم چند حالته استفاده می شود. احتمال، تواتر رخداد و نرخ خروج هر حالت را میتوان با استفا,3,526061
چطور تبدیل موجک از روش‌های آنالیز زمان- فرکانسی متمایز است و چه توانایی‌های خاصی دارد؟,در این پروژه یک روش تست غیرمخرب مبتنی بر تبدیل موجک گسسته و شبکه عصبی برای آنالیز سیگنال‌های ارتعاشی در شناسایی عیوبی مانند ترک در سازه خوردو بکار گرفته شده است. تبدیل موجک از روش‌های آنالیز زمان- فرکانسی می‌باشد که توانایی تحلیل سیگنال‌های گذرا و غیرایستا را دارد. این ویژگی از نقاط قوت این روش در مقابل روش‌های آنالیز طیفی مانند تبدیل سریع فوریه (FFT) بوده، به‌طوری‌که می-تواند محتوای فرکانسی سیگنال‌های حاوی اطلاعات گذرا و فرکانس‌های متغیر با زمان از جمله سیگنال فرکانسی جاروب شده (Frequency Sweep) که در تحلیل‌های دینامیکی خودرو از آن استفاده می‌شود را در زمان بسیار کمتر از مقدار مشابه خود در حالت بکارگیری آنالیز طیفی، آشکار کند. بنابراین در چنین مواردی، استفاده از تبدیل موجک، زمان اعمال ورودی به سیستم را تا حد مشخصی کاهش داده و با دقت بالا باعث کاهش حجم اطلاعات سیگنال‌ها و صرفه جویی در زمان می شود. همچنین، اخیرا از روش‌های هوشمندی چون شبکه عصبی در پردازش ثانویه داده‌های حاصل از آنالیز موجک بهره برده شده است. علت استفاده از شبکه عصبی در تشخیص عیب، قابلیت خودیادگیری، توانایی شناسایی الگوه,3,535184
چگونه می‌تواند نتایج رهگیری خودروها در پردازش‌های سطح بالاتر برای تحلیل ترافیک شهری مورد استفاده قرار گیرد؟,"سیستم‌های نظارتی هوشمند امروزه توجه زیادی در زمینه ترافیک شهری به خود جلب کرده است. این سیستم‌ها در مقایسه با مشاهدات انسانی، با داشتن دقت زیاد و سرعت بالاتر پردازش اطلاعات، در شناسایی تخلفات رانندگی و کنترل ترافیک مورد استفاده قرار می‌گیرند. یکی از مهمترین زمینه‌های کاربردی سیستم‌های نظارتی هوشمند رهگیری خودروها در ترافیک شهری است. نتایج رهگیری خودروها را همچنین می‌توان در پردازش‌های سطح بالاتر بکار برد و از آن جهت تحلیل ترافیک استفاده کرد. 
هدف ما در این پروژه رهگیری مقاوم و موثر خودروهای مشاهده شده از توالی تصاویر گرفته شده از یک دوربین ثابت، که روی یک پل یا ساختمان قرار دارد، است. رهگیری خودرو با تهیه کردن اطلاعات تصویری غنی‌تر، بطور موثری در تحلیل-های سطح بالاتر کمک می‌کند. هرچند که هنوز رهگیری ویدیویی بدلیل مشکلات آشکارسازی و قطعه‌بندی، نماهای مختلف یک شئ متحرک، مورفولوژی اشیاء نرم، هم‌پوشانی چند شئ متحرک، تغییرات روشنایی، سایه‌ها و ... یک مساله باز است.  در اینجا از سه ماسک زمینه که شامل ماسک لبه، ماسک تفاضل فریم و ماسک تفاضل زمینه هستند، برای مدل‌سازی زمینه پویا جهت استخراج زم",3,534608
چه الگوریتمی برای بهینه‌سازی هندسه محفظه تابشی دو بعدی با سطوح پخشی و خاکستری در این تحقیق استفاده شده است؟,در این تحقیق بهینه سازی هندسه یک محفظه تابشی دو بعدی با سطوح پخشی و خاکستری در یک محیط شفاف با استفاده از الگوریتم کوچ پرندگان مورد مطالعه قرار می گیرد. هدف مسئله طراحی دستیابی به هندسه بهینه یک محفظه با این شرط است که توزیع دما و شار حرارتی بر روی قسمتی از محفظه موسوم به سطح طراحی مقداری یکنواخت و مشخص باشد. با استفاده از روش انتقال مجزا، معادله تابش در محفظه حل می‌گردد. موقعیت نقاط کنترلی منحنی های اسپلاین نوع B که سطح محفظه را توصیف می کنند، با استفاده از الگوریتم کوچ پرندگان بهینه خواهند شد. تابع هدف مجموع مربعات تفاضل شار حرارتی مطلوب و شار حرارتی به دست آمده بر روی سطح طراحی می باشد. در نهایت با ارائه مثال های عددی تأثیر پارامتر های موثر در مسئله طراحی هندسه، مثل کوچک شدن شبکه المان های زاویه فضایی و شبکه المان های روی سطوح، تعداد و وزن نقاط کنترلی و مرتبه تابع پایه منحنی های اسپلاین نوع B بر هندسه به دست آمده، تابع هدف و نرخ همگرایی بررسی خواهند شد. نتایج نشان می دهند که روش بهینه سازی مطرح شده در این تحقیق، به خوبی توانایی بهینه کردن هندسه یک محفظه تابشی را داراست.,3,529926
چه اهمیتی برای سیستم فرود خودکار دارد که برچسب معنایی برای هر بعش متناظر اختصاص داده شود؟,‌در این پایان‌نامه یک روش بخش‌بندی معنایی برای تصاویر هوایی ارائه شده است. بخش‌بندی معنایی باعث می‌شود، عمل بخش‌بندی و طبقه‌بندی به طور هم‌زمان در یک گام مؤثر انجام شود. در حقیقت یک برچسب معنایی برای هر بخش متناظر با کلاس آن (نظیر درخت، جاده، ساختمان، چمن و آب) اختصاص می‌یابد. این یک جنبه مهم برای سیستم فرود خودکار می‌باشد. برای فرود هواپیمای خودکار، عمل بخش‌بندی به تنهایی کافی نمی‌باشد. علاوه بر آن به یک فهم معنایی از تصویر ورودی برای شناسایی امکان یک فرود امن نیاز است. ترکیب این دو مرحله مهم‌ترین هدف به‌کارگیری روش‌معنایی می‌باشد. این الگوریتم برپایه توصیف رنگ و بافت می‌باشد. در مرحله آموزش، ابتدا ناحیه‌هایی همگن را به طور دستی استخراج کرده و هر ناحیه را به طور معنایی برچسب دادیم. سپس توصیف‌گرهای بافت و رنگ برای هر ناحیه در تصاویر آموزش محاسبه شدند. ترکیب توصیف‌گرها و برچسب معنایی آن‌ها برای ایجاد طبقه‌بندی‌کننده –Kنزدیک‌ترین همسایگی استفاده می‌شود. برای بخش‌بندی یک تصویر جدید، آن را به تعدادی ابرپیکسل بیش‌بخش‌بندی می‌کنیم. ابرپیکسل‌ها ناحیه‌هایی یکنواخت و همگن از تصویر ورودی را به ط,3,534023
چه تغییراتی در تنش‌های محیط اطراف تونل ایجاد می‌شود؟,حفاری تونل موجب تغییراتی در تنش‌های موجود در محیط اطراف تونل می‌گردد. در نتیجه این تغییر در تنش‌ها تغییرشکل‌هایی در محیط ایجاد می‌گردد که به صورت تغییرمکان جانبی در اطراف تونل، نشست سطح زمین و تغییرشکل سازه‌های مجاور در صورت وجود،  نمایان می‌شود. مطالعات تجربی و عددی انجام شده در زمینه تونل‌ها نشان می‌دهد که این تغییرشکل‌ها پس از اتمام عملیات حفاری، در اثر گذشت زمان افزایش می‌یابند. پیش‌بینی واقع‌بینانه رفتار تابع زمان سازه‌ها در مهندسی ژئوتکنیک نیازمند در نظر گیری مدل رفتاری مناسب خاک در این زمینه است. مدل‌های رفتاری مختلفی در ادبیات فنی موجود است که هر یک از آن‌ها بر اساس مفاهیم مختلفی پایه گذاری شده‌اند. مطالعات انجام گرفته نشان می‌دهد که  مدل‌های الاستوپلاستیک-‌ویسکوپلا‌ستیک در مقایسه با سایر مدل‌ها نتایج قابل قبول‌تری را بدست داده‌اند. بدین منظور در این تحقیق ابتدا یک مدل رفتاری الاستوپلاستیک-‌ویسکوپلا‌ستیک موجود، که در کد محاسباتی FLAC نصب گردیده است، ارائه شد. با مدل‌سازی تونل توحید (واقع در شهر تهران) و با انجام تحلیل بازگشتی پارامترهای این مدل تخمین زده شد. سپس پیش‌بینی نشست‌ه,3,534549
چرا کارشناسان به استفاده از بتن غلتکی در ساخت روسازی راه متمرکز شده‌اند؟,"پس از استفاده موفقیت‌آمیز بتن غلتکی در کار‌های سازه‌ای حجیم مانند سد سازی و با توجه به ویژگی این بتن در کسب مقاومت  بالا به ویژه در سنین پایین، توجه کارشناسان به سوی استفاده از این بتن در کار‌هایی مانند ساخت روسازی راه متمرکز شد. در همین راستا، ویژگی این بتن در کاهش هزینه‌ها و همچنین تسریع در امر ساخت و سایر مزایای آن باعث شد تا تحقیقات زیادی در ارتباط با خصوصیات این بتن انجام شود.
در این تحقیق، تأثیر پوزولان و پودر سنگ بر روی رفتار مکانیکی، جذب آب و نفوذپذیری بتن غلتکی مورد بررسی قرار گرفت.     نمونه‌های مورد نظر در این تحقیق بر اساس روش مبتنی بر دیدگاه خاکی ساخته شده و جهت تراکم از چکش ارتعاشی کنگو استفاده گردید. آزمایش‌های مذکور در دو مرحله انجام گرفتند.
آزمایش‌های مرحله اول به تعیین بهینه میزان رطوبت مورد نیاز برای طرح اختلاط‌های اشاره شده در این تحقیق اختصاص یافت. در این مرحله از آزمایش‌ها، تعداد 144 نمونه مکعبی 150*150*150 میلیمتری ساخته شده و مورد بررسی قرار گرفتند.
در آزمایش‌های مرحله دوم، رفتار نمونه‌های اصلی ساخته شده با بهینه رطوبت به دست آمده در مرحله اول مورد ارزیابی قر",3,527606
چه مدلی در این مطالعه به عنوان مدل پایه استفاده شده است و چه مزایا و معایبی دارد؟,"هدف از حل مدل های انتخاب پرتفوی، ارائه ی مجموعه ای از جوابها (پرتفوی های مختلف با ریسک و بازده گوناگون) به تصمیم گیرنده (سرمایه‌گذار) جهت انتخاب پرتفوی مورد نظر می باشد. در مدل پایه مارکویتز که یک مدل تک هدفه می باشد چنانچه به ازاء مجموعه ای از مقادیر سطح حداقلی بازده، مدل به طور مکرر حل شده و نمودار بازده-ریسک پرتفوی به ازاء جوابهای مختلف ترسیم شود، به مجموعه نقاطی تحت عنوان مرز کارا دست می یابیم که به سرمایه گذار این امکان را می دهد، بر اساس نیازمندی ریسک / بازده خاصی پرتفوی خود را بر اساس آن انتخاب نماید که این انتخاب به ریسک گریزی و ریسک‌ پذیری سرمایه‌گذار بستگی دارد. در تئوری های نوین سرمایه گذاری، سرمایه گذاران قادرند علاوه بر خرید دارایی‌های در دسترس، برخی دارایی هایی را که در حال حاضر در اختیار ندارند را نیز فروخته و از درآمد حاصل از آن در دارایی های دیگر سرمایه گذاری نمایند که این امر فروش استقراضی نامیده می شود. از این رو ساز و کار مدل سازی و تعیین مرز کارا  در این حوزه برای سرمایه گذاران از اهمیت برخوردار می باشد. 
در این تحقیق با فرض مجاز بودن فروش استقراضی (آزاد بودن اوزا",3,535034
چه مسئله‌ای در این رساله مورد توجه قرار گرفته است؟,مسأله قدرت بازار از دیرباز در اقتصاد به عنوان یک چالش مطرح بوده و با توجه به خصوصیات ویژه بازار برق بیش از پیش مورد توجه محققان و مدیران صنعت برق قرار گرفته است. در این رساله، عملکرد بازار پول در افق زمانی کوتاه مدت از دیدگاه نهاد قانون گذار با تأکید بر مسأله قدرت بازار مورد مطالعه قرار می گیرد. روش های پیشنهادی جهت تحلیل قدرت بازار در دو محور اصلی ارائه گردیده است. در محور اول، هدف دستیابی به اطلاعات واقع بینانه از میزان به کارگیری قدرت بازار در چارچوب طرح های بازار برق پیش از پیاده سازی این طرح ها می باشد. در این راستا، مسأله مرز تمرکز جهت تعیین بازه ای برای تغییرات شاخص تمرکز بازار معرفی و فرمول بندی شده است. سیاست‌های جداسازی سرمایه های تولید به عنوان یکی از کاربردی ترین روش های کاهش قدرت بازار در بازارهای تازه راه اندازی شده به کمک این روش ارزیابی گردیده است. مقایسه این نتایج با نتایج به دست آمده از شبیه ساز عامل محور مرسوم، کارایی روش تحلیل تمرکز در شناسایی پتانسیل های قدرت بازار را آشکار می سازد. در این رساله، روش یادگیری Q-learning فازی جهت مدل سازی رفتار استراتژیک تولیدکنندگان,3,528228
چگونه اتم‌های کربن در قاب سه بعدی به عنوان اعضایی نیرویی مدل می‌شوند؟,تحلیل ارتعاشی نانولوله های کربنی به دلیل کاربردهای آن دارای اهمیت می باشد. روش اجزا محدود  یکی از روش های تحلیل نانولوله ها می باشد، که با در نظر گرفتن قاب سه بعدی این تحلیل انجام می شود. در این قاب سه بعدی پیوند بین اتم های کربن به عنوان اعضایی نیرویی مدل شده و اتم های کربن مفاصل بین این اعضا است. برای تولید مدل اجزا محدود گره ها در محل اتم های کربن قرار می گیرند و پیوند بین اتم ها به وسیله ی المان های سه بعدی الاستیک تیر مدل می شوند. مدول الاستیک المان های تیر با استفاده از پیوند مکانیک مولکولی و محیط پیوسته ارائه شده در مقالات معرفی شده است. در این مدل نیروهای واندروالس بین لایه های نانولوله دو جداره در نظر گرفته شده است. خواص نانولوله های تک جداره و دوجداره در بعضی موارد با هم متفاوت است. با استفاده از نرم افزار انسیس  خواص مکانیکی نانولوله ها تحلیل شده است. المان تیر 4  که المانی سه بعدی با قابلیت های خمش، کشش، پیچش و فشار ، استفاده شده است. عکس العمل بین دو لایه از نانولوله های چند جداره، عکس العمل واندروالس، در محاسبه ی پارامترهای مکانیکی در نظر گرفته شده است. برای شبیه سازی نیر,3,532731
چگونه از معیار بهینه‌سازی بیزین برای تصمیم‌گیری در مورد شناسایی رخدادها استفاده شده است؟,در این پایان نامه، شناسایی ناحیه وقوع دو رخداد به طور همزمان، با استفاده از ساختار پردازش اطلاعات توزیع شده،  با دو لایه پردازش محلی و نهایی و بر اساس معیار بهینه سازی بیزین مورد بررسی قرارگرفته است. در بکارگیری معیار شناسایی بیزین با در نظر گرفتن سه فرض شامل وضعیت نرمال، رخداد اول و رخداد دوم، تابع ریسک بر اساس احتمال وقوع تمامی حالت های تصمیم گیری و احتمال قبلی وقوع هر یک از فرضیات، تعریف شده است؛ و در نتیجه قوانین تصمیم‌گیری با تمرکز بر کمینه سازی تابع ریسک حاصل می شوند. همچنین در این پایان نامه، الگوریتم شناسایی دو رخداد با قابلیت تحمل خرابی در شبکه سنسوری بی‌سیم پیشنهاد شده است. به این ترتیب، با مشخص بودن درصد احتمال خرابی سنسور قبل از شروع فرآیند شناسایی دو رخداد، می‌توان مقادیر آستانه بهینه مورد نیاز در لایه اول تصمیم‌گیری را تعیین نمود. تعیین مقادیر آستانه با هدف کمینه سازی احتمال خطای شناسایی دو رخداد  در حضور خرابی سنسور و با استفاده از روشهای عددی حاصل می‌شود. شبکه‌های سنسوری بی سیم عموماً در شرایط سخت و نامناسب بکارگرفته می شوند؛ در نتیجه مشاهدات سنسورها همواره با نویز همرا,3,533877
چه دیدگاهی از عملکرد بازار پول در این مقاله تبیین شده است؟,مسأله قدرت بازار از دیرباز در اقتصاد به عنوان یک چالش مطرح بوده و با توجه به خصوصیات ویژه بازار برق بیش از پیش مورد توجه محققان و مدیران صنعت برق قرار گرفته است. در این رساله، عملکرد بازار پول در افق زمانی کوتاه مدت از دیدگاه نهاد قانون گذار با تأکید بر مسأله قدرت بازار مورد مطالعه قرار می گیرد. روش های پیشنهادی جهت تحلیل قدرت بازار در دو محور اصلی ارائه گردیده است. در محور اول، هدف دستیابی به اطلاعات واقع بینانه از میزان به کارگیری قدرت بازار در چارچوب طرح های بازار برق پیش از پیاده سازی این طرح ها می باشد. در این راستا، مسأله مرز تمرکز جهت تعیین بازه ای برای تغییرات شاخص تمرکز بازار معرفی و فرمول بندی شده است. سیاست‌های جداسازی سرمایه های تولید به عنوان یکی از کاربردی ترین روش های کاهش قدرت بازار در بازارهای تازه راه اندازی شده به کمک این روش ارزیابی گردیده است. مقایسه این نتایج با نتایج به دست آمده از شبیه ساز عامل محور مرسوم، کارایی روش تحلیل تمرکز در شناسایی پتانسیل های قدرت بازار را آشکار می سازد. در این رساله، روش یادگیری Q-learning فازی جهت مدل سازی رفتار استراتژیک تولیدکنندگان,3,528228
چگونه سیستم‌های MIMO با استفاده از چند آنتن فرستنده و چند آنتن گیرنده قابلیت لینک را از طریق دایورسیتی فضایی بهبود می‌دهند؟,OFDM بدلیل قابلیت مقابله با تداخل بین سمبلی، کارایی استفاده از پهنای باند و پیچیدگی نسبتاً کم، یک تکنیک موثر برای ارسال نرخ داده بالا روی کانال‌های فیدینگ انتخاب فرکانسی است. سیستم‌های MIMO با استفاده از چند آنتن فرستنده و چند آنتن گیرنده قابلیت لینک را از طریق دایورسیتی فضایی بهبود می‌دهند و نرخ ارسال داده را از طریق تکنیک‌های تسهیم فضایی افزایش می‌دهند. ترکیب MIMO و OFDM که MIMO-OFDM نامیده می‌شود بعنوان یک سیستم امید بخش برای افزایش ظرفیت و بهبود قابلیت لینک نسل بعدی سیستم‌های مخابرات موبایل است.برای اینکه سمبل‌های ارسال شده از فرستنده در گیرنده بدرستی آشکارسازی شود، نیاز به شناخت کانال داریم. بنابراین، تخمین کانال در طراحی سیستم‌های MIMO-OFDM نقش مهمی دارد. یکی از معایب سیستم‌های $MIMO-OFDM$ حساسیت به آفست فرکانس حامل است که باعث تداخل بین حاملی شده و در نتیجه سیگنال مطلوب تضعیف می‌شود. اثرات داپلر و عدم تطابق اسیلاتورهای فرستنده و گیرنده باعث ایجاد آفست فرکانسی می‌شود. بنابراین، در این پایان نامه الگوریتمی را برای تخمین همزمان آفست فرکانسی و کانال بیان می‌کنیم. الگوریتم پیشنهادی ی,3,533836
آیا استفاده از پوشش TiN بر روی ابزارها و قالب‌ها می‌تواند به افزایش مقاومت در برابر خوردگی در اتمسفر و مایعات صنعتی کمک کند؟,پوشش‌های سخت به طور عمده به منظور افزایش طول عمر ابزارها، به خصوص ابزار برش و قطعات دستگاه‌ها، و هم‌چنین برای رسیدن به خواص تزئینی مطلوب و قابلیت مقاومت بالا در برابر خوردگی در اتمسفر، مایع بدن و برخی مایعات صنعتی استفاده می‌شود. TiN به عنوان پوشش سخت بر روی ابزارها و قالب‌ها علی‌رغم سختی بالا و مقاومت به سایش، در هنگام ماشینکاری  با سرعت بالا و در شرایط مرطوب دارای محدودیت است. با توجه به اینکه حضور اکسیژن در این پوشش‌ها از اکسایش بیشتر آن‌ها جلوگیری می‌کند و افزایش چقرمگی و کاهش احتمال پوسته شدن و تراشه شدن پوشش را به همراه دارد و مشارکت آلومینیم در این پوشش‌ها باعث بهبود رفتار اکسایشی و پایداری حرارتی و افزایش سختی آن‌ها می‌شود، لذا انتظار می‌رود که پوشش‌های پیشرفته‌تری نظیر پوشش‌های TiAlON و TiAlN عملکرد بهتری نسبت به نیتریدهای ساده داشته باشند. در این پژوهش با ساخت فلز هدف موزائیکی، پوشش‌های TiAlN و TiAlON توسط فرایند تبخیر قوس کاتدی ایجاد شد. پس از آن رفتار سایشی، اکسایشی و خوردگی این دو پوشش در مقایسه با پوشش TiN مورد بررسی قرار گرفت. جهت بررسی ریزساختار حاصل از فرایند تبخیر قوس,3,526018
چه عواملی بر جداسازی پیوسته مواد از یک مخلوط جامد از طریق سیالیت سریع تأثیر دارند؟,شبیه سازی فرایند جداسازی ذرات جامد بوسیله سیالیت یک امر مهم می باشد که از طریق فرایند بهینه سازی می توان بازده را افزایش و هزینه ها را کاهش داد. جداسازی پیوسته مواد از یک مخلوط جامد از طریق سیالیت سریع، تنها به اندازه و دانسیته متفاوت بستگی ندارد بلکه همچنین به ترکیب مواد در خوراک و شرایط سرعت گاز و نرخ جریان جامد داخل برج نیز بستگی دارد در این پژوهش تاثیر خوراک ذرات جامد و نسبت ترکیب دو ذره جامد و سرعت ورودی گاز برای انواع ذرات از جمله ذرات جامد زیست توده ، که دارای قطر یکسان ولی دانسیته متفاوت و همچنین دانسیته یکسان و قطر متفاوت، با کمک دینامیک سیالات محاسباتی(CFD) مورد بررسی قرار گرفته است و نتایج آن با نتایج بدست امده از کار تجربی پالاپان و همکارش [17،18]مورد مقایسه قرار گرفته است. نتایج بدست آمده توافق نسبتا خوبی با نتایج تجربی داشته است. بدین منظور از یک مدل اویلرین چند سیالی همراه با تئوری جنبشی گرانولی برای شبیه سازی استفاده شده است  و همچنین با استفاده از مدل دراگ مناسب تطابق مناسبی میان نتایج شبیه سازی و داده های آزمایشگاه هی برقرار شده است. همچنین در این رساله دو مدل دراگ EM,3,533368
چه روش‌هایی برای تثبیت تراس در شیروانی‌های خاکی و تقویت آنها وجود دارد؟,"تثبیت تراس در شیروانی‌های خاکی و تقویت آنها در مقابل ناپایداری یکی از موضوعات رایج در پروژه‌های عمرانی است. روش‌های متعددی در این زمینه وجود دارد که از آن جمله میخ‌کوبی، سپرکوبی و خاک مسلح با ژئوگرید را می‌توان نام برد. ابعاد این سازه‌ها و عملکرد آنها تابع ویژگی‌های خاک است. پارامترهایی مانند چسبندگی، زاویه اصطکاک داخلی و درجه اشباع بر ضریب اطمینان پایداری سازه، تغییر شکل توده خاکی و نیز هزینه‌های اجرایی تأثیرگذار است به نحوی که نقش تعیین کننده در انتخاب سازه و یا روش تثبیت و تقویت توده خاکی دارد.
در این تحقیق به روش اجزا محدود و با استفاده از نرم افزار plaxis 8.2 برای یک تراس خاکی ساحلی به ارتفاع معین روش‌های تثبیت با میخ‌کوبی، ژئوگرید و سپرکوبی مدل شده است. حالت‌های مورد بررسی در این نحقیق شامل بررسی بهترین زاویه میخ‌کوبی در حالت قائم و شیب دار، اثر تغییر سختی محوری ژئوگرید، تأثیر افزایش عمق کوبش سپر، تأثیر افزایش چسبندگی و زاویه اصطکاک خاک و همچنین تأثیر پایین آمدن آب رودخانه و آب زیرزمینی به صورت هم زمان می‌باشد.
نتایج نشان داده است که ضریب اطمینان پایداری این سازه‌ها تابعی مستقی",3,531666
چه موادی از استفاده از تکنیک FSP برای بهبود ریز ساختار آلیاژهای آلومینیوم ریخته‌گری شده بهره می‌برند؟,فرآوری اغتشاشی اصطکاکی (FSP) یک تکنیک جدید حالت جامد می‌باشد که بر اساس اصول اصلی جوشکاری اغتشاشی اصطکاکی (FSW) توسعه یافته است و از آن برای اصلاح ریز ساختار در مواد فلزی، از جمله سوپر پلاستیسیته، کامپوزیت سطحی، همگن سازی نانو فازهای آلیاژهای آلومینیوم و کامپوزیت‌های پایه فلزی و بهبود ریز ساختار آلیاژهای آلومینیوم ریخته‌گری شده استفاده می‌شود. هدف اصلی این تحقیق بررسی پارامترهای فرآیند از جمله پروفیل پین ابزار در ساخت کامپوزیت آلومینیوم-مس (Al-Cu) می‌باشد. در این تحقیق از چهار ابزار با پین‌هایی با پروفیل‌های مختلف (استوانه رزوه‌دار، استوانه بدون رزوه، مربعی، مثلثی) برای ساخت کامپوزیت استفاده می‌شود و هم زمان پارامترهای دیگری از جمله سرعت دورانی (1250، 1600 و 200 دور بر دقیقه) و تعداد پاس (دو و سه پاس) مورد بررسی قرار می‌گیرد. این بررسی شامل ارزیابی رفتار ریز ساختاری، ریز سختی و خواص کششی کامپوزیت‌های ساخته شده می‌باشد. به ترتیب به منظور مطالعه ریز ساختار از میکروسکوپ نوری، مطالعه ریز سختی از ریز سختی سنج ویکرز و مطالعه خواص کششی از دستگاه کشش الکترونیکی استفاده می‌شود. نتایج نشان می‌ده,3,534941
چه عواملی باعث کاهش نیروی مقاوم در جریان سوپرکاویتاسیون می‌شوند؟,"یکی از مهم‌ترین مسائل مطرح در اجسام زیرآبی، رسیدن به سرعتهای بالا میباشد که این امر به دلیل اعمال نیروی پسای القایی در اثر اصطکاک سطحی با آب، مشکل میباشد. یکی از مهم‌ترین ویژگیهای جریان سوپرکاویتاسیون، کاهش نیروی مقاوم میباشد که در سالهای اخیر توجه بسیاری از محققان را به خود جلب کرده است. این خصیصه، باعث افزایش سرعت اجسام زیرآبی در توان ثابت میگردد. این ویژگی جریان سوپرکاویتاسیون را میتوان با ارزشترین کاربرد کاویتاسیون در میان مضرات فراوانی که در توربوماشینها ایجاد میکند، دانست. از این رو، مدل‌سازی دقیق جریان کاویتاسیون و پیشبینی چگونگی جدایش و پیشرفت آن، بسیار حائز اهمیت میباشد.
جریانهای کاویتاسیونی که در بسیاری از پدیدههای صنعتی رخ میدهند را میتوان با روشهای گوناگونی مدل‌سازی کرد. دراین پایان‌نامه از معادلات ناویراستوکس (RANS) به همراه یک معادله انتقالی اضافی برای کسر حجمی مایع در مدل‌سازی کاویتاسیون استفاده شده است که نرخ انتقال جرم ناشی از کاویتاسیون با یک مدل انتقال جرم شبیهسازی میگردد. در این پروژه، به تحلیل و مقایسه مدلهای انتقال جرم نوین در حالت جریان آشفته پرداخته میشود که در",3,535776
چه مواد کشاورزی دیگری برای تهیه کربن فعال استفاده می‌شود؟,"کربن فعال نوعی زغال است که از تجزیه حرارتی مواد آلی بدست می‌آید. کربن فعال دارای تخلخل بالایی بوده و از آن به عنوان فیلتر سیالات استفاده می‌شود. از مواد کشاورزی مختلفی برای تهیه کربن فعال استفاده شده است. چوب نخل خرما با چگالی پایین و تخلخل بالا، پتانسیل خوبی برای تهیه این ماده را دارد. در این پژوهش استفاده از چوب نخل خرما برای تولید کربن فعال مورد بررسی قرار گرفت. ابتدا تکه های تهیه شده از چوب تحت فرآیند تجزیه حرارتی قرار داده شد تا از آن زغال تهیه شود. سپس زغال تهیه شده با استفاده از بخار آب فعال‌سازی شد تا به کربن فعال تبدیل شود. نتایج نشان دادند که از هر  g100 چوب حدود  g7 کربن فعال با عدد یدی
  mg/gr1208 و چگالی g/ml 0/057 بدست آمد و در نتیجه از کیفیت بسیار بالایی برخوردار است. فرآیند کاهش جرم چوب در حین تجزیه حرارتی مورد بررسی قرار گرفته و توسط قانون فیک مدل‌سازی شد. با این روش ضریب انتشار مواد فرار چوب  m2/s10-8 ×4/29 تخمین زده شد. پیشرفت فرآیند همچنین با استفاده از روش اجزاء محدود مدل‌سازی گردید و این مدل به خوبی در داده‌های آزمایشگاهی برازش شد (0/98=R2). مدل اجزاء محدود برای",3,531792
چگونه می‌توان با استفاده از پایش وضعیت، ترک‌ها در روتورهای دینامیک شناسایی و جلوگیری از خرابی‌های فجیع در سیستم‌های دوار انجام داد؟,"پایش وضعیت در توربو ماشین‌ها روند نظارت بر پارامترهایی از این ماشین‌ها نظیر دامنه ارتعاشات، فرکانس ارتعاشات و ... برای پیش‌بینی و تشخیص عیوب ایجاد شده در سیستم‌ها در زمان کار کرد است. پایش وضعیت جزء اصلی در سیستم‌های تعمیرات پیش‌بینانه است.
در سال‌های اخیر دینامیک روتورهای دارای ترک و تشخیص ترک در آن‌ها از اهمیت زیادی برخوردار بوده است. شناسایی عیوبی مانند ترک‌های ناشی از خستگی در شفت‌ها و روتورها اهمیت زیادی در جلوگیری از بوجود آمدن خرابی‌های فجیع در سیستم‌های دوار دارد. شناسایی این عیوب در ماشین‌آلات می‌تواند میلیون‌ها تومان در هزینه‌ها، انرژی و زمان صرفه جویی به همراه داشته باشد. پایش وضعیت ماشین از زمان شروع حرکت تا زمان توقف اهمیت زیادی در تشخیص ترک در ماشین‌آلاتی نظیر موتورهای هواپیما، توربو ماشین‌ها و ... که در سرعت‌های بالا کار می-کنند دارد. 
هدف از این تحقیق شناسایی عیوبی مانند ترک در سیستم‌های دوار، به صورت جداگانه و در حضور عیوب دیگر می-باشد. برای این منظور یک سیستم شفت و دیسک که مدل ساده شده یک توربو ماشین می‌باشد به عنوان سیستم هدف در نظر گرفته شده است. برای ایجاد سیگنال",3,533923
چگونه می‌توان از بررسی توزیع غلظت عناصر سنگین در خاک برای پایش آلودگی خاک و حفظ کیفیت محیط زیست استفاده کرد؟,در میان آلاینده‌های خاک فلزات سنگین به دلیل سمیت، تجمع پذیری و اثرات فیزیولوژیکی که بر موجودات زنده در غلظت‌های کم دارند، از اهمیت خاصی برخوردارند. این عناصر به دلیل تحرک کم به مرور در خاک انباشته می‌شوند. انباشت این عناصر در خاک در نهایت باعث ورود آن‌ها به چرخه غذایی و تهدید سلامت انسان و حیوانات می‌شود. عناصر سنگین بیشتر در لایه‌های سطحی خاک تجمع می‌یابند و در نتیجه بیشتر در معرض جدب و انتقال به گیاه قرار می‌گیرند. لذا بررسی توزیع غلظت عناصر سنگین جهت پایش آلودگی خاک و حفظ کیفیت محیط زیست ضروری است و باید مد نظر محققین و برنامه‌ریزان در سطوح مختلف مدیریتی قرار گیرد. هدف از این مطالعه ، ارزیابی توزیع مکانی مس و روی در خاک سطحی استان همدان به کمک مدل طبقه بندی و رگرسیون درختی و مقایسه با روش کریجینگ، ارزیابی میزان آلودگی خاک به این فلزات با استفاده از شاخص ‌های زمین انباشتگی، شاخص آلودگی و شاخص جامع آلودگی می‌باشد. بدین منظور با استفاده از روش نمونه‌برداری سیستماتیک تصادفی، نمونه‌های خاک سطحی (cm20-0) برداشت و غلظت فلزات سنگین و برخی پارامترهای خاک از جمله pH، EC، درصد مواد آلی، درصد گ,3,533376
چه مزایا و محدودیت‌هایی برای روش ستون شنی بهسازی خاک توسط پژوهشگران برجسته شده است؟,"پایان نامه حاضر ابتدا به تعریف بهسازی و لزوم آن و انواع روشهای بهسازی خاک بصورت اجمالی می پردازد. آنگاه روش ستون شنی بعنوان یکی از روشهای رایج بهسازی خاک تشریح وکاربردها، مزایا و محدودیتهای این روش توضیح داده می شود. نیز چگونگی طراحی و انواع محتمل نحوه خرابی ستون شنی براساس آیین نامه تهیه شده توسط موسسه آزاد راههای آمریکا (FHWA) توضیح داده می شود.
با مطالعه موردی استفاده از این روش در پروژه مورد نظر، تاثیرات استفاده از ستون شنی را در بهبود مشخصات مقاومتی خاک  به کمک آزمایشهای در محل از جمله آزمایش بارگذاری صفحه و آزمایش SPT (قبل و بعد از بهسازی) مورد بررسی قرار می گیرد. سپس با مدلسازی عددی یک پروژه اجرای ستون شنی با استفاده از نرم افزار  Plaxis، به بررسی اثر ستون شنی بر روی برخی از پارامترهای مهندسی طراحی پی نظیر تنش های قائم و برشی و نشست پرداخته میشود. در مرحله اول، بارگذاری بصورت استاتیکی و قائم در مدل اعمال می گردد و در مرحله بعد بارگذاری جانبی زلزله نیز به بارگذاری قائم اضافه می گردد و تحلیل بصورت دینامیکی انجام می شود البته در این مرحله برای بررسی پدیده روانگرایی فرض می شود که ب",3,531759
چه روش‌های عددی برای مدل‌سازی دقیق برخورد پرنده با هواپیما مورد استفاده قرار می‌گیرند؟,"تصادم پرنده با هواپیما که به عنوان ""برخورد پرنده"" شناخته می‌شود، پدیده‌ای معمول و در عین حال خطرناک است. در صنایع هوایی، تلاش می‌شود سطوح خارجی بالگرد و هواپیما به گونه‌ای طراحی شوند که پرنده را پس از برخورد منحرف و یا انرژی برخورد را تا حد زیادی جذب‌کنند. به دلیل هزینه زیاد انجام آزمون عملی برخورد پرنده، نیاز به روش‌های عددی مدل‌سازی دقیق، کارا و کم‌هزینه احساس می‌شود. با گسترش روش‌های عددی در تحلیل‌ مساله برخورد، استفاده از روش‌های عددی برای تحلیل برخورد پرنده با مکان‌هایی از سطح هواپیما که انجام آزمون عملی در آن‌ها هزینه‌بر و مشکل است، رو به افزایش است. یکی از کاراترین روش‌های عددی برای بررسی مساله برخورد پرنده، روش اجزای محدود می‌باشد.
در این پایان‌نامه، پیشینه کارهای انجام‌شده در زمینه برخورد پرنده ارایه می‌شود؛ در ادامه روش‌های متداول برای حل مسایل برخورد پرنده، یعنی لاگرانژ، اویلری-لاگرانژی انتخابی(ALE) و هیدرودینامیک ذره‌ای هموارشده (SPH) معرفی ‌شده و معادلات حاکم بر هر یک بیان می‌شود؛ سپس روش‌های تئوریکی که تاکنون برای حل مسایل برخورد پرنده ارایه‌شده‌است، بیان می‌شود. در ادام",3,526894
چه مشکلاتی ممکن است در دسترسی به سیگنال مناسب EEG برای استفاده در سیستم‌های BCI وجود داشته باشد؟,"سیگنال‌های مغزی EEG کاربردهای حیاتی مهمی در زمینه‌های مختلف پزشکی و همچنین سیستم‌های BCI، دارا می‌باشند، و به همین جهت دسترسی به سیگنالی مناسب و قابل استفاده از اهمیت بالایی برخوردار می‌باشد. در این میان مشکل حضور اجتناب‌ناپذیر سیگنال‌های مزاحم آرتیفکتی در سیگنال EEG، همواره بر سر راه کارآیی این سیگنال باارزش وجود داشته و قابلیت استفاده از آن را دچار اختلال می‌نماید. آرتیفکت‌ها اغتشاشات ناخواسته‌ای هستند که به طور عمده از فعالیت‌های اجتناب‌ناپذیر انسانی همچون ضربان قلب، پلک زدن و فعالیت‌های ماهیچه‌های صورت در زمان دریافت سیگنال‌های EEG نشأت می‌گیرند، و می‌توانند باعث تغییر شکل و ایجاد ابهام در این امواج شود.
   از این رو ارائه‌ی راهکاری مناسب در جهت رفع این آرتیفکت‌ها، که قابلیت عملکرد خودکار را داشته و در شرایط عام توسط افراد با تخصص‌های گوناگون قابل استفاده باشد، و همچنین عملکرد مطلوبی درجهت حفظ اطلاعات سیگنال اصلی از خود نشان دهد، جایگاه بالایی را در تمامی کاربردهای سیگنال EEG دارا می‌باشد. 
   با توجه به اهمیت موضوع در این پایان نامه تلاش در جهت یافتن راهکاری مناسب در این زمینه ص",3,532503
چگونه توزیع شارحرارتی روی سطح گرمکن در این پایان نامه مورد بررسی قرار گرفته است؟,در این پایان نامه طراحی مرزی معکوس محفظه دو بعدی تشکیل شده از دو صفحه موازی با جابجایی اجباری و تابش بررسی می‌شود. مسئله شامل پیدا کردن توزیع شارحرارتی روی سطح گرمکن است، به طوری که هر دو مشخصه دما وشار حرارتی یکنواخت تعیین شده روی سطح طراحی ارضاء شوند. محیط بین دو صفحه موازی به عنوان محیط شفاف با رژیم حریان آشفته کاملاً توسعه یافته در نظر می‌شود. تمام خواص فیزیکی سیال ثابت فرض می‌شوند، اما گردابه آشفته جریان ثابت نیست. همچنین صفحات موازی دارای خواص تابشی ثابت هستند و جذب کننده و صادرکننده‌های خاکستری‌اند. برای حل مسئله انتقال حرارت حابجایی اجباری از روش حجم‌های محدود استفاده شده است، که در آن پروفیل سرعت و گردابه آشفته جریان از معادله‌های نیمه تجربی بدست می‌آیند. مسئله انتقال حرارت تابشی در محیط شفاف با استفاده از روش تابش خالص برای محفظه‌ها حل می‌شود. مسئله مستقیم شامل انتقال حرارت جابجایی و تابش مرزی است که به وسیله شرایط مرزی با هم ترکیب می‌شوند. مسئله معکوس با استفاده از روش گرادیان مزدوج برای پیدا کردن شار حرارتی گرمکن از طریق بهینه کردن تابع هدف حل می شود. تابع هدف بر اساس مجموع,3,530051
چه ابزارهای آماری و اقتصادی برای تعیین اندازه بهینه دولت و ارتباط آن با رشد اقتصادی در این مطالعه استفاده شده است؟,هدف این پایان نا‌مه تعیین اندازه بهینه دولت و ارتباط آن با رشد اقتصادی با استفاده از داده‌های سری زمانی در طی سال های ( 1386-1346) می باشد. ضمن مروری بر پیشینه‌ی موضوع، از اطلاعات آماری موجود که بانک مرکزی، مرکز آمار ایران، سازمان مدیریت و برنامه‌ریزی کشور آن را منتشر کرده، به صورت سری زمانی، از روش حداقل مربعات و با استفاده از مدل اقتصادی کاراس برای برآورد الگوهای اقتصادسنجی با استفاده از نرم‌افزارEviews  مورد استفاده قرار گرفته است. در این پایان‌نامه از متغیرهای توضیحی مثل : تولید ناخالص داخلی، هزینه‌های مصرفی دولت، تعداد شاغلین کشور و سرمایه کل به عنوان عوامل موثر بر مخارج جاری دولت استفاده گردیده است. اثر متغیرهای یاد شده بر افزایش مخارج دولت مثبت و معنی دار است. نتایج حاصل از برآورد الگوهای مختلف نشان می‌دهد که طی دوره‌ مورد بررسی، اثر اندازه دولت بر رشد اقتصادی منفی بوده است. اندازه بهینه دولت که 6/22 درصد بدست آمده، از اندازه واقعی دولت پائین‌تر بوده است. نتایج بیانگر این مطلب است که افزایش اندازه دولت رابطه منفی با رشد دولت دارد و با افزایش اندازه دولت رشد اقتصادی کاهش پیدا می‌,3,529833
چه موضوعاتی در طراحی تقویت کننده توان با راندمان بالا برای نسل چهارم سیستم‌های مخابراتی مورد بررسی قرار گرفته‌اند؟,این رساله به طراحی تقویت کننده توان با راندمان بالا برای نسل چهارم سیستم‌های مخابراتی می‌پردازد. بدین منظور از ساختار قطبی که متشکل از یک تقویت‌کننده فرکانس رادیویی جهت تقویت سیگنال فاز و یک تقویت‌کننده پوش جهت تقویت سیگنال دامنه می‌باشد استفاده شده است. تقویت‌کننده فاز پیشنهادی بر مبنای یک تقویت‌کننده کلاس E است که در آن با توجه به تلفات موجود در سوئیچ و سلف‌ها روابط جدیدی جهت به دست آوردن راندمان حداکثر ارائه شده است. در این تقویت کننده پیشنهادی که شبه‌کلاس E نام دارد، نشان داده شده است که با در نظر گرفتن سوئیچ غیر ایده آل، شرایط اولیه جهت رسیدن به ماکزیمم راندمان بهینه نیست. در نتیجه، برای اولین بار تمامی پارامترهای ورودی شامل ولتاژ سوئیچ و شیب آن در لحظه روشن شدن، چرخه کار، نسبت فرکانس مدار LC موازی به فرکانس کاری مدار، مقاومت سوئیچ، توان خروجی و ولتاژ شکست سوئیچ در طراحی در نظر گرفته شده اند. مقادیر بهینه المان‌های مدار جهت رسیدن به حداکثر راندمان با حل معادلات به دست آمده توسط روش‌های عددی حاصل می‌شوند. به علاوه، با گسترش فضای طراحی، دستیابی به طراحی بهینه از نظر راندمان، پیاده س,3,663189
اثر فاصله بین صفحات ارفیس و نسبت انسداد بر پدیده گذر احتراق به انفجار چگونه بررسی شده است؟,"هدف از این بررسی مطالعه تجربی اثر فاصله   بین صفحات ارفیس  و نسبت انسداد  برپدیده گذر احتراق به انفجار   در لوله هایی است که در بخشی از طول آنها صفحات ارفیس بکار رفته است.
 بدین منظورلوله انفجاری طراحی وساخته شده است، طول  لوله بکار رفته در این پژوهش 3 متر و قطرداخلی آن 10 سانتیمتر بوده ، مخلوط مورد آزمایش متان، اکسیژن و نیتروژن (با ترکیب 25 درصد متان، 50 درصد اکسیژن و 25 درصد نیتروژن) است. همه آزمایشها در فشار و دمای محیط انجام شده است. آزمایشها در سه نسبت انسداد 40%= BR ، 60%= BR و 70%= BR  صورت گرفته است. فاصله‌ی بین صفحات اورفیس نیز ازcm 2S= تاcm 6S= تغییر می کند.جهت ایجاد جرقه از یک شمع الکتریکی در انتهای لوله استفاده شده است. جهت تعیین محل وقوع پدیده گذر احتراق به انفجار از صفحات دود اندود استفاده شده است.
 نتایج نشان می دهند که وابستگی طول پیش از انفجار به فاصله بین موانع در نسبت های مختلف متفاوت است. در اکثر موارد با افزایش نسبت انسداد  طول پیش از انفجار افزایش می یابد و میزان این افزایش در فواصل بین مانعی بزرگتر بیشتر است. همچنین در نسبت های انسداد پایین اثر فاصله بین موانع",3,529354
چه مزایایی برای استفاده از کربن فعال به عنوان فیلتر سیالات ذکر شده است؟,"کربن فعال نوعی زغال است که از تجزیه حرارتی مواد آلی بدست می‌آید. کربن فعال دارای تخلخل بالایی بوده و از آن به عنوان فیلتر سیالات استفاده می‌شود. از مواد کشاورزی مختلفی برای تهیه کربن فعال استفاده شده است. چوب نخل خرما با چگالی پایین و تخلخل بالا، پتانسیل خوبی برای تهیه این ماده را دارد. در این پژوهش استفاده از چوب نخل خرما برای تولید کربن فعال مورد بررسی قرار گرفت. ابتدا تکه های تهیه شده از چوب تحت فرآیند تجزیه حرارتی قرار داده شد تا از آن زغال تهیه شود. سپس زغال تهیه شده با استفاده از بخار آب فعال‌سازی شد تا به کربن فعال تبدیل شود. نتایج نشان دادند که از هر  g100 چوب حدود  g7 کربن فعال با عدد یدی
  mg/gr1208 و چگالی g/ml 0/057 بدست آمد و در نتیجه از کیفیت بسیار بالایی برخوردار است. فرآیند کاهش جرم چوب در حین تجزیه حرارتی مورد بررسی قرار گرفته و توسط قانون فیک مدل‌سازی شد. با این روش ضریب انتشار مواد فرار چوب  m2/s10-8 ×4/29 تخمین زده شد. پیشرفت فرآیند همچنین با استفاده از روش اجزاء محدود مدل‌سازی گردید و این مدل به خوبی در داده‌های آزمایشگاهی برازش شد (0/98=R2). مدل اجزاء محدود برای",3,531792
