id,tokens,ner_tags
0,"['بابا' '،' 'جي' 'ايترو' 'سنڌي' 'ماڻهن' 'جو' 'خيال' 'اٿئو' 'ته' 'گهٽ' '۾'
 'گهٽ' 'آرڊيننس' 'جي' 'ڪاپي' 'ته' 'ڏيو' 'اسان' 'کي' 'ته' 'پڙهي' 'پرکيون'
 'ته' 'ان' '۾' 'ڪهڙا' 'ڪاريءَ' 'وارا' 'ڪک' 'آهن' '؟']",[0 0 0 0 8 0 0 0 0 0 0 0 0 0 0 0 0 0 0 0 0 0 0 0 0 0 0 0 0 0 0 0]
1,"['هيءُ' 'جو' 'اڄ' 'گهٽيءَ' 'گهٽيءَ' '۾' 'چونڪ' 'چونڪ' 'تي' 'خدا' 'جي'
 'خلق' 'پنهنجي' 'پراڻي' 'سياسي' 'قيادت' 'جي' 'بي' 'ايماني' 'واري' 'روش'
 'منجهان' 'بيزاري' 'جو' 'اظهار' 'ڪري' 'نواڻ' '۽' 'نئين' 'قيادت' 'واسطي'
 'واجهائي' 'رهي' 'آهي' 'ته' 'ان' 'جا' 'به' 'اهڙا' 'ئي' 'عوام' 'دشمن'
 'ڪارڻ' 'آهن' '.']","[0 0 0 0 0 0 0 0 0 0 0 0 0 0 0 0 0 0 0 0 0 0 0 0 0 0 0 0 0 0 0 0 0 0 0 0 0
 0 0 0 0 0 0 0 0]"
2,"['ائين' 'جيئن' 'ڀارتي' 'ڪشمير' '۾' 'مفتي' 'سعيد' '۽' 'محبوبا' 'مفتيءَ'
 'واري' 'اتحادي' 'سرڪار' 'جڏهن' 'چونڊن' 'سان' 'چنبڙيل' 'هئي' '،' 'تڏهن'
 'به' 'اسلام' 'آباد' 'کي' 'خوفناڪ' 'اکيون' 'ڏيکارڻ' 'جو' 'عمل' 'جاري'
 'ڪرايو' 'ويو' 'هو' '.']",[0 0 7 7 0 3 3 0 3 3 0 0 0 0 0 0 0 0 0 0 0 7 7 0 0 0 0 0 0 0 0 0 0 0]
3,"['عيد' 'برات' 'جي' 'مذهبي' 'اهميت' 'پنهنجي' 'جاءِ' 'تي' 'پر' 'اهي' 'تهوار'
 'سماجي' 'ڳانڍاپي' 'جو' 'هڪ' 'بهترين' 'ذريعو' 'هوندا' 'هئا' '،' 'ڪيتري'
 'ئي' 'عرصي' 'کان' 'مختلف' 'مجبورين' 'سبب' 'ملڻ' 'کان' 'محروم' 'ماڻهو'
 'انهن' 'ڏينهن' '۾' 'هڪٻئي' 'سان' 'حالي' 'احوالي' 'ٿيندا' 'هئا' '،'
 'هڪٻئي' 'سان' 'ڏک' 'سور' 'اوربا' 'هئا' 'ته' 'ننڍيون' 'ننڍيون' 'خوشيون'
 'به' 'شيئر' 'ڪبيون' 'هيون' '،' 'ماڻهو' 'هڪٻئي' 'جي' 'مسئلن' 'کان' 'واقف'
 'به' 'ٿيندا' 'هئا' 'ته' 'انهن' 'جي' 'حل' 'لاءِ' 'صلاح' 'مصلحت' 'به'
 'ڪندا' 'هئا' '.']","[ 9  9  0  0  0  0  0  0  0  0  0  0  0  0 11  0  0  0  0  0  0  0  0  0
  0  0  0  0  0  0  0  0  0  0  0  0  0  0  0  0  0  0  0  0  0  0  0  0
  0  0  0  0  0  0  0  0  0  0  0  0  0  0  0  0  0  0  0  0  0  0  0  0
  0  0  0  0]"
4,"['جنرل' 'ايوب' '۽' 'جنرل' 'يحيٰ' 'پاران' 'ڪيل' 'اهڙن' 'تباهيءَ' 'وارن'
 'فيصلن' 'کانپوءِ' 'جڏهن' 'جنرل' 'ضياءَ' 'ڪرسيءَ' 'تي' 'قبضو' 'ڄمايو' 'ته'
 'چيائين' '،' '”' 'سياچن' 'ڀلي' 'وڃي' 'ڀارت' 'وارا' 'کڻن' '،' 'ڇو' 'ته'
 'اتي' 'گاهه' 'به' 'نٿو' 'نسري' '“' '.']","[5 3 0 5 3 0 0 0 0 0 0 0 0 5 3 0 0 0 0 0 0 0 0 4 0 0 7 0 0 0 0 0 0 0 0 0 0
 0 0]"
5,"['مڪاني' 'چونڊن' 'لاءِ' 'پارٽي' 'جي' 'چيئرمين' 'کي' 'ميدان' 'تي' 'لاهڻ'
 'جو' 'فيصلو' 'ڪيو' 'ويو' 'آهي' '،' 'جنهن' 'جو' 'بنيادي' 'مقصد' 'پنجاب'
 'جي' 'حد' 'تائين' 'وڃايل' 'ساک' 'کي' 'واپس' 'موٽائڻ' 'جي' 'ڪوشش' 'ڪرڻ'
 'آهي' '،' 'ڇاڪاڻ' 'ته' 'سندن' 'خيال' '۾' 'سنڌ' '۾' 'اهڙو' 'ڪو' 'مسئلو'
 'ڪانهي' '.']","[0 0 0 0 0 0 0 0 0 0 0 0 0 0 0 0 0 0 0 0 7 0 0 0 0 0 0 0 0 0 0 0 0 0 0 0 0
 0 0 7 0 0 0 0 0 0]"
6,"['هن' 'وقت' 'ته' 'خطي' 'جون' 'معروضي' 'حالتون' 'توڙي' 'امريڪا' 'سان'
 'معاملا' 'کين' 'ڪنهن' 'ايڊوينچر' 'ڪرڻ' 'جي' 'اجازت' 'نٿا' 'ڏين' 'پر'
 'توهان' 'ٻڌايو' 'ته' 'ماضيءَ' '۾' 'جڏهن' 'به' 'هاڻوڪين' 'حالتن' 'کان'
 'اڌ' 'تي' 'به' 'سنگين' 'حالتون' 'رهيون' 'آهن' 'ته' 'پوءِ' 'ٽرپل' 'ون'
 'برگيڊ' 'ڇا' 'ڪيو' 'آهي' '؟']","[0 0 0 0 0 0 0 0 7 0 0 0 0 0 0 0 0 0 0 0 0 0 0 0 0 0 0 0 0 0 0 0 0 0 0 0 0
 0 0 0 0 0 0 0 0 0]"
7,"['اسان' 'جا' 'قدر' 'اسان' 'جي' 'اکين' 'اڳيان' 'ميسارجندي' 'نظر' 'ايندا'
 '،' 'مذهبي' 'رواداري' '۽' 'ڀائيچاري' 'جا' 'بخيا' 'اڊڙجندي' 'ڏسي' 'سگهبا'
 '.']",[0 0 0 0 0 0 0 0 0 0 0 0 0 0 0 0 0 0 0 0 0]
8,"['۽' 'پوءِ' 'ايئن' 'هڪ' 'تفصيلي' 'فيصلو' 'آهي' '،' 'جنهن' '۾' 'ڪراچي' '۾'
 'دهشتگردي' 'جو' 'شڪار' 'ٿي' 'قتل' 'توڙي' 'زخمي' 'ٿيل' 'ماڻهن' 'کي'
 'معاوضو' 'ڏيڻ' 'لاءِ' 'ڪميشن' 'قائم' 'ڪرڻ' 'کان' 'ويندي' 'مختلف' 'قسم'
 'جون' 'صلاحون' '۽' 'مشورا' 'يا' 'هدايتون' 'شامل' 'آهن' '.']","[ 0  0  0 11  0  0  0  0  0  0  7  0  0  0  0  0  0  0  0  0  0  0  0  0
  0  0  0  0  0  0  0  0  0  0  0  0  0  0  0  0  0]"
9,"['اسان' 'پنهنجي' 'اکين' 'سان' 'هنن' 'جهيڙيندڙ' 'برادرين' 'کي' 'ٻارين'
 'ٻچين' 'گڏجي' 'سڏجي' 'نعرا' 'هڻندي' '۽' 'رقص' 'ڪندي' 'ڏٺو' 'آهي' '.']",[0 0 0 0 0 0 0 0 0 0 0 0 0 0 0 0 0 0 0 0]
10,"['ان' 'دوران' 'پيپلز' 'پارٽيءَ' 'جي' 'ٻين' 'اڳواڻن' 'تي' 'به' 'ڪيس' 'داخل'
 'ٿيا' '،' 'ڪي' 'ملڪ' 'مان' 'ايئن' 'ڀڄي' 'نڪتا' '،' 'جو' 'اڄ' 'تائين'
 'واپس' 'ورڻ' 'جو' 'نالو' 'نٿا' 'وٺن' '،' 'پر' 'انهن' 'مان' 'ڪنهن' 'جو'
 'به' 'نالو' 'زرداري' 'صاحب' 'جي' 'زبان' 'تي' 'نٿو' 'اچي' '،' 'سواءِ'
 'ڊاڪٽر' 'عاصم' 'جي' '!' 'آپريشن' 'شروع' 'ٿيڻ' '،' 'ڊاڪٽر' 'عاصم' 'جي'
 'گرفتاري' '۽' 'سنڌ' 'حڪومت' 'جي' 'گورننس' 'خلاف' 'ايپيڪس' 'ڪميٽين' 'جي'
 'گڏجاڻين' '۾' 'عدم' 'اعتماد' 'کانپوءِ' 'زرداري' 'صاحب' 'جڏهن' 'مشهور'
 'زمانه' '”' 'اينٽ' 'سي' 'اينٽ' 'بجا' 'دينگي' '“' 'واري' 'تقرير' 'ڪري'
 'پرڏيهه' 'روانو' 'ٿيو' 'ته' 'اسٽيبلشمينٽ' '۽' 'پيپلز' 'پارٽي' 'واضح'
 'طور' 'تي' 'ٻن' 'مختلف' 'سمتن' '۾' 'بيٺل' 'نظر' 'آيا' '.']","[0 0 8 8 0 0 0 0 0 0 0 0 0 0 0 0 0 0 0 0 0 0 0 0 0 0 0 0 0 0 0 0 0 0 0 0 0
 5 5 0 0 0 0 0 0 0 5 3 0 0 0 0 0 0 5 3 0 0 0 7 0 0 0 0 0 0 0 0 0 0 0 0 5 5
 0 0 0 0 0 0 0 0 0 0 0 0 0 0 0 0 0 0 0 8 8 0 0 0 0 0 0 0 0 0 0 0]"
11,"['آرمي' 'پبلڪ' 'اسڪول' 'جو' 'واقعو' 'هن' 'ملڪ' 'جي' 'سياسي' '۽' 'عسڪري'
 'قيادت' 'جي' 'ذهن' 'کي' 'جنهن' 'رستي' 'ڏانهن' 'وٺي' 'ويو' '،' 'تنهن' '۾'
 'پاڻ' 'کي' 'نيشنل' 'ايڪشن' 'پلان' 'جو' 'جڙڻ' '۽' 'ضرب' 'عضب' 'جون'
 'ڪارروايون' 'نظر' 'آيون' '.']","[6 6 6 0 0 0 0 0 0 0 0 0 0 0 0 0 0 0 0 0 0 0 0 0 0 9 9 9 0 0 0 9 9 0 0 0 0
 0]"
12,"['انهن' 'ادارن' 'ڪيتريون' 'ئي' 'تحقيقون' 'ڪري' 'اهو' 'ثابت' 'ڪيو' 'آهي'
 'ته' 'عورتون' 'مردن' 'کان' 'به' 'بهتر' 'حڪمران' 'آهن' '،' 'ڇاڪاڻ' 'جو'
 'عورتون' 'بهتر' 'منتظم' 'آهن' '،' 'هو' 'گهر' 'جو' 'نظام' 'هلائڻ' 'ڄاڻن'
 'ٿيون' '،' 'ڪنهن' 'ملڪ' 'جو' 'انتظام' 'هلائڻ' 'به' 'ڪنهن' 'گهر' 'جو'
 'انتظام' 'هلائڻ' 'جيان' 'آهي' '.']","[0 0 0 0 0 0 0 0 0 0 0 0 0 0 0 0 0 0 0 0 0 0 0 0 0 0 0 0 0 0 0 0 0 0 0 0 0
 0 0 0 0 0 0 0 0 0 0 0]"
13,"['ان' 'سرحد' 'جو' 'طورخم' 'وارو' 'لنگهه' 'تاريخي' 'طور' 'تي' 'اهم' 'رهيو'
 'آهي' 'جتان' 'جنگجو' 'فوجن' 'سميت' 'ڪيتريون' 'ئي' 'تاريخي' 'شخصيتون'
 'انهي' 'رستي' 'سان' 'گذريون' 'آهن' 'جن' '۾' 'چندر' 'گپت' 'موريه' 'کان'
 'ويندي' 'مغل' 'بادشاهه' 'بابر' '،' 'همايون' 'سميت' 'نادر' 'شاهه' '۽'
 'ٻيا' 'ڪيترائي' 'شامل' 'آهن' '.']","[0 0 0 4 0 0 0 0 0 0 0 0 0 0 0 0 0 0 0 0 0 0 0 0 0 0 0 3 3 3 0 0 3 3 3 0 0
 0 3 3 0 0 0 0 0 0]"
14,"['سنڌ' 'جي' 'ٻهراڙين' 'جي' 'انهن' 'ڇپرا' 'هوٽلن' 'تي' 'ويهي' 'چانهن' 'جا'
 'ڍڪ' 'ڀري' 'تصور' '۾' 'ڪنهن' 'البيلي' 'نار' 'جا' 'خد' 'و' 'خال' 'ڏسندڙ'
 'نوجوان' 'هجن' 'يا' 'وري' 'اهي' 'شهري' 'بابو' '،' 'جيڪي' 'هاڻ' 'موبائل'
 'فونن' 'تي' 'نائيٽ' 'پئڪيج' 'ڪرائي' 'سڄي' 'رات' 'بستري' '۾' 'گهڙي'
 'جهيڻي' 'آواز' '۾' 'دل' 'جا' 'حال' 'اوريندا' 'هجن' '،' 'محبت' 'سڀني' 'کي'
 'نشاني' 'تي' 'رکي' 'ٿي' '.']","[7 0 0 0 0 0 0 0 0 0 0 0 0 0 0 0 0 0 0 0 0 0 0 0 0 0 0 0 0 3 0 0 0 0 0 0 0
 0 0 0 0 0 0 0 0 0 0 0 0 0 0 0 0 0 0 0 0 0 0 0 0]"
15,['عقل' 'جي' 'مار' '۽' 'سطحي' 'ذهنيت' 'عروج' 'تي' 'آهي' '.'],[0 0 0 0 0 0 0 0 0 0]
16,"['جيڪڏهن' 'ڪنهن' 'کي' 'اهڙي' 'دل' 'ڏاريندڙ' 'ٽريجڊي' 'پڙهڻي' 'آهي' 'ته'
 'قرت' 'العين' 'حيدر' 'کي' 'پڙهي' 'ڏسي' '.']",[0 0 0 0 0 0 0 0 0 0 3 3 3 0 0 0 0]
17,"['بي' 'بي' 'سي' '۾' 'ڪيترا' 'سال' 'صحافت' 'کانپوءِ' 'جاويد' 'سومرو' 'جڏهن'
 'ناول' 'لکي' 'ٿو' 'ته' 'هو' 'انگريزي' 'يا' 'اردوءَ' '۾' 'اظهار' 'بدران'
 'سنڌيءَ' 'جي' 'ئي' 'چونڊ' 'ڇو' 'ٿو' 'ڪري' '؟']",[6 6 6 0 0 0 0 0 3 3 0 0 0 0 0 0 1 0 1 0 0 0 1 0 0 0 0 0 0 0]
18,"['پاڪستان' 'جي' 'تاريخ' '۾' 'به' 'ڪنگ' 'جان' '“' 'وانگر' 'سويلين' '۽'
 'نان' 'سويلين' 'حڪمرانن' 'پنهنجي' 'اقتدار' 'کي' 'قائم' '۽' 'دائم' 'رکڻ'
 'خاطر' 'آئين' 'جو' 'حليو' 'ئي' 'بگاڙي' 'ڇڏيو' '.']",[7 0 0 0 0 3 3 0 0 0 0 0 0 0 0 0 0 0 0 0 0 0 0 0 0 0 0 0 0]
19,"['اڳ' 'ٻوڏ' 'دوران' 'لاڳاپيل' 'اختياريون' 'ور' 'ور' 'ڪري' 'ٽي' 'وي' 'تي'
 'اچي' 'دعوائون' 'ڪنديون' 'هيون' '،' 'پاڻ' 'کي' 'عوام' 'جا' 'چونڊيل'
 'نمائندا' 'سڏائيندڙ' 'همراهه' 'اچي' 'وارد' 'ٿيندا' 'هئا' '۽' 'ٻڌائيندا'
 'هئا' 'ته' 'هينئن' 'ٿي' 'رهيو' 'آهي' '،' 'هونئن' 'ڪري' 'رهيا' 'آهيون' '۽'
 'ٻيو' 'به' 'الائي' 'ڇا' 'ڇا' 'ڪنداسين' '.']","[ 0  0  0  0  0  0  0  0 11 11  0  0  0  0  0  0  0  0  0  0  0  0  0  0
  0  0  0  0  0  0  0  0  0  0  0  0  0  0  0  0  0  0 11  0  0  0  0  0
  0]"
20,"['جيڪڏهن' 'سندس' 'حب' 'الوطني' 'جي' 'رستي' '۾' 'فقط' 'گورنري' 'رڪاوٽ'
 'آهي' 'ته' 'پوءِ' 'وسيع' 'تر' 'ملڪي' 'مفادن' '۾' 'ان' 'کي' 'ڇڏڻ' 'جو'
 'خيال' 'گورنر' 'صاحب' 'کي' 'ڇو' 'نٿو' 'اچي' '؟']",[0 0 0 0 0 0 0 0 0 0 0 0 0 0 0 0 0 0 0 0 0 0 0 5 5 0 0 0 0 0]
21,"['پر' 'جمهوريت' 'کي' 'بچائڻ' 'لاءِ' 'بروٽس' 'کي' 'رت' 'جو' 'ڍڪ' 'ڀرڻو'
 'پيو' '۽' 'پنهنجي' 'جان' 'به' 'خطري' '۾' 'وڌائين' '.']",[0 0 0 0 0 3 0 0 0 0 0 0 0 0 0 0 0 0 0 0]
22,"['هڪ' 'پاسي' 'مخالف' 'ڌر' 'سان' 'ويهي' 'جمهوريت' 'جي' 'ڳالهه' 'ڪن' 'ٿا'
 'ته' 'ٻئي' 'طرف' 'بلوچستان' 'جي' 'حڪومت' '۾' 'ڀاڱي' 'ڀائيوار' 'آهن' '.']",[11  0  0  0  0  0  0  0  0  0  0  0  0  0  7  0  0  0  0  0  0  0]
23,"['جيڪڏهن' 'هڪ' 'پاسي' 'دهشتگردي' '۽' 'مذهبي' 'جنونيت' 'جهڙا' 'مسئلا' 'آهن'
 'ته' 'ٻئي' 'پاسي' 'سويلين' 'ادارن' 'جي' 'غير' 'فعاليت' '۽' 'قانون' 'جي'
 'بالادستيءَ' 'جي' 'اڻ' 'هوند' 'آهي' '.']","[ 0 11  0  0  0  0  0  0  0  0  0  0  0  0  0  0  0  0  0  0  0  0  0  0
  0  0  0]"
24,"['حڪومت' 'سوئس' 'اختيارين' 'کي' 'خط' 'لکي' 'ڪيس' 'کولڻ' 'لاءِ' 'درخواست'
 'ڪرڻ' 'جي' 'موڊ' '۾' 'نظر' 'نه' 'پئي' 'اچي' '،' 'ڇاڪاڻ' 'ته' 'جنهن'
 'ڏينهن' 'سوئس' 'اختيارين' 'کي' 'خط' 'لکيو' 'ويو' 'ته' 'ان' 'جي' 'ٻئي'
 'ڏينهن' 'ئي' 'سپريم' 'ڪورٽ' '۾' 'اها' 'پٽيشن' 'داخل' 'ٿيندي' 'جنهن' '۾'
 'استدعا' 'ڪيل' 'هوندي' 'ته' 'جيڪڏهن' 'حڪومت' 'صدر' 'صاحب' 'خلاف' 'ڪيس'
 'کولرائڻ' 'لاءِ' 'ڪنهن' 'ٻئي' 'ملڪ' 'کي' 'خط' 'لکي' 'سگهي' 'ٿي' 'ته'
 'پوءِ' 'هن' 'ملڪ' '۾' 'سندس' 'خلاف' 'ڪيس' 'ڇو' 'نٿا' 'کلي' 'سگهن' '.']","[0 8 0 0 0 0 0 0 0 0 0 0 0 0 0 0 0 0 0 0 0 0 0 8 0 0 0 0 0 0 0 0 0 0 0 6 6
 0 0 0 0 0 0 0 0 0 0 0 0 0 5 5 0 0 0 0 0 0 0 0 0 0 0 0 0 0 0 0 0 0 0 0 0 0
 0 0 0]"
25,"['اصل' 'ڏوهاري' 'ته' 'مصر' 'جا' 'فوجي' 'جرنيل' 'آهن' '،' 'جن' 'مصر' 'جو'
 'آئين' '۽' 'قانون' 'لتاڙي' '،' 'بندوقن' '۽' 'ٽئنڪن' 'جي' 'ٻَل' 'تي'
 'سياسي' 'اقتدار' 'مٿان' 'زوريءَ' 'قبضو' 'ڄمايو' 'آهي' '.']",[0 0 0 7 0 0 0 0 0 0 7 0 0 0 0 0 0 0 0 0 0 0 0 0 0 0 0 0 0 0 0]
26,"['جيڪي' 'ماڳ' 'يا' 'ٿاڪ' 'اهڙي' 'انتهاپسندي' 'ڦهلائڻ' 'جو' 'ڳڙهه' 'رهيا'
 'آهن' '،' 'جتان' 'آپگهاتي' 'بمبار' 'جنم' 'وٺن' 'ٿا' 'اهي' 'ڇو' 'ڇيڪ'
 'ڇڏيل' 'آهن' '؟']",[0 0 0 0 0 0 0 0 0 0 0 0 0 0 0 0 0 0 0 0 0 0 0 0]
27,"['پر' 'حق' 'سچ' 'واري' 'ڳالهه' 'ڪرڻ' '۽' 'پنهنجن' 'پڙهندڙن' 'خاص' 'ڪري'
 'نئين' 'ٽهيءَ' 'جي' 'نوجوانن' 'کي' 'حقيقت' 'کان' 'باخبر' 'رکڻ' 'پنهنجو'
 'فرض' 'سمجهان' 'ٿو' 'ته' 'جيئن' 'هو' 'پاڻ' 'اهو' 'پرکي' '۽' 'پروڙي'
 'سگهن' 'ته' 'سنڌي' 'ماڻهن' 'سان' 'ويساهه' 'گهاتيون' 'ڪرڻ' 'وارا' 'توڙي'
 'سنڌ' 'جا' 'شهر' '۽' 'روينيو' 'بورڊ' 'جون' 'کربين' 'روپين' 'جون' 'زمينون'
 'تين' 'وال' 'ڪرڻ' 'وارا' 'ڪير' 'ڪير' 'آهن' '،' 'جن' 'کان' 'پڇاڻو' 'ڪرڻ'
 'پنهنجو' 'قومي' 'فرض' 'آهي' '.']","[0 0 0 0 0 0 0 0 0 0 0 0 0 0 0 0 0 0 0 0 0 0 0 0 0 0 0 0 0 0 0 0 0 0 8 0 0
 0 0 0 0 0 7 0 0 0 0 0 0 0 0 0 0 0 0 0 0 0 0 0 0 0 0 0 0 0 0 0 0 0]"
28,"['“' 'هونئن' 'به' 'سنڌ' 'پوليس' 'جو' 'موجوده' 'انسپيڪٽر' 'جنرل' 'حڪمرانن'
 'جي' 'حڪم' 'جو' 'ايڏو' 'ته' 'ٻڌو' 'ٻانهو' 'آهي' '،' 'جو' 'ايماندار'
 'پوليس' 'آفيسرن' 'جي' 'گهڻائي' 'اڃا' 'به' 'پوسٽنگ' 'کان' 'محروم' 'آهي'
 '.']",[0 0 0 7 0 0 0 0 5 0 0 0 0 0 0 0 0 0 0 0 0 0 0 0 0 0 0 0 0 0 0 0]
29,"['جيڪڏهن' 'آئون' 'پياري' 'پاڪستان' 'جي' 'تباهه' 'ٿيل' 'ادارن' 'جهڙوڪ' 'پي'
 'آءِ' 'اي' '،' 'اسٽيل' 'ملز' '،' 'ريلوي' '،' 'واپڊا' '،' 'سنڌ' 'يوني'
 'يونيورسٽي' '،' 'سنڌ' 'ٽيسڪٽ' 'بوڪ' 'بورڊ' '،' 'سنڌي' 'ادبي' 'بورڊ' '،'
 'سوئي' 'گئس' '،' 'آئل' 'اينڊ' 'گئس' 'ڪارپوريشن' '،' 'پوليس' '،' 'روينيو'
 'بورڊ' '۽' 'ٻين' 'انيڪ' 'کاتن' 'جي' 'تباهيءَ' 'جو' 'ڪارڻ' 'سمجهان' 'ٿو'
 'ته' 'اڳوڻين' 'حڪومتن' 'توڙي' 'موجوده' 'سرڪار' 'جي' 'بدانتظامي' '،'
 'رشوت' 'خوري' '،' 'اقربا' 'پروري' '۽' 'سفارشي' 'ڪلچر' 'کانسواءِ' 'ٻيو'
 'ڪو' 'به' 'عنصر' 'سامهون' 'نٿو' 'اچي' '.']","[ 0  0  0  7  0  0  0  0  0  6  6  6  0  0  0  0  0  0  6  0  6  6  6  0
  6  6  6  6  0  6  6  6  0 11 11  0  6  6  6  6  0  0  0  0  0  0  0  0
  0  0  0  0  0  0  0  0  0  0  0  0  0  0  0  0  0  0  0  0  0  0  0  0
  0 11  0  0  0  0  0  0  0]"
30,"['1995ع' '۾' 'لاطيني' 'آمريڪا' 'جي' 'ملڪ' 'ڪولمبيا' 'جي' 'صدر' 'ارنسٽو'
 'سيمپر' 'جي' 'حڪومت' 'گوريلا' 'ڪارروائين' '،' 'ڊرگ' 'مافيا' '۽' 'اغوائن'
 'کي' 'ڪنٽرول' 'ڪرڻ' '۾' 'ناڪام' 'ثابت' 'ٿي' '۽' 'صدر' 'تي' 'اهو' 'الزام'
 'لڳو' 'هو' 'ته' 'هو' 'منشيات' 'واري' 'ڪاروبار' '۾' 'ملوث' 'آهي' '.']","[11  0  7  7  0  0  7  0  5  3  3  0  0  0  0  0  0  0  0  0  0  0  0  0
  0  0  0  0  5  0  0  0  0  0  0  0  0  0  0  0  0  0  0]"
31,"['هن' 'پاڻ' 'سان' 'ملاقات' 'لاءِ' 'آيل' 'ماڻهن' 'جا' 'سمورا' 'گلدستا' 'به'
 'سنڀالي' 'رکيا' 'ته' 'جڏهن' 'هوءَ' 'مڙس' 'سان' 'ملندي' 'ته' 'اهي' 'سمورا'
 'گلدستا' 'کيس' 'پيش' 'ڪندي' '۽' 'هن' 'کي' 'ٻڌائيندي' 'ته' 'هوءَ' 'انهن'
 'گلدستن' '۾' 'لڳل' 'سڀني' 'کان' 'سهڻو' 'گل' 'آهي' '،' 'جنهن' '۾' 'هن'
 'جي' 'حياتي' 'کڙيل' 'آهي' 'پر' 'طاهره' 'شاهه' 'کي' 'شايد' 'خبر' 'ناهي'
 'ته' 'هر' 'پيار' 'جي' 'هيپي' 'اينڊنگ' 'ناهي' 'هوندي' '.']","[0 0 0 0 0 0 0 0 0 0 0 0 0 0 0 0 0 0 0 0 0 0 0 0 0 0 0 0 0 0 0 0 0 0 0 0 0
 0 0 0 0 0 0 0 0 0 0 0 0 0 3 3 0 0 0 0 0 0 0 0 0 0 0 0 0]"
32,['ٻئي' 'هلڻي' 'آهي' '”' 'ڊُگ' '.'],[0 0 0 0 0 0]
33,"['پائول' 'وقت' 'طئي' 'ڪري' 'پوءِ' 'مودي' 'جي' 'مسڪن' 'جي' 'مهمان' 'ٿي'
 'هئي' '.']",[3 0 0 0 0 3 0 0 0 0 0 0 0]
34,"['دهشتگردي' 'جي' 'وڌندڙ' 'واقعن' '۽' 'اقتصادي' 'مشڪلاتن' 'باعث' 'گذريل'
 'سال' 'اهو' 'نائين' 'نمبر' 'تي' 'هو' '.']",[ 0  0  0  0  0  0  0  0  0  0  0 11  0  0  0  0]
35,"['چوڻ' 'لاءِ' 'ته' 'هڪ' 'عدد' 'حڪومت' 'به' 'آهي' '،' 'جمهوريت' 'به' 'آهي'
 '،' 'عوام' 'به' 'آهي' '،' 'ته' 'عوامي' 'ڀلائي' 'جا' 'ڪم' 'به' 'آهن' '،'
 'پر' 'ڏسڻ' 'جي' 'ڳالهه' 'اها' 'آهي' 'ته' 'اهو' 'عوام' 'ڪهڙي' 'حال' '۾'
 'آهي' '؟']","[ 0  0  0 11  0  0  0  0  0  0  0  0  0  0  0  0  0  0  0  0  0  0  0  0
  0  0  0  0  0  0  0  0  0  0  0  0  0  0  0]"
36,"['هاڻي' 'نه' 'اُهي' 'واچوڙا' 'رهيا' 'آهن' '،' 'پر' 'اُٺين' 'کان' 'به'
 'پَسڻ' 'ڦرجي' 'چڪا' 'آهن' '.']",[0 0 0 0 0 0 0 0 0 0 0 0 0 0 0 0]
37,"['نه' 'پارٽي' '۾' 'ڌڙابندي' 'ٿي' '،' 'نه' 'حڪومت' 'تي' 'فرق' 'پيو' '،'
 'نه' 'ئي' 'سندس' 'حامين' '۽' 'ووٽرن' 'کيس' 'شڪ' 'جي' 'نگاهه' 'سان' 'ڏٺو'
 '.']",[0 0 0 0 0 0 0 0 0 0 0 0 0 0 0 0 0 0 0 0 0 0 0 0 0]
38,"['اصل' '۾' 'اڄ' 'وري' 'اهي' 'ئي' 'ساڳيون' 'حالتون' 'پيدا' 'ڪيون' 'پيون'
 'وڃن' '،' 'جيڪي' 'نائن' 'اليون' 'کانپوءِ' 'هيون' '.']",[0 0 0 0 0 0 0 0 0 0 0 0 0 0 9 9 0 0 0]
39,"['هن' 'جو' 'پنهنجي' 'طرزِ' 'زندگي' 'بابت' 'چوڻ' 'آهي' 'ته' 'هو' 'پنهنجي'
 'سڄي' 'ڄمار' 'ايئن' 'ئي' 'رهيو' 'آهي' '۽' 'کيس' 'ان' 'نموني' 'سان'
 'زندگي' 'گذارڻ' 'پسند' 'آهي' '.']",[0 0 0 0 0 0 0 0 0 0 0 0 0 0 0 0 0 0 0 0 0 0 0 0 0 0 0]
40,"['ملڪ' 'جي' 'سڀ' 'کان' 'مٿانهن' 'ٻن' 'ادارن' 'يعني' 'پارليامينٽ' '۽'
 'عدليه' '۾' 'گذريل' 'سڄو' 'هفتو' 'جيڪي' 'به' 'اهم' 'شيون' 'حاوي' 'رهيون'
 'يا' 'جن' 'حساس' 'توڙي' 'ڏکين' 'موضوعن' 'تي' 'بحث' 'مباحثا' '۽' 'فيصلا'
 'ٿيا' '،' 'سي' 'هئا' 'بلوچستان' 'جو' 'سياسي' 'نبيرو' '۽' 'سرڪار' 'طرفان'
 'منظور' 'ڪيل' 'توهينِ' 'عدالت' 'جو' 'نئون' 'قانون' '،' 'جنهن' 'کي' 'جمعي'
 'واري' 'ڏينهن' 'سپريم' 'ڪورٽ' 'هنن' 'لفظن' 'سان' 'غير' 'قانوني' 'قرار'
 'ڏنو' 'ته' '،' 'هيءُ' 'قانون' 'هڪ' 'ته' 'دستور' '۾' 'عدالتن' 'کي' 'ڏنل'
 'آئيني' 'تحفظ' 'جي' 'نفي' 'ٿو' 'ڪري' '۽' 'ٻيو' 'ته' 'انساني' 'برابريءَ'
 'بابت' 'آئين' '۾' 'ڏنل' 'ضمانت' 'جي' 'ابتڙ' 'آهي' '.']","[ 0  0  0  0  0  0  0  0  0  0  0  0  0  0  0  0  0  0  0  0  0  0  0  0
  0  0  0  0  0  0  0  0  0  0  0  0  7  0  0  0  0  0  0  0  0  0  0  0
  0  0  0  0  0 11  0  0  6  6  0  0  0  0  0  0  0  0  0  0  0 11  0  0
  0  0  0  0  0  0  0  0  0  0  0 11  0  0  0  0  0  0  0  0  0  0  0  0]"
41,"['سندس' 'ننڍو' 'ڀاءُ' 'مولانا' 'تنويرالحق' 'ٿانوي' 'تازو' 'مصطفى' 'ڪمال'
 'واري' 'خالي' 'ڪيل' 'سيٽ' 'تان' 'ايم' 'ڪيو' 'ايم' 'جي' 'ٽڪيٽ' 'تي'
 'سينيٽر' 'منتخب' 'ٿيو' 'آهي' '.']",[0 0 0 5 3 3 0 3 3 0 0 0 0 0 8 8 8 0 0 0 0 0 0 0 0]
42,"['ان' 'سموري' 'عرصي' 'دوران' 'صاف' 'نظر' 'پئي' 'آيو' 'ته' 'مفاهمت' 'جي'
 'اصطلاح' 'کي' 'فقط' 'اقتداري' 'بندر' 'بانٽ' 'لاءِ' 'استعمال' 'ڪيو' 'ويو'
 '.']",[0 0 0 0 0 0 0 0 0 0 0 0 0 0 0 0 0 0 0 0 0 0]
43,"['اڄ' 'اهي' 'ساڳيون' 'ئي' 'ڌريون' 'جن' 'ميان' 'صاحب' 'کي' 'اي' 'پي' 'ڊي'
 'ايم' 'ٺهرائڻ' 'تي' 'مجبور' 'ڪيو' '۽' 'چونڊن' 'کان' 'بائيڪاٽ' 'جو'
 'مشورو' 'ڏنو' '،' 'ججن' 'واري' 'مسئلي' 'تي' 'دٻاءُ' 'وجهي' 'رهيون' 'آهن'
 'ته' 'ججن' 'کي' 'ٽيهن' 'ڏينهن' 'اندر' 'بحال' 'ڪيو' 'وڃي' '،' 'جنهن' 'جو'
 'هڪ' 'ئي' 'مقصد' 'آهي' 'ته' 'ميان' 'نواز' 'شريف' '۽' 'آصف' 'علي'
 'زرداريءَ' '۾' 'وٿي' 'پيدا' 'ٿئي' '.']","[ 0  0  0  0  0  0  5  5  0 11 11 11 11  0  0  0  0  0  0  0  0  0  0  0
  0  0  0  0  0  0  0  0  0  0  0  0  0  0  0  0  0  0  0  0  0 11  0  0
  0  0  3  3  3  0  3  3  3  0  0  0  0  0]"
44,['پر' 'آئون' 'چاهيندي' 'آهيان' 'ته' 'هُو' 'ايمانداريءَ' 'سان' 'ڀونڪن' '.'],[0 0 0 0 0 0 0 0 0 0]
45,"['اي' 'آر' 'ڊي' 'کي' 'غير' 'مؤثر' 'ڪري' 'اي' 'پي' 'ڊي' 'ايم' 'جو' 'قيام'
 '،' 'استيفائن' 'واري' 'معاملي' 'توڙي' 'سرحد' 'اسيمبلي' 'ٽوڙڻ' 'بابت'
 'اختلافن' 'جو' 'شڪار' 'ٿي' 'اي' 'پي' 'ڊي' 'ايم' 'کي' 'به' 'غير' 'فعال'
 'ڪري' 'حڪومت' 'کي' 'کلي' 'کيڏڻ' 'جو' 'موقعو' 'فراهم' 'ڪرڻ' '۽' 'هينئر'
 'به' 'حڪومتي' 'قدمن' 'آڏو' 'ڪا' 'اثرائتي' 'رنڊڪ' 'نه' 'وجهڻ' 'اهو' 'ثابت'
 'ڪري' 'ٿو' 'ته' 'سياسي' 'پارٽيون' 'ڪنهن' 'جي' 'مفادن' 'جو' 'پورائو' 'ڪري'
 'رهيون' 'آهن' '.']","[11 11 11  0  0  0  0 11 11 11 11  0  0  0  0  0  0  0  2  2  0  0  0  0
  0  0 11 11 11 11  0  0  0  0  0  0  0  0  0  0  0  0  0  0  0  0  0  0
  0  0  0  0  0  0  0  0  0  0  0  0  0  0  0  0  0  0  0  0  0  0]"
46,"['اهو' 'ئي' 'سبب' 'آهي' '،' 'جو' 'هر' 'هفتي' 'زيرو' 'پوائنٽ' 'توڙي'
 'موڻابائو' 'تي' 'ايندڙ' 'ويندڙ' 'مسافرن' 'جي' 'انگ' '۾' 'گهٽتائي' 'نٿي'
 'اچي' '.']",[0 0 0 0 0 0 0 0 0 0 0 0 0 0 0 0 0 0 0 0 0 0 0]
47,"['2003ع' '۾' 'جبل' 'خان' '(' 'مير' 'ظفر' 'الله' 'خان' 'جمالي' ')' '۽'
 'واجپائي' 'جي' 'ملاقات' '۾' 'اهڙو' 'فيصلو' 'ٿيو' 'هو' '.']",[11  0  3  3  0  3  3  3  3  3  0  0  3  0  0  0  0  0  0  0  0]
48,"['“' 'اهي' 'انگريز' 'ئي' 'هئا' '،' 'جن' 'سنڌ' '۾' 'ريلن' '۽' 'رستن' 'جو'
 'ڄار' 'وڇائڻ' 'سان' 'گڏوگڏ' '”' 'ڪارو' 'ڪاري' '“' 'جي' 'ڪُريت' 'کي'
 'سختيءَ' 'سان' 'چٿڻ' 'جي' 'ڪوشش' 'ڪئي' '،' 'پر' 'انهن' '۽' 'اهڙن' 'ٻين'
 'ڪمن' 'کان' 'به' 'وڌي' 'ڪري' 'سنڌ' 'کي' 'وسيع' '۽' 'شاندار' 'بئريج'
 'سسٽم' 'ڏيئي' 'ملڪ' 'کي' 'سائو' 'ستابو' 'ڪيو' '۽' 'ائين' 'سنڌ' '۾' 'بنا'
 'ڪنهن' 'جي' 'مٿو' 'ڦاڙڻ' 'جي' 'سنڌ' '۾' 'وڏي' 'پيماني' 'تي' '”' 'اقتصادي'
 'انقلاب' '“' 'آندائون' '.']","[0 0 8 0 0 0 0 7 0 0 0 0 0 0 0 0 0 0 0 0 0 0 0 0 0 0 0 0 0 0 0 0 0 0 0 0 0
 0 0 0 0 7 0 0 0 0 0 0 0 0 0 0 0 0 0 0 7 0 0 0 0 0 0 0 7 0 0 0 0 0 0 0 0 0
 0]"
49,"['عوامي' 'نفسيات' 'جي' 'انهن' 'ڌوپار' 'ماهرن' 'جي' 'ريسرچ' 'موجب' 'انبوهه'
 'ٻن' 'قسمن' 'جا' 'ٿيندا' 'آهن' '.']",[0 0 0 0 0 0 0 0 0 0 0 0 0 0 0 0]
50,"['چوڌري' 'نثار' 'تي' 'انهيءَ' 'ڌمڪي' 'جو' 'اثر' 'هرگز' 'ڪونه' 'ٿيو' '،'
 'هو' 'پنهنجي' 'هٺ' '۽' 'هوڏ' 'تي' 'بيٺل' 'رهيو' '.']",[3 3 0 0 0 0 0 0 0 0 0 0 0 0 0 0 0 0 0 0]
51,"['مسرور' 'سومري' 'جهڙا' 'کلڻان' 'يار' 'ملي' 'ويا' '،' 'تنهن' 'کان' 'پوءِ'
 'وري' 'ڪينجهر' '.']",[3 3 0 0 0 0 0 0 0 0 0 0 4 0]
52,"['ٺيڪ' 'آهي' '،' 'هيءُ' 'مضمون' 'هن' 'بندي' 'جو' 'ئي' 'آهي' '،' 'پر'
 'انهيءَ' 'مضمون' 'جو' 'بنياد' 'پاڻ' 'کان' 'ڪيئي' 'ڀيرا' 'وڌيڪ' 'ڄاڻو'
 'ڌرين' 'جي' 'سوچ' 'سمجهه' '،' 'ڇنڊڇاڻ' '۽' 'پورهئي' 'تي' 'رکيل' 'آهي' '.']",[0 0 0 0 0 0 0 0 0 0 0 0 0 0 0 0 0 0 0 0 0 0 0 0 0 0 0 0 0 0 0 0 0 0]
53,['ڪراچي' 'اڃا' 'مئو' 'ڪونهي' '،' 'مري' 'رهيو' 'آهي' '.'],[7 0 0 0 0 0 0 0 0]
54,['ڀارت' 'کي' '126' 'ملڪن' 'جي' 'به' 'حمايت' 'ملي' 'ويئي' 'آهي' '.'],[ 7  0 11  0  0  0  0  0  0  0  0]
55,"['توهان' 'کي' 'سنڌيءَ' 'تي' 'مهارت' 'آهي' 'ته' 'توهان' 'ڪنهن' 'کي' 'سنڌي'
 'سيکاريو' '،' 'جيڪڏهن' 'توهان' 'حسابن' 'يا' 'ڪمپيوٽر' 'جا' 'ماهر' 'آهيو'
 'ته' 'ڪنهن' 'محروم' 'سان' 'اهو' 'هنر' 'ونڊيو' '.']",[0 0 1 0 0 0 0 0 0 0 1 0 0 0 0 0 0 0 0 0 0 0 0 0 0 0 0 0 0]
56,"['اڳي' 'مواد' 'ٽڙيل' 'پکڙيل' 'هوندو' 'هو' '،' 'دين' 'جي' 'خوشبوءِ' 'دنيا'
 'جي' 'اڪناف' 'اطراف' '۾' 'پکڙجڻ' 'لڳي' 'ته' 'هڪ' 'جاءِ' 'تي' 'قلمي'
 'نسخا' 'لکڻ' 'جو' 'راج' 'پيو' '.']","[ 0  0  0  0  0  0  0  0  0  0  0  0  0  0  0  0  0  0 11  0  0  0  0  0
  0  0  0  0]"
57,"['هاڻي' 'ته' 'خيرن' 'سان' 'الطاف' 'ڀائيءَ' 'جي' 'پارٽي' 'سينيٽ' '،' 'قومي'
 '۽' 'صوبائي' 'اسيمبلين' '۾' 'پنهنجي' 'آمد' 'واريون' 'درخواستون' 'داخلا'
 'ڪرائڻ' 'وارن' 'مرحلن' 'مان' 'گذري' 'اجلاس' 'اٽينڊ' 'ڪندي' 'نظر' 'پئي'
 'اچي' '.']",[0 0 0 0 3 3 0 0 0 0 0 0 0 0 0 0 0 0 0 0 0 0 0 0 0 0 0 0 0 0 0 0]
58,"['جڏهن' 'پيپلز' 'پارٽيءَ' 'وارا' 'پاڻ' 'کي' 'وفاقي' '۽' 'قومي' 'جماعت'
 'سڏائين' 'ٿا' 'ته' 'پوءِ' 'پاڻ' 'کي' 'سنڌ' 'سان' 'واڳيل' 'رکڻ' 'ڇو' 'ٿا'
 'ضروري' 'سمجهن' '؟']",[0 8 8 0 0 0 0 0 0 0 0 0 0 0 0 0 7 0 0 0 0 0 0 0 0]
59,"['جيڪڏهن' 'ڪو' 'مڃي' 'ته' 'به' 'واهه' 'واهه' '،' 'جيڪڏهن' 'ڪو' 'نٿو' 'مڃي'
 'ته' 'به' 'سڄڻ' 'واهه' 'واهه' '.']",[0 0 0 0 0 0 0 0 0 0 0 0 0 0 0 0 0 0]
60,"['”' 'يقين' 'رکو' 'ته' 'اهڙو' 'ڪجهه' 'ڪونه' 'ٿيندو' '۽' 'ماڻهن' 'جون'
 'خواهشون' 'خبرن' 'جو' 'روپ' 'نه' 'ڌارينديون' '،' 'هي' 'فقط' 'دوکو' 'آهي'
 '.']",[0 0 0 0 0 0 0 0 0 0 0 0 0 0 0 0 0 0 0 0 0 0 0]
61,"['جماعت' 'اسلامي' 'جي' 'سنڌ' 'چيپٽر' 'جو' 'چوڌري' 'ڊاڪٽر' 'ممتاز' 'ميمڻ'
 'به' 'پنهنجا' 'ڪافي' 'ڪارڪن' 'ضايع' 'ڪري' 'نيٺ' 'ميدان' 'خالي' 'ڪري'
 'ويو' 'آهي' '،' 'نه' 'ته' 'ٿر' '۾' 'چئوٻول' 'هئا' 'ته' '،' '”' 'مولوي'
 'ميڙ' 'واهه' 'جو' 'مچائيندا' '.']","[8 8 0 7 0 0 5 5 3 3 0 0 0 0 0 0 0 0 0 0 0 0 0 0 0 7 0 0 0 0 0 0 5 0 0 0 0
 0]"
62,"['سياچن' 'جي' 'معاملي' 'تي' 'غير' 'ضروري' 'ڇڪتاڻ' 'ٻنهي' 'ملڪن' 'جي'
 'مفادن' '۾' 'ناهي' '،' 'الٽو' 'ان' 'جو' 'نقصان' 'ئي' 'ٿيندو' 'رهيو' 'آهي'
 '،' 'جنهنڪري' 'نه' 'رڳو' 'ڪيترائي' 'جوان' 'سخت' '۽' 'بدترين' 'موسم' '۾'
 'حياتيون' 'وڃائيندا' 'رهيا' 'آهن' 'پر' 'مالي' 'نقصان' 'الڳ' 'ٿيندو'
 'رهيو' 'آهي' '.']","[4 0 0 0 0 0 0 0 0 0 0 0 0 0 0 0 0 0 0 0 0 0 0 0 0 0 0 0 0 0 0 0 0 0 0 0 0
 0 0 0 0 0 0 0 0]"
63,"['هڪ' 'بادشاهه' 'کي' 'جڳائي' 'ٿو' 'ته' 'هو' 'دنيا' 'تي' 'غير' 'قانوني'
 'طور' 'قبضو' 'ڪري' '۽' 'ماڻهو' 'مارائي' '،' '۽' 'هڪ' 'ننڍي' 'سامونڊي'
 'ڌاڙيل' 'کي' 'وڏو' 'ڏوهاري' 'قرار' 'ڏنو' 'وڃي' '!' '؟']","[11  0  0  0  0  0  0  0  0  0  0  0  0  0  0  0  0  0  0 11  0  0  0  0
  0  0  0  0  0  0  0]"
64,"['(' '2' ')' 'پنهنجي' 'مضمون' '۾' 'اڳتي' 'هلي' 'ڪري' 'راجپوت' 'صاحب'
 'مرزا' 'غالب' 'جو' 'شعر' 'ڏيئي' '،' 'اها' 'ڳالهه' 'لکي' 'آهي' 'ته' '”'
 'تارا' 'آهن' 'هڪڙي' 'شيءِ' '،' 'پر' 'ڏسڻ' '۾' 'ٻئي' 'شيءِ' 'اچن' 'ٿا' '.']","[ 0 11  0  0  0  0  0  0  0  3  3  3  3  0  0  0  0  0  0  0  0  0  0  0
  0  0  0  0  0  0  0  0  0  0  0  0]"
65,"['منهنجي' 'دوست' 'عبدالقادر' 'جوڻيجي' 'کي' 'ان' 'ڳالهه' 'تي' 'شديد'
 'اعتراض' 'آهي' 'ته' '،' '”' 'بدترين' 'جمهوريت' '،' 'سٺي' 'آمريت' 'کان'
 'بهترين' 'آهي' '!' '“' 'جمهوريت' 'کي' 'فقط' 'جمهوريت' 'هجڻ' 'گهرجي' '،'
 'ان' 'کي' 'سٺي' 'يا' 'خراب' 'واري' 'درجي' '۾' 'ورهائڻ' 'ڪا' 'معنيٰ' 'نٿو'
 'رکي' '،' 'پر' 'بدقسمتي' 'سان' 'هتي' 'ته' 'جمهوريت' 'جي' 'مفهوم' 'کي'
 'سمجهڻ' 'جي' 'زحمت' 'به' 'گوارا' 'نٿي' 'ڪئي' 'وڃي' '،' 'جنهن' 'کي' 'ڏسي'
 'اهو' 'پنهنجي' 'مطلب' '۽' 'مقصد' 'جي' 'تشريح' 'ڪري' 'ٿو' '.']","[0 0 3 3 0 0 0 0 0 0 0 0 0 0 0 0 0 0 0 0 0 0 0 0 0 0 0 0 0 0 0 0 0 0 0 0 0
 0 0 0 0 0 0 0 0 0 0 0 0 0 0 0 0 0 0 0 0 0 0 0 0 0 0 0 0 0 0 0 0 0 0 0 0 0
 0 0]"
66,['ڇا' 'نه' 'جواز' 'پيدا' 'ڪيا' 'ويا' 'آهن' '.'],[0 0 0 0 0 0 0 0]
67,"['انهيءَ' 'اخبار' 'جي' 'هيءَ' 'رپورٽ' 'اڳين' 'رپورٽن' 'وانگر' 'اکر' 'اکر'
 'سچي' 'ثابت' 'ٿي' 'وئي' '.']",[0 0 0 0 0 0 0 0 0 0 0 0 0 0 0]
68,"['پيپلز' 'پارٽي' 'چاهيندي' 'ته' 'ميان' 'صاحب' 'جو' 'ساٿ' 'ڏيڻ' 'عيوض'
 'مٿس' 'ڪرپشن' '۽' 'ٻين' 'سنگين' 'الزامن' 'جي' 'هيٺ' 'آيل' 'سندن' 'قيادت'
 'کي' 'آجو' 'يا' 'بار' 'هلڪو' 'ڪرائجي' '،' 'مذهبي' 'جماعتون' 'خاص' 'طور'
 'جي' 'يو' 'آءِ' 'پنهنجي' 'مرضي' 'جا' 'فائدا' 'حاصل' 'ڪرڻ' 'لاءِ' 'سدائين'
 'اهڙي' 'ڪنهن' 'بحران' 'جي' 'تاڙ' '۾' 'هوندي' 'آهي' '،' 'سو' 'مولانا'
 'فضل' 'الرحمان' 'هي' 'موقعو' 'به' 'ڪيئن' 'هٿان' 'وڃائيندو' '.']","[8 8 0 0 5 5 0 0 0 0 0 0 0 0 0 0 0 0 0 0 0 0 0 0 0 0 0 0 0 0 0 0 8 8 8 0 0
 0 0 0 0 0 0 0 0 0 0 0 0 0 0 0 0 5 3 3 0 0 0 0 0 0 0]"
69,"['جمهوريت' 'هوندي' 'به' 'سياسي' 'اونداهه' 'واري' 'ماحول' '۾' 'ڪاراٽيل' '۽'
 'غير' 'عوامي' '،' 'غير' 'قانوني' 'فيصلن' 'جي' 'ڌُُٻڻ' '۾' 'ڦاٿل' 'ملڪ'
 'اندر' 'سُرت' '۽' 'ساڃاهه' 'پئدا' 'ڪرڻ' 'جي' 'سچي' 'نيت' 'سان' '،'
 'عدالتن' 'جو' 'مان' 'مٿانهون' 'ڪرڻ' 'واري' 'پنهنجي' 'مشن' 'کي' 'جاري'
 'رکندي' '،' 'چيف' 'جسٽس' 'افتخار' 'محمد' 'چوڌريءَ' 'هڪ' 'وڌيڪ' 'شانائتو'
 'فيصلو' 'ڏيئي' 'ملڪي' 'سياست' 'منجهان' 'فوج' 'جو' 'ڪردار' 'هميشه' 'لاءِ'
 'دفن' 'ڪرڻ' 'واسطي' 'واٽ' 'هموار' 'ڪرڻ' 'خاطر' 'پنهنجي' 'تاريخي' 'ججمينٽ'
 'جاري' 'ڪئي' 'آهي' '.']","[ 0  0  0  0  0  0  0  0  0  0  0  0  0  0  0  0  0  0  0  0  0  0  0  0
  0  0  0  0  0  0  0  0  0  0  0  0  0  0  0  0  0  0  0  0  5  5  3  3
  3 11  0  0  0  0  0  0  0  0  0  0  0  0  0  0  0  0  0  0  0  0  0  0
  0  0  0  0]"
70,"['وقت' 'جي' 'حڪومت' 'وٽ' 'ڪو' 'اهڙو' 'قانون' 'ناهي' 'جو' 'هاڻي' 'هو'
 'انهن' 'پاڪستاني' 'شهريت' 'اختيار' 'ڪيل' 'افغان' 'پناهگيرن' 'کي' 'لوڌي'
 'ڪڍي' 'سگهن' '.']",[0 0 0 0 0 0 0 0 0 0 0 0 8 0 0 0 7 0 0 0 0 0 0]
71,"['توهان' 'کي' 'سنڌ' 'جي' 'ڪيترن' 'ئي' 'علائقن' '۾' 'ان' 'ڏينهن' 'تي' 'خاص'
 'طور' 'قبيلائي' 'جهيڙن' 'وارن' 'متاثر' 'علائقن' '۾' 'بندوق' 'بردارن' 'جي'
 'نفري' 'ڪجهه' 'سرس' 'نظر' 'ايندي' '.']",[0 0 7 0 0 0 0 0 0 0 0 0 0 0 0 0 0 0 0 0 0 0 0 0 0 0 0 0]
72,"['اها' 'ٿي' 'عوامي' 'مينڊيٽ' 'جي' 'ٽين' 'توهين' 'هاڻي' 'ٿئي' 'ايئن' 'ٿو'
 'ته' 'پيپلز' 'پارٽي' 'وارا' 'جن' 'کي' 'کاڏيءَ' 'تي' 'هٿ' 'رکي' 'ٻانهون'
 'ٻڌي' 'ايلاز' 'ڪري' 'حڪومت' '۾' 'آڻين' 'ٿا' '،' 'اهي' 'ئي' 'سندن' 'وکا'
 'پڌرا' 'ڪن' 'ٿا' '،' 'اهي' 'ئي' 'سندن' 'ڪرپشن' '۽' 'بدانتظامي' 'جون'
 'ڪهاڻيون' 'لوڪن' 'کي' 'ٻڌائين' 'ٿا' '،' 'اهي' 'ئي' 'کين' 'بيڊ' 'گورننس'
 'کان' 'ويندي' 'صوبي' '۾' 'مڙني' 'خرابين' 'جو' 'ذميوار' 'قرار' 'ڏين' 'ٿا'
 '۽' 'ٻئي' 'پاسي' 'کان' 'جيڪو' 'ردِعمل' 'اچي' 'ٿو' 'تنهن' 'جو' 'تت' 'اهو'
 'آهي' 'ته' 'ڇڏيو' 'ادا' 'اهي' 'ايئن' 'ئي' 'رسندا' 'پرچندا' 'رهندا' 'آهن'
 '،' 'اهي' 'اقتدار' 'کانسواءِ' 'رهي' 'نٿا' 'سگهن' '،' 'صبح' 'جو' 'حڪومت'
 'کان' 'ڌار' 'ٿيندا' 'ته' 'شام' 'جو' 'پاڻهي' 'اچي' 'ويندا' '.']","[ 0  0  0  0  0 11  0  0  0  0  0  0  8  8  0  0  0  0  0  0  0  0  0  0
  0  0  0  0  0  0  0  0  0  0  0  0  0  0  0  0  0  0  0  0  0  0  0  0
  0  0  0  0  0  0  0  0  0  0  0  0  0  0  0  0  0  0  0  0  0  0  0  0
  0  0  0  0  0  0  0  0  0  0  0  0  0  0  0  0  0  0  0  0  0  0  0  0
  0  0  0  0  0  0  0  0  0  0  0  0  0  0  0]"
73,"['جيتري' 'قدر' 'ذوالفقار' 'علي' 'ڀٽو' 'جي' 'شهادت' 'جو' 'تعلق' 'آهي' 'ته'
 'انهيءَ' 'کان' 'پوءِ' 'ايم' 'آر' 'ڊي' ')' 'جي' 'تحريڪ' 'ته' 'هلي' 'پر'
 'اها' 'تحريڪ' 'ڪيئي' 'ماڻهو' 'مارجڻ' 'کانپوءِ' 'به' 'کليل' 'انبوهه' 'جي'
 'صورت' 'اختيار' 'ڪري' 'نه' 'سگهي' '،' 'ڇاڪاڻ' 'ته' 'جنرل' 'ايوب' 'جي'
 'برعڪس' 'جنرل' 'ضياءَ' 'الحق' 'وٽ' 'جنرل' 'مجيب' 'الرحمان' 'جهڙي' 'ٿنڪ'
 'ٽئنڪ' 'موجود' 'هئي' '،' 'جنهن' 'لاءِ' 'چيو' 'وڃي' 'ٿو' 'ته' 'اهو'
 'همراهه' 'دنيا' 'جي' 'چند' 'ڳڻين' 'تڻين' 'نفسياتي' 'جنگ' 'جي' 'ماهرن'
 'مان' 'هڪ' 'هو' '.']","[ 0  0  3  3  3  0  0  0  0  0  0  0  0  0 11 11 11  0  0  0  0  0  0  0
  0  0  0  0  0  0  0  0  0  0  0  0  0  0  0  0  0  5  3  0  0  5  3  3
  0  5  3  3  0  0  0  0  0  0  0  0  0  0  0  0  0  0  0  0  0  0  0  0
  0  0  0  0 11  0  0]"
74,"['سو' 'اهڙي' 'عالم' '۾' 'جڏهن' 'قدرتي' 'آفتن' 'به' 'هن' 'ملڪ' 'جو' 'رستو'
 'ڏسي' 'ورتو' 'هو' '۽' 'مقامي' 'آفتون' 'به' 'ملڪ' 'جي' 'رستن' '،' 'چونڪن'
 'تي' 'ڦاٽي' 'رهيون' 'هيون' 'ته' 'فيصلو' 'ڪيو' 'ويو' 'ته' 'ملڪ' 'کي'
 'حالتن' 'جي' 'رحم' '۽' 'ڪرم' 'تي' 'ڇڏيو' 'وڃي' '.']","[0 0 0 0 0 0 0 0 0 0 0 0 0 0 0 0 0 0 0 0 0 0 0 0 0 0 0 0 0 0 0 0 0 0 0 0 0
 0 0 0 0 0 0 0]"
75,"['آئون' 'ان' 'زماني' '۾' 'هڪ' 'انگريزي' 'اخبار' 'جو' 'اسلام' 'آباد' 'جو'
 'بيورو' 'چيف' 'هئس' '۽' 'جي' 'اين' 'مغل' 'هڪ' 'ٻي' 'انگريزي' 'اخبار' 'جو'
 '.']",[ 0  0  0  0 11  1  0  0  7  7  0  0  0  0  0  0  0  5 11 11  1  0  0  0]
76,"['جڏهن' 'ايئن' 'ٿئي' 'ٿو' '۽' 'ان' 'سبب' 'جي' 'ڪري' 'ئي' 'سنڌ' 'جا'
 'ماڻهو' 'صدين' 'کان' 'انهي' 'سڳي' '۾' 'پويل' 'آهن' 'ته' 'پوءِ' 'جيڪڏهن'
 'هو' 'پنهنجي' 'ڌرتي' 'جي' 'وحدت' 'سان' 'سلهاڙجي' 'گڏ' 'ٿين' 'ٿا' 'ته'
 'ان' 'ڳالهه' 'کي' 'ڪيئن' 'نظر' 'انداز' 'ڪري' 'سگهجي' 'ٿو' 'ته' 'منجهن'
 'هڪ' 'هجڻ' '،' 'پنهنجن' 'مسئلن' 'جي' 'ادراڪ' '۽' 'انهن' 'جي' 'حل' 'لاءِ'
 'تڙپ' 'جو' 'احساس' 'نٿو' 'ڦهلجي' '؟']","[ 0  0  0  0  0  0  0  0  0  0  7  0  0  0  0  0  0  0  0  0  0  0  0  0
  0  0  0  0  0  0  0  0  0  0  0  0  0  0  0  0  0  0  0  0  0 11  0  0
  0  0  0  0  0  0  0  0  0  0  0  0  0  0  0]"
77,"['دلچسپ' 'حقيقت' 'آهي' 'ته' 'سپريم' 'ڪورٽ' 'جي' 'فيصلي' '۾' 'برگيڊيئر'
 'حامد' 'واري' 'ڊائريءَ' 'جي' 'حوالي' 'سان' 'پيپلز' 'پارٽيءَ' 'جي' '88ع'
 'واري' 'پهرين' 'حڪومت' 'خلاف' 'جن' 'سياسي' '۽' 'انتقامي' 'واقعن' 'جو'
 'ذڪر' 'ڪيو' 'ويو' 'آهي' '،' 'سي' 'پڻ' 'رڪارڊ' 'ڪيا' 'ويا' 'آهن' '،'
 'جيڪي' 'نئين' 'ٽهيءَ' 'جي' 'ڄاڻ' 'لاءِ' 'ضروري' 'آهن' '.']","[ 0  0  0  0  6  6  0  0  0  5  3  0  0  0  0  0  8  8  0 11  0 11  0  0
  0  0  0  0  0  0  0  0  0  0  0  0  0  0  0  0  0  0  0  0  0  0  0  0
  0  0  0]"
78,"['”' 'ڪراچي' '۾' 'بدامني' 'جو' 'مسئلو' 'فقط' 'لساني' 'ڪانهي' 'پر' 'معاشي'
 '۽' 'سياسي' 'مفاد' 'رکندڙ' 'گروهن' 'جي' 'هڪٻئي' 'سان' 'ٽڪراءَ' 'جو'
 'نتيجو' 'آهي' '.']",[0 7 0 0 0 0 0 0 0 0 0 0 0 0 0 0 0 0 0 0 0 0 0 0]
79,"['ڌارين' 'طاقتن' 'سان' 'ته' 'فقط' 'ديانتدار' '،' 'اهل' '۽' 'ايماندار'
 'قيادت' 'پنهنجي' 'عوام' 'جي' 'سگهه' 'وسيلي' 'اکيون' 'اکين' '۾' 'وجهي'
 'ڳالهائي' 'سگهندي' 'آهي' '،' 'جيئن' 'اسين' 'ترڪي' '،' 'ڪيوبا' '،'
 'وينزويلا' '۽' 'ايران' 'جو' 'مثال' 'ڏيئي' 'سگهون' 'ٿا' '.']","[0 0 0 0 0 0 0 0 0 0 0 0 0 0 0 0 0 0 0 0 0 0 0 0 0 0 7 0 7 0 7 0 7 0 0 0 0
 0 0]"
80,"['سندس' 'اهي' 'انٽرويو' 'به' 'ايترائي' 'تند' 'و' 'تيز' 'آهن' '،' 'جيترا'
 'سندس' 'ٻيا' 'ڪتاب' '.']",[0 0 0 0 0 0 0 0 0 0 0 0 0 0 0]
81,"['مطلب' 'ته' 'هاڻي' 'جڏهن' 'به' 'صوبائي' 'مسئلن' 'جو' 'تذڪرو' 'ٿيندو' 'ته'
 'پاڻ' 'کي' 'صوبائي' 'حقن' 'جي' 'ڳالهه' 'به' 'ٻڌڻ' 'لاءِ' 'ملندي' '،'
 'اها' 'ئي' 'سياست' 'آهي' '،' 'اهي' 'ئي' 'سياست' 'جا' 'رنگ' 'آهن' '.']",[0 0 0 0 0 0 0 0 0 0 0 0 0 0 0 0 0 0 0 0 0 0 0 0 0 0 0 0 0 0 0 0 0 0]
82,"['باقي' 'اها' 'ڳالهه' 'آهي' 'ته' 'جتي' 'ڪٿي' 'وڃيو' 'ٿا' 'ڊاٻو' 'ڪريون'
 'ته' 'بک' '،' 'بيروزگاري' '۽' 'بيوسيءَ' 'جي' 'واڄٽن' 'سان' 'گڏ' 'اهو'
 'سوال' 'به' 'ڪَرُ' 'کڻيو' 'بيٺو' 'هوندو' 'آهي' 'ته' 'هيل' 'سال' 'درياهه'
 'شاهه' 'بادشاهه' 'الائي' 'ڇا' 'ڪندو' '.']","[0 0 0 0 0 0 0 0 0 0 0 0 0 0 0 0 0 0 0 0 0 0 0 0 0 0 0 0 0 0 0 0 0 0 0 0 0
 0 0]"
83,"['ايئن' 'ڏسندي' 'ئي' 'ڏسندي' 'اهو' 'وائرس' 'شهر' 'جي' 'ماڻهن' 'کي' 'انڌو'
 'ڪرڻ' 'شروع' 'ڪري' 'ڇڏي' 'ٿو' '۽' 'هڪ' 'بدترين' 'سماجي' 'بحران' 'ڪر'
 'کڻي' 'ٿو' '.']","[ 0  0  0  0  0  0  0  0  0  0  0  0  0  0  0  0  0 11  0  0  0  0  0  0
  0]"
84,['ائين' 'سنڌو' 'درياهه' 'تي' 'به' 'ڊيم' 'ٺاهڻ' 'خطرناڪ' 'ثابت' 'ٿيندو' '.'],[0 4 4 0 0 0 0 0 0 0 0]
85,"['انگريزي' 'سِکيو' '۽' 'انگريزيءَ' 'زبان' '۾' 'ئي' 'لکيائين' '،' 'سندس'
 'نالو' 'هو' 'جارج' 'مائيڪس' 'حال' 'حيات' 'ناهي' '،' 'پر' 'سندس' 'ڏهاڪو'
 'کن' 'ڪتاب' 'اڃا' 'تائين' 'هٿو' 'هٿ' 'وڪجن' 'ٿا' '.']","[ 1  0  0  1  1  0  0  0  0  0  0  0  3  3  0  0  0  0  0  0 11  0  0  0
  0  0  0  0  0  0]"
86,"['علائقو' 'به' 'اهڙو' '،' 'جنهن' '۾' 'سمنڊ' '،' 'رڻ' 'پٽ' '،' 'ٿر' 'بر'
 '،' 'جبل' '،' 'درياهه' '،' 'ڪچي' 'جو' 'جهنگ' '،' 'اريگيشن' 'جو' 'ڄار' '،'
 'ٻنيون' 'ٻارا' '۽' 'اربن' 'ايريا' 'به' 'اچي' 'وڃن' 'ٿا' '،' 'تنهن' 'ڪري'
 'سنڌي' 'ٻوليءَ' 'کي' 'علائقائي' 'ٻولي' 'چوڻ' 'ڪو' 'ڏوهه' 'ناهي' '،'
 'الٽو' 'فخر' 'جي' 'ڳالهه' 'آهي' 'ته' 'سنڌي' 'ٻوليءَ' 'وٽ' 'پنهنجو'
 'علائقو' 'آهي' '،' 'سنڌي' 'ٻولي' 'بي' 'وطن' 'ناهي' '،' 'ڪنهن' 'ٻئي' 'ملڪ'
 'مان' 'لڏي' 'نه' 'آئي' 'آهي' '.']","[0 0 0 0 0 0 0 0 0 0 0 7 0 0 0 0 0 0 0 0 0 0 0 0 0 0 0 0 0 0 0 0 0 0 0 0 0
 0 1 1 0 0 0 0 0 0 0 0 0 0 0 0 0 0 1 1 0 0 0 0 0 1 1 0 0 0 0 0 0 0 0 0 0 0
 0 0]"
87,"['ريگن' 'طرفان' 'اهڙي' 'گذارش' 'مڃي' 'وئي' '۽' 'سيڪريٽري' 'آف' 'اسٽيٽ'
 'اهو' 'بيان' 'ڏنو' 'ته' 'مارشل' 'لا' '۽' 'انساني' 'حقن' 'جي' 'لتاڙ'
 'پاڪستان' 'جو' 'اندروني' 'معاملو' 'آهي' '.']",[3 0 0 0 0 0 0 5 5 5 0 0 0 0 0 0 0 0 0 0 0 7 0 0 0 0 0]
88,"['اهي' 'حالتون' 'اهڙيون' 'هيون' '،' 'جن' 'جي' 'ڪري' 'سڄي' 'سنڌ' 'جي'
 'زراعت' 'جوا' 'جي' 'راند' 'بڻجي' 'چڪي' 'هئي' '.']",[0 0 0 0 0 0 0 0 0 7 0 0 0 0 0 0 0 0 0]
89,"['چڙڪ' 'جو' 'سور' 'اهڙو' 'هوندو' 'آهي' '،' 'جهڙو' 'جبل' 'جي' 'ڪاري'
 'وڇونءَ' 'ڏنگيو' 'هجي' '.']",[0 0 0 0 0 0 0 0 0 0 0 0 0 0 0]
90,"['ان' 'وقت' 'اثاثن' 'جي' 'باري' '۾' 'گفتگو' 'ڪرڻ' 'هڪ' 'دلچسپ' 'مشغلو'
 'ته' 'هوندو' 'هو' '،' 'پر' 'ان' 'کان' 'وڌيڪ' 'ٻيو' 'ڪجهه' 'به' 'نه' '،'
 'هاڻي' 'به' 'جن' 'اميدوارن' 'جا' 'اثاثا' 'سامهون' 'اچي' 'رهيا' 'آهن' 'تن'
 'جي' 'باري' '۾' 'عوام' '۾' 'شڪ' 'شبها' 'وڌيڪ' 'آهن' 'ته' 'هنن' 'پنهنجا'
 'اثاثا' 'ايمانداري' 'سان' 'ظاهر' 'نه' 'ڪيا' 'آهن' 'پر' 'اڪثر' 'اثاثن'
 'تي' 'پردو' 'پيل' 'آهي' '.']","[ 0  0  0  0  0  0  0  0 11  0  0  0  0  0  0  0  0  0  0 11  0  0  0  0
  0  0  0  0  0  0  0  0  0  0  0  0  0  0  0  0  0  0  0  0  0  0  0  0
  0  0  0  0  0  0  0  0  0  0  0  0  0  0]"
91,"['خير' 'اسيمبليءَ' 'مان' 'ڪارو' 'قانون' 'رد' 'ٿيڻ' 'شرط' 'سنڌ' 'جي'
 'بلدياتي' 'وزير' 'آغا' 'سراج' 'دراني' 'اها' 'ڳالهه' 'به' 'مڃي' 'ورتي'
 'ته' 'سپريم' 'ڪورٽ' 'جي' 'متوقع' 'فيصلي' 'جي' 'ڪري' 'اسان' 'ٻٽو' 'نظام'
 'واپس' 'ورتو' 'آهي' '،' 'چونڊن' 'کانپوءِ' 'ايم' 'ڪيو' 'ايم' 'سان' 'گڏجي'
 'اهو' 'بحال' 'ڪري' 'ڇڏينداسين' '.']","[0 0 0 0 0 0 0 0 7 0 0 5 3 3 3 0 0 0 0 0 0 6 6 0 0 0 0 0 0 0 0 0 0 0 0 0 0
 8 8 8 0 0 0 0 0 0 0]"
92,"['پنهنجي' 'بهادري' 'جي' 'حوالي' 'سان' 'ڪتاب' '۾' 'هن' '1961ع' '۾' 'انب'
 'جي' 'وڻ' 'تان' 'ڪرڻ' 'کان' 'وٺي' '2003ع' 'جي' 'قاتلانه' 'حملن' 'تائين'
 'ذڪر' 'ڪيو' 'آهي' '.']","[ 0  0  0  0  0  0  0  0 11  0  0  0  0  0  0  0  0 11  0  0  0  0  0  0
  0  0]"
93,"['آئون' 'ڪاوش' 'کانپوءِ' 'جڏهن' 'ڪي' 'ٽي' 'اين' '۾' 'آيس' 'تڏهن' 'به'
 'امير' 'بخش' 'بروهي' 'جا' 'چهچٽا' '۽' 'زنده' 'دلي' 'ساڳي' 'هوندي' 'هئي'
 '.']",[ 0 10  0  0  6  6  6  0  0  0  0  3  3  3  0  0  0  0  0  0  0  0  0]
94,"['هن' 'پنهنجي' 'مک' 'مخالف' 'بن' 'يوسف' 'کي' 'قاهره' 'جلاوطن' 'ڪري' 'ڇڏيو'
 '،' 'ڪيترن' 'ئي' 'مخالفن' 'کي' 'جيل' 'ڀيڙو' 'ڪري' 'ڇڏيائين' '،' 'ڪيتريون'
 'ئي' 'اخبارون' 'بند' 'ڪري' 'ڇڏيائين' '۽' 'پنهنجي' 'سيڪيورٽي' 'چيف' 'زين'
 'العابدين' 'وسيلي' 'مخالفن' 'کي' 'سختي' 'سان' 'منهن' 'ڏنائين' '.']","[0 0 0 0 3 3 0 0 0 0 0 0 0 0 0 0 0 0 0 0 0 0 0 0 0 0 0 0 0 0 5 3 3 0 0 0 0
 0 0 0 0]"
95,"['ان' 'ڪري' 'ئي' 'پرائيويٽائيزيشن' 'ڪميشن' 'آف' 'پاڪستان' 'جي' 'حوالي'
 'سان' 'ملڪ' 'يا' 'پرڏيهه' '۾' 'ڪو' 'سٺو' 'تاثر' 'جڙي' 'نه' 'سگهيو' 'آهي'
 '،' 'جنهن' 'جو' 'وڏو' 'سبب' 'حڪمران' 'لڏي' 'طرفان' 'خانگائڻ' 'واري' 'عمل'
 'کي' 'شفاف' 'بڻائڻ' 'نه' 'آهي' '.']","[0 0 0 6 6 6 6 0 0 0 0 0 0 0 0 0 0 0 0 0 0 0 0 0 0 0 0 0 0 0 0 0 0 0 0 0 0
 0]"
96,"['بک' '۽' 'اڃ' 'جي' 'انڌ' '۾' 'ڪير' 'اهو' 'ڪو' 'نه' 'ٿو' 'ڏسي' 'ته' 'ڪنهن'
 'کي' 'ڪٿان' 'اڳتي' 'وڌڻو' 'آهي' '۽' 'ڪٿان' 'پوئتي' 'هٽڻو' 'آهي' '،' 'جو'
 'ننڍا' 'ٻار' 'ته' 'نه' 'ڇپجن' '.']",[0 0 0 0 0 0 0 0 0 0 0 0 0 0 0 0 0 0 0 0 0 0 0 0 0 0 0 0 0 0 0 0]
97,"['اهو' 'ياد' 'ڪرڻ' 'کانسواءِ' 'ته' 'پاڻي' 'پنهنجا' 'گس' 'پاڻ' 'ٺاهيندو'
 'آهي' 'هو' 'ڪٽ' 'لڳائيندا' 'ويا' '،' 'نتيجي' '۾' 'ڳوٺ' '۽' 'شهر' 'ماڻهن'
 'کان' 'خالي' 'ٿيندا' 'ويا' '،' 'ماڻهن' 'جون' 'مال' 'ملڪيتون' 'پاڻي' 'جي'
 'قبضي' 'هيٺ' 'اچي' 'ويون' '۽' 'سرنديءَ' 'وارن' 'وڏن' 'شهرن' '۾' 'قائم'
 'ڪيل' 'بنگلن' '۾' 'پناهون' 'وٺي' 'خلق' 'کي' 'چورن' '،' 'لٽيرن' '۽' 'بي'
 'رحم' 'لهرن' 'جي' 'رحم' 'و' 'ڪرم' 'تي' 'ڇڏي' 'ڏنو' '.']","[0 0 0 0 0 0 0 0 0 0 0 0 0 0 0 0 0 0 0 0 0 0 0 0 0 0 0 0 0 0 0 0 0 0 0 0 0
 0 0 0 0 0 0 0 0 0 0 0 0 0 0 0 0 0 0 0 0 0 0 0 0 0 0 0 0 0]"
98,"['۽' 'پوءِ' 'انهيءَ' 'اداري' 'جي' 'پنهنجي' 'ڪهڙي' 'ساک' 'جنهن' 'جو'
 'سربراهه' 'پاڻ' 'ڪرپشن' 'جي' 'الزامن' 'کي' 'منهن' 'ڏئي' 'رهيو' 'هجي' '؟']",[0 0 0 0 0 0 0 0 0 0 0 0 0 0 0 0 0 0 0 0 0]
99,"['جيڪڏهن' 'حڪومت' 'واقعي' 'ئي' 'به' 'سنجيده' 'آهي' 'ته' 'جاچ' 'کي' 'پيپلز'
 'پارٽيءَ' 'جي' 'سفارش' 'جي' 'روشني' '۾' 'يو' 'اين' 'سيڪيورٽي' 'ڪائونسل'
 'کان' 'ڇو' 'نٿي' 'ڪرائي' 'وڃي' '؟']",[0 0 0 0 0 0 0 0 0 0 8 8 0 0 0 0 0 6 6 6 6 0 0 0 0 0 0]
100,"['سوال' 'ٿو' 'پيدا' 'ٿئي' 'ته' 'ڇا' 'ايترو' 'ڪرڻ' 'ئي' 'ڪافي' 'آهي' 'يا'
 'مهاجر' 'صوبي' 'جي' 'حمايت' 'ڪندڙن' 'جا' 'جيڪي' 'دليل' 'آهن' '،' 'حڪومت'
 'کي' 'انهن' 'تي' 'ويچارڻ' 'کپي' '!' 'هن' 'وقت' 'پاڪستان' 'هڪ' 'وڏي'
 'سياسي' 'گهوٽالي' 'جي' 'وڪڙ' '۾' 'آهي' '.']","[ 0  0  0  0  0  0  0  0  0  0  0  0  8  8  0  0  0  0  0  0  0  0  0  0
  0  0  0  0  0  0  0  7 11  0  0  0  0  0  0  0  0]"
101,"['هاڻي' 'ته' 'اهي' 'اطلاع' 'پيا' 'ملن' 'ته' 'سنڌو' 'درياهه' 'ٺٽي' 'ضلعي'
 '۾' 'کاري' 'ڇاڻ' '۽' 'ڪيٽي' 'بندر' 'وٽان' 'سمنڊ' '۾' 'ڇوڙ' 'ڪندو' '،'
 'پر' 'ايندڙ' 'سائي' 'ڏهي' '(' 'لڳ' 'ڀڳ' 'ٻاويهه' 'سال' ')' '۾' 'سنڌو'
 'درياهه' 'ڪٿي' 'ڇوڙ' 'ڪندو' '،' 'اها' 'خبر' 'نٿي' 'پوي' '.']","[ 0  0  0  0  0  0  0  4  4  7  0  0  4  4  0  4  4  0  0  0  0  0  0  0
  0  0  0  0  0  0 11 11  0  0  4  4  0  0  0  0  0  0  0  0  0]"
102,"['جيڪڏهن' 'ڏسجي' 'ته' 'اڄ' 'سنڌ' '۾' 'فقط' 'سلمان' 'کوکر' '۽' 'ان' 'جهڙا'
 'معصوم' 'نينگر' 'مارجي' '۽' 'اغوا' 'نه' 'ٿي' 'رهيا' 'آهن' '،' 'اهي'
 'نازڪ' '۽' 'نفيس' 'وجود' 'جيڪي' 'نه' 'ته' 'ڪنهن' 'تي' 'بار' 'آهن' 'نه'
 'ئي' 'ڪنهن' 'سان' 'ڪو' 'بغض' 'يا' 'ڪينو' 'رکي' 'سگهن' 'ٿا' '،' 'اهي'
 'جڏهن' 'لالچ' '،' 'حوس' '،' 'پراڻين' 'دشمنين' 'جو' 'کاڄ' 'ٿيندا' 'رهن'
 'ٿا' 'ته' 'مون' 'کي' 'هر' 'ڀيري' 'الائي' 'ڇو' 'ايئن' 'لڳندو' 'آهي' 'ته'
 'اهو' 'ڪنهن' 'نينگر' 'جو' 'نه' 'پر' 'سنڌ' 'جي' 'ٻاروتڻ' 'جو' 'قتل' 'ٿي'
 'رهيو' 'آهي' '،' 'هڪ' 'اهڙي' 'سنڌ' 'جو' 'ننڍپڻ' 'اسان' 'پنهنجي' 'هٿن'
 'سان' 'کسي' 'رهيا' 'آهيون' 'جنهن' 'اسان' 'کي' 'اسان' 'جي' 'ننڍپڻ' '۾'
 'لاڏڪوڏ' 'سان' 'نپائي' 'وڏو' 'ڪيو' '،' 'اسان' 'کي' 'ڪوسو' 'واءُ' 'لڳڻ'
 'نه' 'ڏنو' '،' 'اسان' 'جي' 'مٿان' 'ڇپر' 'ڇانوَ' 'ڪئي' '،' 'پر' 'اسان'
 'ان' 'ڌرتي' 'سان' 'بدقسمتي' 'سان' 'هڪ' 'قوم' 'نه' 'پر' 'هڪ' 'بي' 'هنگم'
 'هجوم' 'وارو' 'رويو' 'رکندا' 'پيا' 'اچون' '،' 'اسان' 'لاتعلقي' '۽' 'بي'
 'حسي' '۾' 'پناهه' 'وٺي' '،' 'ان' 'جا' 'دليل' 'به' 'جوڙي' 'ڇڏيا' 'آهن' '.']","[ 0  0  0  0  7  0  0  3  3  0  0  0  0  0  0  0  0  0  0  0  0  0  0  0
  0  0  0  0  0  0  0  0  0  0  0  0  0  0  0  0  0  0  0  0  0  0  0  0
  0  0  0  0  0  0  0  0  0  0  0  0  0  0  0  0  0  0  0  0  0  0  0  0
  0  0  0  0  7  0  0  0  0  0  0  0  0 11  0  7  0  0  0  0  0  0  0  0
  0  0  0  0  0  0  0  0  0  0  0  0  0  0  0  0  0  0  0  0  0  0  0  0
  0  0  0  0  0  0  0  0  0  0  0  0 11  0  0  0 11  0  0  0  0  0  0  0
  0  0  0  0  0  0  0  0  0  0  0  0  0  0  0  0  0  0  0]"
103,['سندس' 'حلف' 'برداري' '20' 'تاريخ' 'بدران' 'اڄ' 'ٿيڻي' 'آهي' '.'],[ 0  0  0 11 11  0  0  0  0  0]
104,"['پاڪستان' 'کي' 'ڪنهن' 'غلط' 'فهمي' 'جو' 'شڪار' 'نه' 'ٿيڻ' 'گهرجي' '۽'
 'نه' 'مصنوعي' 'مسڪراهٽ' 'تي' 'يقين' 'ڪرڻ' 'گهرجي' '.']",[7 0 0 0 0 0 0 0 0 0 0 0 0 0 0 0 0 0 0]
105,['پهرين' 'ان' 'خلاف' 'قومي' 'ايڪشن' 'پلان' 'ڇونه' 'جوڙيا' 'ويا' '؟'],[11  0  0  9  9  9  0  0  0  0]
106,"['ان' 'ڳالهه' 'کي' 'ڪو' 'گهڻو' 'عرصو' 'نه' 'گذريو' 'آهي' '،' 'جو' 'سنڌ'
 '۾' 'خراب' 'ترين' 'حڪمراني' '،' 'لاقانونيت' '،' 'بدامني' '،' 'دهشتگردي'
 '۽' 'ڌاڙيل' 'گردي' 'توڙي' 'قبيلائي' 'جهيڙن' 'سنڌ' 'جي' 'عيدن' 'جو'
 'ذائقو' 'ئي' 'بدلائي' 'ڇڏيو' 'آهي' '.']","[0 0 0 0 0 0 0 0 0 0 0 7 0 0 0 0 0 0 0 0 0 0 0 0 0 0 0 0 7 0 0 0 0 0 0 0 0
 0]"
107,['ائين' 'پاڻي' 'جي' 'اها' 'وڏي' 'واٽ' 'به' 'بند' 'ٿي' 'چڪي' 'آهي' '.'],[0 0 0 0 0 0 0 0 0 0 0 0]
108,['”' 'آئون' 'رڳو' 'توکان' 'موڪلائڻ' 'نه' 'آئي' 'آهيان' '.'],[0 0 0 0 0 0 0 0 0]
109,"['موٽ' '۾' 'هنن' 'مراعتون' 'ورتيون' '۽' 'قانون' '۽' 'انصاف' 'جي' 'ٻولي'
 'لڳائي' 'ان' 'کي' 'نيلام' 'ڪيو' '،' 'نتيجي' '۾' 'هن' 'ملڪ' 'اندر' 'اڄ'
 'تائين' 'انصاف' 'ته' 'ڇا' '،' 'پر' 'جمهوريت' 'جو' 'پاڇو' 'به' 'پئجي' 'نه'
 'سگهيو' '.']",[0 0 0 0 0 0 0 0 0 0 0 0 0 0 0 0 0 0 0 0 0 0 0 0 0 0 0 0 0 0 0 0 0 0 0 0 0]
110,"['“' 'منظور' 'قادر' '،' 'جيڪو' 'وفد' 'جو' 'اڳواڻ' 'هو' 'تنهن' 'چنا' 'صاحب'
 'کي' 'زوريءَ' 'ماٺ' 'ڪرايو' '.']",[0 3 3 0 0 0 0 0 0 0 3 3 0 0 0 0 0]
111,"['خاتونِ' 'جنت' 'جي' 'شادي' '۽' 'ڏاج' 'جي' 'بندوبست' 'جي' 'لاءِ' 'ٻنهي'
 'جهانن' 'جا' 'سردار' 'صه' 'ڇا' 'نٿي' 'ڪري' 'سگهيا' '،' 'پر' 'باقي' 'دنيا'
 'کي' 'فضول' 'خرچيءَ' '۽' 'اجاين' 'رسمن' 'کان' 'روڪڻ' 'جي' 'لاءِ' 'هڪ'
 'مثالي' 'شاديءَ' 'جو' 'بندوبست' 'ڪيو' 'ويو' '،' 'جنهن' 'تي' 'تمام'
 'ٿورڙا' 'پئسا' 'خرچ' 'ٿيا' '.']","[ 5  5  0  0  0  0  0  0  0  0  0  0  0  5  5  0  0  0  0  0  0  0  0  0
  0  0  0  0  0  0  0  0  0 11  0  0  0  0  0  0  0  0  0  0  0  0  0  0
  0]"
112,"['ظاهر' 'آهي' 'ته' 'سرڪار' 'جو' 'به' 'سالن' 'کان' 'رويو' 'نظرانداز' 'ڪرڻ'
 'وارو' 'رهيو' 'آهي' '.']",[0 0 0 0 0 0 0 0 0 0 0 0 0 0 0]
113,"['مون' 'جڏهن' 'سنڌ' 'يونيورسٽي' 'جي' 'ماس' 'ڪميونيڪيشن' 'جي' 'شعبي' '۾'
 'داخلا' 'ورتي' 'تڏهن' 'اتي' 'جيڪو' 'ڪجهه' 'پڙهايو' 'ويو' 'سو' 'ڪاوش' '۾'
 'داخل' 'ٿيڻ' 'کانپوءِ' 'جهڙوڪر' 'سڄو' 'ڌوڙ' 'ٿي' 'ويو' '۽' 'پريڪٽيڪل'
 'صحافت' 'ڪيئن' 'ٿيندي' 'آهي' '،' 'اهو' 'سمجهڻ' 'لاءِ' 'جرنلزم' 'جي' 'الف'
 'ب' 'کان' 'شروعات' 'ڪرڻي' 'پئي' '،' 'ايئن' 'ئي' 'ڳڻپ' 'ڪبي' 'ته' 'توهان'
 'کي' 'صحافت' 'جي' 'شعبي' '۾' 'صحافت' 'جي' 'ڊگري' 'رکندڙ' 'ڪي' 'آڱرين'
 'تي' 'ڳڻڻ' 'جيترا' 'ماڻهو' 'ملندا' 'نه' 'ته' 'اڪثريت' 'اهڙن' 'ماڻهن' 'جي'
 'آهي' '،' 'جن' 'جي' 'ڊگرين' 'جو' 'صحافت' 'سان' 'ڪو' 'پري' 'جو' 'واسطو'
 'به' 'ڪونهي' '،' 'انهن' 'مان' 'اڪثريت' 'جي' 'سکيا' 'ڪاوش' '۾' 'ئي' 'ٿي'
 '.']","[ 0  0  6  6  0  0  0  0  0  0  0  0  0  0  0  0  0  0  0 10  0  0  0  0
  0  0  0  0  0  0  0  0  0  0  0  0  0  0  0  0  0  0  0  0  0  0  0  0
  0  0  0  0  0  0  0  0  0  0  0  0  0  0  0  0  0  0  0  0  0  0  0  0
  0  0  0  0  0  0  0  0  0  0  0  0  0  0  0  0  0  0  0  0  0  0  0  0
 10  0  0  0  0]"
114,"['انهن' 'رپورٽن' 'کي' 'سامهون' 'رکجي' 'ته' '،' 'پوءِ' 'عام' 'چونڊن' '۾'
 'ووٽن' 'جي' '60' 'سيڪڙو' 'کي' 'پهتل' 'شرح' 'جي' 'پرولي' 'ڀَڃڻ' 'کان'
 'ايتري' 'ڏکي' 'ڪانهي' '،' 'نه' 'ئي' 'وري' 'انهيءَ' 'مينڊيٽ' 'جي' 'اصليت'
 'کي' 'سمجهڻ' 'ڪو' 'ايترو' 'ڏکيو' 'آهي' '،' 'جيڪو' 'هن' 'وقت' 'اسان' 'جي'
 'مٿان' 'مڙهيل' 'آهي' '!' 'انهيءَ' 'تناظر' '۾' 'هيل' 'تائين' 'جيڪي' 'به'
 'چونڊون' 'ٿي' 'گذريون' 'آهن' '،' 'سي' 'ڀلي' 'هيوي' 'مينڊيٽ' 'واريون'
 'هجن' 'يا' 'مخلوط' 'مينڊيٽ' 'واريون' '،' 'تن' 'کي' 'فري' 'اليڪشن' 'ته'
 'قرار' 'ڏئي' 'سگهجي' 'ٿو' 'پر' 'شفاف' 'نه' '!' 'هن' 'سڄي' 'عمل' '۾'
 'جيڪو' 'به' 'پولنگ' 'عملو' 'آهي' '،' 'هيٺ' 'کان' 'مٿان' 'تائين' 'تن' 'جو'
 'ڪردار' 'اهم' 'بڻجي' 'ٿو' '،' 'ڇاڪاڻ' 'جو' 'سندن' 'ئي' 'اکين' 'آڏو'
 'هڪڙو' 'ماڻهو' 'ڪئين' 'ڀيرا' 'ووٽ' 'به' 'ڪاسٽ' 'ڪري' 'ٿو' '،' 'ته' 'هڪڙي'
 'ئي' 'شناختي' 'ڪارڊ' 'تي' 'ڪيترائي' 'ووٽ' 'پڻ' 'داخل' 'ٿين' 'ٿا' '.']","[ 0  0  0  0  0  0  0  0  0  0  0  0  0 11 11  0  0  0  0  0  0  0  0  0
  0  0  0  0  0  0  0  0  0  0  0  0  0  0  0  0  0  0  0  0  0  0  0  0
  0  0  0  0  0  0  0  0  0  0  0  0  0  0  0  0  0  0  0  0  0  0  0  0
  0  0  0  0  0  0  0  0  0  0  0  0  0  0  0  0  0  0  0  0  0  0  0  0
  0  0  0  0  0  0  0  0  0  0  0  0  0  0  0  0  0  0  0  0  0  0  0  0
  0  0  0  0  0  0  0  0  0  0  0  0  0  0  0]"
115,"['ديوي' 'ٻائي' 'چئي' 'پئي' 'ته' 'پنج' 'ٻيا' 'به' 'آهن' 'پر' 'رميش' 'ڪير'
 'سڏائي' '.']",[ 3  3  0  0  0 11  0  0  0  0  3  0  0  0]
116,"['ڪيترن' 'ئي' 'ماڻهن' 'لاءِ' 'بظاهر' 'اها' 'هڪ' 'ننڍڙي' 'خبر' 'هوندي' 'ته'
 'دادوءَ' 'جي' 'هڪ' 'نينگري' 'ڇتي' 'ڪتي' 'جي' 'چڪ' 'سبب' 'هائڊرو' 'فوبيا'
 '۾' 'مبتلا' 'ٿي' 'فوت' 'ٿي' 'وئي' '!' '“' 'هوءَ' 'جنهن' 'وائرس' '۾'
 'مبتلا' 'ٿي' 'سو' 'رت' 'رستي' 'دماغ' '۾' 'پهچي' 'سينٽرل' 'نروس' 'سسٽم'
 'کي' 'ناڪاره' 'ڪري' 'ڇڏيندو' 'آهي' '۽' 'مريض' 'تڙپي' 'تڙپي' 'فوت' 'ٿي'
 'ويندو' 'آهي' '.']","[ 0  0  0  0  0  0 11  0  0  0  0  7  0 11  0  0  0  0  0  0 11 11  0  0
  0  0  0  0  0  0  0  0  0  0  0  0  0  0  0  0  0  0  0  0  0  0  0  0
  0  0  0  0  0  0  0  0  0  0  0]"
117,"['ٻئي' 'تاريخ' 'اُها' 'هوندي' 'آهي' '،' 'جيڪا' 'عوام' 'جي' 'اهنجن' 'کي'
 'ڇڏي' '۽' 'پاڻيءَ' 'جي' 'وهڪرن' 'کي' 'ڇڏي' 'رڳو' 'حاڪمن' 'تي' 'تعريف'
 'نامن' '۽' 'هجو' 'نامن' 'جي' 'صورتن' '۾' 'لکي' 'ويئي' 'آهي' '.']",[0 0 0 0 0 0 0 0 0 0 0 0 0 0 0 0 0 0 0 0 0 0 0 0 0 0 0 0 0 0 0 0 0]
118,"['جيتوڻيڪ' 'پاڻ' 'وٽ' 'سنڌ' '۾' 'لطيف' 'سائين' '،' 'سچل' '،' 'سامي' '۽'
 'ٻين' 'سالڪن' 'جي' 'پوکيل' 'مذهبي' 'رواداري' 'واري' 'پوک' 'وڌي' 'وڻ'
 'ٿيل' 'آهي' 'پر' 'تازو' 'سنڌي' 'هندو' 'ڀائرن' 'واري' 'چنتا' 'ڏسي' 'ائين'
 'ٿو' 'لڳي' 'ڄڻ' 'صوفين' 'جي' 'هن' 'ڌرتيءَ' 'تي' 'به' 'سهپ' '۽' 'پنهنجائپ'
 'وارن' 'پوتر' 'جذبن' 'کي' 'نظر' 'لڳي' 'وئي' 'آهي' '.']","[0 0 0 7 0 3 3 0 3 0 3 0 0 0 0 0 0 0 0 0 0 0 0 0 0 0 8 8 0 0 0 0 0 0 0 0 0
 0 0 0 0 0 0 0 0 0 0 0 0 0 0 0 0 0]"
119,"['فزڪس' 'جي' 'مڃيل' 'اصولن' 'موجب' 'فقط' 'پاڻيءَ' 'مان' 'ڪيميائي'
 'توانائي' 'حاصل' 'ڪرڻ' 'جو' 'ڪوبه' 'طريقو' 'ناهي' '،' 'جيڪو' 'طريقو'
 'ٻڌايو' 'وڃي' 'ٿو' 'ته' 'تنهن' 'موجب' 'پاڻي' '۾' 'موجود' 'آڪسيجن' '۽'
 'هائڊروجن' 'کي' 'اليڪٽرولائيسس' 'يعني' 'بيٽري' 'جي' 'ڪرنٽ' 'وسيلي' 'ٽوڙي'
 'ڌار' 'ڌار' 'ڪيو' 'ويندو' 'آهي' '.']","[ 0  0  0  0  0  0  0  0  0  0  0  0  0  0  0  0  0  0  0  0  0  0  0  0
  0  0  0  0 11  0  0  0  0  0  0  0  0  0  0  0  0  0  0  0  0]"
120,"['سنئين' 'سڌي' 'ڳالهه' 'پيئي' 'آهي' 'ته' 'مِٺي' 'به' 'ماٺ' '،' 'مُٺيءَ'
 'به' 'ماٺ' '.']",[0 0 0 0 0 0 0 0 0 0 0 0 0 0]
121,"['ٽنڊي' 'الهيار' 'کان' 'توهان' 'نصرپور' 'روڊ' 'جهلي' '”' 'ڪانجي' 'جي'
 'ڍاڻي' '“' 'پهچي' 'سگهو' 'ٿا' '.']",[4 4 0 0 4 4 0 0 4 4 4 0 0 0 0 0]
122,"['مشهور' 'آمريڪي' 'ليکڪ' 'وليم' 'فاڪنر' 'جي' 'شارٽ' 'اسٽوري' 'اي' 'روز'
 'فار' 'ايملي' '،' 'سندس' 'شروعاتي' 'ڪهاڻين' 'منجهان' 'هڪ' 'آهي' '،'
 'جيڪا' '1930ع' 'ڌاري' 'شايع' 'ٿي' '.']","[ 0  8  8  3  3  0  0  0 10 10 10 10  0  0  0  0  0 11  0  0  0 11  0  0
  0  0]"
123,"['اهڙي' 'ملندڙ' 'جلندڙ' 'رپورٽ' 'واشنگٽن' 'ٽائيمز' '۾' 'به' 'ڇپجي' 'چڪي'
 'آهي' '،' 'جنهن' 'تحت' 'آمريڪا' 'جو' 'مشرف' 'سان' 'ڳجهو' 'معاهدو' 'ٿيل'
 'آهي' 'ته' 'بغير' 'ڪنهن' 'اجازت' 'جي' 'آمريڪا' 'پاڪستان' '۾' 'ڪارروائي'
 'ڪري' 'سگهي' 'ٿو' '،' 'پر' 'آمريڪا' '۾' 'پاڪستاني' 'سفارتخاني' 'اهڙي'
 'معاهدي' 'جي' 'ترديد' 'ڪئي' 'آهي' '.']","[ 0  0  0  0 10 10  0  0  0  0  0  0  0  0  7  0  3  0  0  0  0  0  0  0
  0  0  0  7  7  0  0  0  0  0  0  0  7  0  2  2  0  0  0  0  0  0  0]"
124,"['اڄ' 'کان' 'ساڍا' 'تيرهن' 'سال' 'اڳ' '،' 'آڪٽوبر' '1999ع' 'ڌاري' 'ملڪ'
 'مان' 'چونڊيل' 'حڪومت' 'کي' 'ڊاهي' '،' 'مارشل' 'لا' 'جو' 'ٽيون' 'ڊگهو'
 '،' 'اونداهو' 'دور' 'مڙهيندڙ' 'تڏهوڪي' 'آرمي' 'چيف' '،' 'جنرل' 'پرويز'
 'مشرف' 'خلاف' 'ٽن' 'وڪيلن' 'جن' '۾' 'راولپنڊي' 'بار' 'جو' 'صدر' 'توفيق'
 'آصف' 'به' 'شامل' 'آهي' 'پاران' 'داخل' 'ڪيل' 'پٽيشن' '۾' 'عدالت' 'کي'
 'درخواست' 'ڪئي' 'ويئي' 'آهي' 'ته' '،' 'مٿس' 'آرٽيڪل' '6' 'هيٺ' 'غداريءَ'
 'جو' 'ڪيس' 'هلايو' 'وڃي' '.']","[ 0  0 11 11 11  0  0 11 11  0  0  0  0  0  0  0  0  0  0  0 11  0  0  0
  0  0  0  5  5  0  5  3  3  0  0  0  0  0  6  6  0  5  3  3  0  0  0  0
  0  0  0  0  0  0  0  0  0  0  0  0  0  0 11  0  0  0  0  0  0  0]"
125,"['ڊپ' 'وچان' 'هارائيندڙ' 'همراهه' 'پنهنجا' 'ڪجهه' 'ٻيا' 'به' 'سپاهي'
 'گهوڙا' '۽' 'هاٿي' 'هڪ' 'ڪنڊ' '۾' 'گڏ' 'ڪري' 'بادشاهه' 'جي' 'چوڌاريءَ'
 'قلعو' 'ٺاهيندو' 'آهي' 'ته' 'جيئن' 'کيس' 'حملي' 'آور' 'جي' 'مات' 'کان'
 'بچائي' 'سگهجي' '.']","[ 0  0  0  0  0  0  0  0  0  0  0  0 11  0  0  0  0  0  0  0  0  0  0  0
  0  0  0  0  0  0  0  0  0  0]"
126,"['ٽيڪنالاجي' 'ماڻهن' 'جي' 'روين' '/' 'مزاجن' '/' 'سماجي' 'تاڃي' 'پيٽي'
 'تي' 'ڪيئن' '۽' 'ڪهڙي' 'نموني' 'اثرانداز' 'ٿي' 'رهي' 'آهي' '۽' 'هن'
 'سماج' 'جي' 'جوڙجڪ' '۾' 'هن' 'جو' 'ڪهڙو' 'مثبت' 'پهلو' 'آهي' '،' 'اهو'
 'بحث' 'هتي' 'عبدالقادر' 'جوڻيجي' 'جهڙن' 'دوستن' 'لاءِ' 'ڇڏي' 'اڳتي' 'ٿا'
 'وڌون' '.']","[0 0 0 0 0 0 0 0 0 0 0 0 0 0 0 0 0 0 0 0 0 0 0 0 0 0 0 0 0 0 0 0 0 0 0 3 3
 0 0 0 0 0 0 0 0]"
127,"['جيتوڻيڪ' 'ميڊم' 'طاهره' '۽' 'عائشه' 'گلالئي' '۾' 'ڪا' 'هڪجهڙائي' 'ناهي'
 '،' 'ميڊم' 'طاهره' 'عياشي' 'جو' 'اڏو' 'هلائيندڙ' 'هڪ' 'پراسرار' 'عورت'
 'هئي' '،' 'جنهن' 'جو' 'اصل' 'نالو' 'ڇا' 'هو' '،' 'ڪٿان' 'جي' 'رهواسڻ'
 'هئي' '،' 'ڪيڏانهن' 'وئي' '،' 'تنهن' 'جي' 'باري' '۾' 'ڪو' 'پتو' 'پئجي'
 'نه' 'سگهيو' '،' 'پر' 'عائشه' 'گلالئي' 'ڄاتل' 'سڃاتل' 'پارليامينٽ' 'جي'
 'معزز' 'رڪن' 'آهي' '.']","[ 0  5  3  0  3  3  0  0  0  0  0  5  3  0  0  0  0 11  0  0  0  0  0  0
  0  0  0  0  0  0  0  0  0  0  0  0  0  0  0  0  0  0  0  0  0  0  0  0
  3  3  0  0  0  0  0  0  0  0]"
128,"['هيترين' 'سارين' 'سيٽن' 'تي' 'ضمني' 'اليڪشن' 'پاڻمرادو' 'بحران' 'پيدا'
 'ڪندي' '۽' 'ائين' 'سرڪار' 'نيٺ' 'جنرل' 'اليڪشن' 'ڏانهن' 'يو' '-' 'ٽرن'
 'وٺڻ' 'لاءِ' 'مجبور' 'ٿي' 'ويندي' '.']",[0 0 0 0 0 0 0 0 0 0 0 0 0 0 0 0 0 0 0 0 0 0 0 0 0 0]
129,"['مٿان' 'وري' 'ريڊي' 'ميڊ' 'ڪوٽ' 'پهرائي' '،' 'معزز' 'پيشي' 'سان'
 'ناانصافي' 'ڪئي' 'پئي' 'وڃي' '.']",[0 0 0 0 0 0 0 0 0 0 0 0 0 0 0]
130,"['اسلام' 'آباد' '،' 'راولپنڊي' '۽' 'لاهور' '۾' 'ته' 'پ' 'پ' 'جا' 'جهنڊا'
 '۽' 'بئنر' 'چپي' 'چپي' 'تي' 'لڳل' 'آهن' '،' 'پر' 'اميدوارن' 'جي' 'جلسن'
 '۾' 'ووٽرن' 'جو' 'ڳاهٽ' 'اڻلڀ' 'آهي' '.']",[7 7 0 7 0 7 0 0 8 8 0 0 0 0 0 0 0 0 0 0 0 0 0 0 0 0 0 0 0 0 0]
131,"['ٻئي' 'پاسي' 'سياحن' 'کي' 'به' 'پاڻ' 'ڏانهن' 'ڇِڪي' 'زرِ' 'مبادلو'
 'ڪمائي' 'سگهجي' '.']",[0 0 0 0 0 0 0 0 0 0 0 0 0]
132,"['جيڪڏهن' 'پيپلز' 'پارٽي' 'ٽنڪي' 'گرائونڊ' 'تي' 'جلسو' 'ڪرڻ' '۾' 'ڪجهه'
 'ڏينهن' 'دير' 'ڪري' 'ها' 'ته' 'سيد' 'سردار' 'احمد' 'جي' 'اڳواڻي' '۾' 'هڪ'
 'ٽيون' 'ڌڙو' 'پڻ' 'ڌار' 'ديڳڙي' 'چاڙهڻ' 'لاءِ' 'تيار' 'ويٺو' 'هو' '.']","[ 0  8  8  0  0  0  0  0  0  0  0  0  0  0  0  3  3  3  0  0  0 11 11  0
  0  0  0  0  0  0  0  0  0]"
133,"['انهيءَ' 'اُبتي' 'پيالي' 'جو' 'بول' 'قبر' 'جي' 'مٽيءَ' 'کانسواءِ' 'ڪا'
 'شئي' 'ڀري' 'ڪانه' 'سگهندي' '.']",[0 0 0 0 0 0 0 0 0 0 0 0 0 0 0]
134,['ان' 'معاهدي' 'جي' 'هڪ' 'ٻي' 'شق' '8' '.'],[ 0  0  0 11 11  0 11 11]
135,"['انشورنس' 'نه' 'ڪرائيندڙ' 'هر' 'بالغ' 'ماڻهوءَ' 'کان' 'ساليانو' '700'
 'ڊالر' 'ڏنڊ' 'جي' 'مد' '۾' 'اوڳاڙيا' 'ويندا' '.']",[ 0  0  0  0  0  0  0  0 11 11  0  0  0  0  0  0  0]
136,"['اها' 'لالي' '،' 'جنهن' 'کي' 'مليل' 'اذيت' 'کي' 'دنيا' 'جو' 'ڪوبه'
 'ليکاري' 'لفظن' '۾' 'بيان' 'نٿو' 'ڪري' 'سگهي' '،' 'تنهن' 'اذيت' 'جي'
 'ڪجهه' 'حصي' 'کي' 'فقط' 'محسوس' 'ڪرڻ' 'ئي' 'دل' '۽' 'دماغ' 'تي' 'ڇريون'
 'وهائڻ' 'لاءِ' 'ڪافي' 'آهي' '.']","[0 3 0 0 0 0 0 0 0 0 0 0 0 0 0 0 0 0 0 0 0 0 0 0 0 0 0 0 0 0 0 0 0 0 0 0 0
 0 0]"
137,"['سو' 'ڪارپوريٽ' 'گلوبلائيزيشن' 'عوام' 'جو' '،' 'جو' 'اهو' 'حال' 'ڪري'
 'ڇڏيو' 'آهي' '،' 'مانيءَ' 'جا' 'ٻه' 'ٽڪر' 'کائيندڙ' 'ماڻهوءَ' 'کان' 'ڪي'
 'اهي' 'ڳالهيون' 'لڪل' 'ناهيون' 'رهيون' '.']","[ 0  0  0  0  0  0  0  0  0  0  0  0  0  0  0 11  0  0  0  0  0  0  0  0
  0  0  0]"
138,"['هو' 'اهو' 'به' 'ٻڌائي' 'ته' 'نوشهروفيروز' 'جو' 'نوجوان' 'عمران' 'جوکيو'
 'ڪٿي' 'آهي' '؟']",[0 0 0 0 0 7 0 0 3 3 0 0 0]
139,"['انهيءَ' 'کي' 'ٻاهر' 'ڪڍڻ' 'جو' 'علاج' 'تمام' 'سولو' '۽' 'سستو' 'آهي' '،'
 'جنهن' 'سان' 'جمهوري' 'سيٽ' 'اپ' 'وڌيڪ' 'مضبوط' 'ٿي' 'سگهي' 'ٿو' '۽'
 'سازشي' 'ٿيوريز' 'غلط' 'ثابت' 'ٿي' 'سگهن' 'ٿيون' '.']",[0 0 0 0 0 0 0 0 0 0 0 0 0 0 0 0 0 0 0 0 0 0 0 0 0 0 0 0 0 0 0]
140,"['لئه' 'سوائي' 'هجي' 'ته' 'ماڻهو' 'جي' 'ڪنڌ' '۾' 'ڪلي' 'ڇو' 'نه' 'لڳي' '!'
 '؟']",[0 0 0 0 0 0 0 0 0 0 0 0 0 0]
141,"['اهي' 'ته' 'آئين' 'ئي' 'معطل' 'ڪريو' 'ڇڏين' '،' 'ان' '۾' 'پنهنجي'
 'مرضيءَ' 'جون' 'ترميمون' 'ڪري' 'ٿا' 'وٺن' '،' 'انهن' 'لاءِ' 'ڀلا' 'ڪهڙي'
 'ڳالهه' 'ناممڪن' 'آهي' '؟']",[0 0 0 0 0 0 0 0 0 0 0 0 0 0 0 0 0 0 0 0 0 0 0 0 0 0]
142,"['شاهه' 'رخ' 'کان' 'ويندي' 'سلمان' 'خان' 'جيڪڏهن' 'ڀارت' 'جا' 'پسنديده'
 'هيروز' 'آهن' 'ته' 'پاڪستان' '۾' 'به' 'سندن' 'فلمن' 'کي' 'ساڳي' 'محبت'
 'سان' 'ڏٺو' 'ويندو' 'آهي' '،' 'پاڪستاني' 'جيڪڏهن' 'لتا' '۽' 'جگجيت' 'جا'
 'ديوانا' 'آهن' 'ته' 'ڀارت' '۾' 'به' 'مهدي' 'حسن' '۽' 'غلام' 'علي' 'کي'
 'عقيدت' 'سان' 'ٻڌو' 'ويندو' 'آهي' '،' 'جيڪڏهن' 'فواد' 'خان' '۽' 'ماهره'
 'خان' 'کان' 'ويندي' 'راحت' 'فتح' 'علي' 'خان' 'تائين' 'پاڪستاني' 'فنڪارن'
 'کي' 'عزت' '۽' 'محبت' 'ڏني' 'ويندي' 'آهي' 'ته' 'هتي' 'ايندڙ' 'اوم' 'پوري'
 '،' 'نصيرالدين' 'شاهه' '۽' 'گلزار' 'کي' 'به' 'اکين' 'تي' 'رکيو' 'ويندو'
 'آهي' '،' 'انهن' 'کي' 'ڪهڙي' 'کاتي' '۾' 'سزا' 'ملڻ' 'گهرجي' '؟']","[3 3 0 0 3 3 0 7 0 0 0 0 0 7 0 0 0 0 0 0 0 0 0 0 0 0 8 0 3 0 3 0 0 0 0 7 0
 0 3 3 0 3 3 0 0 0 0 0 0 0 0 3 3 0 3 3 0 0 3 3 3 3 0 8 0 0 0 0 0 0 0 0 0 0
 0 3 3 0 3 3 0 3 0 0 0 0 0 0 0 0 0 0 0 0 0 0 0 0 0]"
143,"['ٻيا' 'چوندا' '،' '”' 'اسان' 'ڪنهن' 'کي' 'به' 'اجازت' 'نه' 'ڏينداسين'
 'ته' 'اهي' 'سنڌ' 'جي' 'حقن' 'تي' 'ڌاڙو' 'هڻن' '،' 'سنڌ' 'سان' 'ناانصافي'
 'ڪڏهن' 'به' 'برداشت' 'نه' 'ڪئي' 'ويندي' '!' '“' 'اها' 'دعويٰ' 'وري' 'اهي'
 'ماڻهو' 'ڪندا' 'آهن' 'جن' 'جي' 'پويان' 'اڍائي' 'ماڻهو' 'به' 'ڪونه'
 'هوندا' 'آهن' '،' 'جن' 'کان' 'ڪوئي' 'اجازت' 'ته' 'ڇا' 'پر' 'پڇندو' 'به'
 'ناهي' 'ته' 'هينئن' 'ڪيون' 'ته' 'ڇا' 'ڪري' 'وٺندئو' '؟']","[ 0  0  0  0  0  0  0  0  0  0  0  0  0  7  0  0  0  0  0  0  7  0  0  0
  0  0  0  0  0  0  0  0  0  0  0  0  0  0  0  0  0 11  0  0  0  0  0  0
  0  0  0  0  0  0  0  0  0  0  0  0  0  0  0  0  0  0]"
144,"['هاڻي' 'وٺ' 'وهنديءَ' 'کي' 'ته' 'ذوالفقار' 'آباد' 'جو' 'کٽراڳ' 'ڪٿان' '۽'
 'ڪيئن' 'دکيو' '.']",[0 0 0 0 0 7 7 0 0 0 0 0 0 0]
145,"['پشاور' 'سانحي' 'کانپوءِ' 'پهريون' 'ڀيرو' 'ملڪي' 'سطح' 'تي' 'انهي'
 'احساس' 'جنم' 'ورتو' 'ته' 'هي' 'وقت' 'هڪٻئي' 'خلاف' 'سياسي' 'محاذ' 'کولڻ'
 'جو' 'ناهي' '،' 'هي' 'وقت' 'هڪٻئي' 'جون' 'ٽنگون' 'ڇڪڻ' 'يا' 'هڪٻئي'
 'خلاف' 'سياسي' 'پوائنٽ' 'اسڪورنگ' 'جو' 'ناهي' 'پر' 'متحد' 'ٿي' 'دهشتگردي'
 'خلاف' 'حتمي' 'جنگ' 'جوٽڻ' 'جو' 'آهي' '،' 'انهي' 'احساس' 'هيٺ' 'ئي'
 'عمران' 'خان' 'پنهنجو' 'ڌرڻو' 'ختم' 'ڪيو' '،' 'مذهبي' 'پارٽيون' 'به'
 'چونڪه' 'چناچه' 'واري' 'ٻولي' 'پاسيري' 'رکي' 'گڏ' 'بيٺيون' '،' 'جنهن'
 'بعد' 'انهي' 'اميد' 'جنم' 'ورتو' 'ته' 'گهٽ' '۾' 'گهٽ' 'هي' 'موقعو' 'آهي'
 'جو' 'سياسي' 'قيادت' 'پنهنجي' 'مڪمل' 'فهم' 'فراست' 'سان' 'اهي' 'مشڪل'
 'فيصلا' 'ڪندي' 'جيڪي' 'هن' 'مهل' 'تائين' 'مصلحتن' 'تحت' 'ٽاريندي' 'رهي'
 'آهي' '.']","[ 9  9  0 11  0  0  0  0  0  0  0  0  0  0  0  0  0  0  0  0  0  0  0  0
  0  0  0  0  0  0  0  0  0  0  0  0  0  0  0  0  0  0  0  0  0  0  0  0
  0  0  0  0  3  3  0  0  0  0  0  0  0  0  0  0  0  0  0  0  0  0  0  0
  0  0  0  0  0  0  0  0  0  0  0  0  0  0  0  0  0  0  0  0  0  0  0  0
  0  0  0  0  0  0  0  0  0  0]"
146,"['1989ع' '۾' 'محترمه' 'بينظير' 'ڀٽو' 'پنهنجي' 'پهرين' 'حڪومت' '۾' 'ئي'
 'هندستان' 'جي' 'تڏهوڪي' 'وزير' 'اعظم' 'راجيو' 'گانڌيءَ' 'سان' 'جيڪي'
 'معاهدا' 'ڪيا' 'هئا' '،' 'تن' '۾' 'برفاني' '۽' 'سامونڊي' 'سرحدن' 'تي'
 'ماڻهن' 'جون' 'مشڪلاتون' 'گهٽائڻ' 'لاءِ' 'ٻنهي' 'اڳواڻن' 'وڏي' 'اڳڀرائي'
 'ڪئي' 'هئي' '،' 'پر' 'تڏهن' 'اهو' 'ساڳيو' 'نواز' 'شريف' 'ئي' 'هو' '،'
 'جنهن' 'فقط' 'ڀٽو' 'دشمنيءَ' '۾' 'وزير' 'اعظم' 'بينظير' 'تي' 'اهي'
 'الزام' 'مڙهيا' 'ته' 'هُن' 'هندستان' 'کي' 'وڏيون' 'رعايتون' 'ڏيئي' 'پاڻ'
 'کي' 'سيڪيورٽي' 'بڻائي' 'وڌو' 'آهي' '.']","[11  0  5  3  3  0 11  0  0  0  7  0  0  5  5  3  3  0  0  0  0  0  0  0
  0  0  0  0  0  0  0  0  0  0  0  0  0  0  0  0  0  0  0  0  0  0  3  3
  0  0  0  0  0  5  0  0  5  5  3  0  0  0  0  0  0  7  0  0  0  0  0  0
  0  0  0  0  0]"
147,"['“' 'ٻارن' 'جو' 'مدافعتي' 'نظام' 'هونئن' 'ئي' 'ڪمزور' 'هوندو' 'آهي' '،'
 'ان' 'ڪري' 'توهان' 'ڏٺو' 'هوندو' 'ته' 'ٻار' 'تيزي' 'سان' 'مختلف'
 'بيمارين' 'جي' 'ور' 'چڙهي' 'موت' 'جو' 'کاڄ' 'ٿي' 'رهيا' 'آهن' '.']",[0 0 0 0 0 0 0 0 0 0 0 0 0 0 0 0 0 0 0 0 0 0 0 0 0 0 0 0 0 0 0 0]
148,"['پر' 'گڏو' 'گڏ' 'اها' 'حقيقت' 'به' 'پنهنجي' 'جاءِ' 'تي' 'موجود' 'آهي'
 'ته' 'ڪيترائي' 'رانديگر' 'رٽائر' 'ٿيڻ' 'کان' 'پوءِ' 'بار' 'ڀريون' 'پوڻ'
 'تي' 'واپس' 'ميدان' '۾' 'لٿا' 'آهن' '،' 'جن' '۾' 'ڪرڪيٽ' 'کان' 'سواءِ'
 'ٻيون' 'رانديون' 'به' 'اچي' 'وڃن' 'ٿيون' '.']","[ 0  0  0  0  0  0  0  0  0  0  0  0  0  0  0  0  0  0  0  0  0  0  0  0
  0  0  0  0  0  0 11  0  0  0  0  0  0  0  0  0]"
149,"['منهنجي' 'خيال' '۾' 'ته' 'نظريهءِ' 'ضرورت' 'جي' 'مرتئي' 'يا' 'ان' 'جي'
 'ڪفن' 'دفن' 'کان' 'اڳ' 'اهو' 'ڏسڻ' 'جي' 'اشد' 'ضرورت' 'آهي' 'ته' 'هن'
 'ملڪ' 'جا' 'سمورا' 'ٿنڀا' 'ڇا' 'پنهنجين' 'پنهنجين' 'قانوني' '۽' 'آئيني'
 'حدن' '۾' 'رهي' 'ڪم' 'ڪري' 'رهيا' 'آهن' 'يا' 'نه' '؟']","[0 0 0 0 0 0 0 0 0 0 0 0 0 0 0 0 0 0 0 0 0 0 0 0 0 0 0 0 0 0 0 0 0 0 0 0 0
 0 0 0 0 0 0]"
150,"['ڪو' 'گهڻو' 'وقت' 'ناهي' 'ٿيو' '،' 'توهان' 'پڇاڙڪن' 'ڏينهن' 'جون'
 'سموريون' 'اخبارون' 'اٿلائي' 'ڏسو' '،' 'انهن' '۾' 'ڇپيل' 'پيپلز'
 'پارٽيءَ' 'جي' 'اڳواڻن' 'جا' 'بيان' 'ڏسو' '،' 'جن' 'بل' 'جي' 'مخالفت'
 'ڪندڙن' 'جو' 'مذاق' 'اڏائڻ' 'سميت' 'ڇِتي' 'تنقيد' 'جو' 'نشانو' 'ته'
 'بڻايو' 'ئي' 'بڻايو' 'پر' 'مٿن' 'ذاتيات' 'تي' 'لهي' 'حملا' 'پڻ' 'ڪيا'
 'ويا' '.']","[0 0 0 0 0 0 0 0 0 0 0 0 0 0 0 0 0 0 8 8 0 0 0 0 0 0 0 0 0 0 0 0 0 0 0 0 0
 0 0 0 0 0 0 0 0 0 0 0 0 0 0 0 0]"
151,"['ٻيا' 'وهڪرا' 'ڏکڻ' 'طرف' 'رخ' 'رکي' 'لاڙ' 'جون' '۽' 'ڍنڍون' 'ڍورا'
 'ڀريندا' 'ڏکڻان' 'ڦري' 'ايندڙ' 'هاڪڙي' '۾' 'وڃي' 'ڇوڙ' 'ڪندا' 'هئا' '.']",[ 0  0 11  0  0  0  4  0  0  0  0  0  0  0  0  0  0  0  0  0  0  0]
152,"['ميمو' '۽' 'اين' 'آر' 'او' 'جون' 'مجبوريون' 'ٻڌائين' 'پيون' 'ته' '”'
 'پنڊي' '“' 'پاور' 'ڪاريڊور' '۾' '”' 'اِن' '“' 'ٿيندڙ' 'سويلين' 'کي' 'سک'
 'سان' 'سرڪار' 'هلائڻ' 'ناهي' 'ڏيندي' '.']","[ 0  0 11 11 11  0  0  0  0  0  0  7  0  0  0  0  0  0  0  0  0  0  0  0
  0  0  0  0  0]"
153,"['اهو' 'ئي' 'فرق' 'آهي' '۽' 'انگريز' '۽' 'آمريڪيءَ' '۾' 'به' 'اهو' 'ئي'
 'فرق' 'هوندو' 'آهي' '.']",[0 0 0 0 0 8 0 8 0 0 0 0 0 0 0 0]
154,['سو' 'اهو' 'سلسلو' 'ڪن' 'زمانن' 'کان' 'وٺي' 'هلندڙ' 'آهي' '.'],[0 0 0 0 0 0 0 0 0 0]
155,"['سائين' 'سر' 'مارئي' 'ذريعي' 'مالي' 'آزادي' 'کان' 'علاوه' 'روحاني'
 'آزادي' 'جو' 'به' 'ذڪر' 'ڪيو' 'آهي' '.']",[ 5 10 10  0  0  0  0  0  0  0  0  0  0  0  0  0]
156,"['هاڻي' 'جڏهن' 'سياستدانن' 'جي' 'ظرف' '،' 'اخلاقي' 'جرئت' '۽' 'اصولي'
 'سياست' 'جو' 'عالم' 'اهو' 'هجي' 'ته' 'هڪڙي' 'پاسي' 'پنهنجا' 'نوازي' '،'
 'ڪرپشن' '۽' 'جوڙ' 'توڙ' 'جا' 'مثال' 'قائم' 'ڪجن' '۽' 'ٻئي' 'پاسي' 'عوام'
 'جي' 'تڪليفن' '۽' 'اهنجن' 'تي' 'کين' 'اميدون' '،' 'آسرا' '۽' 'نعرا'
 'کارائجن' 'ته' 'پوءِ' 'اهڙي' 'رويي' 'جي' 'بنياد' 'وارين' 'حڪومتن' 'کي'
 'طويل' 'عرصي' 'تائين' 'هلائڻ' 'ايترو' 'سولو' 'نه' 'هوندو' 'آهي' '.']","[0 0 0 0 0 0 0 0 0 0 0 0 0 0 0 0 0 0 0 0 0 0 0 0 0 0 0 0 0 0 0 0 0 0 0 0 0
 0 0 0 0 0 0 0 0 0 0 0 0 0 0 0 0 0 0 0 0 0 0 0 0 0 0 0]"
157,"['اهڙي' 'ريت' 'پ' 'پ' 'مخالف' 'قوتن' 'جو' 'به' 'اهو' 'خيال' 'هو' 'ته'
 'محترمه' 'هڪ' 'ته' 'اٺن' 'سالن' 'کان' 'ملڪ' 'کان' 'ٻاهر' 'آهي' '۽' 'ٻيو'
 'ملڪي' 'توڙي' 'غير' 'ملڪي' 'ڪرپشن' 'جا' 'الزام' 'به' 'مٿس' 'آهن' '،'
 'گڏو' 'گڏ' 'اي' 'آر' 'ڊي' 'به' 'ايتري' 'سرگرم' 'نه' 'آهي' '،' 'استقبال'
 'ناڪام' 'ويندو' '،' 'پر' 'جڏهن' 'تاريخي' 'استقبال' 'ٿيو' 'ته' 'نه' 'صرف'
 'جنرل' 'مشرف' 'پر' 'سندس' 'همنوا' 'به' 'پريشان' 'ٿي' 'ويا' 'ته' 'ا'
 'يتري' 'خلق' 'ڪٿان' 'آئي' 'آهي' '،' 'جنهن' '1986ع' 'واري' 'استقبال' 'جو'
 'به' 'رڪارڊ' 'ٽوڙي' 'ڇڏيو' '.']","[ 0  0  8  8  0  0  0  0  0  0  0  0  5 11  0  0  0  0  0  0  0  0  0 11
  0  0  0  0  0  0  0  0  0  0  0  0  0  8  8  8  0  0  0  0  0  0  0  0
  0  0  0  0  0  0  0  0  0  0  5  3  0  0  0  0  0  0  0  0  0  0  0  0
  0  0  0  0 11  0  0  0  0  0  0  0  0]"
158,"['خو' 'ٿوي' 'هن' 'وقت' 'لنڊن' '۾' 'رهي' 'ٿو' '۽' 'هيءُ' 'ڪتاب' 'سندس'
 'پهرئيون' 'ڪتاب' 'آهي' '،' 'جيڪو' '2003ع' '۾' 'فليمنگو' 'وارن' 'ڇپائي'
 'پڌرو' 'ڪيو' '.']","[ 0  0  0  0  7  0  0  0  0  0  0  0  0  0  0  0  0 11  0  3  0  0  0  0
  0]"
159,"['خبرون' 'اهي' 'آيون' 'آهن' 'ته' 'صدر' 'آصف' 'علي' 'زرداري' '۽' 'نواز'
 'ليگ' 'اڳواڻ' 'نواز' 'شريف' 'درميان' 'اڄ' 'ملاقات' 'ٿيندي' '.']",[0 0 0 0 0 5 3 3 3 0 8 8 0 3 3 0 0 0 0 0]
160,"['پنجاب' 'جي' 'ٻنهي' 'ڀاڱن' 'جي' 'وچ' '۾' 'آمد' 'رفت' 'تي' 'ارهو' 'ناهي'
 '،' 'پر' 'چوي' 'ٿو' 'ته' '،' 'اها' 'سعادت' 'سنڌ' 'کي' 'به' 'ملڻ' 'گهرجي'
 '۽' 'پاڪ' '-' 'ڀارت' 'وڻج' 'واپار' 'لاءِ' 'پڻ' 'سنڌ' '-' 'هند' 'آمد'
 'رفت' 'کي' 'آسان' 'بنائڻ' 'لاءِ' 'برابريءَ' 'جي' 'بنياد' 'تي' 'فيصلا'
 'ٿيڻ' 'گهرجن' '.']","[ 7  0  0  0  0  0  0  0  0  0  0  0  0  0  0  0  0  0  0  0  7  0  0  0
  0  0 11 11 11 11 11  0  0  7  0  7  0  0  0  0  0  0  0  0  0  0  0  0
  0  0]"
161,['اها' 'کيس' 'ڪنهن' 'ڏني' '؟'],[0 0 0 0 0]
162,"['اهو' 'ئي' 'سبب' 'آهي' 'جو' 'هڪ' 'آفيسر' 'هڪڙي' 'ڏينهن' 'گلگت' 'جو'
 'ڊپٽي' 'ڪمشنر' 'هوندو' 'آهي' 'ته' 'ٻئي' 'ڏينهن' 'هو' 'دفاع' 'واري'
 'وزارت' '۾' 'ويهي' 'پي' 'آءِ' 'اي' '۽' 'سول' 'ايويئيشن' 'جي' 'معاملن'
 'کي' 'منهن' 'ڏيئي' 'رهيو' 'هوندو' 'آهي' '.']","[ 0  0  0  0  0 11  0  0  0  7  0  0  0  0  0  0  0  0  0  0  0  0  0  0
  6  6  6  0  0  0  0  0  0  0  0  0  0  0  0]"
163,"['سنڌ' 'سهڻيءَ' 'کي' 'ڀاڱا' 'ڪرڻ' 'لاءِ' 'فقط' 'متحده' 'قومي' 'موومينٽ'
 'يا' 'اڄوڪو' 'نسل' 'نه' '،' 'پر' 'ان' 'کان' 'اڳ' '۾' 'به' 'جڏهن' 'سنڌي'
 'ٻوليءَ' 'جو' 'بل' 'آندو' 'ويو' 'هو' '،' 'تڏهن' 'به' 'اردو' 'کا' 'جنازه'
 '“' 'جهڙا' 'نعرا' 'لڳا' 'هئا' '،' 'پر' 'هر' 'ڀيري' 'کين' 'ناڪامي' 'نصيب'
 'ٿي' 'آهي' '.']","[7 0 0 0 0 0 0 8 8 8 0 0 0 0 0 0 0 0 0 0 0 0 1 1 0 0 0 0 0 0 0 0 1 0 0 0 0
 0 0 0 0 0 0 0 0 0 0 0 0 0]"
164,"['جي' 'پڇون' 'ته' 'جواب' 'ڏين' 'ٿا' '،' '”' 'بابو' 'منهنجو' '،' 'اسان'
 'ڏيڻ' 'وارن' 'مان' 'آهيون' '،' 'وٺڻ' 'وارن' 'مان' 'ناهيون' '.']",[0 0 0 0 0 0 0 0 0 0 0 0 0 0 0 0 0 0 0 0 0 0]
165,"['نائين' 'زيرو' 'تي' 'ڇاپي' '،' 'گرفتارين' '،' 'هٿيارن' 'جي' 'برآمدگي'
 'کان' 'ويندي' '،' 'رپورٽر' 'ولي' 'بابر' 'جي' 'قتل' 'سميت' 'مختلف' 'سنگين'
 'ڏوهن' '۾' 'گهربل' 'ملزمن' 'جي' 'انڪشافن' '،' 'ايم' 'ڪيو' 'ايم' 'قائد'
 'الطاف' 'حسين' 'جي' 'شديد' 'رد' 'عمل' '،' 'بعد' '۾' 'رينجرز' 'پاران'
 'سندس' 'خلاف' 'داخل' 'ڪرايل' 'ايف' 'آءِ' 'آر' '،' 'پيپلز' 'پارٽي' 'پاران'
 'ايم' 'ڪيو' 'ايم' 'کي' 'حڪومت' '۾' 'شامل' 'ڪرڻ' 'جو' 'فيصلو' '،' 'ڪي'
 'اي' 'ايس' 'سي' 'جي' 'اڳوڻي' 'ايم' 'ڊي' 'شاهد' 'حامد' 'جي' 'قتل' '۾'
 'ڦاسي' 'جي' 'سزا' 'جي' 'منتظر' 'صولت' 'مرزا' 'جي' 'وڊيو' 'بيان' '،'
 'گهرو' 'وزير' 'چوڌري' 'نثار' 'جي' 'برطانوي' 'هاءِ' 'ڪمشنر' 'سان' 'ملاقات'
 '۽' 'گورنر' 'جي' 'استعيفيٰ' 'وارين' 'افواهن' 'تائين' 'جيڪي' 'ڪجهه' 'ٿي'
 'رهيو' 'آهي' '،' 'تنهن' 'ملڪي' 'سياست' '۾' 'ڄڻ' 'ته' 'ڀونچال' 'آڻي'
 'ڇڏيو' 'آهي' '.']","[ 4  4  0  0  0  0  0  0  0  0  0  0  0  0  3  3  0  0  0  0  0  0  0  0
  0  0  0  0  8  8  8  5  3  3  0  0  0  0  0  0  0  0  0  0  0  0  0 11
 11 11  0  8  8  0  8  8  8  0  0  0  0  0  0  0  0  6  6  6  6  0  0  5
  5  3  3  0  0  0  0  0  0  0  0  3  3  0  0  0  0  0  5  3  3  0  5  5
  5  0  0  0  5  0  0  0  0  0  0  0  0  0  0  0  0  0  0  0  0  0  0  0
  0  0  0]"
166,"['هو' 'ڪنهن' 'به' 'ريت' 'پنهنجن' 'ڪارندن' 'وسيلي' 'سهڻيءَ' 'کي' 'ڀاڱا'
 'ڪرڻ' 'لاءِ' 'واجهه' 'وجهن' 'پيا' '،' 'ذوالفقار' 'آباد' 'واري' 'سازش'
 'کي' 'پرکيو' 'يا' 'گوادر' 'جي' 'بندرگاهه' 'تي' 'ٻن' 'هفتن' 'کان' 'لنگر'
 'انداز' 'ٿيل' 'آمريڪي' 'بحري' 'ٻيڙي' 'جي' 'وارداتن' 'کي' 'جاچيو' '،' 'هن'
 'ملڪ' 'جي' 'سامونڊي' 'پٽيءَ' 'تي' 'عالمي' 'پرمارن' 'جا' 'لامارا' 'بهرحال'
 'ڪو' 'سُٺو' 'سنئوڻ' 'ناهن' '.']","[0 0 0 0 0 0 0 0 0 0 0 0 0 0 0 0 4 4 0 0 0 0 0 7 0 0 0 0 0 0 0 0 0 8 0 0 0
 0 0 0 0 0 0 0 0 0 0 0 0 0 0 0 0 0 0 0 0]"
167,"['جڏهن' 'ته' 'هن' 'وقت' 'انهن' 'ايئر' 'پورٽن' 'تي' 'سڃ' 'واڪا' 'پئي' 'ڪري'
 '.']",[0 0 0 0 0 0 0 0 0 0 0 0 0]
168,"['اهو' 'ڪتو' 'جانورن' 'جو' 'شڪار' 'ته' 'ڪري' 'سگهندو' 'هو' '،' 'پر'
 'ماڻهو' 'ڪاري' 'مٿي' 'جو' 'ڌڻي' '(' 'ٻين' 'ساهوارن' 'کان' 'ڏاڍو' ')'
 'آهي' '.']",[0 0 0 0 0 0 0 0 0 0 0 0 0 0 0 0 0 0 0 0 0 0 0 0]
169,['شايد' 'اهو' 'موقعو' 'گهڻو' 'پري' 'ڪانهي' '.'],[0 0 0 0 0 0 0]
170,"['پاڻ' 'هجون' 'نه' 'هجون' '،' 'پنهنجا' 'ڍول' 'ڍاٽي' 'انسانن' 'جي'
 'آزاديءَ' 'جو' 'اهو' 'خوشگوار' '۽' 'روح' 'پرور' 'نظارو' 'ضرور' 'پسندا'
 '.']",[0 0 0 0 0 0 0 0 0 0 0 0 0 0 0 0 0 0 0 0 0]
171,"['ٿيڻ' 'ته' 'ائين' 'گهربو' 'هو' 'ته' 'محترمه' 'جي' 'ورڻ' 'کان' 'اڳ' 'ئي'
 'لکيل' 'خط' 'جي' 'بنياد' 'تي' 'ڪا' 'انڪوائري' 'ويهاري' 'وڃي' 'ها' '،'
 'نه' 'ڪي' 'ڪنهن' 'قاتلانه' 'حملي' 'جو' 'انتظار' 'ڪيو' 'وڃي' 'ها' '.']",[0 0 0 0 0 0 5 0 0 0 0 0 0 0 0 0 0 0 0 0 0 0 0 0 0 0 0 0 0 0 0 0 0 0]
172,"['هاڻي' 'هتي' 'سوال' 'اهو' 'آهي' 'ته' 'ڇا' 'پي' 'ٽي' 'آءِ' 'سنڌ' '۾'
 'اهڙو' 'متبادل' 'ٿي' 'اڀري' 'سگهي' 'ٿي' '،' 'جيڪا' 'پيپلز' 'پارٽي' 'توڙي'
 'متحده' 'جي' 'ووٽ' 'بينڪ' '۾' 'ڏار' 'وجهي' 'سگهي' '،' 'سندن' 'لاءِ'
 'چيلينج' 'پيدا' 'ڪري' 'سگهي' '؟']","[0 0 0 0 0 0 0 8 8 8 7 0 0 0 0 0 0 0 0 0 8 8 0 8 0 0 0 0 0 0 0 0 0 0 0 0 0
 0 0]"
173,"['هن' 'آپريشن' 'جي' 'شفافيت' 'توڙي' 'ان' 'جي' 'اثرائتي' 'هجڻ' 'بابت'
 'سوال' 'ان' 'وقت' 'ئي' 'اٿيا' 'هئا' '،' 'جڏهن' 'اهو' 'آپريشن' 'شروع'
 'ڪيو' 'ويو' 'هو' '.']",[0 0 0 0 0 0 0 0 0 0 0 0 0 0 0 0 0 0 0 0 0 0 0 0 0]
174,"['اونهاري' 'جي' 'مند' 'وارو' 'گاديءَ' 'جو' 'هنڌ' 'بيجنگ' 'هوندو' 'هو' '۽'
 'سياري' 'جي' 'مند' 'وارو' 'گاديءَ' 'جو' 'هنڌ' 'شيئان' '۾' 'هوندو' 'هو'
 '.']",[11  0  0  0  0  0  0  7  0  0  0 11  0  0  0  0  0  0  7  0  0  0  0]
175,"['هر' 'ڀيري' 'چيف' 'جسٽس' 'آف' 'پاڪستان' 'کي' 'اهو' 'چتاءُ' 'ورجائڻو'
 'پوندو' 'هو' 'ته' '،' 'ڪنهن' 'به' 'غير' 'آئيني' '۽' 'غير' 'جمهوري' 'عمل'
 'کي' 'عدالت' 'پاران' 'قبوليت' 'نه' 'ملندي' '.']",[0 0 5 5 5 5 0 0 0 0 0 0 0 0 0 0 0 0 0 0 0 0 0 0 0 0 0 0 0]
176,"['هينئر' 'سنڌ' 'جي' 'ٻوڏ' 'متاثرن' 'کي' 'ڊاڪٽرن' '۽' 'رضاڪارن' 'جي'
 'جيتري' 'گهرج' 'آهي' '،' 'ايتري' 'شايد' 'ماضي' '۾' 'ڪڏهن' 'به' 'ڪانه'
 'رهي' 'هوندي' '.']",[0 7 0 0 0 0 0 0 0 0 0 0 0 0 0 0 0 0 0 0 0 0 0 0]
177,"['توهان' 'جيڪڏهن' 'خبرداري' 'سان' 'مختلف' 'چينلن' 'جو' 'جائزو' 'وٺندئو'
 '،' 'اخباري' 'خبرن' 'کي' 'ڌيان' 'سان' 'پڙهندئو' 'ته' 'سڄي' 'ڳالهه'
 'سمجهه' '۾' 'اچي' 'ويندي' '.']",[0 0 0 0 0 0 0 0 0 0 0 0 0 0 0 0 0 0 0 0 0 0 0 0]
178,"['“' 'سينيئر' 'صحافين' '،' 'ٽي' 'وي' 'اينڪرس' '۽' 'وزيرن' 'سان' 'ڀريل'
 'سي' 'ايم' 'هائوس' 'جي' 'ڪانفرنس' 'هال' '۾' 'مون' 'ذوالفقار' 'مرزا' 'کي'
 'چيو' 'ته' '،' '”' 'چڱو' 'ڏسنداسين' '،' 'وقت' 'پاڻيهي' 'فيصلو' 'ڪندو'
 'ته' 'ڪير' 'سچو' '۽' 'ڪير' 'ڪوڙو' 'آهي' '.']","[ 0  0  0  0 11 11  0  0  0  0  0  2  2  2  0  0  0  0  0  3  3  0  0  0
  0  0  0  0  0  0  0  0  0  0  0  0  0  0  0  0  0]"
179,"['ٻي' 'سازش' 'ان' 'ڏينهن' 'تي' 'ڪئي' 'وئي' '،' 'جڏهن' 'سنڌ' '۽' 'پنجاب'
 'جون' 'حڪومتون' 'ٺهيون' 'ئي' 'نه' 'هيون' '.']",[11  0  0  0  0  0  0  0  0  7  0  7  0  0  0  0  0  0  0]
180,"['جي' 'سنڌ' 'جا' 'سياستدان' 'همت' '،' 'سچائيءَ' '۽' 'عقل' 'کان' 'ڪم'
 'وٺندا' 'ته' 'اها' 'مصيبت' 'ٽري' 'سگهي' 'ٿي' '۽' 'بنا' 'ڪنهن' 'فساد'
 'ڦڙي' 'جي' 'ٽري' 'سگهي' 'ٿي' '.']",[0 7 0 0 0 0 0 0 0 0 0 0 0 0 0 0 0 0 0 0 0 0 0 0 0 0 0 0]
181,"['سچ' 'پُڇو' 'ته' 'جنهن' 'مهل' 'منهنجا' 'هندو' 'دوست' 'مايوس' '۽' 'نراس'
 'ٿي' 'ساڻن' 'وهندڙ' 'ويل' '۽' 'متڀيد' 'جو' 'ذڪر' 'ڪندا' 'آهن' 'ته' 'آئون'
 'کين' 'هاڻي' 'اها' 'ورندي' 'ڏيندو' 'آهيان' 'ته' 'ڀائو' 'پهرين' 'توهان'
 'سنڌي' 'وڏيرن' 'اڪثر' '”' 'چونڊيل' 'جمهوري' 'اڳواڻن' '“' 'جو' 'اسان'
 'سنڌي' 'مسلمانن' 'سان' 'ورتاءُ' 'ڏسو' '،' 'توهان' 'پاڻ' 'اخبار' 'پڙهي'
 'ٻڌايو' 'ته' 'روزانو' 'ڪيترن' 'شهرن' '۽' 'ڳوٺن' 'منجهه' 'ڪيتريون'
 'ناريون' 'ڪُسجن' 'ٿيون' '،' 'فقط' 'هڪڙي' 'پريمي' 'جوڙي' 'جي' 'فيصلي'
 'سبب' 'ويڙهاند' '۾' 'ڪيترا' 'جوان' 'ڳڀا' 'ڳڀا' 'ٿيو' 'وڃن' '،' 'ڳوٺن'
 'جا' 'ڳوٺ' 'سُنسان' '،' 'سڄيون' 'ساريون' 'وستيون' 'ويران' '۽' 'ڀڙڀانگ'
 'ٿي' 'چڪيون' 'آهن' '.']","[ 0  0  0  0  0  0  8  0  0  0  0  0  0  0  0  0  0  0  0  0  0  0  0  0
  0  0  0  0  0  0  0 11  0  8  0  0  0  0  0  0  0  0  0  8  0  0  0  0
  0  0  0  0  0  0  0  0  0  0  0  0  0  0  0  0  0  0  0  0  0  0  0  0
  0  0  0  0  0  0  0  0  0  0  0  0  0  0  0  0  0  0  0  0  0  0  0  0
  0]"
182,"['جيڪڏهن' 'ايئن' 'هجي' 'ها' 'ته' 'پوءِ' 'نواز' 'ليگ' 'کي' 'ضرب' 'عضب'
 'آپريشن' 'جي' 'حمايت' 'يا' 'نيشنل' 'ايڪشن' 'پلان' 'نه' 'جوڙڻو' 'پوي' 'ها'
 '.']",[0 0 0 0 0 0 8 8 0 9 9 0 0 0 0 9 9 9 0 0 0 0 0]
183,"['واهه' 'سائين' 'واهه' '!' 'سنڌ' 'جو' 'مڊل' 'ڪلاس' '/' 'ووڪل' 'ڪلاس' '/'
 'سول' 'سوسائيٽي' '/' 'سفيد' 'پوش' 'طبقو' 'ٿو' 'سنڌ' '۾' 'تبديلي' 'آڻي'
 '!' 'ڇا' 'نه' 'خام' 'خيالي' 'آهي' '!' 'پهرين' 'ته' 'اسان' 'کي' 'اها'
 'خبر' 'ڪڍڻ' 'گهرجي' 'ته' 'اسان' 'جو' 'اهو' 'مڊل' 'ڪلاس' 'پيدا' 'ڪيئن'
 'ٿيو' 'آهي' '۽' 'اندروني' 'اندر' 'ڇا' 'پيو' 'ڪري' '.']","[ 0  5  0  0  7  0  0  0  0  0  0  0  0  0  0  0  0  0  0  7  0  0  0  0
  0  0  0  0  0  0 11  0  0  0  0  0  0  0  0  0  0  0  0  0  0  0  0  0
  0  0  0  0  0  0  0]"
184,"['ڇا' 'ٿيو' 'جو' 'جسد' 'خاڪي' 'گم' 'ٿي' 'ويو' '۽' 'ٻه' 'چادرون' 'باقي'
 'بچيون' '.']",[ 0  0  0  0  0  0  0  0  0 11  0  0  0  0]
185,['فون' 'ڪري' 'پڇا' 'ڪجي' 'ٿي' 'ته' 'بجلي' 'ڪڏهن' 'ايندي' '؟'],[0 0 0 0 0 0 0 0 0 0]
186,"['(' '4' ')' 'هن' 'وقت' 'جنهن' 'شيءِ' 'انساني' 'صحت' 'کي' 'وڌ' '۾' 'وڌ'
 'نقصان' 'پهچائيو' 'آهي' '،' 'اهو' 'آهي' 'ڪيميائي' 'ڀاڻ' '۽' 'فصل' 'کي'
 'بيماريءَ' 'کان' 'بچائڻ' 'لاءِ' 'استعمال' 'ٿيندڙ' 'زهريليون' 'دوائون' '،'
 'جنهن' 'کي' 'عرف' 'عام' '۾' 'پيسٽيسائيڊ' 'چيو' 'وڃي' 'ٿو' '.']","[ 0 11  0  0  0  0  0  0  0  0  0  0  0  0  0  0  0  0  0  0  0  0  0  0
  0  0  0  0  0  0  0  0  0  0  0  0  0  0  0  0  0  0  0]"
187,['سو' 'ٻوڏ' 'جو' 'وڏو' 'ڪارڻ' 'ته' 'اهو' 'ئي' 'هو' '.'],[0 0 0 0 0 0 0 0 0 0]
188,"['شايد' 'اهو' 'ئي' 'سبب' 'آهي' '،' 'جو' 'ڪالهه' 'چيف' 'جسٽس' 'آف'
 'پاڪستان' 'جسٽس' 'ثاقب' 'نثار' 'عوامي' 'فورم' 'تي' 'اهي' 'ڳالهيون' 'ڪيون'
 '،' 'جيڪي' 'اسان' 'کي' 'عدليه' 'جي' 'روايت' '۾' 'ڪڏهن' 'ڪڏهن' 'ٻڌڻ'
 'لاءِ' 'ملنديون' 'آهن' '.']",[0 0 0 0 0 0 0 0 5 5 5 5 5 3 3 0 0 0 0 0 0 0 0 0 0 0 0 0 0 0 0 0 0 0 0 0]
189,"['هي' 'ويچارا' 'پنهنجي' 'پرڏيهي' 'رهنما' 'پاران' 'ڪيل' 'انقلاب' 'جي'
 'ڪوڙين' 'دعوائن' 'تي' 'اعتبار' 'ڪري' 'ويٺا' '،' 'ساڻن' 'ويساهه' 'گهاتي'
 'ڪئي' 'ويئي' 'آهي' '.']",[0 0 0 0 0 0 0 0 0 0 0 0 0 0 0 0 0 0 0 0 0 0 0]
190,"['اسڪندر' 'مرزا' 'فوج' 'کي' 'اهو' 'حڪم' 'ڏنو' 'ته' 'قلات' 'محل' 'تي'
 'قبضو' 'ڪري' '،' 'خان' 'آف' 'قلات' 'کي' 'گرفتار' 'ڪيو' 'وڃي' '۽' 'مٿس'
 'غداري' 'جو' 'مقدمو' 'هلايو' 'وڃي' '.']",[3 3 0 0 0 0 0 0 4 4 0 0 0 0 3 3 3 0 0 0 0 0 0 0 0 0 0 0 0]
191,"['هاڻي' 'موسمن' 'جو' 'ڪهڙو' 'ڀروسو' '،' 'جيڪي' 'ڪجهه' 'ڪرڻو' 'آهي' 'اهو'
 'حضرت' 'انسان' 'کي' 'پاڻ' 'ڪرڻو' 'آهي' '.']",[0 0 0 0 0 0 0 0 0 0 0 0 0 0 0 0 0 0]
192,['3' 'نوڪري' 'وڃائڻ' 'جو' 'ڊپ' 'ڪونهي' '.'],[11  0  0  0  0  0  0]
193,"['اسان' 'وٽ' 'جڏهن' 'سياست' '۾' 'ئي' 'سهپ' 'ڪانهي' 'ته' 'پوءِ' 'ڏوهن' 'جي'
 'دنيا' '۾' 'ڪنهن' 'اخلاقيات' 'جو' 'گذر' 'ڪيئن' 'ٿو' 'ٿي' 'سگهي' '؟']",[0 0 0 0 0 0 0 0 0 0 0 0 0 0 0 0 0 0 0 0 0 0 0]
194,"['سو' 'ڳالهه' 'فقط' 'ڪراچي' 'تائين' 'محدود' 'ناهي' '،' 'پر' 'پوري' 'سنڌ'
 'جو' 'مسئلو' 'آهي' '۽' 'جيڪڏهن' 'ان' 'کان' 'اڳتي' 'وڌجي' 'ته' 'پوري'
 'پاڪستان' 'جو' 'مسئلو' 'آهي' '.']",[0 0 0 7 0 0 0 0 0 0 7 0 0 0 0 0 0 0 0 0 0 0 7 0 0 0 0]
195,"['ائين' 'نوجوان' 'ڇوڪرا' '۽' 'ڇوڪريون' 'ٻانهن' '۾' 'ڳاڙهيون' 'پٽيون' 'ٻڌي'
 'پنهنجن' 'وڏن' 'جي' 'پويان' 'ڪاهي' 'پيا' '.']",[0 0 0 0 0 0 0 0 0 0 0 0 0 0 0 0 0]
196,"['پاڻ' 'ڪڏهن' 'سوچيو' 'ته' 'سنڌ' '۾' 'ان' 'جي' 'جاءِ' 'تي' 'ٻٽو' 'نظام'
 'مڙهجي' 'ويندو' '!' 'هيلوڪي' 'چونڊ' '۾' 'به' 'حڪمران' 'بنجڻ' 'کان' 'اڳ'
 '۾' 'وچن' 'پئي' 'ورجايا' 'ويا' 'ته' 'لوڊشيڊنگ' 'جي' 'اوندهه' 'ختم' 'ڪرڻ'
 'خاطر' 'آسمان' 'تان' 'تارا' 'لاهڻا' 'پيا' 'ته' 'به' 'لاهي' 'ڏيکارينداسين'
 'پر' 'اقتدار' '۾' 'اچڻ' 'کانپوءِ' 'اڳيون' 'سوجهرو' 'به' 'چٽ' 'ڪري' 'ڇڏيو'
 'اٿن' '.']","[0 0 0 0 7 0 0 0 0 0 0 0 0 0 0 0 0 0 0 0 0 0 0 0 0 0 0 0 0 0 0 0 0 0 0 0 0
 0 0 0 0 0 0 0 0 0 0 0 0 0 0 0 0 0 0 0 0]"
197,"['کلي' 'کيڪارڻ' 'بدران' 'روئي' 'آڌر' 'ڀاءُ' 'ڪيائون' '،' 'ڇاڪاڻ' 'ته'
 'سالن' 'کان' 'بدين' 'ضلعي' '۾' 'هلندڙ' 'سندن' 'احتجاج' 'جو' 'اڃا' 'تائين'
 'ڪوبه' 'کڙتيل' 'نه' 'نڪتو' 'آهي' '.']",[0 0 0 0 0 0 0 0 0 0 0 0 7 0 0 0 0 0 0 0 0 0 0 0 0 0 0]
198,"['پرويز' 'مشرف' 'پنهنجي' 'تقرير' '۾' 'ساڍن' 'اٺن' 'سالن' 'جي' 'ڪارنامن'
 '۽' 'پاليسين' 'جو' 'ذڪر' 'ڪيو' '۽' 'ان' 'کي' 'ڪامياب' 'قرار' 'ڏنو' '.']",[3 3 0 0 0 0 0 0 0 0 0 0 0 0 0 0 0 0 0 0 0 0]
199,"['جيتوڻيڪ' 'ڪي' 'تجزئي' 'نگار' 'اهڙي' 'صورتحال' 'جي' 'اڳڪٿي' 'کي' 'رد'
 'ڪن' 'ٿا' '۽' 'ان' 'لاءِ' 'اهو' 'دليل' 'ڏين' 'ٿا' 'ته' 'فوج' 'جي'
 'اقتدار' '۾' 'اچڻ' 'جي' 'ضرورت' 'تڏهن' 'پيش' 'ايندي' 'آهي' '،' 'جڏهن'
 'هڪ' 'ته' 'سندن' 'مفادن' 'کي' 'ڪو' 'ڇيهو' 'رسي' '۽' 'ٻيو' 'اهو' 'ته'
 'صورتحال' 'ان' 'حد' 'تائين' 'ڳنڀير' 'ٿي' 'وڃي' '،' 'جو' 'ملڪي' 'سلامتي'
 'کي' 'سنگين' 'خطرا' 'درپيش' 'هجن' '.']","[ 0  0  0  0  0  0  0  0  0  0  0  0  0  0  0  0  0  0  0  0  0  0  0  0
  0  0  0  0  0  0  0  0  0 11  0  0  0  0  0  0  0  0 11  0  0  0  0  0
  0  0  0  0  0  0  0  0  0  0  0  0  0  0]"
200,"['يقينن' 'اهڙن' 'لفظن' 'حڪومتي' 'لڏي' '۾' 'پريشاني' 'پيدا' 'ڪئي' 'هوندي'
 '۽' 'هاڻي' 'هو' 'شايد' 'وڌيڪ' 'سرگرم' 'ٿين' '،' 'پر' 'ان' 'سرگرميءَ' '۾'
 'به' 'امڪان' 'آهن' 'ته' 'هو' 'اهڙيون' 'غلطيون' 'ڪندا' '،' 'جنهن' 'سان'
 'جنرل' 'مشرف' 'لاءِ' 'وڌيڪ' 'پريشاني' 'ٿيندي' '.']","[0 0 0 0 0 0 0 0 0 0 0 0 0 0 0 0 0 0 0 0 0 0 0 0 0 0 0 0 0 0 0 0 0 5 3 0 0
 0 0 0]"
201,"['ٻي' 'جنهن' 'ڳالهه' 'کي' 'عوام' 'محسوس' 'ڪري' 'رهيو' 'آهي' '،' 'ان' 'دال'
 '۾' 'ڪجهه' 'ڪجهه' 'ٻيو' 'مال' 'به' 'مڪس' 'ٿي' 'ويو' 'آهي' '.']",[11  0  0  0  0  0  0  0  0  0  0  0  0  0  0 11  0  0  0  0  0  0  0]
202,"['ڪشمير' 'وارو' 'تڪرار' 'به' 'گهڻو' 'جٽاءُ' 'نه' 'ڪري' 'سگهندو' '۽'
 'حقدارن' 'کي' 'سندن' 'حق' 'ملندو' '.']",[7 0 0 0 0 0 0 0 0 0 0 0 0 0 0 0]
203,"['گهر' 'جا' 'ڪلف' 'ڪڙا' 'مضبوطيءَ' 'سان' 'بند' 'ڪرڻ' 'جي' 'باوجود' 'به'
 'توهان' 'کي' 'سڪون' '۽' 'راحت' 'ڀري' 'ننڊ' 'نصيب' 'نه' 'ٿيندي' '،' 'ايئن'
 'ڇو' 'آهي' '،' 'تنهن' 'جي' 'وضاحت' 'ڪرڻ' 'مشڪل' 'آهي' '.']",[0 0 0 0 0 0 0 0 0 0 0 0 0 0 0 0 0 0 0 0 0 0 0 0 0 0 0 0 0 0 0 0 0]
204,"['پيپلز' 'پارٽي' 'کي' 'مخالفن' 'جي' 'ڀيٽ' '۾' 'ان' 'ڪري' 'به' 'وڌيڪ'
 'سرسي' 'حاصل' 'هئي' 'ڇاڪاڻ' 'ته' 'ان' 'جون' 'پاڙون' 'پوري' 'ملڪ' '۾'
 'هيون' 'ٻيو' 'ته' 'هڪ' 'پورو' 'نسل' 'ڀٽوز' 'جي' 'رومانس' '۾' 'وڏو' 'ٿيو'
 'هو' '،' 'پر' 'هن' 'پارٽي' 'وقت' 'گذرڻ' 'سان' 'سياست' 'جا' 'ماڻ' 'ماپا'
 'ئي' 'بدلائي' 'ڇڏيا' '،' 'سياست' 'کي' 'چند' 'سياسي' 'گهراڻن' 'جي'
 'موروثي' 'باندي' 'بڻائي' 'ميرٽ' 'جي' 'لتاڙ' '،' 'پنهنجا' 'نوازي' '،'
 'ڪرپشن' '۽' 'نااهلي' 'جا' 'داستان' 'رقم' 'ڪري' 'ڇڏيا' '.']","[ 8  8  0  0  0  0  0  0  0  0  0  0  0  0  0  0  0  0  0  0  0  0  0 11
  0 11  0  0  5  0  0  0  0  0  0  0  0  0  0  0  0  0  0  0  0  0  0  0
  0  0  0  0  0  0  0  0  0  0  0  0  0  0  0  0  0  0  0  0  0  0  0  0
  0  0  0]"
205,"['ڪنهن' 'پرڏيهي' 'ويڙهاڪ' 'آڻي' '،' 'هتي' 'مجاهد' 'پيدا' 'ڪيا' '،' 'انهن'
 'جون' 'نرسريون' 'ٺاهيون' '؟']",[0 0 0 0 0 0 0 0 0 0 0 0 0 0 0]
206,"['گذريل' 'سال' 'دبئي' '۾' 'شهيد' 'راڻي' 'سان' 'ملاقات' 'کان' 'پوءِ'
 'مسلسل' 'اي' 'ميل' 'ذريعي' 'رابطو' 'رهيو' '۽' 'وقت' 'به' 'وقت' 'رهنمائي'
 'حاصل' 'ٿيندي' 'رهي' '.']","[ 0  0  7  0  0  3  0  0  0  0  0 11 11  0  0  0  0  0  0  0  0  0  0  0
  0]"
207,"['هن' 'حماس' 'جو' 'بنياد' 'تڏهن' 'وڌو' '،' 'جڏهن' 'هو' 'هڪ' 'ڊگهي' 'امن'
 'پراسيس' 'مان' 'مايوس' 'ٿيو' '.']",[ 0  8  0  0  0  0  0  0  0 11  0  0  0  0  0  0  0]
208,"['جڏهن' 'انهيءَ' '۾' 'ناڪامي' 'ٿي' 'ته' 'جنرل' 'اسلم' 'بيگ' 'شرط' 'شروط'
 'رکي' 'ڏهن' 'ڏينهن' 'کانپوءِ' 'پيپلز' 'پارٽي' 'کي' 'اقتدار' 'ڏنو' '.']",[0 0 0 0 0 0 5 3 3 0 0 0 0 0 0 8 8 0 0 0 0]
209,"['هي' 'معاملا' 'پوري' 'سماج' 'لاءِ' 'به' 'نوان' 'سوال' 'کڻي' 'آيا' 'آهن'
 '.']",[0 0 0 0 0 0 0 0 0 0 0 0]
210,"['خلقت' 'کي' 'خبر' 'هئي' 'ته' 'مٿانهين' 'جڳهين' 'تان' 'ايندڙ' 'نيون'
 'هڪڙو' 'ته' 'سمنڊ' '۾' 'وڃيو' 'ٿيون' 'ڪرن' '،' 'ٻيون' 'سنڌو' 'درياءَ'
 'جي' 'حوالي' 'ٿيون' 'ٿين' '۽' 'پاڻيءَ' 'جا' 'ٽيا' 'لنگهه' 'وري' 'گم' 'ٿي'
 'ويل' 'هاڪڙي' 'درياءَ' 'جي' 'ڀيٽ' 'تائين' 'وڃي' 'ٿا' 'پهچن' '.']","[0 0 0 0 0 0 0 0 0 0 0 0 0 0 0 0 0 0 0 4 4 0 0 0 0 0 0 0 0 0 0 0 0 0 4 4 0
 0 0 0 0 0 0]"
211,"['انهي' 'وهيءَ' '۾' 'ڪو' 'غم' 'نه' 'هوندو' 'آهي' '،' 'ڪنهن' 'فڪر' '۽'
 'ڳڻتيءَ' 'کان' 'بي' 'نياز' 'ننڍا' 'ننڍا' 'کيٽا' 'هوندا' 'آهن' '،' 'رساما'
 'هوندا' 'آهن' '،' 'پيءُ' 'جون' 'پيار' 'مان' 'ڳل' 'تي' 'ٿڦڪيون' 'هونديون'
 'آهن' '،' 'جيجل' 'جي' 'هنج' 'جي' 'آسيس' 'هوندي' 'آهي' '،' 'وڏڙين' 'جون'
 '،' '”' 'شل' 'ڪو' 'ڪوسو' 'واءُ' 'نه' 'لڳئي' 'جون' 'دعائون' 'هونديون'
 'آهن' '.']","[0 0 0 0 0 0 0 0 0 0 0 0 0 0 0 0 0 0 0 0 0 0 0 0 0 0 0 0 0 0 0 0 0 0 0 0 0
 0 0 0 0 0 0 0 0 0 0 0 0 0 0 0 0 0 0 0 0 0 0]"
212,"['اسٽالن' 'چيو' 'هو' 'ته' '،' 'اهي' 'ماڻهو' 'جيڪي' 'ووٽ' 'وجهن' 'ٿا' 'ڪو'
 'فيصلو' 'نٿاڪن' '،' 'جيڪي' 'ووٽن' 'جي' 'ڳڻپ' 'ڪن' 'ٿا' '،' 'اهي' 'ئي'
 'هر' 'ڳالهه' 'جو' 'فيصلو' 'ڪندا' 'آهن' '.']",[3 0 0 0 0 0 0 0 0 0 0 0 0 0 0 0 0 0 0 0 0 0 0 0 0 0 0 0 0 0 0]
213,"['جڏهين' 'آسمان' 'ئي' 'دوست' 'نه' 'رهيو' 'آهي' 'ته' 'اٺن' 'گهوڙن' 'تي'
 'ڪهڙي' 'ميار' '.']",[0 0 0 0 0 0 0 0 0 0 0 0 0 0]
214,"['اهڙي' 'هڪ' 'ڌمڪي' 'برطانوي' 'وزير' 'اعظم' 'چرچل' 'کي' 'آمريڪي' 'صدر'
 'روزويلٽ' 'طرفان' 'پڻ' 'ڏني' 'وئي' 'هئي' '،' 'جنهن' '۾' 'اهو' 'چيو' 'ويو'
 'هو' 'ته' 'جيڪڏهن' 'برطانيا' 'آمريڪا' 'کي' 'اهو' 'چيو' 'ته' 'توهان'
 'پنهنجي' 'ڪم' 'سان' 'ڪم' 'رکو' 'ته' 'اهو' 'باهه' 'سان' 'راند' 'کيڏڻ' 'جي'
 'برابر' 'هوندو' '.']","[ 0 11  0  5  5  5  3  0  5  5  3  0  0  0  0  0  0  0  0  0  0  0  0  0
  0  7  7  0  0  0  0  0  0  0  0  0  0  0  0  0  0  0  0  0  0  0  0]"
215,"['اکرن' '۾' 'اڙيل' 'سنڌي' 'قوم' 'کي' 'اتساهه' 'جي' 'گهرج' 'آهي' '،' 'اُهو'
 'اتساهه' '۽' 'ويساهه' '،' 'جيڪو' 'هو' 'چند' 'ڏهاڪن' 'جي' 'عرصي' '۾'
 'وڃائي' 'ويٺي' 'آهي' '.']",[0 0 0 8 8 0 0 0 0 0 0 0 0 0 0 0 0 0 0 0 0 0 0 0 0 0 0]
216,"['سنڌ' 'دوستي' 'وارو' 'راڳ' 'آلاپڻ' '۽' 'منشور' '/' 'مئنيفسٽو' 'لاءِ' '”'
 'ون' 'پوائنٽ' 'اشو' '“' 'اهو' 'به' 'ٿي' 'سگهي' 'ٿو' 'ته' '،' '”' 'ڊيورنڊ'
 'لائين' 'تڪرار' 'تان' 'افغانستان' 'کي' 'هٿ' 'کڻائڻ' 'لاءِ' 'سنڌي' 'سپوت'
 'ڪابل' 'ويندا' '۽' 'افغانستان' 'جي' 'نئين' 'اڏاوت' '۾' 'ٺيڪيداري' 'وارا'
 'ڪم' 'وٺندا' '۽' 'افرادي' 'قوت' 'به' 'فراهم' 'ڪندا' '“' 'آئيني' '۽'
 'دستوري' 'مرحلا' 'طئي' 'ڪندڙ' 'افغانستان' 'عنقريب' 'سينٽرل' 'ايشيا' 'کي'
 'سمونڊ' 'سان' 'ملائڻ' 'لاءِ' '”' 'معدني' 'گذر' 'گاهه' 'جو' 'مقام' 'ماڻڻ'
 'وارو' 'آهي' '.']","[7 0 0 0 0 0 0 0 0 0 0 0 0 0 0 0 0 0 0 0 0 0 0 4 4 0 0 7 0 0 0 0 8 0 7 0 0
 7 0 0 0 0 0 0 0 0 0 0 0 0 0 0 0 0 0 0 0 0 0 7 0 7 7 0 0 0 0 0 0 0 0 0 0 0
 0 0 0 0]"
217,"['پُٽ' 'کان' 'پُڇيائين' 'ته' '،' '”' 'تنهنجي' 'وئڪيشن' 'بابت' 'ڪاليج'
 'مان' 'ڪهڙيون' 'هدايتون' 'مليون' 'آهن' '.']",[0 0 0 0 0 0 0 0 0 0 0 0 0 0 0 0]
218,"['مخالف' 'ڌر' 'جا' 'ميمبر' 'وڌيل' 'محصولن' 'تي' 'سخت' 'تنقيد' 'ڪري'
 'حڪومت' 'کي' 'پنهنجا' 'فيصلا' 'واپس' 'وٺڻ' 'تي' 'مجبور' 'ڪندا' 'آهن' '،'
 'جيئن' 'هڪ' 'زماني' '۾' 'لاڳو' 'ڪيل' '’' 'ڊفينس' 'ليوي' '‘' 'عوامي'
 'ڪاوڙ' 'سبب' 'واپس' 'وٺڻو' 'پيو' 'هو' '.']","[ 0  0  0  0  0  0  0  0  0  0  0  0  0  0  0  0  0  0  0  0  0  0 11  0
  0  0  0  0  0  0  0  0  0  0  0  0  0  0  0]"
219,"['سو' 'اهڙين' 'حالتن' '۾' 'اسلام' 'عورت' 'جي' 'لاءِ' 'وراثت' 'جا' 'حق'
 'نه' 'رڳو' 'پنهنجي' 'پيءَ' 'بلڪه' 'مڙس' 'جي' 'ملڪيت' '۾' 'به' 'مقرر'
 'ڪيا' '.']",[0 0 0 0 8 0 0 0 0 0 0 0 0 0 0 0 0 0 0 0 0 0 0 0]
220,"['سنڌ' '۾' 'پيپلز' 'پارٽي' 'جيڪڏهن' 'ڪرپشن' 'ڪيسن' 'جي' 'حوالي' 'سان'
 'عتاب' 'هيٺ' 'آهي' 'ته' 'ان' 'جو' 'سبب' 'ميان' 'صاحب' 'جي' 'حڪومت' 'نه'
 '،' 'پر' '”' 'اصلي' 'تي' 'وڊا' '“' 'آهن' '۽' 'ان' 'ڳالهه' 'جو' 'ادراڪ'
 'خود' 'عتاب' 'هيٺ' 'ايندڙ' 'ڌر' 'کي' 'به' 'آهي' '،' 'تنهنڪري' 'اها' 'به'
 'رسمي' 'طور' 'تي' 'ته' 'ميان' 'صاحب' 'کي' 'ڏوراپا' 'ڏيندي' 'رهي' 'ٿي'
 'پر' 'ان' 'کان' 'وڌيڪ' 'هو' 'به' 'ڪا' 'حڪمت' 'عملي' 'نٿا' 'رکن' '.']","[7 0 8 8 0 0 0 0 0 0 0 0 0 0 0 0 0 5 5 0 0 0 0 0 0 0 0 0 0 0 0 0 0 0 0 0 0
 0 0 0 0 0 0 0 0 0 0 0 0 0 0 5 5 0 0 0 0 0 0 0 0 0 0 0 0 0 0 0 0 0]"
221,"['هن' 'ڀيري' 'هو' 'ڪابل' '۾' 'معاملا' 'اڪلائي' 'هڪڙي' 'پاسي' 'ڪري' 'پوءِ'
 'آهستي' 'آهستي' 'هٿ' 'ڪڍڻ' 'چاهي' 'ٿو' '.']",[0 0 0 7 0 0 0 0 0 0 0 0 0 0 0 0 0 0]
222,['وچون' 'وچون' 'کائي' 'جا' '،' 'اوتون' 'رولا' 'پائي' 'جا' '.'],[0 0 0 0 0 0 0 0 0 0]
223,"['گذريل' 'ٻن' 'هفتن' 'کان' 'ڌرتي' 'ڌڻين' 'مٿان' 'بڪتربند' 'گاڏين' 'منجهان'
 'ايس' 'پي' 'اسلم' 'چوڌري' 'جيڪو' 'بارود' 'پئي' 'وَسايو' 'ته' 'ان' 'مهل'
 'وزير' 'اعليٰ' 'عوام' 'جي' 'خدمت' '۾' 'تمام' 'گهڻو' 'مصروف' 'هو' '،'
 'جنهن' 'مان' 'هاڻي' 'مس' 'مس' 'واندو' 'ٿيو' 'آهي' '،' '۽' 'واندڪائي'
 'ملڻ' 'شرط' 'لياريءَ' 'جي' 'صورتحال' 'جو' 'نوٽيس' 'ورتو' 'اٿس' '.']","[ 0  0  0  0  0  0  0  0  0  0 11 11  3  3  0  0  0  0  0  0  0  5  5  0
  0  0  0  0  0  0  0  0  0  0  0  0  0  0  0  0  0  0  0  0  0  7  0  0
  0  0  0  0  0]"
224,"['ن' 'ليگ' 'جي' 'اڳواڻن' 'طرفان' 'اهڙن' 'بيانن' 'تي' 'اڳ' 'ئي' 'الزام'
 'لڳي' 'رهيا' 'آهن' 'ته' 'اهي' 'هاڻي' 'فرينڊلي' 'اپوزيشن' '“' 'وارو'
 'ڪردار' 'ادا' 'ڪري' 'پنهنجي' 'ساک' 'بچائي' 'رهيا' 'آهن' '.']",[8 8 0 0 0 0 0 0 0 0 0 0 0 0 0 0 0 0 0 0 0 0 0 0 0 0 0 0 0 0]
225,"['يعني' 'سنڌي' 'هڪ' 'ٻولي' 'نه' '،' 'پر' 'لهجو' 'آهي' '۽' 'دليل' 'اهو'
 'آهي' 'ته' 'هر' 'ڪجهه' 'ڪلوميٽرن' 'کانپوءِ' 'لهجو' 'تبديل' 'ٿي' 'وڃي'
 'ٿو' '.']",[ 0  1 11  0  0  0  0  0  0  0  0  0  0  0  0  0  0  0  0  0  0  0  0  0]
226,"['جڏهن' 'ٻي' 'جنگ' 'عظيم' '۾' 'هٽلر' 'فرانس' '،' 'پولينڊ' '،' 'هالينڊ' '۽'
 'ٻين' 'برطانوي' 'اتحادين' 'جي' 'ملڪن' 'تي' 'قبضو' 'ڪري' 'چڪو' 'هو' '،'
 'تڏهن' 'چرچل' 'جي' 'ڏاهپ' 'نه' 'صرف' 'انهن' 'ملڪن' 'جي' 'سرحدن' 'تان'
 'جرمنيءَ' 'جي' 'فوجن' 'کي' 'واپس' 'ڪرايو' '،' 'پر' 'گڏو' 'گڏ' 'جرمنيءَ'
 'کي' 'شڪست' 'پڻ' 'ڏني' '.']","[0 9 9 9 0 3 7 0 7 0 7 0 0 8 0 0 0 0 0 0 0 0 0 0 3 0 0 0 0 0 0 0 0 0 7 0 0
 0 0 0 0 0 0 0 7 0 0 0 0 0]"
227,"['وزيرستان' 'جا' 'ويڙهاڪ' 'پٺاڻ' 'ملان' 'پاونده' 'جي' 'سربراهيءَ' '۾'
 '1894ع' 'کان' 'وٺي' '1913ع' 'تائين' 'مسلسل' 'برٽش' 'انڊين' 'آرميءَ' 'سان'
 'برسر' 'پيڪار' 'رهيا' 'آهن' '.']",[ 7  0  0  5  3  3  0  0  0 11  0  0 11  0  0  8  8  8  0  0  0  0  0  0]
228,"['اهو' 'چاهي' 'ڪنڌڪوٽ' 'جو' 'رپورٽر' 'شهيد' 'شاهد' 'سومرو' 'هجي' 'يا'
 'شڪارپور' 'جو' 'اڙٻنگ' 'رپورٽر' 'شهيد' 'امير' 'بخش' 'بروهي' 'هجي' '.']",[0 0 7 0 0 0 3 3 0 0 7 0 0 0 0 3 3 3 0 0]
229,"['هن' 'پنهنجي' 'دور' '۾' 'آرٽ' '،' 'ميوزڪ' '،' 'ٿيٽر' '،' 'راندين' 'کي'
 'فروغ' 'ڏنو' '۽' 'گانا' 'ڳائڻ' 'هن' 'جو' 'مشغلو' 'هو' '.']",[0 0 0 0 0 0 0 0 0 0 0 0 0 0 0 0 0 0 0 0 0 0]
230,"['ان' 'کان' 'علاوه' 'پاڻي' 'جي' 'ڇاڙن' 'يعني' 'ڪريڪس' 'جو' 'معاملو' '،'
 'جنهن' 'سبب' 'ٻنهي' 'ملڪن' 'جا' 'انيڪ' 'بي' 'گناهه' 'مهاڻا' 'ورهين'
 'تائين' 'جيلن' '۾' 'بي' 'يار' 'و' 'مددگار' 'سزائون' 'ڪاٽيندا' 'رهن' 'ٿا'
 '،' 'ايئن' 'ئي' 'ويزا' 'پاليسي' '۾' 'نرمي' 'کان' 'ويندي' 'واپار' 'وڌائڻ'
 'تائين' 'ڪيترائي' 'معاملا' 'آهن' '،' 'جيڪي' 'ڳالهين' 'جي' 'ميز' 'تي' 'حل'
 'ڪري' 'سگهجن' 'ٿا' '.']","[0 0 0 0 0 0 0 0 0 0 0 0 0 0 0 0 0 0 0 8 0 0 0 0 0 0 0 0 0 0 0 0 0 0 0 0 0
 0 0 0 0 0 0 0 0 0 0 0 0 0 0 0 0 0 0 0 0 0]"
231,"['نهايت' 'احترام' 'سان' 'ته' 'ماڻهن' 'جو' 'مينڊيٽ' 'هجڻ' 'جي' 'باوجود'
 'به' 'اهي' 'لوليون' 'لنگڙيون' '۽' 'مقاطعي' 'تي' 'هلڻ' 'واريون' 'حڪومتون'
 'ڇو' 'قبوليون' 'ويون' '؟']",[0 0 0 0 0 0 0 0 0 0 0 0 0 0 0 0 0 0 0 0 0 0 0 0]
232,"['پر' 'سوال' 'اهو' 'آهي' 'ته' 'ڇا' 'ان' 'حقيقت' 'جو' 'پارليامينٽ' 'يا'
 'سپريم' 'ڪورٽ' 'جي' 'سطح' 'تي' 'اعتراف' 'ٿيڻ' 'باوجود' 'به' 'رياست'
 'اندر' 'رياست' 'هجڻ' 'جي' 'تاثر' '/' 'حقيقت' 'کان' 'ڪو' 'انڪاري' 'ٿي'
 'سگهي' 'ٿو' '۽' 'جيڪڏهن' 'نه' 'ته' 'پوءِ' 'ڇا' 'آئين' '۽' 'پارليامينٽ'
 'جي' 'بالادستي' 'تي' 'آيل' 'سواليه' 'نشان' 'ختم' 'ٿي' 'سگهي' 'ٿو' '!' '؟']","[0 0 0 0 0 0 0 0 0 0 0 6 6 0 0 0 0 0 0 0 0 0 0 0 0 0 0 0 0 0 0 0 0 0 0 0 0
 0 0 0 0 0 0 0 0 0 0 0 0 0 0 0 0 0 0]"
233,"['74' 'ورهين' 'تائين' 'ايملي' 'جي' 'زندگي' '۾' 'ڪيتريون' 'ئي' 'تبديليون'
 'اچن' 'ٿيون' '،' 'پر' 'هوءَ' 'وقت' 'سان' 'گڏ' 'پاڻ' 'کي' 'بدلائڻ' 'ته'
 'ٺهيو' 'پر' 'انهيءَ' 'تبديليءَ' 'جو' 'نوٽيس' 'وٺڻ' 'به' 'گوارا' 'نٿي'
 'ڪري' '.']","[11  0  0  3  0  0  0  0  0  0  0  0  0  0  0  0  0  0  0  0  0  0  0  0
  0  0  0  0  0  0  0  0  0  0]"
234,"['ڪلديب' 'چواڻي' ':' 'نريندر' 'موديءَ' 'ڪلڪتي' 'واري' 'بنگال' '۾' '”'
 'انقلابي' '“' 'تقرير' 'ڪندي' 'بنگلاديشي' 'مسلمانن' 'کي' 'مُتنبهه' 'ڪيو'
 'هو' 'ته' ':' '”' 'بنگال' 'خالي' 'ڪريو' '،' 'نه' 'ته' 'طاقت' 'سان'
 'ڌرتيءَ' 'تان' 'تڙي' 'ڇڏيندس' '.']",[3 0 0 3 3 7 0 7 0 0 0 0 0 0 8 0 0 0 0 0 0 0 0 7 0 0 0 0 0 0 0 0 0 0 0 0]
235,"['زرداري' 'صاحب' 'جي' 'تقرير' 'کي' 'نه' 'ته' 'سياسي' 'حلقن' 'مان' 'ڪا'
 'موٽ' 'ملي' 'ويتر' 'نواز' 'ليگ' 'پاران' 'سخت' 'تنقيد' 'جو' 'نشانو'
 'بڻايو' 'ويو' '،' 'عوامي' 'حلقن' '۾' 'به' 'زرداري' 'صاحب' 'جي' 'موقف'
 'کي' 'شڪ' 'جي' 'نظرن' 'سان' 'ڏٺو' 'پيو' 'وڃي' '.']","[5 5 0 0 0 0 0 0 0 0 0 0 0 0 8 8 0 0 0 0 0 0 0 0 0 0 0 0 5 5 0 0 0 0 0 0 0
 0 0 0 0]"
236,"['آمريڪا' 'جي' 'غير' 'موجودگي' 'القاعده' '۽' 'داعش' 'کي' 'اسرڻ' 'جو'
 'موقعو' 'فراهم' 'ڪيو' '۽' 'اسان' 'جون' 'حاصلاتون' 'آساني' 'سان'
 'دهشتگردن' 'جي' 'هٿن' '۾' 'هليون' 'ويون' '.']",[7 0 0 0 8 0 8 0 0 0 0 0 0 0 0 0 0 0 0 0 0 0 0 0 0 0]
237,"['انهيءَ' 'کانپوءِ' 'توهان' '۽' 'اسان' 'ڏسي' 'رهيا' 'آهيون' 'ته' 'ڪيئن'
 'نه' 'هنن' 'جا' 'هڪٻئي' 'جي' 'گريبانن' '۾' 'هٿ' 'آهن' '!' 'ڪيئن' 'اهي'
 'سياستدان' 'هڪٻئي' 'جي' 'ماضيءَ' 'جي' 'ڪرتوتن' 'کي' 'وائکو' 'ڪري' 'رهيا'
 'آهن' '،' 'ڪيئن' 'هڪٻئي' 'جي' 'عزت' 'افزائي' '۾' 'نوان' 'نوان' 'اصطلاح'
 'ڪتب' 'آڻي' 'رهيا' 'آهن' '.']","[0 0 0 0 0 0 0 0 0 0 0 0 0 0 0 0 0 0 0 0 0 0 0 0 0 0 0 0 0 0 0 0 0 0 0 0 0
 0 0 0 0 0 0 0 0 0 0 0]"
238,"['سو' 'ڪوئلي' 'جا' 'پروجيڪٽ' 'بند' 'ڪري' 'اهڙا' 'پروجيڪٽ' 'هٿ' '۾' 'کڻجن'
 'ته' 'ڌارين' 'جي' 'وَٺُ' 'کان' 'به' 'بچي' 'پئبو' '۽' 'ڪوئلي' 'مان'
 'ٿيندڙ' 'آمدنيءَ' 'کان' 'ڪيئي' 'ڀيرا' 'وڌيڪ' 'ٿر' '۾' 'ٿيندي' '۽' 'وڌيڪ'
 'ڪارائتي' 'ٿيندي' '.']",[0 0 0 0 0 0 0 0 0 0 0 0 0 0 0 0 0 0 0 0 0 0 0 0 0 0 0 0 7 0 0 0 0 0 0 0]
239,['سو' 'اسين' 'به' 'پنهنجي' 'حال' 'مطابق' 'پئسو' 'ڏوڪڙ' 'خرچ' 'ڪنداسين' '.'],[0 0 0 0 0 0 0 0 0 0 0]
240,"['هڪڙي' 'پاسي' 'صوبائي' 'گهرو' 'وزير' 'جو' 'اهو' 'بيان' 'سامهون' 'آيو'
 'ته' 'کيس' 'ان' 'حوالي' 'سان' 'خبر' 'ناهي' '،' 'نه' 'ئي' 'کيس' 'اعتماد'
 '۾' 'ورتو' 'ويو' 'آهي' '،' 'وفاقي' 'گهرو' 'وزير' 'به' 'انهي' 'آپريشن'
 'کان' 'لاتعلقي' 'جو' 'اظهار' 'ڪيو' 'ته' 'جنهن' 'وقت' 'اهو' 'آپريشن' 'ڪيو'
 'ويو' '،' 'ان' 'وقت' 'هو' 'گڏيل' 'عرب' 'امارتن' '۾' 'هو' '.']","[0 0 0 0 5 0 0 0 0 0 0 0 0 0 0 0 0 0 0 0 0 0 0 0 0 0 0 0 0 5 0 0 0 0 0 0 0
 0 0 0 0 0 0 0 0 0 0 0 0 7 7 7 0 0 0]"
241,"['مون' 'کي' 'غائب' 'ڏسي' '،' 'اُتي' 'سڄو' 'ڏينهن' 'گهاريندڙ' 'حسن' 'درس'
 'فڪر' '۾' 'پئجي' 'ويو' '۽' 'اصل' 'ڳالهه' 'به' 'سمجهي' 'ويو' '،' 'جو'
 'آخري' 'ڏينهن' '۾' 'اٿاهه' 'همدرديون' 'رکندڙ' 'مسعود' 'لوهار' 'سان'
 'گڏجي' 'ڇڪي' 'اچي' 'گهر' 'مان' 'ڪڍندو' 'هو' '۽' 'پوءِ' 'سنڌ' 'جا' 'ڪيئي'
 'رنگ' 'ڏسڻ' 'ويندا' 'هئاسين' '.']","[0 0 0 0 0 0 0 0 0 3 3 0 0 0 0 0 0 0 0 0 0 0 0 0 0 0 0 0 0 3 3 0 0 0 0 0 0
 0 0 0 0 7 0 0 0 0 0 0 0]"
242,"['آمريڪين' 'پاران' 'سندس' 'بي' 'گناهي' 'جي' 'مسلسل' 'اعتراف' 'باوجود' 'به'
 'سندن' 'تشدد' 'مان' 'ايئن' 'لڳي' 'رهيو' 'هو' 'ته' 'هو' 'سميع' 'کي'
 'پنهنجو' 'انٽيليجنس' 'اثاثو' 'بڻائي' 'رهندا' '.']",[0 0 0 0 0 0 0 0 0 0 0 0 0 0 0 0 0 0 0 3 0 0 0 0 0 0 0]
243,"['ترڪتال' 'جو' 'هٿيار' 'اسرائيل' 'جي' 'ٺاهيل' 'آئوزي' '9MM' 'گن' 'کان'
 'به' 'وڌيڪ' 'پاور' 'وارو' 'هوندو' 'آهي' '.']",[ 0  0  0  7  0  0 11 11 11  0  0  0  0  0  0  0  0]
244,"['پي' 'اين' 'اي' 'ڪيئن' 'ٺهيو' '،' 'آءِ' 'جي' 'آءِ' 'ڪيئن' 'ٺهي' '،' 'ايم'
 'ايم' 'اي' 'ڪيئن' 'وجود' '۾' 'آئي' '،' 'قاف' 'ليگ' 'جو' 'قيام' 'ڪيئن'
 'ٿيو' '؟']","[11 11 11  0  0  0  8  8  8  0  0  0  8  8  8  0  0  0  0  0  8  8  0  0
  0  0  0]"
245,['.'],[0]
246,"['ڪراچيءَ' '۾' 'مٿين' 'ٻنهي' 'بزرگن' 'جو' 'اولاد' 'قائد' 'تحريڪ' 'جو'
 'افطاري' 'وعظ' 'خشوع' '۽' 'خضوع' 'سان' 'ٻڌي' 'رهيو' 'هو' '.']",[7 0 0 0 0 0 0 5 5 0 0 0 0 0 0 0 0 0 0 0]
247,"['چوڻ' 'جو' 'مطلب' 'ته' 'ملڪ' 'جو' 'پڙهيل' 'لکيل' '۽' 'سياسي' 'صورتحال'
 'تي' 'نظر' 'رکندڙ' 'طبقو' 'هاڻي' 'اهو' 'چوڻ' 'تي' 'مجبور' 'ٿي' 'پيو'
 'آهي' 'ته' 'ملڪ' '۾' 'حڪومت' 'نالي' 'ڪا' 'شيءِ' 'ئي' 'ڏسڻ' '۾' 'نٿي'
 'اچي' 'ته' 'حڪومتي' 'رٽ' 'جو' 'نظر' 'اچڻ' 'ته' 'پري' 'جي' 'ڳالهه' 'آهي'
 '.']","[0 0 0 0 0 0 0 0 0 0 0 0 0 0 0 0 0 0 0 0 0 0 0 0 0 0 0 0 0 0 0 0 0 0 0 0 0
 0 0 0 0 0 0 0 0 0 0]"
248,"['سو' 'اِها' 'حقيقت' 'پنهنجي' 'جاءِ' 'تي' '،' 'پر' 'جي' 'زمان' 'قريب'
 'ماضيءَ' 'جي' 'حساب' 'سان' 'يا' 'زمان' 'حال' 'جي' 'حساب' 'سان' 'مالي'
 'طور' 'تي' 'سڌريل' 'ملڪن' 'جي' '(' 'اوليت' ')' 'کي' 'نظر' '۾' 'رکبو' 'ته'
 'ڳالهه' 'ڇڻي' 'اچي' 'پٽ' 'پوندي' 'ته' 'آخر' 'انهن' 'جي' 'اوليت' 'ڪهڙي'
 'آهي' '.']","[0 0 0 0 0 0 0 0 0 0 0 0 0 0 0 0 0 0 0 0 0 0 0 0 0 0 0 0 0 0 0 0 0 0 0 0 0
 0 0 0 0 0 0 0 0 0 0 0]"
249,"['اهي' 'ٻه' 'طرفا' 'پاڪستاني' 'هندستاني' 'آمدرفت' 'جا' 'طور' 'طريقا'
 'جيئن' 'پوءِ' 'تيئن' 'وڌيڪ' 'تيز' 'رفتاريءَ' 'سان' 'اڳتي' 'وڌندا' '۽'
 'ترقيءَ' 'جو' 'نئون' 'سفر' 'شروع' 'ٿيندو' '.']","[ 0 11  0  8  8  0  0  0  0  0  0  0  0  0  0  0  0  0  0  0  0  0  0  0
  0  0]"
250,"['هن' 'تڪ' 'تان' 'حافظ' 'تقي' 'به' 'ايم' 'اين' 'اي' 'چونڊاڻو' 'هيو' '،'
 'جيڪو' 'انجمن' 'طلباءِ' 'اسلام' 'جو' 'مرڪزي' 'صدر' 'رهيو' 'هو' 'ته'
 'نوراني' 'کان' 'ڌار' 'ٿي' 'استحڪام' 'پاڪستان' 'ڪائونسل' 'جو' 'به' 'اهم'
 'اڳواڻ' 'هو' '.']","[ 0  0  0  0  0  0 11 11 11  0  0  0  0  8  8  8  0  0  5  0  0  0  3  0
  0  0  6  6  6  0  0  0  0  0  0]"
251,"['جتي' 'رام' 'باغ' 'جو' 'زبردستي' 'مذهب' 'مٽائي' 'کيس' 'آرام' 'باغ'
 'بڻائڻ' 'جي' 'ريت' 'نه' 'پئي' 'هئي' '،' 'جتي' 'نهاري' '،' 'حليم' '۽'
 'بهاري' 'ڪبابن' 'هتان' 'جي' 'رهواسين' 'جي' 'ذائقن' 'تي' 'قبضو' 'نه' 'ڪيو'
 'هو' '،' 'جتي' 'مختلف' 'مذهب' '،' 'ٻوليون' '،' 'ثقافتون' '۽' 'رواج'
 'رکندڙ' 'ماڻهن' 'جي' 'لغت' '۾' 'لساني' 'تعصب' '۽' 'مذهبي' 'فرقيواريت'
 'جهڙا' 'اصطلاح' 'ڪونه' 'هئا' '،' 'هتان' 'جون' 'ڪشاده' '۽' 'گوٿڪ'
 'اسٽائيل' 'واريون' 'عمارتون' 'ان' 'بدذوقي' '۽' 'بي' 'هنگم' 'هجوم' 'کان'
 'اوپريون' 'هيون' '،' 'جنهن' 'مٿن' 'قبضو' 'ڪري' 'انهن' 'جي' 'تاريخ' 'ئي'
 'مٽائي' 'ڇڏي' '.']","[0 4 4 0 0 0 0 0 0 0 0 0 0 0 0 0 0 0 0 0 0 0 0 0 0 0 0 0 0 0 0 0 0 0 0 0 0
 0 0 0 0 0 0 0 0 0 0 0 0 0 0 0 0 0 0 0 0 0 0 0 0 0 0 0 0 0 0 0 0 0 0 0 0 0
 0 0 0 0 0 0 0 0 0 0 0 0 0 0]"
252,"['جڏهن' 'به' 'اسان' 'کي' 'ديانتدار' '۽' 'وطن' 'دوست' 'سياسي' 'جمهوري'
 'قيادت' 'نصيب' 'ٿيندي' 'ته' 'اسين' 'به' 'دنيا' 'جي' 'ٻين' 'سمورن' 'ملڪن'
 'جيان' 'هن' 'معاملي' 'تي' 'سوڀارا' 'ٿي' 'سگهنداسين' '.']",[0 0 0 0 0 0 0 0 0 0 0 0 0 0 0 0 0 0 0 0 0 0 0 0 0 0 0 0 0]
253,"['(' '4' ')' 'اچو' 'اصل' 'مامري' 'تي' 'يعني' 'نئين' 'تي' 'بند' 'ٻڌي'
 'باراني' 'زمين' 'کي' 'آباد' 'ڪرڻ' '.']",[ 0 11  0  0  0  0  0  0  0  0  0  0  0  0  0  0  0  0]
254,"['اميد' 'ته' 'سپريم' 'ڪورٽ' '۾' 'هلندڙ' 'جاچ' 'دوران' 'اڳتي' 'هلي' 'جيڪي'
 'نوان' 'ڦاٽ' 'ڦاٽندا' '،' 'تن' 'مان' 'اهو' 'به' 'پڌرو' 'ٿي' 'ويندو' 'ته'
 'سنڌين' 'جي' 'قومي' 'ملڪيتن' 'کي' 'ڀڳڙن' 'مُٺ' 'تي' 'آخر' 'ڪهڙي' 'خوشيءَ'
 '۾' 'ڪنهن' 'جي' 'حڪم' 'تي' '،' 'ڪنهن' 'ڪنهن' 'کپايو' '۽' 'ڇو' 'کپايو' '؟']","[0 0 6 6 0 0 0 0 0 0 0 0 0 0 0 0 0 0 0 0 0 0 0 0 0 0 0 0 0 0 0 0 0 0 0 0 0
 0 0 0 0 0 0 0 0 0 0]"
255,['وقت' 'جي' 'انتخاب' 'کي' 'ڪهڙي' 'پڳ' 'پارائجي' '؟'],[0 0 0 0 0 0 0 0]
256,['سادگيون' 'اهڙيون' '،' 'جو' 'پنهنجو' 'پاڻ' 'کي' 'گهوري' 'ڇڏ' '.'],[0 0 0 0 0 0 0 0 0 0]
257,"['هر' 'آمر' 'وانگر' 'قذافي' 'کي' 'به' 'پنهنجو' 'تختو' 'اونڌو' 'ٿيڻ' 'جو'
 'ڊپ' 'رهندو' 'هو' '.']",[0 0 0 3 0 0 0 0 0 0 0 0 0 0 0]
258,['اڃا' 'به' 'ٺهيو' '.'],[0 0 0 0]
259,['ان' 'ڪري' 'منهنجو' '”' 'وجود' '“' 'ضروري' 'آهي' '.'],[0 0 0 0 0 0 0 0 0]
260,"['کيس' 'اها' 'پاليسي' 'اختيار' 'ڪرڻ' 'گهرجي' '،' 'جنهن' 'سان' 'پارٽي' 'جي'
 'اتحاد' 'توڙي' 'حڪومتي' 'اتحاد' 'کان' 'ويندي' 'عوام' 'جي' 'اعتماد' '۾'
 'وڌيڪ' 'ڏار' 'پوڻ' 'بدران' 'اهي' 'وڇوٽيون' 'ختم' 'ٿين' '.']",[0 0 0 0 0 0 0 0 0 0 0 0 0 0 0 0 0 0 0 0 0 0 0 0 0 0 0 0 0 0]
261,"['چئبو' 'ته' 'سر' 'ظفر' 'الله' 'خان' 'کي' 'ملڪ' 'جو' 'پهريون' 'پرڏيهي'
 'وزير' 'چوڻ' 'تاريخي' 'تناظر' '۾' 'صحيح' 'ناهي' '.']",[ 0  0  3  3  3  3  0  0  0 11  0  5  0  0  0  0  0  0  0]
262,"['اهو' 'واندو' 'ڳوٺ' 'جي' 'ماڻهن' 'کي' 'سڳا' 'وٽي' 'ڏيندو' 'هو' '۽'
 'انهيءَ' 'مان' 'گهر' 'جو' 'گذر' 'سفر' 'هلائيندو' 'هو' '.']",[0 0 0 0 0 0 0 0 0 0 0 0 0 0 0 0 0 0 0 0]
263,['ريلوائي' 'به' 'آئي' '۽' 'هوائي' 'جهاز' 'به' 'ڪن' 'ڪڍيا' '.'],[0 0 0 0 0 0 0 0 0 0]
264,"['ڇا' 'اهڙي' 'حڪومت' 'مان' 'اها' 'اميد' 'رکي' 'سگهجي' 'ٿي' 'ته' 'اها'
 'بئريسٽر' 'ضمير' 'گهمري' 'جهڙي' 'با' 'اصول' 'شخص' 'کي' 'ماٺ' 'ميٺ' '۾'
 'استعمال' 'ڪري' 'اعليٰ' 'عدالت' 'جو' 'دروازو' 'کڙڪائي' 'اهڙو' 'منع'
 'نامو' 'يا' 'فائنل' 'ججمينٽ' 'جاري' 'ڪرائيندي' '،' 'جنهن' 'سان' 'سنڌي'
 'ماڻهن' 'جي' 'هانوَ' 'تي' 'ڇنڊو' 'پوي' 'يا' 'گهٽ' '۾' 'گهٽ' 'عدالتي'
 'فيصلي' 'کانپوءِ' 'سنڌين' 'وٽان' 'احتجاج' 'جو' 'حق' 'کسجي' 'وڃي' '؟']","[0 0 0 0 0 0 0 0 0 0 0 5 3 3 0 0 0 0 0 0 0 0 0 0 0 0 0 0 0 0 0 0 0 0 0 0 0
 0 0 0 8 0 0 0 0 0 0 0 0 0 0 0 0 0 0 0 0 0 0 0 0 0]"
265,"['اهي' 'نڪتا' '،' 'جن' 'کي' 'منشور' 'چئجي' 'ٿو' '،' 'تنهن' '۾' 'عوام' 'جي'
 'ڀلائيءَ' 'کان' 'ويندي' 'مجموعي' 'طور' 'تي' 'ملڪي' '۽' 'صوبائي' 'ترقيءَ'
 'تائين' 'جا' 'تصور' 'پيش' 'ڪيل' 'هجن' 'ٿا' '،' 'انهن' 'جي' 'وسيلن' '۽'
 'مفادن' 'جي' 'تحفظ' 'جي' 'ڳالهه' 'ڪيل' 'هجي' 'ٿي' '،' 'هڪ' 'سٺي'
 'حڪمرانيءَ' 'جو' 'خاڪو' 'هجي' 'ٿو' '،' 'جنهن' '۾' 'ادارن' 'جي' 'بحاليءَ'
 'کان' 'ويندي' 'مختلف' 'شعبن' '۾' 'پاڻڀرائپ' 'سميت' 'عوام' 'جا' 'اهنج' '۽'
 'تڪليفون' 'گهٽائڻ' 'جا' 'واعدا' 'وچن' 'هجن' 'ٿا' '.']","[ 0  0  0  0  0  0  0  0  0  0  0  0  0  0  0  0  0  0  0  0  0  0  0  0
  0  0  0  0  0  0  0  0  0  0  0  0  0  0  0  0  0  0  0  0 11  0  0  0
  0  0  0  0  0  0  0  0  0  0  0  0  0  0  0  0  0  0  0  0  0  0  0  0
  0  0  0  0]"
266,['منهنجيون' 'جبلتون' 'به' 'اهو' 'ئي' 'چون' 'ٿيون' '.'],[0 0 0 0 0 0 0 0]
267,['منٿ' 'ميڙ' 'ڇو' 'ڪجي' '؟'],[0 0 0 0 0]
268,"['هاڻي' 'جنگين' 'دوران' 'ماڻهن' 'اهو' 'ٻڌو' 'ته' 'معيشت' 'جي' 'مستحڪم'
 'ٿيڻ' 'جا' 'اثر' 'جلد' 'عوام' 'تائين' 'منتقل' 'ٿيندا' '،' 'جيڪي' 'ڪڏهن'
 'ڪونه' 'ٿيا' '.']",[0 0 0 0 0 0 0 0 0 0 0 0 0 0 0 0 0 0 0 0 0 0 0 0]
269,['ايم' 'ڪيو' 'ايم' '”' 'نشتر' 'پارڪ' '“' '۾' 'قائم' 'ٿي' 'هئي' '.'],[8 8 8 0 4 4 0 0 0 0 0 0]
270,"['جيڪڏهن' 'اهو' 'ثابت' 'ٿي' 'وڃي' 'ته' 'ڏهاڪن' 'تائين' 'ڪراچي' 'تي' 'راڄ'
 'ڪندڙ' 'پارٽي' 'پنهنجي' 'گهر' 'جي' 'سيٽ' 'به' 'نٿي' 'کٽي' 'سگهي' 'ته'
 'پوءِ' 'يقينن' 'ان' 'جا' 'متحده' 'جي' 'سياسي' 'مستقبل' 'مٿان' 'گهرا'
 'ناڪاري' 'اثر' 'پوڻ' 'اڻٽر' 'ٿي' 'پوندا' '.']","[0 0 0 0 0 0 0 0 7 0 0 0 0 0 0 0 0 0 0 0 0 0 0 0 0 0 8 0 0 0 0 0 0 0 0 0 0
 0 0]"
271,"['هو' 'جيئن' 'اڄڪلهه' 'اليڪشن' 'کان' 'اڳ' '۾' 'گذريل' 'ڪيترن' 'سالن' 'جي'
 'التوا' 'هيٺ' 'پيل' 'فاتحن' '۽' 'مبارڪن' 'جي' 'دوري' 'تي' 'نڪتل' 'آهن'
 '،' 'تن' 'کي' 'ميارون' 'ڏيڻ' 'بدران' 'کين' 'ووٽ' 'ڏيڻ' 'بند' 'ڪرڻ' 'کپي'
 '.']",[0 0 0 0 0 0 0 0 0 0 0 0 0 0 0 0 0 0 0 0 0 0 0 0 0 0 0 0 0 0 0 0 0 0 0]
272,"['ميمو' 'معاملو' 'ميڊيا' '۾' 'اچڻ' 'کانپوءِ' 'به' 'ٿڌو' 'ٿيڻ' 'باوجود'
 'هڪ' 'ڀيرو' 'ٻيهر' 'زور' 'شور' 'سان' 'ڇو' 'نڪري' 'آيو' '،' 'جو' 'حسين'
 'حقاني' 'جي' 'نوڪري' 'به' 'چٽ' 'ٿي' 'وئي' '؟']","[ 0  0  0  0  0  0  0  0  0  0 11  0  0  0  0  0  0  0  0  0  0  3  3  0
  0  0  0  0  0  0]"
273,"['حالت' 'اها' 'رهي' 'ته' 'وزير' 'هجن' 'يا' 'ڪامورا' 'سڀ' 'پاڻي' 'جي'
 'پويان' 'ڊوڙندا' 'رهيا' '۽' 'پاڻي' 'کين' 'ڊوڙائيندو' 'رهيو' '،' 'پوءِ'
 'جنهن' 'کي' 'جتان' 'سمجهه' '۾' 'پئي' 'آيو' '،' 'اتان' 'پاڻي' 'کي' 'ڪٽ'
 'ڏيڻ' 'شروع' 'ڪري' 'ڏنائون' '.']","[0 0 0 0 5 0 0 0 0 0 0 0 0 0 0 0 0 0 0 0 0 0 0 0 0 0 0 0 0 0 0 0 0 0 0 0 0
 0]"
274,"['پر' 'ڇا' 'وڪي' 'ليڪس' 'پاران' 'ٻه' 'سال' 'اڳ' 'ظاهر' 'ڪيل' 'خفيه'
 'آمريڪي' 'دستاويزن' '۾' 'ڪراچيءَ' 'مان' 'سفارتڪار' 'جو' 'اماڻيل' 'ليٽر'
 'به' 'ڪوڙو' 'آهي' '،' 'جنهن' '۾' 'هن' 'ڄاڻايو' 'هو' 'ته' '،' '”' 'ڪراچي'
 '۽' 'حيدرآباد' 'جي' 'وڏي' 'تنظيم' 'ايم' 'ڪيو' 'ايم' 'وٽ' 'ڏهه' 'هزار'
 'تربيت' 'يافته' 'هٿياربند' 'ويڙهاڪ' 'آهن' '۽' 'پندرهن' 'هزار' 'وڌيڪ'
 'سندن' '۾' 'به' 'ويٺل' 'آهن' '.']","[ 0  0  9  9  0 11 11  0  0  0  0  8  0  0  7  0  0  0  0  0  0  0  0  0
  0  0  0  0  0  0  0  0  7  0  7  0  0  0  8  8  8  0 11 11  0  0  0  0
  0  0 11 11  0  0  0  0  0  0  0]"
275,"['پاڻ' 'ڪي' 'ايڏا' 'وڏا' 'ماهر' 'ته' 'ڪو' 'نه' 'آهيون' '،' 'پر' 'مانيءَ'
 'جا' 'ٻه' 'ويلا' 'کائون' 'ٿا' '.']",[ 0  0  0  0  0  0  0  0  0  0  0  0  0 11  0  0  0  0]
276,"['سو' 'ڪيترن' 'ئي' 'حوالن' 'سان' 'اهو' 'چئي' 'سگهجي' 'ٿو' 'ته' 'سول' '۽'
 'ملٽري' 'لاڳاپن' '۾' 'عدم' 'اعتماد' 'واري' 'ڪيفيت' 'موجود' 'آهي' '،' 'پر'
 'وقت' 'گذرڻ' 'سان' 'ان' '۾' 'وڌيڪ' 'اضافو' 'ٿيندو' 'پيو' 'وڃي' '.']",[0 0 0 0 0 0 0 0 0 0 0 0 0 0 0 0 0 0 0 0 0 0 0 0 0 0 0 0 0 0 0 0 0 0]
277,"['سي' 'ته' 'لڙهي' 'ويا' '،' 'پر' 'جاني' 'دشمنيون' '۽' 'دوستيون' 'به'
 'لڙهي' 'ويا' '.']",[0 0 0 0 0 0 0 0 0 0 0 0 0 0]
278,"['راجيش' 'جوشي' 'جو' 'دهليءَ' '۾' 'مقرر' 'اهو' 'مبصر' 'آهي' '،' 'جنهن'
 'کي' 'پاڪستاني' 'صحافت' 'جي' 'منفرد' 'مبصر' 'وسعت' 'الله' 'خان' 'سان'
 'ڀيٽي' 'سگهجي' 'ٿو' '.']",[3 3 0 7 0 0 0 0 0 0 0 0 8 0 0 0 0 3 3 3 0 0 0 0 0]
279,"['انهن' 'چونڊن' '۾' 'فقط' 'پيپلز' 'پارٽي' 'هئي' 'جيڪا' '3' 'سيٽون' 'کٽي'
 'ٿورو' 'گهڻو' 'مهاجر' 'سياست' 'جي' 'نعري' 'کي' 'منهن' 'ڏيئي' 'سگهي' '،'
 'باقي' 'مذهبي' 'پارٽين' 'وڃي' 'ترو' 'ورتو' '.']","[ 0  0  0  0  8  8  0  0 11  0  0  0  0  8  0  0  0  0  0  0  0  0  0  0
  0  0  0  0  0]"
280,"['بار' 'بار' 'جي' 'حڪومتن' 'جو' 'اچڻ' 'وڃڻ' '۽' 'مارشلائون' 'لڳڻ' 'ڇا'
 'ووٽ' 'جي' 'عزت' 'جا' 'مثال' 'هئا' '،' 'جو' 'ان' 'وقت' 'کيس' 'ووٽ' 'جو'
 'احترام' 'ياد' 'ئي' 'نه' 'پيو' '۽' 'هاڻ' 'جڏهن' 'هو' 'پاڻ' 'نااهل' 'ڪيو'
 'ويو' 'آهي' 'ته' 'کيس' 'هڪدم' 'ووٽ' 'سان' 'محبت' 'جاڳي' 'پئي' 'آهي' '.']","[0 0 0 0 0 0 0 0 0 0 0 0 0 0 0 0 0 0 0 0 0 0 0 0 0 0 0 0 0 0 0 0 0 0 0 0 0
 0 0 0 0 0 0 0 0 0 0 0]"
281,"['محترمه' 'بينظير' 'ڀٽو' 'جي' 'اهڙين' 'ڪاوشن' 'عيوض' 'کيس' 'ورلڊ' 'هيلٿ'
 'آرگنائيزيشن' 'طرفان' 'گولڊ' 'ميڊل' 'پڻ' 'مليو' 'هو' '.']",[5 3 3 0 0 0 0 0 6 6 6 0 0 0 0 0 0 0]
282,"['مليحه' 'لوڌي' 'صاحبه' 'جو' 'خيال' 'آهي' 'ته' 'هن' 'قسم' 'جا' 'ڪوڙا'
 'سچا' 'افواهه' 'پکيڙي' 'وقت' 'جي' 'سرڪار' 'پنهنجن' 'مخالفن' 'کي'
 'مونجهاري' '۾' 'رکڻ' 'سان' 'گڏوگڏ' 'ساڻن' 'سوديبازي' 'ڪري' 'پنهنجي'
 'مرضيءَ' 'جا' 'نگران' 'آڻڻ' 'جا' 'جتن' 'ڪري' 'رهي' 'آهي' 'پر' 'مهذب'
 'دنيا' '۾' 'ڪٿي' 'به' '،' 'ڪا' 'به' 'حڪومت' 'اليڪشن' 'جي' 'تاريخ' 'بابت'
 'اهڙو' 'تماشو' 'نه' 'ڪندي' 'آهي' '،' 'جهڙي' 'ريت' 'پيپلز' 'پارٽيءَ' 'جي'
 'سرڪار' 'ڪري' 'رهي' 'آهي' '.']","[3 3 3 0 0 0 0 0 0 0 0 0 0 0 0 0 0 0 0 0 0 0 0 0 0 0 0 0 0 0 0 0 0 0 0 0 0
 0 0 0 0 0 0 0 0 0 0 0 0 0 0 0 0 0 0 0 0 0 0 0 8 8 0 0 0 0 0 0]"
283,"['ايئن' 'ڇو' 'ٿو' 'محسوس' 'ٿئي' 'ته' 'حڪومت' 'رڳو' 'علامتي' 'طور' 'تي'
 'فقط' 'محدود' 'اختيارن' 'سان' 'وقفي' 'وقفي' 'سان' 'پنهنجي' 'موجودگي' 'جو'
 'احساس' 'ڏياريندي' 'رهي' 'ٿي' 'پر' 'مستقل' 'طور' 'تي' 'هڪ' 'ٻي' 'حڪومت'
 'آهي' 'جيڪا' 'ئي' 'اصل' 'حڪومت' 'آهي' '؟']","[ 0  0  0  0  0  0  0  0  0  0  0  0  0  0  0  0  0  0  0  0  0  0  0  0
  0  0  0  0  0 11 11  0  0  0  0  0  0  0  0]"
284,"['ميڊيا' 'جي' 'رپورٽس' 'موجب' 'جيتوڻيڪ' 'پيپلز' 'پارٽي' 'جي' 'قيادت' 'کي'
 'اهو' 'احساس' 'آهي' 'ته' 'هاڻي' 'گورننس' 'جي' 'معاملي' 'تي' 'ٿيندڙ'
 'تنقيد' 'ان' 'حد' 'تائين' 'پهتي' 'آهي' 'جو' 'ان' 'کي' 'آساني' 'سان'
 'نظرانداز' 'نٿو' 'ڪري' 'سگهجي' 'پر' 'اهو' 'اعتراف' 'بهرحال' 'پاڻ' 'کي'
 'پوءِ' 'به' 'نظر' 'نٿو' 'اچي' 'ته' 'ڪو' 'معاملن' 'جي' 'خرابي' 'جي'
 'ذميواري' 'کي' 'قبول' 'ڪيو' 'وڃي' '،' 'اسان' 'جي' 'اقتداري' 'ايوانن' '۾'
 'اها' 'حقيقت' 'پسندي' '۽' 'معروضيت' 'ڪڏهن' 'ايندي' 'جو' 'مسئلن' 'کي'
 'سمجهڻ' '۽' 'ان' 'جي' 'حل' 'لاءِ' 'تڪڙا' '۽' 'ديرپا' 'قدم' 'کنيا' 'وڃن'
 '.']","[0 0 0 0 0 8 8 0 0 0 0 0 0 0 0 0 0 0 0 0 0 0 0 0 0 0 0 0 0 0 0 0 0 0 0 0 0
 0 0 0 0 0 0 0 0 0 0 0 0 0 0 0 0 0 0 0 0 0 0 0 0 0 0 0 0 0 0 0 0 0 0 0 0 0
 0 0 0 0 0 0 0 0 0 0 0 0]"
285,"['سوشل' 'ميڊيا' 'جي' 'طاقت' 'سان' 'نه' 'رڳو' 'ايشيا' 'جي' 'ڪنهن' 'به'
 'ڪنڊ' '۾' 'رهندڙ' 'ماڻهو' 'افريڪا' 'جي' 'ڏورانهين' 'ترين' 'علائقي' '۾'
 'رهندڙ' 'ماڻهن' 'سان' 'رابطي' '۾' 'رهي' 'معلومات' 'توڙي' 'تصويرن' '۽'
 'مواد' 'جي' 'مٽا' 'سٽا' 'ڪري' 'سگهي' 'ٿو' 'پر' 'ڪاروباري' 'ڪمپنيون' 'پڻ'
 'بنا' 'ڪنهن' 'اشتهاري' 'ايجنسين' 'جي' 'سهاري' 'جي' '،' 'سڌو' 'سنئون'
 'صارفين' 'سان' 'رابطي' '۾' 'رهي' 'سگهن' 'ٿيون' '.']","[0 0 0 0 0 0 0 7 0 0 0 0 0 0 0 7 0 0 0 0 0 0 0 0 0 0 0 0 0 0 0 0 0 0 0 0 0
 0 0 0 0 0 0 0 0 0 0 0 0 0 0 0 0 0 0 0 0 0 0 0]"
286,"['بئريسٽر' 'صاحب' 'اڳتي' 'لکي' 'ٿو' 'ته' '،' 'يورپ' '۾' 'جڏهن' 'ڪجهه'
 'وقت' 'کان' 'پوءِ' 'جاڳرتا' 'وارو' 'دور' 'آيو' '،' 'جمهوريت' 'جي' 'پاڙ'
 'پختي' 'ٿيڻ' 'لڳي' '۽' 'عام' 'خلق' 'جي' '”' 'قانون' 'سڀ' 'لاءِ' 'برابر'
 '“' '۽' 'قانون' 'جي' 'بالادستيءَ' '“' 'واري' 'سوچ' 'سان' 'آشنائي' 'ٿي'
 'ته' 'اهڙن' 'قانونن' 'جو' 'دعويدار' 'بادشاهه' 'عوام' 'جي' 'غضب' 'جو'
 'نشانو' 'بڻيو' '.']","[5 5 0 0 0 0 0 7 0 0 0 0 0 0 0 0 0 0 0 0 0 0 0 0 0 0 0 0 0 0 0 0 0 0 0 0 0
 0 0 0 0 0 0 0 0 0 0 0 0 0 0 0 0 0 0 0 0 0]"
287,"['1965ع' 'واري' 'جنگ' '۾' 'به' 'آمريڪا' 'پاڪستان' 'جي' 'ڪا' 'به' 'مدد'
 'نه' 'ڪئي' '.']",[9 9 9 0 0 7 7 0 0 0 0 0 0 0]
288,"['لياريءَ' 'جي' 'غربت' '۾' 'گهاريندڙ' 'عوام' 'کي' 'ڀته' 'خور' 'جو' 'لقب'
 'ڏيئي' 'چئن' 'ڏينهن' 'کان' 'هٿياربند' 'آپريشن' 'ڪرائڻ' '۾' 'حڪمرانن' 'جي'
 'اتحادي' 'ڌر' 'رحمان' 'ملڪ' 'جي' 'مهربانين' 'سان' 'ڪامياب' 'ته' 'ٿي'
 'ويئي' 'آهي' '،' 'پر' 'شاهي' 'سيد' 'کان' 'وٺي' 'آفاق' 'احمد' 'تائين' 'سڀ'
 'ڪنهن' 'وات' 'اردوءَ' 'جي' 'اها' 'وائي' 'آهي' 'ته' '،' '”' 'الٽا' 'چور'
 'ڪو' 'توال' 'کو' 'ڊانٽي' '“' '.']","[7 0 0 0 0 0 0 0 0 0 0 0 0 0 0 0 0 0 0 0 0 0 0 3 3 0 0 0 0 0 0 0 0 0 0 3 3
 0 0 3 3 0 0 0 0 1 0 0 0 0 0 0 0 0 0 0 0 0 0 0 0]"
289,"['مٿان' 'وري' 'اهڙا' 'بيان' 'به' 'اچي' 'ٽٽا' 'ته' 'سنڌ' 'جا' 'شهر'
 'بچائيو' '.']",[0 0 0 0 0 0 0 0 7 0 0 0 0]
290,"['جن' 'ليڊرن' 'کي' 'رائلٽي' '۽' 'مالڪيءَ' 'جو' 'فرق' 'معلوم' 'نه' 'هجي'
 '،' 'انهن' 'ليڊرن' 'سان' 'ڳالهيون' 'به' 'ڪهڙيون' 'ڪبيون' '؟']",[0 0 0 0 0 0 0 0 0 0 0 0 0 0 0 0 0 0 0 0]
291,['آسرا' '،' 'ڏٺا' '۽' 'پوزيون' 'جاري' 'ساري' 'آهن' '.'],[0 0 0 0 0 0 0 0 0]
292,"['محترمه' '۽' 'سندس' 'پياري' 'ڌيءَ' 'وچ' '۾' 'جيڪي' 'اتي' 'ڳالهيون'
 'ٿينديون' 'رهيون' '،' 'انهيءَ' 'مان' 'مون' 'اهو' 'اندازو' 'لڳايو' 'ته'
 'شهيد' 'م' 'محترمه' 'جي' 'سڄي' 'توجهه' 'پنهنجي' 'ٻارن' 'جي' 'تعليم'
 'ڏانهن' 'آهي' '،' 'نه' 'ڪي' 'سياست' 'ڏانهن' '.']","[5 0 0 0 0 0 0 0 0 0 0 0 0 0 0 0 0 0 0 0 0 0 5 0 0 0 0 0 0 0 0 0 0 0 0 0 0
 0]"
293,"['سنڌين' 'جون' 'تاريخي' 'ملڪيتون' 'ههڙي' 'بيدرديءَ' 'سان' 'سنڌ' 'جي'
 'اڳوڻي' 'بي' 'تاج' 'بادشاهه' 'ڄام' 'صادق' 'عليءَ' 'به' 'تين' 'وال' 'نه'
 'ڪيون' 'هونديون' '.']",[0 0 0 0 0 0 0 7 0 0 0 0 0 3 3 3 0 0 0 0 0 0 0]
294,"['نواز' 'شريف' 'جا' 'اهي' 'جملا' 'سندس' 'ايندڙ' 'حڪمت' 'عملي' 'کي' 'سمجهڻ'
 'لاءِ' 'ڪافي' 'آهن' 'ته' 'هو' 'جنهن' 'موڊ' '۾' 'آهي' '،' 'تنهن' '۾' 'هو'
 'هاڻ' 'وڌيڪ' 'ڪنهن' 'به' 'مصلحت' 'کان' 'ڪم' 'نه' 'وٺندو' '۽' 'پراڪسي'
 'بدران' 'سڌي' 'ٽڪراءَ' '۾' 'ايندو' '.']","[3 3 0 0 0 0 0 0 0 0 0 0 0 0 0 0 0 0 0 0 0 0 0 0 0 0 0 0 0 0 0 0 0 0 0 0 0
 0 0 0 0]"
295,"['ان' 'تشريح' 'موجب' 'جيڪي' 'منافعي' 'بخش' 'ادارا' 'آهن' '،' 'انهن' 'کي'
 'خساري' '۾' 'ڏيکاري' '،' 'پنهنجي' 'فرنٽ' 'مين' 'ماڻهن' 'کي' 'وڪرو' 'ڪيا'
 'وڃن' '۽' 'گڏو' 'گڏ' 'انهن' 'ادارن' 'مان' 'هزارن' 'جي' 'تعداد' '۾'
 'ماڻهن' 'کي' 'نوڪرين' 'مان' 'ڪڍيو' 'وڃي' '.']","[0 0 0 0 0 0 0 0 0 0 0 0 0 0 0 0 0 0 0 0 0 0 0 0 0 0 0 0 0 0 0 0 0 0 0 0 0
 0 0 0]"
296,"['ان' '۾' 'ڪو' 'شڪ' 'ناهي' 'ته' 'اسين' 'تاريخ' 'جي' 'هڪ' 'مشڪل' 'ترين'
 'موڙ' 'تي' 'اچي' 'پهتا' 'آهيون' '،' 'جتي' 'اسان' 'جي' 'وجود' 'جي'
 'سلامتي' '۽' 'مستقبل' 'جي' 'تحفظ' 'جا' 'خطرا' 'لاحق' 'آهن' 'پر' 'سوال'
 'اهو' 'آهي' 'ته' 'اسان' 'جون' 'سوچيندڙ' 'ڌريون' '،' 'اسان' 'جا' 'ڏاها'
 '،' 'دانشور' '۽' 'ليکڪ' 'حضرات' 'انهي' 'مشڪل' 'مرحلي' 'مان' 'قوم' 'جي'
 'رهنمائي' 'ڪري' 'کين' 'بهتري' 'جي' 'حل' 'ڏانهن' 'وٺي' 'وڃڻ' 'بدران'
 'اٿاهه' 'مايوسين' 'جي' 'ڪن' '۾' 'اڇلائڻ' 'جي' 'شعوري' '/' 'لاشعوري'
 'ڪوشش' 'ڪن' 'ٿا' 'ته' 'پوءِ' 'سنڌ' 'جا' 'اهي' 'عام' 'ماڻهو' 'جن' 'جو'
 'واسطو' 'ڪڏهن' 'هن' 'قسم' 'جي' 'خطري' 'سان' 'نه' 'پيو' 'آهي' '،' 'سي'
 'ڪيئن' '۽' 'ڪهڙي' 'نموني' 'ان' 'کي' 'منهن' 'ڏيڻ' 'جي' 'قابل' 'ٿي' 'سگهن'
 'ٿا' '؟']","[ 0  0  0  0  0  0  0  0  0 11  0  0  0  0  0  0  0  0  0  0  0  0  0  0
  0  0  0  0  0  0  0  0  0  0  0  0  0  0  0  0  0  0  0  0  0  0  0  0
  0  0  0  0  0  0  0  0  0  0  0  0  0  0  0  0  0  0  0  0  0  0  0  0
  0  0  0  0  0  0  0  0  0  7  0  0  0  0  0  0  0  0  0  0  0  0  0  0
  0  0  0  0  0  0  0  0  0  0  0  0  0  0  0  0  0  0]"
297,"['هو' 'بدوئن' 'جي' 'روايتن' 'جي' 'پاسداري' 'فقط' 'ان' 'حد' 'تائين' 'ڪندو'
 'هو' 'جو' 'پرڏيهي' 'سربراهن' 'سان' 'بدوئن' 'جي' 'مخصوص' 'تنبو' '۾'
 'ملاقاتون' 'ڪندو' 'هو' '،' 'پرڏيهي' 'دورن' 'تي' 'به' 'اهو' 'تنبو' 'ساڻس'
 'گڏ' 'هوندو' 'هو' '.']",[0 0 0 0 0 0 0 0 0 0 0 0 0 0 0 0 0 0 0 0 0 0 0 0 0 0 0 0 0 0 0 0 0 0 0 0]
298,"['معاشي' 'بحران' 'اڳ' 'ئي' 'موجود' 'هو' 'ته' 'هاڻ' 'ادارن' 'جي' 'زوال'
 'جي' 'شروعات' 'ٿي' 'چڪي' 'آهي' '،' 'ان' 'سموري' 'معاملي' '۾' 'ڀوڳيندڙ'
 'عام' 'ماڻهو' 'آهي' '،' 'جنهن' 'جي' 'داد' 'رسي' 'جو' 'ڪنهن' 'وٽ' 'وقت'
 'ڪونهي' '،' 'جو' 'هر' 'ادارو' 'پنهنجي' 'کل' 'بچائڻ' '۽' 'ٻئي' 'کي' 'ابتو'
 'ٽنگڻ' 'لاءِ' 'تيار' 'لڳو' 'پيو' 'آهي' '.']","[0 0 0 0 0 0 0 0 0 0 0 0 0 0 0 0 0 0 0 0 0 0 0 0 0 0 0 0 0 0 0 0 0 0 0 0 0
 0 0 0 0 0 0 0 0 0 0 0 0 0 0 0 0]"
299,"['ڇا' 'هو' 'چوڻ' 'چاهي' 'ٿو' 'ته' 'جن' 'ڀوتارن' 'فائر' 'برگيڊ' 'جي' 'پاڻي'
 'سان' 'جڳهه' 'کي' 'ڌوئي' 'صاف' 'ڪيو' '۽' 'ثبوتن' 'کي' 'مٽايو' '،' 'انهن'
 'جو' 'ڪو' 'به' 'ڏوهه' 'ناهي' '؟']",[0 0 0 0 0 0 0 0 0 0 0 0 0 0 0 0 0 0 0 0 0 0 0 0 0 0 0 0 0 0]
300,"['ان' 'کانپوءِ' 'شهر' 'کي' '”' 'باپ' 'ڪا' 'مال' '“' 'سمجهڻ' 'وارن' 'جيڪو'
 'ڪجهه' 'هن' 'شهر' 'سان' 'ڪيو' '،' 'تنهن' '۾' 'رتوڇاڻ' '،' 'باهين' '،'
 'نفرتن' '،' 'قبضن' '۽' 'ڪرپشن' 'جا' 'ڪيترائي' 'داستان' 'آهن' '.']",[0 0 0 0 0 0 0 0 0 0 0 0 0 0 0 0 0 0 0 0 0 0 0 0 0 0 0 0 0 0 0 0 0 0]
301,['رب' 'جي' 'مَهندان' 'توبهن' '.'],[0 0 0 0 0]
302,"['توهان' 'اڄوڪي' 'نسل' 'جي' 'ترجيحن' 'تي' 'نظر' 'ڦيرايو' 'ته' 'توهان' 'کي'
 'اهي' 'ڪتابن' 'کان' 'پاسيرا' 'ٿيل' 'ملندا' '،' 'فلسفو' '،' 'ادب' '،'
 'مذهبن' 'جو' 'تقابلي' 'جائزو' '،' 'تاريخ' '،' 'سياسيات' 'وغيره' 'جهڙن'
 'موضوعن' '۾' 'هاڻ' 'سندن' 'ڪا' 'ڪشش' 'ناهي' 'رهي' '.']","[0 0 0 0 0 0 0 0 0 0 0 0 0 0 0 0 0 0 0 0 0 0 0 0 0 0 0 0 0 0 0 0 0 0 0 0 0
 0 0 0 0]"
303,"['منهنجي' 'مشاهدي' '۾' 'هڪڙي' 'ڳالهه' 'آئي' 'آهي' 'ته' 'توهان' 'ڪيتريون'
 'به' 'فلمون' '۽' 'ڊراما' 'ڏسو' '،' 'پر' 'اهي' 'ناولن' 'جي' 'جاءِ'
 'والاري' 'نٿا' 'سگهن' '.']",[0 0 0 0 0 0 0 0 0 0 0 0 0 0 0 0 0 0 0 0 0 0 0 0 0]
304,"['هن' 'وقت' 'سنڌيءَ' '۾' 'ترجما' '۽' 'تفسيرون' 'مولانا' 'قاضي' 'عبدالرزاق'
 '،' 'مولانا' 'سيد' 'تاج' 'محمود' 'امروٽي' '،' 'احمد' 'رضا' 'خان' 'بريلوي'
 '،' 'سيد' 'بديع' 'الدين' 'شاهه' 'راشدي' '،' 'مولانا' 'مودودي' '،'
 'مولانا' 'عبدالڪريم' 'قريشي' '،' 'مولانا' 'محمد' 'ادريس' 'ڏاهري' '،'
 'حاجي' 'احمد' 'ملاح' '،' 'مولانا' 'عبيدالله' 'سنڌي' '،' 'پير' 'عبدالوحيد'
 'جان' 'سرهندي' '۽' 'ڪوٽ' 'ڌڻي' 'بادشاهه' 'پاران' 'ڇپرايل' 'تفسير' 'ڪوثر'
 'شاهه' 'مردان' '۽' 'ٻيا' 'ترجمان' '۽' 'تفسيرون' 'موجود' 'آهن' '.']","[0 0 1 0 0 0 0 5 5 3 0 5 3 3 3 8 0 3 3 3 8 0 3 3 3 3 3 0 5 3 0 5 3 3 0 5 3
 3 3 0 5 3 3 0 5 3 3 0 5 3 3 3 0 3 3 3 0 0 0 3 3 3 0 0 0 0 0 0 0 0]"
305,"['انهيءَ' 'پروپيگنڊا' 'جا' 'ٻه' 'مقصد' 'آهن' '،' 'هڪ' 'ته' 'يوسف' 'رضا'
 'گيلاني' '۽' 'صدر' 'زرداري' 'وچ' '۾' 'غلط' 'فهميون' 'پيدا' 'ڪيون' 'وڃن'
 '،' 'ٻيو' 'ته' 'يوسف' 'رضا' 'گيلاني' 'جي' 'اميج' 'کي' 'صدر' 'کان' 'به'
 'وڌيڪ' 'اڀاريو' 'وڃي' '۽' 'انهن' 'ٻنهي' 'ڳالهين' '۾' 'ڪنهن' 'حد' 'تائين'
 'اهي' 'ڪامياب' 'ٿي' 'چڪا' 'آهن' '.']","[ 0  0  0 11  0  0  0 11  0  3  3  3  0  5  5  0  0  0  0  0  0  0  0 11
  0  3  3  3  0  0  0  5  0  0  0  0  0  0  0  0  0  0  0  0  0  0  0  0
  0  0  0]"
306,"['آئون' 'ڪو' 'ميان' 'نواز' 'شريف' 'جي' 'هروڀرو' 'وڪالت' 'نه' 'پيو' 'ڪريان'
 '۽' 'نه' 'ئي' 'گذريل' 'ويهن' 'سالن' '۾' 'ساڻس' 'مليو' 'آهيان' '.']",[0 0 3 3 3 0 0 0 0 0 0 0 0 0 0 0 0 0 0 0 0 0]
307,"['جيڪڏهن' 'چين' '،' 'ڀارت' '۽' 'پاڪستان' 'خلائي' 'سفر' 'مڪمل' 'ڪري'
 'زميني' 'حقيقتن' 'ڏانهن' 'وريا' 'ته' 'پوءِ' 'افغانستان' 'سميت' 'پنهنجي'
 'اوڙي' 'پاڙي' '۾' 'به' 'پيار' '۽' 'پريت' 'جون' 'ماکي' 'کان' 'مٺيون'
 'نديون' 'ڇوليون' 'هڻي' 'وهڻ' 'لڳنديون' '.']",[0 7 0 7 0 7 0 0 0 0 0 0 0 0 0 0 7 0 0 0 0 0 0 0 0 0 0 0 0 0 0 0 0 0 0 0]
308,"['پهرين' 'مهاڀاري' 'جنگ' 'جيان' '،' 'ظاهر' 'ٻي' 'مهاڀاري' 'جنگ' '۾' 'به'
 'پنهنجي' 'ملڪ' 'کي' 'اڻ' 'ڌريو' 'رکڻ' '۾' 'ڪامياب' 'ويو' '.']",[9 9 9 0 0 0 9 9 9 0 0 0 0 0 0 0 0 0 0 0 0]
309,"['ان' 'سلسلي' '۾' 'پمفليٽ' 'ورهايا' 'ويا' '۽' 'قتل' 'جون' 'سازشون' 'پڻ'
 'ڪيون' 'ويون' '.']",[0 0 0 0 0 0 0 0 0 0 0 0 0 0]
310,"['“' 'اسان' 'جي' 'سياسي' 'جماعتن' 'جا' 'اڳواڻ' 'پنهنجين' 'ئي' 'غلطين' '۽'
 'عوام' 'لاءِ' 'هاڃيڪار' 'فيصلن' 'سان' 'اهڙو' 'سياسي' 'خال' 'پئدا' 'ڪريو'
 'ڇڏين' '،' 'جنهن' 'کي' 'ڀرڻ' 'لاءِ' 'ٽين' 'ڌر' 'جي' 'چرپر' 'شروع' 'ٿيو'
 'وڃي' '.']","[ 0  0  0  0  0  0  0  0  0  0  0  0  0  0  0  0  0  0  0  0  0  0  0  0
  0  0  0 11  0  0  0  0  0  0  0]"
311,"['آئون' 'اڳ' 'به' 'هنن' 'ڪالمن' '۾' 'اها' 'ڳالهه' 'چئي' 'چڪو' 'آهيان' 'ته'
 'رجسٽريشن' 'وارو' 'کٽراڳ' 'ايترو' 'ته' 'غير' 'عقلي' 'آهي' 'جو' 'اهو'
 'سنڌ' '۾' 'لاڳو' 'ٿي' 'ئي' 'نٿو' 'سگهي' 'ته' 'اهو' 'چئي' 'ڇڏڻ' 'ته'
 'سندن' 'رجسٽريشن' 'ڪئي' 'ويندي' '۽' 'پوءِ' 'حالتون' 'نارمل' 'ٿيڻ' 'بعد'
 'هو' 'پنهنجن' 'علائقن' 'ڏانهن' 'واپس' 'هليا' 'ويندا' '.']","[0 0 0 0 0 0 0 0 0 0 0 0 0 0 0 0 0 0 0 0 0 0 7 0 0 0 0 0 0 0 0 0 0 0 0 0 0
 0 0 0 0 0 0 0 0 0 0 0 0 0 0 0]"
312,"['هن' 'صورتحال' 'جو' 'ڳوڙهو' 'اڀياس' 'ڪندڙ' 'ماهرن' 'جو' 'سوال' 'آهي' 'ته'
 'پيپلز' 'پارٽيءَ' 'جي' 'سرڪار' 'هنن' 'همراهن' 'جو' 'مقابلو' 'ڪرڻ' 'لاءِ'
 'ڪو' 'به' 'ائڪشن' 'ڇو' 'نٿي' 'کڻي' '؟']",[0 0 0 0 0 0 0 0 0 0 0 8 8 0 0 0 0 0 0 0 0 0 0 0 0 0 0 0]
313,"['مون' 'کيس' 'چيو' 'ته' 'ترڪي' 'جو' 'عوام' 'کيس' 'ڦاسي' 'کان' 'پوءِ'
 'ڪجهه' 'ميهنن' 'اندر' 'نه' 'وساري' 'ڇڏيندو' '،' 'پر' 'ان' 'جي' 'ابتڙ'
 'هر' 'ترڪ' 'ڪيترن' 'ئي' 'نسلن' 'تائين' 'ڦاسي' 'جي' 'ڏوهه' 'جو' 'احساس'
 'پاڻ' 'سان' 'گڏ' 'کنيو' 'هلندو' '.']","[0 0 0 0 7 0 0 0 0 0 0 0 0 0 0 0 0 0 0 0 0 0 0 8 0 0 0 0 0 0 0 0 0 0 0 0 0
 0 0]"
314,"['يونيورسٽيون' 'ڪنهن' 'به' 'ملڪ' '۽' 'سماج' '۾' 'سوچڻ' '۽' 'رهنمائي'
 'ڪندڙ' 'ادارن' 'جو' 'ڪم' 'ڏينديون' 'آهن' '.']",[0 0 0 0 0 0 0 0 0 0 0 0 0 0 0 0 0]
315,['“' 'صاحب' 'کي' 'حيدرآباد' '۾' 'گهر' 'آهي' '.'],[0 0 0 7 0 0 0 0]
316,"['دنيا' '۾' 'ڪنهن' 'به' 'حڪومت' 'جي' 'ڪارڪردگي' 'جو' 'معيار' 'ان' 'حڪومت'
 'جي' 'شروعاتي' 'هڪ' 'سئو' 'ڏينهن' 'جي' 'ڪارڪردگي' 'جي' 'پرک' 'مان'
 'لڳايو' 'ويندو' 'آهي' '،' 'اسان' 'وٽ' 'سالن' 'جا' 'سال' 'گذريو' 'وڃن'
 'پر' 'ڪوبه' 'پڇاڻو' 'نه' 'هوندو' 'آهي' '.']","[ 0  0  0  0  0  0  0  0  0  0  0  0  0 11 11 11  0  0  0  0  0  0  0  0
  0  0  0  0  0  0  0  0  0  0  0  0  0  0  0]"
317,"['توهان' 'جيترو' 'ڪنهن' 'دعوت' '۾' 'دير' 'سان' 'پهچندئو' 'اوترو' 'توهان'
 'جي' 'عزت' '۽' 'تعظيم' '۾' 'واڌارو' 'ايندو' '،' 'بلڪه' 'توهان' 'سڀ' 'کان'
 'اهم' 'شخص' 'يعني' 'وي' 'آئي' 'پي' 'ليکبا' '.']","[ 0  0  0  0  0  0  0  0  0  0  0  0  0  0  0  0  0  0  0  0  0  0  0  0
  0 11 11 11  0  0]"
318,['هاڻي' 'ته' 'ڳالهه' 'وڃي' 'مهاجر' 'چيف' 'منسٽر' 'ورنه' '.'],[0 0 0 0 8 5 5 0 0]
319,"['هاڻي' 'ههڙين' 'حالتن' '۾' 'جڏهن' 'ايم' 'ڪيو' 'ايم' '۽' 'پيپلز' 'پارٽي'
 'پنهنجي' 'مرضيءَ' 'جي' 'نگران' 'حڪومت' 'ٿاڦڻ' '۾' 'رڌل' 'آهن' '،' 'تڏهن'
 'بئريسٽر' 'ضمير' 'گهمري' 'جا' 'اهڙا' 'دليل' 'ته' '،' '”' 'پيپلز' 'پارٽي'
 'جڏهن' 'اقتدار' 'تي' 'سويلين' 'بالادستيءَ' 'جي' 'ڳالهه' 'ڪري' 'ٿي' 'ته'
 'ان' 'جو' 'مقصد' 'پنجاب' 'وٽ' 'اقتدار' 'رکڻ' 'هرگز' 'نه' 'آهي' '.']","[0 0 0 0 0 8 8 8 0 8 8 0 0 0 0 0 0 0 0 0 0 0 5 3 3 0 0 0 0 0 0 8 8 0 0 0 0
 0 0 0 0 0 0 0 0 0 7 0 0 0 0 0 0 0]"
320,"['نواب' 'اڪبر' 'بگٽي' 'جي' 'قتل' 'کانپوءِ' 'ته' 'بلوچستان' 'جون' 'حالتون'
 'انهيءَ' 'نقطي' 'تي' 'پهتل' 'آهن' '،' 'جتي' 'سپريم' 'ڪورٽ' 'پاران' 'ورتل'
 'ڪوششون' 'به' 'بيڪار' 'ويندي' 'نظر' 'اچن' 'ٿيون' '،' 'ڇاڪاڻ' 'ته'
 'جيڪڏهن' 'هن' 'ملڪ' 'جي' 'اسٽيبلشمينٽ' '۽' 'سياسي' 'قيادت' 'کي'
 'بلوچستان' 'جي' 'مسئلي' 'جي' 'حل' 'جي' 'حوالي' 'سان' 'ڪا' 'همدردي' 'يا'
 'سنجيدگي' 'هجي' 'ها' 'ته' 'اها' 'رڳو' 'معافيون' 'گهرڻ' '۽' 'پيڪيج'
 'اعلان' 'ڪرڻ' 'جي' 'اثرن' 'کي' 'ختم' 'ڪرڻ' 'واري' 'پاليسي' 'بدران'
 'پهرين' 'سببن' 'کي' 'ختم' 'ڪرڻ' 'واري' 'پاليسي' 'اختيار' 'ڪن' 'ها' '،'
 'يعني' 'اهو' 'ڏٺو' 'وڃي' 'ها' 'ته' 'بنيادي' 'مسئلو' 'آهي' 'ڪهڙو' '۽'
 'ڪٿي' 'آهي' '؟']","[ 3  3  3  0  0  0  0  7  0  0  0  0  0  0  0  0  0  6  6  0  0  0  0  0
  0  0  0  0  0  0  0  0  0  0  0  0  0  0  0  0  7  0  0  0  0  0  0  0
  0  0  0  0  0  0  0  0  0  0  0  0  0  0  0  0  0  0  0  0  0  0  0 11
  0  0  0  0  0  0  0  0  0  0  0  0  0  0  0  0  0  0  0  0  0  0  0  0]"
321,"['بيشڪ' 'صدر' 'صاحب' 'پنهنجي' 'تجربي' 'آهر' 'صحيح' 'حساب' 'ڪتاب' 'ڪيو'
 'هوندو' '۽' 'گڏوگڏ' 'هن' 'پنهنجي' 'حمايتي' 'پارٽين' 'کي' 'اڪثريت' 'ڏيارڻ'
 'لاءِ' 'سڀ' 'بندوست' 'به' 'ڪري' 'ڇڏيا' 'هوندا' '،' 'پر' 'جڏهن' 'پتلين'
 'وارو' 'تماشو' 'شروع' 'ٿيو' 'ته' 'صدر' 'پاڻ' 'ئي' 'حيران' 'رهجي' 'ويو'
 '.']","[0 5 5 0 0 0 0 0 0 0 0 0 0 0 0 0 0 0 0 0 0 0 0 0 0 0 0 0 0 0 0 0 0 0 0 0 5
 0 0 0 0 0 0]"
322,"['چون' 'ٿا' 'ته' 'قومي' 'اسيمبليءَ' '۾' 'سندن' 'ووٽ' 'جڏهن' 'پ' 'پ'
 'اميدوار' 'مخدوم' 'امين' 'فهيم' 'کي' 'نه' 'مليو' 'ته' 'پ' 'پ' 'پ' 'قيادت'
 'کي' 'سخت' 'صدمو' 'رسيو' '.']",[0 0 0 2 2 0 0 0 0 8 8 0 3 3 3 0 0 0 0 8 8 8 0 0 0 0 0 0]
323,"['الاءِ' 'ڪيترين' 'عورتن' '۽' 'ننڍڙين' 'معصوم' 'ڇوڪرين' 'کي' 'جن' 'ڪڍڻ'
 '،' 'جادو' 'لاهڻ' '۽' 'ٻين' 'بهانن' 'سان' 'ريپ' 'ڪيو' 'وڃي' 'ٿو' '.']",[0 0 0 0 0 0 0 0 0 0 0 0 0 0 0 0 0 0 0 0 0 0]
324,"['اهي' 'اربين' 'رپين' 'جا' 'فنڊز' 'رکندي' 'به' 'هن' 'ملڪ' 'مان' 'پوليو'
 'جي' 'پاڙ' 'ڇونه' 'پٽي' 'سگهيا' 'آهن' '؟']",[0 0 0 0 0 0 0 0 0 0 0 0 0 0 0 0 0 0]
325,"['چترا' 'جو' 'آواز' 'خاموش' 'ٿي' 'ويو' '،' 'هوءَ' 'موسيقي' 'کي' 'الوداع'
 'ڪري' 'روحانيت' '۾' 'پنهنجي' 'پٽ' 'کي' 'ڳولڻ' 'لڳي' '۽' 'جگجيت' 'موسيقي'
 '۾' 'ئي' 'پنهنجي' 'درد' 'کي' 'اوتڻ' 'لڳو' '.']",[3 0 0 0 0 0 0 0 0 0 0 0 0 0 0 0 0 0 0 0 3 0 0 0 0 0 0 0 0 0]
326,"['“' 'اسان' 'سمجهون' 'ٿا' 'ته' 'ٺهڻ' '۾' 'ئي' 'سئو' 'فائده' 'آهن' '،' 'نه'
 'ٺهڻ' '۾' 'نقصان' 'ئي' 'نقصان' '!' '۽' 'واجپائي' 'ڀلي' 'ئي' 'يورپي'
 'يونين' 'جي' 'طرز' 'تي' 'گڏيل' 'ڪرنسيءَ' 'جي' 'تجويز' 'ڏني' 'هجي' '،'
 'پر' 'ڏکڻ' 'ايشيا' '۾' 'آزاد' 'واپار' '۽' 'يڪهجتيءَ' 'لاءِ' 'لازمي'
 'ٿيندو' 'ته' 'علائقي' 'جي' 'تڪراري' 'معاملن' 'کي' 'به' 'نبيريو' 'وڃي' '،'
 'رڳو' 'بيان' 'ڏيڻ' 'ڪافي' 'ناهي' '.']","[ 0  0  0  0  0  0  0  0 11  0  0  0  0  0  0  0  0  0  0  0  3  0  0  6
  6  0  0  0  0  0  0  0  0  0  0  0  7  7  0  0  0  0  0  0  0  0  0  0
  0  0  0  0  0  0  0  0  0  0  0  0  0  0]"
327,"['راجسٿان' 'جي' 'راڻين' '۽' 'راجائن' 'جي' 'عشق' 'معشوقيءَ' 'سان' 'معطر'
 'اسٽيشنن' 'کي' 'پوئتي' 'ڇڏي' 'ريل' '”' 'پالڻ' 'پور' 'پهچندي' 'آهي' '،'
 'جيڪا' 'گجرات' 'پرڳڻي' 'جي' 'پهرين' 'اسٽيشن' 'آهي' '.']","[ 7  0  0  0  0  0  0  0  0  0  0  0  0  0  0  0  4  4  0  0  0  0  7  0
  0 11  0  0  0]"
328,"['گڏوگڏ' 'ملڪ' 'جي' 'وڏي' 'سياسي' 'پارٽي' 'جي' 'چيئرپرسن' 'کي' 'پڻ'
 'نظربند' 'ڪيو' 'ويو' '.']",[0 0 0 0 0 0 0 0 0 0 0 0 0 0]
329,"['جڏهن' 'ته' 'شرعي' 'عدالتن' 'جي' 'قيام' 'جو' 'پڻ' 'اعلان' 'ڪيو' 'ويو'
 'آهي' '.']",[0 0 0 0 0 0 0 0 0 0 0 0 0]
330,"['آمريڪا' '۾' 'اچڻ' 'کان' 'پوءِ' 'سندس' 'قلم' 'رنگ' 'لاتو' '۽' 'ٻڙڌڪ'
 'متو' '.']",[7 0 0 0 0 0 0 0 0 0 0 0 0]
331,"['انهيءَ' 'مان' 'اِهو' 'به' 'ثابت' 'ٿو' 'ٿئي' 'ته' 'تبديليءَ' 'جي' 'سلسلي'
 '۾' 'سنڌ' 'جي' 'سرواڻن' 'جيڪا' 'راهه' 'ورتي' 'آهي' '،' 'اُها' 'ئي'
 'ڪاميابيءَ' 'جي' 'راهه' 'آهي' '۽' 'اها' 'ئي' 'راهه' 'سرواڻن' 'جي'
 'عقلمندي' 'جي' 'نشاني' 'به' 'آهي' 'ته' 'گهوٽ' 'ڄڃ' '۾' 'اڃا' 'وائڙو' 'نه'
 'ٿيو' 'آهي' '.']","[0 0 0 0 0 0 0 0 0 0 0 0 7 0 0 0 0 0 0 0 0 0 0 0 0 0 0 0 0 0 0 0 0 0 0 0 0
 0 0 0 0 0 0 0 0 0 0]"
332,"['مطلب' 'ته' 'جيڪا' 'ڳالهه' 'آمريڪا' 'ڪئي' '،' 'انهيءَ' 'جي' 'پوئواري'
 'ٿيڻ' 'گهرجي' '.']",[0 0 0 0 7 0 0 0 0 0 0 0 0]
333,"['بظاهر' 'ته' 'وزير' 'اعظم' 'هائوس' '۾' 'ٿيل' 'آرمي' 'چيف' '۽' 'وزير'
 'اعظم' 'جي' 'ملاقات' 'کانپوءِ' 'انهي' 'تاثر' 'کي' 'ختم' 'ڪرڻ' 'جي' 'ڪوشش'
 'ڪئي' 'وئي' 'آهي' 'ته' 'ڪو' 'ادارن' '۾' 'ٽڪراءَ' 'جي' 'صورتحال' 'آهي'
 'پر' 'چوڻ' 'وارا' 'چون' 'ٿا' 'ته' 'ڳالهه' 'اتي' 'ختم' 'ناهي' 'ٿي' '.']","[0 0 2 2 2 0 0 5 5 0 5 5 0 0 0 0 0 0 0 0 0 0 0 0 0 0 0 0 0 0 0 0 0 0 0 0 0
 0 0 0 0 0 0 0 0]"
334,"['خبر' 'اٿئو' 'ته' 'گذريل' 'ڏينهن' 'ورلڊ' 'بئنڪ' '۽' 'آءِ' 'ايم' 'ايف'
 'جي' 'پڳدارن' 'پاڪستان' 'کي' 'وڌيڪ' 'رقم' 'قرض' 'طور' 'ڏيڻ' 'کان' 'ٺُپ'
 'جواب' 'ڏيئي' 'ڇڏيو' 'آهي' '۽' 'اهو' 'به' 'اعلان' 'ڪيو' 'اٿن' 'ته'
 'پهرين' 'اڳوڻيون' 'رهيل' 'قسطون' 'ڀريو' 'ته' 'پوءِ' 'ڪجهه' 'سوچينداسين'
 '.']","[ 0  0  0  0  0  6  6  0  6  6  6  0  0  7  0  0  0  0  0  0  0  0  0  0
  0  0  0  0  0  0  0  0  0 11  0  0  0  0  0  0  0  0  0]"
335,"['ڳالهه' 'رڳو' 'لينڊ' 'مافيا' 'پاران' 'زمينن' 'تي' 'قبضن' 'جي' 'به' 'ناهي'
 '،' 'پر' 'وڏي' 'وزير' 'کي' 'اهو' 'به' 'ٻڌائڻ' 'گهرجي' 'ته' 'ڪراچي' 'سميت'
 'سنڌ' 'جي' 'مختلف' 'شهرن' '۾' 'جيڪا' 'غير' 'قانوني' 'طور' 'زمينن' 'جي'
 'الاٽمينٽ' 'ڪئي' 'ويندي' 'رهي' 'آهي' '،' 'ان' 'جو' 'ذميوار' 'ڪير' 'آهي'
 '؟']","[0 0 0 0 0 0 0 0 0 0 0 0 0 0 5 0 0 0 0 0 0 7 0 7 0 0 0 0 0 0 0 0 0 0 0 0 0
 0 0 0 0 0 0 0 0 0]"
336,['هلو' 'سائين' 'پنجاب' 'کي' 'ٽن' 'صوبن' '۾' 'ورهايوسين' '.'],[0 5 7 0 0 0 0 0 0]
337,"['هن' 'غريب' 'هارين' 'کي' 'ڏوڪڙ' 'ڏنا' '۽' 'اهو' 'وچن' 'ورتائين' 'ته'
 'زمين' 'آباد' 'ٿيڻ' 'کانپوءِ' 'آهستي' 'آهستي' 'اٽڪل' 'ڏهن' 'سالن' 'اندر'
 'کيس' 'رقم' 'واپس' 'ڪندا' '.']",[0 0 0 0 0 0 0 0 0 0 0 0 0 0 0 0 0 0 0 0 0 0 0 0 0 0]
338,"['ڳوٺ' '،' 'جتي' 'اڄ' 'کان' 'سئو' 'سال' 'اڳي' 'به' 'ٻار' 'وڻن' 'هيٺان'
 'پٽ' 'تي' 'ويهي' 'پڙهڻ' 'جي' 'باوجود' 'پابنديءَ' 'سان' 'هر' 'روز' 'اسڪول'
 'ويندا' 'هئا' '،' 'اڄ' 'انهن' 'ڳوٺن' '۾' 'اسڪولن' 'جا' 'ڪمرا' '،' 'پکا'
 '۽' 'بينچون' 'ته' 'آهن' '،' 'پر' 'انهن' '۾' 'ماستر' 'پڙهائڻ' 'نٿا' 'اچن'
 '۽' 'جي' 'اچن' 'به' 'ٿا' 'ته' 'اڌ' 'مُنو' 'ڪلاڪ' 'ويهي' '،' 'ٻارن' 'کي'
 'ڪجهه' 'به' 'سيکارڻ' 'بنا' 'واپس' 'هليا' 'وڃن' 'ٿا' '.']","[ 0  0  0  0  0 11 11  0  0  0  0  0  0  0  0  0  0  0  0  0  0  0  0  0
  0  0  0  0  0  0  0  0  0  0  0  0  0  0  0  0  0  0  0  0  0  0  0  0
  0  0  0  0  0  0 11 11  0  0  0  0  0  0  0  0  0  0  0  0  0]"
339,['هي' 'روئڻ' 'جو' 'وقت' 'آهي' '.'],[0 0 0 0 0 0]
340,"['ٺيڪ' 'آهي' 'اها' 'به' 'هڪ' 'مثبت' 'روايت' 'آهي' 'پر' 'ان' 'کي' 'عملي'
 'روپ' 'ڏيڻ' 'لاءِ' 'پاڻ' 'ڇا' 'پيا' 'ڪريون' '؟']",[ 0  0  0  0 11  0  0  0  0  0  0  0  0  0  0  0  0  0  0  0]
341,"['ڪاوش' '۾' 'سکيا' 'جو' 'هڪ' 'اهڙو' 'غير' 'محسوس' 'عمل' 'جاري' 'رهي' 'ٿو'
 'جنهن' 'جو' 'ٻنهي' 'ڌرين' 'کي' 'فائدو' 'ٿئي' 'ٿو' '،' 'هڪ' 'سيکاريندڙ'
 'کي' '۽' 'ٻيو' 'سکندڙ' 'کي' '.']","[10  0  0  0 11  0  0  0  0  0  0  0  0  0  0  0  0  0  0  0  0 11  0  0
  0 11  0  0  0]"
342,"['اهي' 'ڳالهيون' 'جي' 'دعائن' 'سان' 'حل' 'ٿين' 'ته' 'رمضان' 'المبارڪ' '۾'
 'پاڻ' 'کي' 'حاتم' 'طائيانه' 'سخا' '۾' 'ڪمي' 'نه' 'ڪرڻ' 'گهرجي' '!'
 'هاڻوڪي' 'افغانستان' 'جو' 'نقشو' 'امير' 'عبدالرحمان' 'خان' 'جي' 'دور' '۾'
 'مرتب' 'ٿيو' '،' 'مطلب' 'ته' 'ملڪي' 'ساخت' 'کي' 'يڪسانيت' 'نصيب' 'ٿي' '.']","[ 0  0  0  0  0  0  0  0 11 11  0  0  0  3  3  0  0  0  0  0  0  0  0  7
  0  0  3  3  3  0  0  0  0  0  0  0  0  0  0  0  0  0  0  0]"
343,"['انهن' 'مٿين' 'ڳالهين' 'تي' 'نظر' 'وجهنداسين' 'ته' 'خبر' 'پوندي' '،'
 'سٺي' 'معيشت' 'جي' 'نالي' '۾' 'ڪروڙين' 'ماڻهن' 'کي' 'ذهني' 'مريض' 'بڻايو'
 'ويو' 'آهي' '،' 'جيڪي' 'روز' 'هڪ' 'نئين' 'پريشانيءَ' 'کي' 'منهن' 'ڏيئي'
 'رهيا' 'آهن' '.']","[ 0  0  0  0  0  0  0  0  0  0  0  0  0  0  0  0  0  0  0  0  0  0  0  0
  0  0 11  0  0  0  0  0  0  0  0]"
344,"['(' '5' ')' 'ڪمائڻ' '/' 'نوڪري' 'ڪرڻ' 'جو' 'حق' ':' 'قرآن' 'پاڪ' 'جي'
 'آيت' 'آهي' '۽' 'انهيءَ' 'کي' 'نه' 'جهليو' '،' 'جنهن' '۾' 'الله' 'سائين'
 'توهان' 'کان' 'وڌيڪ' 'قابليت' 'ڏني' 'آهي' '.']","[ 0 11  0  0  0  0  0  0  0  0 10 10  0  0  0  0  0  0  0  0  0  0  0 11
 11  0  0  0  0  0  0  0]"
345,"['انهن' 'ڇهن' 'ڏهاڪن' 'دوران' 'هن' 'ملڪ' 'جي' 'سول' 'ملٽري' 'لاڳاپن' 'جي'
 'ڪمزوريءَ' 'سبب' 'سياسي' 'توڙي' 'معاشي' 'سطح' 'تي' 'هن' 'ملڪ' 'جا' 'مفاد'
 'سدائين' 'داءُ' 'تي' 'لڳندا' 'رهيا' 'آهن' '.']",[0 0 0 0 0 0 0 0 0 0 0 0 0 0 0 0 0 0 0 0 0 0 0 0 0 0 0 0 0]
346,"['اسيمبليءَ' '۾' 'ارباب' 'پاران' 'قسم' 'کڻڻ' 'لاءِ' 'اچڻ' 'به' 'رٿابنديءَ'
 'جو' 'حصو' 'ئي' 'هئي' '.']",[0 0 3 0 0 0 0 0 0 0 0 0 0 0 0]
347,"['اصل' 'رقم' '۽' 'وياج' 'وٺڻ' 'کان' 'پوءِ' 'ئي' 'آمريڪا' 'ان' 'مان' 'هٿ'
 'ڪڍي' 'سگهي' 'ٿو' '.']",[0 0 0 0 0 0 0 0 7 0 0 0 0 0 0 0]
348,"['حڪومت' 'کي' 'اهو' 'اختيار' 'ڪنهن' 'ڏنو' 'آهي' 'ته' 'ٻوڏ' '۾' 'دربدر'
 'ٿيل' 'بي' 'گهر' 'ماڻهن' 'جا' 'اجها' 'ٺهرائڻ' 'لاءِ' 'رکيل' '800' 'ڪروڙ'
 '8' '-' 'ارب' 'رپيا' 'پنج' 'پنج' 'ڪروڙ' 'ايم' 'پي' 'ايز' '۽' 'ڏهه' 'ڏهه'
 'ڪروڙ' 'ايم' 'اين' 'ايز' '۾' 'ورهائي' 'عوامي' 'خزاني' 'جي' 'کلم' 'کلا'
 'ڀينگ' 'ڪري' '؟']","[ 0  0  0  0  0  0  0  0  0  0  0  0  0  0  0  0  0  0  0  0 11 11 11  0
 11 11 11 11 11 11 11 11  0 11 11 11 11 11 11  0  0  0  0  0  0  0  0  0
  0]"
349,"['غالب' 'امڪان' 'ته' 'اهو' 'ئي' 'آهي' '،' 'جنهن' 'جو' 'اظهار' 'جهڙي' 'بيت'
 '۾' 'شاعر' 'ڪري' 'ويو' 'آهي' '!' '۽' 'محڪومن' '۾' 'برقي' 'سرفي' 'فرق'
 'ضروري' 'آهي' '.']",[0 0 0 0 0 0 0 0 0 0 0 0 0 0 0 0 0 0 0 0 0 0 0 0 0 0 0]
350,"['پهرين' 'ته' 'وفاقي' 'وزير' 'پرويز' 'رشيد' 'جا' 'داٻا' 'سامهون' 'آيا' '،'
 'جڏهن' 'نيب' 'ميگا' 'ڪرپشن' 'اسڪينڊل' 'جي' 'لسٽ' 'سپريم' 'ڪورٽ' '۾' 'پيش'
 'ڪئي' '،' 'جنهن' '۾' 'ميان' 'برادران' 'جا' 'ٻه' 'اسڪينڊل' 'به' 'شامل'
 'هئا' '،' 'جن' '۾' 'هڪ' 'ته' 'رائيونڊ' 'روڊ' 'جي' 'تعمير' '۽' 'ٻيو'
 'گذريل' 'نواز' 'ليگ' 'دور' '۾' 'ايف' 'آءِ' 'اي' '۾' 'ڀرتين' 'وارو'
 'اسڪينڊل' 'هو' '.']","[11  0  0  5  3  3  0  0  0  0  0  0  6  0  0  0  0  0  6  6  0  0  0  0
  0  0  5  0  0 11  0  0  0  0  0  0  0 11  0  7  0  0  0  0 11  0  8  8
  0  0  6  6  6  0  0  0  0  0  0]"
351,"['انهن' 'شهيدن' 'کي' 'بي' 'گور' 'و' 'ڪفن' 'ڳجهن' '۽' 'ڪتن' 'جو' 'کاڄ'
 'بنايو' 'ويو' 'هو' '.']",[0 0 0 0 0 0 0 0 0 0 0 0 0 0 0 0]
352,"['جيڪو' 'ڪم' 'اقتدار' '۾' 'رهندڙ' 'ڌرين' 'کي' 'ڪرڻ' 'گهرجي' '،' 'سو' 'ٿئي'
 'ڪونه' 'پيو' '۽' 'جيڪو' 'دهشتگرد' 'ڪرڻ' 'چاهين' 'ٿا' '،' 'سو' 'آسانيءَ'
 'سان' 'ڪريو' 'وڃن' '.']",[0 0 0 0 0 0 0 0 0 0 0 0 0 0 0 0 0 0 0 0 0 0 0 0 0 0 0]
353,"['اهي' 'ڳالهيون' 'فقط' 'اخباري' 'بيانن' 'جي' 'حد' 'تائين' 'ٺهن' 'ٿيون' '،'
 'پريس' 'رليزن' 'کانسواءِ' 'انهن' 'بيانن' 'جي' 'ڪا' 'ٺوس' 'حقيقت' 'نٿي'
 'هجي' '!' 'اها' 'ڳالهه' 'آمريڪي' 'اعليٰ' 'عملدار' 'به' 'ڪري' 'چڪا' 'آهن'
 'ته' 'جيڪڏهن' 'کين' 'پاڪستاني' 'سرحدن' 'اندر' 'طالبان' 'جي' 'ڪنهن'
 'سرگرمي' 'جو' 'ڪو' 'اطلاع' 'ملندو' 'ته' 'هو' 'پاڪستان' 'کان' 'اجازت'
 'وٺڻ' '۾' 'وقت' 'نه' 'وڃائيندا' '،' 'پر' 'ڪارروائي' 'ڪري' 'وٺندا' '.']","[0 0 0 0 0 0 0 0 0 0 0 0 0 0 0 0 0 0 0 0 0 0 0 0 0 8 0 0 0 0 0 0 0 0 0 8 0
 0 8 0 0 0 0 0 0 0 0 0 7 0 0 0 0 0 0 0 0 0 0 0 0 0]"
354,['ڳوٺ' 'ڳوٺ' '۽' 'وستي' 'وستيءَ' '۾' 'بکون' 'واڪا' 'ڪنديون' 'آهن' '.'],[0 0 0 0 0 0 0 0 0 0 0]
355,"['سينٽرل' 'آفيس' '۾' 'موجود' 'ڊاڪٽرن' 'جو' 'پئنل' 'کين' 'فون' 'ذريعي' 'ئي'
 'دوائون' 'تجويز' 'ڪري' 'ٻڌائينداو' '۽' 'اهي' 'دوائون' 'هنن' 'کي' 'ويجهي'
 'گرامين' 'صحت' 'واري' 'مرڪز' 'تان' 'تمام' 'گهٽ' 'قيمت' 'تي' 'دستياب'
 'ٿينديون' '.']",[0 0 0 0 0 0 0 0 0 0 0 0 0 0 0 0 0 0 0 0 0 6 6 6 6 0 0 0 0 0 0 0 0]
356,"['سو' 'سواءِ' 'مهاڻن' 'جي' 'ٻين' 'ماڻهن' 'کي' 'عرض' 'آهي' 'درياهه' 'کان'
 'ڀڄي' 'پاسو' 'ڪن' '.']",[0 0 0 0 0 0 0 0 0 0 0 0 0 0 0]
357,"['اڄ' 'جڏهن' 'اخبارن' '۾' 'اهو' 'رپورٽ' 'ٿئي' 'ٿو' 'ته' 'فلاڻو' 'اسڪول'
 'ڏهن' 'ٻارنهن' 'سالن' 'کان' 'ليٽرين' 'بڻيل' 'آهي' '،' 'هيترا' 'اسڪول'
 'مال' 'جي' 'وٿاڻن' '،' 'ٿاڻن' '۽' 'ڊسپينسرين' '۾' 'بدلجي' 'ويا' 'آهن' '،'
 'ته' 'سچ' 'پڇو' 'ته' 'انهيءَ' 'تي' 'پاڻ' 'کي' 'ڪا' 'حيرت' 'نٿي' 'ٿئي' '،'
 'ڇاڪاڻ' 'ته' 'اهو' 'سڀ' 'ڪجهه' 'ورهين' 'کان' 'ٿي' 'رهيو' 'آهي' '۽' 'جنهن'
 'صوبي' '۾' 'تعليم' 'جي' 'بجيٽ' '111' 'ارب' 'رپيا' 'هجي' '،' 'اتي' 'توهان'
 'کي' 'اهڙيون' 'ٻاراڻيون' 'ڳالهيون' 'سوچڻ' 'به' 'نه' 'گهرجن' 'ته' 'آخر'
 'ايترو' 'پئسو' 'به' 'تعليمي' 'ترقيءَ' 'لاءِ' 'گهٽ' 'ڇو' 'آهي' '؟']","[ 0  0  0  0  0  0  0  0  0  0  0  0 11  0  0  0  0  0  0  0  0  0  0  0
  0  0  0  0  0  0  0  0  0  0  0  0  0  0  0  0  0  0  0  0  0  0  0  0
  0  0  0  0  0  0  0  0  0  0  0  0  0  0  0 11 11 11  0  0  0  0  0  0
  0  0  0  0  0  0  0  0  0  0  0  0  0  0  0  0  0  0]"
358,"['دير' 'سوير' 'ان' '۾' 'تيزي' 'ضرور' 'ايندي' '۽' 'ان' 'جو' 'دائرو' 'وڌندي'
 'نظر' 'ايندو' '.']",[0 0 0 0 0 0 0 0 0 0 0 0 0 0 0]
359,"['۽' 'پوءِ' 'اهي' 'سماجي' 'حوالي' 'سان' 'هام' 'هڻندڙ' 'اين' 'جي' 'اوز'
 'جون' 'بيگمات' 'جيڪي' 'مسڪين' '۽' 'بي' 'پهچ' 'ماڻهن' 'جي' 'مدد' 'جا'
 'فوٽو' 'سيشن' 'ڪرائڻ' 'جو' 'ڪو' 'موقعو' 'هٿان' 'نه' 'وڃائينديون' 'آهن'
 '،' 'تن' 'کي' 'به' 'اکين' 'تي' 'چڙهيل' 'ڪارن' 'چشمن' 'پويان' 'نظر' 'ئي'
 'ڪونه' 'آيو' 'ته' 'هڪ' 'اهڙو' 'ئي' 'مفلس' 'ماڻهو' 'اعليٰ' 'ايوانن' 'آڏو'
 'ڀٽڪي' 'رهيو' 'آهي' '.']","[ 0  0  0  0  0  0  0  0 11 11 11  0  0  0  0  0  0  0  0  0  0  0  0  0
  0  0  0  0  0  0  0  0  0  0  0  0  0  0  0  0  0  0  0  0  0  0  0 11
  0  0  0  0  0  0  0  0  0  0  0]"
360,['پوءِ' 'ڇا' 'ٿيندو' '؟'],[0 0 0 0]
361,"['جيڪڏهن' 'سوچجي' 'ته' 'سوچڻ' 'لاءِ' 'گهڻو' 'ڪجهه' 'آهي' '،' 'اها' 'محبت'
 'جنهن' 'کي' 'اسان' 'پنهنجين' 'دلين' '۾' 'زنده' 'دفنائي' 'منافقي' '۽'
 'خودغرضيءَ' 'کي' 'محبت' 'جو' 'نالو' 'ڏيئي' 'ڇڏيو' 'آهي' 'ته' 'دراصل' 'ان'
 'سان' 'اسان' 'ڪنهن' 'ٻئي' 'کي' 'نه' 'پر' 'پنهنجو' 'پاڻ' 'کي' 'فريب'
 'ڏيئي' 'رهيا' 'آهيون' '.']","[0 0 0 0 0 0 0 0 0 0 0 0 0 0 0 0 0 0 0 0 0 0 0 0 0 0 0 0 0 0 0 0 0 0 0 0 0
 0 0 0 0 0 0 0 0 0 0]"
362,"['وڏي' 'ڀينگ' 'ته' 'وڏن' 'ڀائرن' 'يعني' 'امير' 'ملڪن' 'ڪئي' '،' 'پر'
 'انهن' 'جا' 'ڪيتا' 'ننڍن' 'ڀائرن' 'يعني' 'غريب' 'ملڪن' 'کي' 'لوڙڻا'
 'پئجي' 'ويا' 'آهن' '.']",[0 0 0 0 0 0 0 0 0 0 0 0 0 0 0 0 0 0 0 0 0 0 0 0 0]
363,"['شهيد' 'راڻي' 'انگريز' 'تجزيه' 'نگار' 'جي' 'نيويارڪ' 'ٽائيم' 'مئگزين' '۾'
 'لکليل' 'ڪالم' 'جو' 'حوالو' 'ڏيندي' 'چوي' 'ٿي' 'ته' 'هن' 'جو' 'اهو' 'ئي'
 'چوڻ' 'آهي' 'ته' 'آمريڪا' 'مصر' 'جي' 'صدر' 'حسني' 'مبارڪ' 'جي' 'مدد'
 'ڪري' 'ٿو' '،' 'جيڪو' 'سياسي' 'ڪارڪنن' 'کي' 'جيل' '،' 'انساني' 'حقن' 'جي'
 'تنظيمن' 'تي' 'پابندي' '۽' 'پريس' 'تي' 'پابندي' 'عائد' 'ڪري' 'ويٺو' 'آهي'
 '،' 'پر' 'برما' '۽' 'ايران' 'تي' 'ڇوهه' 'ڇنڊي' 'ٿو' '،' 'جيڪي' 'ماضي' '۾'
 'آمريڪا' 'جا' 'نورِ' 'نظر' 'رهيا' 'آهن' '.']","[ 0  3  8  0  0  0 10 10 10  0  0  0  0  0  0  0  0  0  0  0  0  0  0  0
  0  7  7  0  5  3  3  0  0  0  0  0  0  0  0  0  0  0  0  0  0  0  0  0
  0  0  0  0  0  0  0  0  0  0  7  0  7  0  0  0  0  0  0  0  0  7  0  0
  0  0  0  0]"
364,"['لاهور' 'واري' 'سندس' 'خطاب' 'کان' 'متاثر' 'ٿي' 'زرداري' 'صاحب' 'به'
 'ڳڙهي' 'خدا' 'بخش' '۾' 'چيو' 'پئي' 'ته' ':' 'اسان' 'کي' 'مصري' 'اسٽائيل'
 'وارو' 'انقلاب' 'منظور' 'ناهي' '.']",[7 0 0 0 0 0 0 5 5 0 4 4 4 0 0 0 0 0 0 0 8 0 0 0 0 0 0]
365,"['جيڪڏهن' 'سڄي' 'ملڪ' '۾' 'حالتون' 'سازگار' '۽' 'بهتر' 'نه' 'هونديون' '۽'
 'سيڪيورٽي' 'جي' 'صورتحال' 'ڪنٽرول' 'هيٺ' 'نه' 'هوندي' 'ته' 'بهرحال' 'ان'
 'جو' 'اثر' 'چونڊن' 'تي' 'ضرور' 'پوندو' '۽' 'جيڪڏهن' 'جهڙي' 'تهڙي' 'حال'
 '۾' 'چونڊون' 'ٿي' 'به' 'وڃن' '،' 'تڏهن' 'به' 'پاڻ' 'کي' 'ٽرن' 'آئوٽ' 'جي'
 'شرح' 'انتهائي' 'گهٽ' 'ڏسڻ' '۾' 'ايندي' '.']","[0 0 0 0 0 0 0 0 0 0 0 0 0 0 0 0 0 0 0 0 0 0 0 0 0 0 0 0 0 0 0 0 0 0 0 0 0
 0 0 0 0 0 0 0 0 0 0 0 0 0 0 0]"
366,['پر' 'خوشبودار' 'منزل' 'جا' 'مُتلاشي' '.'],[0 0 0 0 0 0]
367,"['سو' 'هڪ' 'پاسي' 'ته' 'امريڪين' 'جو' 'اهو' 'ٻٽو' 'معيار' 'هنن' 'صدارتي'
 'چونڊن' '۾' 'سامهون' 'آيو' 'ته' 'دنيا' 'کي' 'ڏيکارڻ' 'لاءِ' 'امريڪا' 'جي'
 'سماجي' 'قدرن' 'جو' 'حوالو' 'ڏيڻ' 'ته' 'ٺيڪ' '،' 'پر' 'دراصل' 'حقيقت'
 'ان' 'جي' 'ابتڙ' 'آهي' '.']","[ 0 11  0  0  0  0  0  0  0  0  0  0  0  0  0  0  0  0  0  0  7  0  0  0
  0  0  0  0  0  0  0  0  0  0  0  0  0  0]"
368,"['“' 'بقول' 'سفارتڪار' 'جي' 'ته' ':' '”' 'اسان' 'اڃا' 'وضاحتي' 'بيان'
 'لاءِ' 'وزارتِ' 'خارجه' 'سان' 'لهه' 'وچڙ' '۾' 'مس' 'آياسين' 'ته' 'پرويز'
 'مشرف' 'ذاتي' 'طرح' 'سان' 'هاءِ' 'ڪمشنر' 'کي' 'حڪم' 'ڏنو' 'ته' 'توهان'
 'ترت' 'الطاف' 'ڀائيءَ' 'جو' 'پاڪستاني' 'ايمبيسيءَ' '۾' 'استقبال' 'ڪريو'
 '۽' 'کيس' 'شايانِ' 'شان' 'استقباليو' '،' 'عصراڻو' '،' 'ظهراڻو' 'يا'
 'عشائيو' 'ڏيو' '.']","[0 0 0 0 0 0 0 0 0 0 0 0 0 0 0 0 0 0 0 0 0 3 3 0 0 0 5 5 0 0 0 0 0 0 3 3 0
 2 2 0 0 0 0 0 0 0 0 0 0 0 0 0 0 0 0]"
369,['.'],[0]
370,"['صدر' 'صاحب' 'به' 'اڄڪلهه' 'ان' 'ڪيفيت' '۾' 'آهي' '،' 'جو' 'وٽس' 'هر'
 'ان' 'اعتراض' 'جو' 'اهڙو' 'ٺاهوڪو' 'جواب' 'هجي' 'ٿو' '،' 'جيڪو' 'عقلِ'
 'انساني' 'جي' 'سمجهه' 'کان' 'ڪيترائي' 'ڀيرا' 'مٿي' 'آهي' '.']",[5 5 0 0 0 0 0 0 0 0 0 0 0 0 0 0 0 0 0 0 0 0 0 0 0 0 0 0 0 0 0 0]
371,"['جن' 'عملن' '،' 'ڳالهين' '۽' 'روين' 'سان' 'هن' 'ملڪ' 'کي' 'ڏهاڪن' 'کان'
 'وٺي' 'سنگين' 'نقصان' 'ٿيندو' 'رهيو' 'آهي' '،' 'سي' 'ته' 'کلي' 'عام'
 'ٿينديون' 'رهيون' 'آهن' '،' 'انهن' 'تي' 'ته' 'ڪا' 'حد' 'يا' 'پابندي'
 'لاڳو' 'ناهي' 'ٿي' 'پر' 'انهن' 'کي' 'هٿ' 'وٺي' 'وڌايو' 'ويندو' 'رهيو'
 'آهي' 'ته' 'پوءِ' 'هي' 'محبت' 'سان' 'آخر' 'ڇو' 'ايتري' 'دشمني' '؟']","[0 0 0 0 0 0 0 0 0 0 0 0 0 0 0 0 0 0 0 0 0 0 0 0 0 0 0 0 0 0 0 0 0 0 0 0 0
 0 0 0 0 0 0 0 0 0 0 0 0 0 0 0 0 0 0 0]"
372,"['جيڪڏهن' 'نه' 'آهن' '،' 'ته' 'ڇا' 'جي' 'ڪاڻ' 'انهن' 'کي' 'مريضن' 'جي'
 'رهڻ' 'جي' 'قابل' 'نٿو' 'بڻايو' 'وڃي' '؟']",[0 0 0 0 0 0 0 0 0 0 0 0 0 0 0 0 0 0 0]
373,"['باقي' 'اٽاري' '-' 'واهگا' 'تان' 'وڻج' 'واپار' 'کي' 'تقويت' 'فراهم' 'ڪرڻ'
 'سميت' 'مذاڪراتي' 'عمل' 'جي' 'بحاليءَ' 'وارو' '”' 'بريڪ' 'ٿرو' '“' 'به'
 'گهٽ' 'اهميت' 'وارو' 'ناهي' '.']",[0 4 0 4 0 0 0 0 0 0 0 0 0 0 0 0 0 0 0 0 0 0 0 0 0 0 0]
374,"['جن' 'سنڌي' 'دانشورن' 'کي' 'مرڪز' 'پاران' 'صوبائي' 'خودمختياريءَ' '۾'
 'مداخلت' 'جي' 'بوءِ' 'اچي' 'رهي' 'آهي' '،' 'تن' 'کان' 'منهنجو' 'سوال'
 'آهي' 'ته' 'پورا' 'پنج' 'سال' 'زرداري' 'صاحب' 'جي' 'آشير' 'واد' 'سان'
 'ڪڏهن' 'بابر' 'اعواڻ' 'ته' 'ڪڏهن' 'رحمان' 'ملڪ' 'سنڌ' '۽' 'سنڌين' 'جي'
 'قسمت' 'جا' 'فيصلا' 'ڪندا' 'رهيا' '.']","[ 0  8  0  0  0  0  0  0  0  0  0  0  0  0  0  0  0  0  0  0  0  0  0 11
 11  5  5  0  0  0  0  0  3  3  0  0  3  3  7  0  0  0  0  0  0  0  0  0]"
375,"['هن' 'ماسڪو' 'سان' 'به' 'معاهدا' 'ڪيا' '،' 'جيڪي' 'انگريزن' 'کي' 'پسند'
 'ڪو' 'نه' 'پيا' '۽' 'هنن' 'بش' 'بليئرن' 'جيان' 'تاجڪ' 'ڌاڙيل' 'بچه' 'سقه'
 'کي' 'وسيلا' 'فراهم' 'ڪيا' '۽' 'هن' 'بغاوت' 'ڪئي' '.']","[ 0  7  0  0  0  0  0  0  0  0  0  0  0  0  0  0  3  0  0  8  0 11  3  0
  0  0  0  0  0  0  0  0]"
376,"['ممبئي' 'حملن' 'واري' 'بيان' 'کانپوءِ' 'هي' 'ٻيو' 'مثال' 'آهي' '،' 'جنهن'
 '۾' 'ميان' 'صاحب' 'پنهنجي' 'آءِ' 'ڪيو' 'ليول' 'جو' 'شاندار' 'مظاهرو'
 'ڪيو' 'آهي' '.']",[ 9  9  0  0  0  0 11  0  0  0  0  0  5  5  0  0  0  0  0  0  0  0  0  0]
377,['سپريم' 'ڪورٽ' '۾' 'رپورٽ' 'پيش' 'ڪئي' 'وئي' '.'],[6 6 0 0 0 0 0 0]
378,"['مادري' 'ٻولي' 'گهر' '۾' 'ڳالهائڻ' 'سان' 'ڇا' 'وڌيڪ' 'ٻوليون' 'سکڻ' 'جي'
 'رستا' 'روڪ' 'ٿي' 'ويندي' '؟']",[0 0 0 0 0 0 0 0 0 0 0 0 0 0 0 0]
379,"['سندس' 'مرڪ' '۾' 'ايڏي' 'گرما' 'گرمي' 'هئي' '،' 'جو' 'مائونٽ' 'ايوريسٽ'
 'جي' 'چوٽيءَ' 'تي' 'موجود' 'برف' 'به' 'ڳري' 'وڃي' '.']",[0 0 0 0 0 0 0 0 0 4 4 0 0 0 0 0 0 0 0 0]
380,"['اهو' 'ڪو' 'مسئلو' 'جينز' 'جو' 'ڏسجي' 'ٿو' 'ته' 'مرسيڊيز' 'تان' 'لهڻ'
 'کانپوءِ' 'ڌوڙ' 'منهن' '۾' '،' 'گهوڙي' 'تان' 'لهڻ' 'کان' 'پوءِ' 'اڌ'
 'منو' 'ڪلاڪ' 'گهوڙي' 'سوار' 'پنهنجو' 'پاڻ' 'کي' 'ملڪ' 'جو' 'بادشاهه'
 'سمجهيو' 'بيٺو' 'هوندو' '۽' 'مٿو' 'خراب' 'هوندس' '.']","[ 0  0  0  0  0  0  0  0  0  0  0  0  0  0  0  0  0  0  0  0  0 11 11 11
  0  0  0  0  0  0  0  0  0  0  0  0  0  0  0  0]"
381,"['اهو' 'پاڪستان' 'جيڪو' '70' 'هزار' 'کان' 'وڌيڪ' 'جانيون' 'وڃائي' 'چڪو'
 'آهي' '۽' 'جنهن' 'جي' 'مٿان' 'اڃان' 'تائين' 'دهشتگردي' 'جي' 'تلوار'
 'لڙڪي' 'رهي' 'آهي' '،' 'تنهن' 'جو' 'وزير' 'اعظم' 'جيڪڏهن' '35' 'ملڪن'
 'جي' 'اهڙي' 'فورم' 'تي' 'انهن' 'شهادتن' 'کي' 'مڃتا' 'نه' 'ملڻ' 'باوجود'
 'به' 'ڪانفرنس' '۾' 'آخر' 'تائين' 'ڪنهن' 'اجنبي' 'شخص' 'وانگر' 'موجود'
 'رهي' 'رڳو' 'فوٽو' 'سيشن' '۾' 'شرڪت' 'ڪندو' 'رهي' 'ته' 'پوءِ' 'اهو' 'رڳو'
 'ڪنهن' 'فرد' 'نه' '،' 'پر' 'ملڪ' 'جي' 'توقير' 'جو' 'مسئلو' 'هجي' 'ٿو' '۽'
 'اسان' 'جي' 'حڪمرانن' 'کي' 'اهو' 'سوچڻ' 'گهرجي' 'ته' 'هن' 'ملڪ' 'جي'
 'ساک' 'ايئن' 'ڇو' 'ٿي' 'آهي' '،' 'جو' 'پاڪستان' 'جو' 'ذڪر' 'به' 'ڪيو'
 'وڃي' 'ٿو' 'ته' 'اهو' 'افغانستان' 'جي' 'پاڙيسري' 'طور' 'تي' '!' 'ميان'
 'صاحب' 'جي' 'دوري' 'کان' 'اڳ' 'ميڊيا' '۾' 'اهو' 'تاثر' 'ڏنو' 'ويندو'
 'رهيو' 'ته' 'دوري' 'جي' 'سائيڊ' 'لائين' 'تي' 'سندس' 'امريڪي' 'صدر' 'سان'
 'ملاقات' 'جا' 'امڪان' 'آهن' '،' 'پر' 'جڏهن' 'ڪو' 'گرين' 'سگنل' 'نه'
 'مليو' 'ته' 'پوءِ' 'اهو' 'چيو' 'ويو' 'ته' 'ميان' 'صاحب' 'جي' 'مصروفيت'
 'سبب' 'امريڪي' 'صدر' 'سان' 'ملاقات' 'جا' 'ڪي' 'به' 'امڪان' 'ناهن' '.']","[ 0  7  0 11 11  0  0  0  0  0  0  0  0  0  0  0  0  0  0  0  0  0  0  0
  0  0  5  5  0 11  0  0  0  0  0  0  0  0  0  0  0  0  0  0  0  0  0  0
  0  0  0  0  0  0  0  0  0  0  0  0  0  0  0  0  0  0  0  0  0  0  0  0
  0  0  0  0  0  0  0  0  0  0  0  0  0  0  0  0  0  0  0  0  0  0  0  7
  0  0  0  0  0  0  0  0  7  0  0  0  0  0  5  5  0  0  0  0  0  0  0  0
  0  0  0  0  0  0  0  0  0  0  5  5  0  0  0  0  0  0  0  0  0  0  0  0
  0  0  0  0  0  0  0  5  5  0  0  0  5  5  0  0  0  0  0  0  0  0]"
382,['.'],[0]
383,"['هاڻي' 'ته' 'اها' 'نوبت' 'اچي' 'پهتي' 'آهي' 'ته' 'جيڪڏهن' 'نڪرڻ' 'به'
 'چاهيون' 'ته' 'نڪري' 'نٿا' 'سگهون' '،' 'ته' 'پوءِ' 'ڇو' 'نه' 'مولانا'
 'ابوالڪلام' 'آزاد' 'جي' 'شعر' 'تي' 'عمل' 'ڪريون' 'ته' 'صبر' 'کان' 'ڪم'
 'ورتو' 'وڃي' '،' 'جذباتي' 'ٿيڻ' 'جي' 'ڪا' 'به' 'ضرورت' 'ناهي' '.']","[0 0 0 0 0 0 0 0 0 0 0 0 0 0 0 0 0 0 0 0 0 5 3 3 0 0 0 0 0 0 0 0 0 0 0 0 0
 0 0 0 0 0 0 0]"
384,"['پ' 'پ' 'کي' 'نواز' 'ليگ' 'سان' 'ڌار' 'ڪري' 'پاور' 'شيئرنگ' '۾' 'ڀاڱي'
 'ڀائيوار' 'بنائڻ' 'لاءِ' '”' 'پنڊي' '“' 'کي' 'هن' 'اشو' 'وسيلي' 'آساني'
 'ٿيندي' '،' 'ڇاڪاڻ' 'ته' 'هڪ' 'پاسي' 'ڀٽو' 'پارٽي' 'کان' 'ڪرياتو' 'رهندي'
 'ڪافي' 'وقت' 'لنگهي' 'ويو' 'آهي' '.']","[ 8  8  0  8  8  0  0  0  0  0  0  0  0  0  0  0  7  0  0  0  0  0  0  0
  0  0  0 11  0  5  0  0  0  0  0  0  0  0  0  0]"
385,"['ڇاڪاڻ' 'ته' 'سڄي' 'دنيا' '۾' 'دستور' 'آهي' 'ته' 'ملڪ' 'جي' 'اعليٰ'
 'عهدي' 'تي' 'فائز' 'شخص' 'کي' 'ذاتي' 'مالياتي' 'معاملن' '۾' 'صاف' 'شفاف'
 'ٿي' 'سامهون' 'اچڻو' 'پوندو' 'آهي' '،' 'نه' 'ته' 'پوءِ' 'اهو' 'سوال'
 'اٿندو' 'آهي' 'ته' 'جيڪڏهن' 'همراهه' 'پنهنجي' 'خانداني' 'مالياتي'
 'معاملن' 'جي' 'حوالي' 'سان' 'ئي' 'شفاف' 'ناهي' 'ته' 'پوءِ' 'هو' 'ملڪ'
 'جا' 'مالياتي' 'معاملا' 'ڪيئن' 'ايمانداريءَ' 'سان' 'هلائي' 'سگهي' 'ٿو'
 '!' '؟']","[0 0 0 0 0 0 0 0 0 0 0 0 0 0 0 0 0 0 0 0 0 0 0 0 0 0 0 0 0 0 0 0 0 0 0 0 0
 0 0 0 0 0 0 0 0 0 0 0 0 0 0 0 0 0 0 0 0 0 0 0 0 0 0]"
386,"['سو' 'چاچي' 'غلام' 'محمد' 'جي' 'دليريءَ' 'جو' 'قدر' 'ڪندي' 'صوبيدار'
 'کلندا' 'روانا' 'ٿي' 'ويندا' 'هئا' '.']",[0 0 3 3 0 0 0 0 0 0 0 0 0 0 0 0]
387,"['توهان' 'شريف' 'الدين' 'پيرزادي' 'جو' 'مثال' 'وٺو' '،' 'جيڪو' 'قائد'
 'اعظم' 'جي' 'سيڪريٽري' 'کان' 'ويندي' '1964ع' '۾' 'اٽارني' 'جنرل' 'جي'
 'عهدي' 'تائين' 'ڪيترائي' 'سال' 'رهڻ' 'بعد' 'هر' 'ايندڙ' 'وردي' '۽' 'بنا'
 'وردي' 'واري' 'آمر' 'کي' 'صلاحون' '،' 'مشورا' 'ڏيئي' 'هر' 'غير' 'آئيني'
 'قدم' 'کي' 'تحفظ' 'ڏيارڻ' '۾' 'اڳڀرو' 'رهيو' '،' 'هر' 'غير' 'قانوني' 'ڪم'
 'کي' 'قانوني' 'قرار' 'ڏيڻ' 'لاءِ' 'ڊڪٽيٽرن' 'کي' 'مختلف' 'حربا' 'استعمال'
 'ڪرڻ' 'سيکاريندو' 'رهيو' '،' 'پر' 'نه' 'هن' 'مٿان' 'ڪڏهن' 'ڪو' 'ڪيس'
 'هليو' '،' 'نه' 'سندس' 'ڪو' 'احتساب' 'ٿيو' '،' 'نه' 'ئي' 'کيس' 'ڪا' 'سزا'
 'آئي' '!' 'ملڪ' 'قيوم' 'جو' 'ٻيو' 'مثال' 'وٺو' 'ته' 'ڪيئن' 'ٽيپ'
 'اسڪينڊل' 'سامهون' 'اچڻ' 'بعد' 'کيس' 'جج' 'جي' 'عهدي' 'تان' 'استعيفي'
 'ڏيڻي' 'پئجي' 'وئي' '،' 'تنهن' 'هوندي' 'به' 'ڪنهن' 'سزا' 'جي' 'عمل' 'مان'
 'گذرڻ' 'بجاءِ' 'مشرف' 'دور' '۾' 'اٽارني' 'جنرل' 'ٿي' 'ويهي' 'رهيو' '۽'
 'هڪ' 'آمر' 'جي' 'هر' 'قدم' 'جو' 'دفاع' 'ڪندو' 'رهيو' '،' '۽' 'هاڻي'
 'جڏهن' 'اهو' 'آمر' 'موڪلائي' 'چڪو' 'آهي' 'ته' 'هن' 'به' 'عهدو' 'ڇڏي'
 'ڏنو' '.']","[ 0  3  3  3  0  0  0  0  0  5  5  0  0  0  0 11  0  5  5  0  0  0  0  0
  0  0  0  0  0  0  0  0  0  0  0  0  0  0  0  0  0  0  0  0  0  0  0  0
  0  0  0  0  0  0  0  0  0  0  0  0  0  0  0  0  0  0  0  0  0  0  0  0
  0  0  0  0  0  0  0  0  0  0  0  0  0  0  0  0  0  0  3  3  0 11  0  0
  0  0  0  0  0  0  0  0  5  0  0  0  0  0  0  0  0  0  0  0  0  0  0  0
  0  0  0  3  0  0  5  5  0  0  0  0 11  0  0  0  0  0  0  0  0  0  0  0
  0  0  0  0  0  0  0  0  0  0  0  0  0]"
388,"['ٺهراءَ' '۾' 'وڌيڪ' 'چيو' 'ويو' 'آهي' 'ته' 'بلوچ' 'عوام' 'جيڪي'
 'جاگرافيائي' 'طرح' 'هن' 'مهل' 'ٽن' 'ملڪن' 'يعني' 'پاڪستان' '،' 'ايران'
 '۽' 'افغانستان' '۾' 'ورهايل' 'آهن' '،' 'انهن' 'کي' 'آمريڪي' 'پاليسي'
 'موجب' 'پنهنجي' 'آزاد' 'وطن' 'لاءِ' 'خوداراديت' 'وارو' 'حق' 'وٺي' 'ڏيڻ'
 'لاءِ' 'اسين' 'پابند' 'آهيون' '،' 'تنهن' 'ڪري' 'آمريڪا' 'سرڪار' 'کي'
 'گهرجي' 'ته' 'بلوچن' 'کي' 'دنيا' 'جي' 'ٻين' 'آزاد' 'قومن' 'جيان' 'قومي'
 'خود' 'اختياري' 'جو' 'حق' 'وٺي' 'ڏيڻ' 'خاطر' 'هڙان' 'وڙان' 'سندن' 'امداد'
 'ڪري' '۽' 'اسلام' 'آباد' 'جي' 'حڪمرانن' 'کي' 'هٿيارن' 'جي' 'رسائي' 'فوري'
 'طور' 'بند' 'ٿيڻ' 'گهرجي' '،' 'ڇاڪاڻ' 'ته' 'آمريڪا' 'جا' 'اهي' 'هٿيار'
 'آزاديءَ' 'لاءِ' 'وڙهندڙ' 'بلوچن' 'خلاف' 'استعمال' 'ٿي' 'رهيا' 'آهن' '.']","[0 0 0 0 0 0 0 8 8 0 0 0 0 0 0 0 0 7 0 7 0 7 0 0 0 0 0 0 8 0 0 0 0 0 0 0 0
 0 0 0 0 0 0 0 0 0 0 7 0 0 0 0 0 0 0 0 0 0 0 0 0 0 0 0 0 0 0 0 0 0 0 0 0 0
 7 7 0 0 0 0 0 0 0 0 0 0 0 0 0 0 7 0 0 0 0 0 0 0 0 0 0 0 0 0]"
389,"['سي' 'راج' 'گوپال' 'آچاريا' '،' 'بئريسٽر' 'آصف' 'علي' '،' 'ارونا' 'آصف'
 'علي' '،' 'پنڊت' 'جواهر' 'لال' 'نهرو' '۽' 'مولانا' 'آزاد' 'جهڙن'
 'ڪانگريسي' 'اڳواڻن' 'جون' 'ڪرسيون' 'قائد' 'اعظم' 'محمد' 'علي' 'جناح' '،'
 'محترما' 'فاطمه' 'جناح' '،' 'نوابزادي' 'لياقت' 'علي' 'خان' '۽' 'سردار'
 'عبدالرب' 'نشتر' 'پارن' 'مسلم' 'ليگي' 'اڳواڻن' 'جي' 'آمهون' 'سامهون'
 'رکيل' 'هيون' '.']","[0 3 3 3 0 5 3 3 0 3 3 3 0 3 3 3 3 0 3 3 0 8 0 0 0 5 5 3 3 3 0 5 3 3 0 3 3
 3 3 0 5 3 3 0 8 8 0 0 0 0 0 0 0]"
390,"['سنڌ' 'هجي' 'يا' 'پنجاب' 'پر' 'اسان' 'جا' 'شهر' '۽' 'ڳوٺ' 'ڪڏهن' 'به'
 'ايترو' 'غير' 'محفوظ' 'ڪونه' 'ٿيا' 'هئا' '،' 'جيترو' 'اڄ' 'آهن' '،'
 'لالي' 'پٺاڻ' 'جي' 'کڻي' 'وڃڻ' 'جو' 'ڊپ' 'ڏيڻ' 'کانسواءِ' 'مائٽن' 'وٽ'
 'ٻي' 'اهڙي' 'ڪا' 'هدايت' 'نه' 'هوندي' 'هئي' '،' 'جنهن' 'سان' 'هو' 'ٻارن'
 'کي' 'گهرن' 'کان' 'پري' 'وڃڻ' 'کان' 'جهلي' 'سگهن' '،' 'ان' 'وقت' 'پاڙي'
 '۾' 'هر' 'ڪو' 'هڪٻئي' 'جي' 'ٻارن' 'کي' 'سڃاڻيندو' 'هو' 'ان' 'ڪري' 'مائٽ'
 'به' 'بي' 'فڪر' 'هوندا' 'هئا' '،' 'ڇاڪاڻ' 'ته' 'پاڙي' 'جي' 'هر' 'ماڻهو'
 'جون' 'اکيون' 'ٻارن' 'جي' 'چوڪيداري' 'ڪنديون' 'هيون' '،' 'پر' 'اڄڪلهه'
 'ايئن' 'ناهي' '،' 'تنهنڪري' 'اها' 'مائٽن' 'جي' 'به' 'ذميواري' 'بڻجي' 'ٿي'
 'ته' 'اهي' 'پنهنجي' 'ٻارن' 'تي' 'نظر' 'رکن' '.']","[ 7  0  0  7  0  0  0  0  0  0  0  0  0  0  0  0  0  0  0  0  0  0  0  5
  5  0  0  0  0  0  0  0  0  0 11  0  0  0  0  0  0  0  0  0  0  0  0  0
  0  0  0  0  0  0  0  0  0  0  0  0  0  0  0  0  0  0  0  0  0  0  0  0
  0  0  0  0  0  0  0  0  0  0  0  0  0  0  0  0  0  0  0  0  0  0  0  0
  0  0  0  0  0  0  0  0  0  0  0  0  0  0  0]"
391,['ميڊيا' '۾' 'سڀ' 'سڄا' 'ٿوروئي' 'ويٺا' 'آهن' '.'],[0 0 0 0 0 0 0 0]
392,"['تن' 'ڏينهن' '۾' 'ته' 'اها' 'ڳالهه' 'ٻڌي' 'اسان' 'جي' 'خوشيءَ' 'جي' 'ڪا'
 'حد' 'ڪا' 'نه' 'رهي' 'هئي' '،' 'ڇاڪاڻ' 'جو' 'انهيءَ' 'خوفناڪ' 'مضمون'
 'کان' 'اسان' 'ايڏا' 'ته' 'ڊنل' 'هئاسين' 'جو' 'مرڳو' 'ڊپ' 'هو' 'ته' 'ڪٿي'
 'فيل' 'نه' 'ٿي' 'پئون' '،' 'پر' 'هاڻي' 'جڏهن' 'سوچيان' 'ٿي' 'ته' 'شديد'
 'افسوس' 'ٿئي' 'ٿو' 'ته' 'جن' 'استادن' 'جي' 'نالن' 'جي' 'تختين' 'تي'
 'ڊاڪٽر' '۽' 'پروفيسر' 'جا' 'لڳل' 'آهن' '،' 'ڪاش' 'هو' 'انهن' 'سان'
 'نڀائڻ' '۽' 'انهن' 'لفظن' 'جو' 'مان' 'رکڻ' 'جي' 'سوچ' 'به' 'ڪڏهن' 'ڪري'
 'سگهن' '.']","[0 0 0 0 0 0 0 0 0 0 0 0 0 0 0 0 0 0 0 0 0 0 0 0 0 0 0 0 0 0 0 0 0 0 0 0 0
 0 0 0 0 0 0 0 0 0 0 0 0 0 0 0 0 0 0 0 0 0 5 0 5 0 0 0 0 0 0 0 0 0 0 0 0 0
 0 0 0 0 0 0 0 0 0]"
393,"['چون' 'ٿا' 'ته' 'هن' 'ڏونگر' 'ڏوريءَ' 'دوران' 'چار' 'سئو' 'کن' 'ڪارڪنن'
 'پنهنجي' 'حياتيءَ' 'تان' 'هٿ' 'کنيا' 'هئا' '.']",[ 0  0  0  0  0  0  0 11 11  0  0  0  0  0  0  0  0  0]
394,"['هڪ' 'ويلي' 'جي' 'جيڪڏهن' 'کين' 'ماني' 'نصيب' 'ٿئي' 'ته' 'هنن' 'لاءِ'
 'عيد' 'جو' 'ڏينهن' '.']",[11  0  0  0  0  0  0  0  0  0  0  9  0  0  0]
395,"['اصل' 'معاملو' 'ته' 'اهو' 'ئي' 'آهي' '،' 'باقي' 'مون' 'پارا' 'پنا' 'ڪارا'
 'ڪرڻ' 'وارا' 'کوڙ' '،' 'سرڪاري' 'خرچ' 'تي' 'ميٽنگون' 'ڪرڻ' '۽' 'مانيون'
 'کائڻ' 'وارا' 'کوڙ' '.']",[0 0 0 0 0 0 0 0 0 0 0 0 0 0 0 0 0 0 0 0 0 0 0 0 0 0 0]
396,"['ان' 'دوران' 'ئي' 'بورڊ' 'آف' 'روينيو' 'پاران' 'پنهنجي' 'سينيئر' 'ميمبر'
 'بورڊ' 'آف' 'روينيو' 'جي' 'اڳواڻي' '۾' '2010ع' 'کان' 'جوڙيل' 'نگران'
 'ڪميٽي' 'کي' 'ختم' 'ڪرڻ' 'جي' 'سفارش' 'ڪئي' '،' 'جيڪا' 'زمين' 'جي'
 'الاٽمينٽ' 'وارا' 'معاملا' 'ڏسندي' 'هئي' '.']","[ 0  0  0  6  6  6  0  0  0  0  6  6  6  0  0  0 11  0  0  0  0  0  0  0
  0  0  0  0  0  0  0  0  0  0  0  0  0]"
397,['پر' 'نتيجو' 'ان' 'جي' 'ابتڙ' 'نڪتو' '.'],[0 0 0 0 0 0 0]
398,"['هڪ' 'اهڙو' 'ماحول' '،' 'جنهن' '۾' 'اهي' 'سمجهن' 'ته' 'مهمان' 'جي'
 'حيثيت' '۾' 'ترسيل' 'آهن' '.']",[11  0  0  0  0  0  0  0  0  0  0  0  0  0  0  0]
399,"['نواز' 'شريف' 'جو' 'جلد' 'چونڊون' 'ڪرائڻ' 'لاءِ' 'صبر' 'هاڻ' 'پنهنجي'
 'انتها' 'تي' 'پهچي' 'چڪو' 'آهي' '،' 'سندس' 'خواهش' 'آهي' 'ته' 'سينيٽ'
 'جي' 'چونڊن' 'کان' 'اڳ' 'ئي' 'عام' 'چونڊون' 'ٿي' 'وڃن' '،' 'جنهن' 'تي'
 'حڪومت' 'نٿو' 'لڳي' 'ته' 'ڪنهن' 'به' 'ريت' 'راضي' 'ٿيندي' '،' 'ڇاڪاڻ'
 'ته' 'تاريخ' '۾' 'اهو' 'پهريون' 'ڀيرو' 'هوندو' '،' 'جو' 'پيپلز' 'پارٽي'
 'پنهنجي' 'ئي' 'حڪومت' '۾' 'سينيٽ' 'جون' 'چونڊون' 'وڙهندي' 'تاريخي'
 'اڪثريت' 'حاصل' 'ڪندي' '.']","[ 3  3  0  0  0  0  0  0  0  0  0  0  0  0  0  0  0  0  0  0  0  0  0  0
  0  0  0  0  0  0  0  0  0  0  0  0  0  0  0  0  0  0  0  0  0  0  0  0
 11  0  0  0  0  8  8  0  0  0  0  0  0  0  0  0  0  0  0  0]"
400,"['اهو' 'اسان' 'جي' 'تاريخدانن' 'جو' 'تعصب' 'ناهي' 'ته' 'ٻيو' 'ڇا' 'آهي'
 '.']",[ 0  0  0  0  0  0  0  0 11  0  0  0]
401,"['انٽرنيٽ' 'دنيا' '۾' 'جيڪو' 'انقلاب' 'آندو' 'آهي' '،' 'انهيءَ' 'مان'
 'اسان' 'تعليم' 'جي' 'ميدان' '۾' 'ڪو' 'خاص' 'لاڀ' 'ڪونه' 'پرايو' 'آهي' '.']",[0 0 0 0 0 0 0 0 0 0 0 0 0 0 0 0 0 0 0 0 0 0]
402,"['پيپلز' 'پارٽي' 'جو' 'گهڻو' 'ووٽ' 'بينڪ' 'لياري' '۽' 'ملير' 'وارن'
 'علائقن' '۾' 'آهي' '.']",[8 8 0 0 0 0 7 0 7 0 0 0 0 0]
403,"['صوبي' 'سرحد' 'جو' 'نالو' 'بدلائڻ' 'لاءِ' 'جڏهن' 'ترميم' 'پاس' 'ڪري'
 'سگهجي' 'ٿي' '،' 'ان' 'کي' 'پختونخوا' 'جو' 'نالو' 'ڏيئي' 'سگهجي' 'ٿو' '۽'
 'ان' 'سان' 'ڪو' 'به' 'پينڊورا' 'باڪس' 'نٿو' 'کلي' 'ته' 'مادري' 'ٻولين'
 'کي' 'قومي' 'ٻوليون' 'قرار' 'ڏيڻ' 'سان' 'ڪهڙي' 'قيامت' 'اچي' 'سگهي' 'ٿي'
 '؟']","[7 7 0 0 0 0 0 0 0 0 0 0 0 0 0 7 0 0 0 0 0 0 0 0 0 0 0 0 0 0 0 0 0 0 0 0 0
 0 0 0 0 0 0 0 0]"
404,"['نه' 'رڳو' 'ڪراچي' 'پر' 'سموري' 'سنڌ' 'جي' 'شهرن' 'جي' 'حالت' 'لڳ' 'ڀڳ'
 'ساڳي' 'آهي' '.']",[0 0 7 0 0 7 0 0 0 0 0 0 0 0 0]
405,"['آئون' 'ته' 'ڀانئيان' 'ٿو' 'ته' 'ميان' 'نواز' 'شريف' 'وارا' 'کين'
 'رائيونڊ' 'جي' 'مين' 'گيٽ' 'اندر' 'به' 'گهڙڻ' 'ڪونه' 'ڏيندا' '،' 'جو'
 'هو' 'نه' 'رڳو' 'ايم' 'ڪيو' 'ايم' 'جي' 'اهڙن' 'سياسي' 'هٿ' 'ناٽن' 'کان'
 'چڱيءَ' 'پر' 'واقف' 'آهن' 'پر' 'جنهن' 'حڪمران' 'جماعت' 'جا' 'ڀرجهلا' 'ٿي'
 '،' 'رحمان' 'ملڪ' 'جي' 'راهن' '۾' 'سدائين' 'نيڻ' 'وڇائيندا' 'رهيا' 'آهن'
 '،' 'تنهن' 'شريف' 'خاندان' 'لاءِ' 'ڪنڊا' 'وڇائڻ' '۾' 'وسان' 'گهٽايو'
 'آهي' '.']","[0 0 0 0 0 3 3 3 0 0 7 0 0 0 0 0 0 0 0 0 0 0 0 0 8 8 8 0 0 0 0 0 0 0 0 0 0
 0 0 0 0 0 0 0 0 3 3 0 0 0 0 0 0 0 0 0 0 5 5 0 0 0 0 0 0 0 0]"
406,"['تيونس' '۾' 'امريڪي' 'سفير' 'رابرٽ' 'ايف' 'گوڊيڪ' 'پاران' 'موڪليل' 'اهو'
 'مراسلو' '2008ع' 'جو' 'آهي' '،' 'جنهن' 'جو' 'عنوان' 'اهو' 'هو' 'ته'
 'جيڪو' 'تنهنجو' 'آهي' '،' 'سو' 'منهنجو' 'آهي' '!' '“' 'مراسلي' '۾'
 'ڄاڻايو' 'ويو' 'هو' 'ته' '،' '”' 'ٽرانسپرينسي' 'انٽرنيشنل' 'جي' 'سالياني'
 'سروي' '۽' 'سفارتخاني' 'جي' 'ذريعن' 'جي' 'مشاهدي' 'تحت' 'تيونس' '۾'
 'ڪرپشن' 'جي' 'صورتحال' 'خراب' 'کان' 'خراب' 'تر' 'ٿيندي' 'پئي' 'وڃي' '.']","[ 7  0  8  8  3  3  3  0  0  0  0 11  0  0  0  0  0  0  0  0  0  0  0  0
  0  0  0  0  0  0  0  0  0  0  0  0  0  0  6  6  0  0  0  0  0  0  0  0
  0  0  7  0  0  0  0  0  0  0  0  0  0  0  0]"
407,"['ڌيان' 'سان' 'ٻڌو' 'ته' 'فقط' 'توقع' 'رکي' 'ويندي' '!' 'يعني' 'اها'
 'ڳالهه' 'سندن' 'صوابديد' 'تي' 'ڇڏيل' 'آهي' 'ته' 'هو' 'واپس' 'وڃن' '،'
 'ٻي' 'صورت' '۾' 'ڇا' 'ڪيو' 'ويندو' '،' 'تنهن' 'جي' 'ڪا' 'خبر' 'ڪانهي' '.']","[ 0  0  0  0  0  0  0  0  0  0  0  0  0  0  0  0  0  0  0  0  0  0 11  0
  0  0  0  0  0  0  0  0  0  0  0]"
408,"['ان' 'ساڳئي' 'ڀنڀور' 'جي' 'مٽيءَ' 'مان' 'ڄاول' 'رهنما' 'پنهنجن' 'ڪيچي'
 'ساٿين' 'سان' 'ساٿ' 'نڀائڻ' 'جو' 'وچن' 'ڪري' 'سر' 'تريءَ' 'تي' 'رکي' '،'
 'پوليس' 'جا' 'پهرا' 'توڙي' 'گذريل' 'ڇنڇر' '۽' 'آچر' 'واري' 'رات' 'نه'
 'رڳو' 'لياريءَ' 'پهتو' '،' 'پاڻ' 'چاليهي' '۾' 'شريڪ' 'ٿيو' 'پر' 'گڏوگڏ'
 'عوامي' 'تحريڪ' '،' 'سنڌي' 'شاگرد' 'تحريڪ' '۽' '”' 'سنڌياڻي' 'تحريڪ' '“'
 'جون' 'ناريون' 'به' 'خطرن' 'جا' 'گهيرا' 'ٽوڙي' '،' 'ڪنٽينرن' 'وارا' 'دڳ'
 'مٽائي' '،' 'گهٽين' '۽' 'ڪچي' 'آباديءَ' 'وارن' 'پيچرن' 'منجهان' 'جهنڊا'
 'جهولائينديون' 'اچي' 'گبول' 'پارڪ' 'سهڙيون' '۽' 'لياريءَ' 'جي' 'ڏکويل'
 '۽' 'ستايل' 'ڀينرن' '۽' 'شهيدن' 'جي' 'مائرن' 'جو' 'ڀر' 'جهلي' 'بيٺيون'
 '۽' 'سندن' 'ڏک' 'سور' 'ونڊيائون' '.']","[ 0  0  4  0  0  0  0  0  0  8  0  0  0  0  0  0  0  0  0  0  0  0  0  0
  0  0  0 11  0 11  0  0  0  0  7  0  0  0  0  0  0  0  0  0  0  0  0 11
 11 11  0  0 11 11  0  0  0  0  0  0  0  0  0  0  0  0  0  0  0  0  0  0
  0  0  0  0  0  0  4  4  0  0  7  0  0  0  0  0  0  0  0  0  0  0  0  0
  0  0  0  0  0  0]"
409,"['ماني' 'صاحب' 'سنڌ' '۾' 'انڊين' 'قونصليٽ' '۾' 'به' 'رهيو' 'آهي' 'ته'
 'موصوف' 'کي' 'اسلام' 'آباد' 'هاءِ' 'ڪميشن' '۾' 'به' 'خدمتون' 'سر' 'انجام'
 'ڏيندي' 'ڏٺوسين' '.']",[3 3 7 0 2 2 0 0 0 0 0 3 0 6 6 6 6 0 0 0 0 0 0 0 0]
410,"['مثال' 'طور' 'سنڌ' 'کي' 'سوات' 'ٿيڻ' 'کان' 'بچايو' '،' 'سنڌ' 'جو'
 'مستقبل' 'ڇا' 'آهي' '؟']",[0 0 7 0 7 0 0 0 0 7 0 0 0 0 0]
411,"['اها' 'سياڻپ' 'ڪنهن' 'ڪئي' '،' 'سا' 'ته' 'خدا' 'ٿو' 'ڄاڻي' 'يا' 'اسلام'
 'آباد' '۾' 'ويٺل' 'صاحب' 'اقتدار' 'ٿا' 'ڄاڻن' '.']",[0 0 0 0 0 0 0 0 0 0 0 7 7 0 0 0 0 0 0 0]
412,"['جڏهن' 'جيسور' '۾' 'هندو' '-' 'مسلم' 'فسادن' 'مُنهن' 'ڪڍيو' 'ته'
 'پاڪستاني' 'وزير' 'اعظم' 'اقليتن' 'جي' 'تحفظ' 'واري' 'ڊپلوميسيءَ'
 'اختيار' 'ڪندي' '،' 'ڏهن' 'ڏينهن' 'جي' 'دوري' 'تي' 'ترت' 'دهلي' 'پهتو'
 '.']",[0 7 0 8 0 8 0 0 0 0 5 5 5 0 0 0 0 0 0 0 0 0 0 0 0 0 0 7 0 0]
413,"['جڏهن' 'عوام' 'کي' 'انهيءَ' 'تسلسل' 'يا' 'جمهوري' 'عمل' 'جي' 'ثمر'
 'پهچائڻ' 'جي' 'ڳالهه' 'ڪجي' 'ٿي' 'ته' 'جمهوريت' 'جي' 'خطري' '۾' 'هجڻ'
 'جو' 'راڳ' 'ڳائي' 'کين' 'انتظار' 'ڪرڻ' 'لاءِ' 'چيو' 'وڃي' 'ٿو' '.']",[0 0 0 0 0 0 0 0 0 0 0 0 0 0 0 0 0 0 0 0 0 0 0 0 0 0 0 0 0 0 0 0]
414,"['انهيءَ' 'سوال' 'جو' 'جواب' 'ڳولي' 'لهڻ' 'لاءِ' 'اسان' 'ماڻهن' 'کي' 'اڃا'
 'گهڻو' 'رت' 'ولوڙڻو' 'پوندو' '.']",[0 0 0 0 0 0 0 0 0 0 0 0 0 0 0 0]
415,"['هاڻي' 'سوچجي' 'ته' 'شهرن' '۽' 'ڳوٺن' 'کي' 'صاف' 'سٿرو' 'رکڻ' 'کان'
 'ويندي' '،' 'ماڻهن' 'کي' 'بنيادي' 'ضرورتن' 'جي' 'فراهميءَ' 'تائين' 'جو'
 'ڪم' '۽' 'فرض' 'ڪنهن' 'جو' 'آهي' '،' 'ماڻهن' 'کي' 'بنيادي' 'طبي' 'سهولتن'
 'جي' 'باري' '۾' 'ڄاڻ' 'کان' 'ويندي' '،' 'دوائن' '۽' 'علاج' 'تائين' 'جي'
 'فراهميءَ' 'جو' 'ذمو' 'ڪنهن' 'جو' 'آهي' '،' 'ماڻهن' 'جي' 'اٽي' '،' 'لٽي'
 '۽' 'اجهي' 'جي' 'ذميواري' 'ڪنهن' 'جي' 'آهي' '؟']","[0 0 0 0 0 0 0 0 0 0 0 0 0 0 0 0 0 0 0 0 0 0 0 0 0 0 0 0 0 0 0 0 0 0 0 0 0
 0 0 0 0 0 0 0 0 0 0 0 0 0 0 0 0 0 0 0 0 0 0 0 0 0 0 0 0]"
416,"['هي' 'خبرون' '24' 'تاريخ' 'جي' 'ڪاوش' 'جي' 'فقط' 'پهرين' 'صفحي' 'تان'
 'کنيل' 'آهن' ':' '1' '9' 'ارب' 'رپين' 'جي' 'زمين' 'بابت' 'هٿ' 'ٺوڪي'
 'گڏجاڻي' 'سڏائي' 'سمري' 'منظور' 'ڪرائي' 'وئي' '.']","[ 0  0 11  0  0 10  0  0 11  0  0  0  0  0 11 11 11  0  0  0  0  0  0  0
  0  0  0  0  0  0]"
417,"['جيڪڏهن' 'ڪرپشن' 'جي' 'خاتمي' 'جي' 'حوالي' 'سان' 'سنجيدگي' 'هجي' 'ها'
 'ته' 'نيب' '۾' 'ميگا' 'اسڪينڊلس' 'جي' 'لسٽ' 'سالن' 'کان' 'صرف' 'لسٽ' 'جي'
 'صورت' '۾' 'موجود' 'نه' 'هجي' 'پر' 'اهي' 'ڪيس' 'اڪلائجي' 'ذميوارن' 'کي'
 'سزائون' 'به' 'اچي' 'چڪيون' 'هجن' 'ها' '.']","[0 0 0 0 0 0 0 0 0 0 0 6 0 0 0 0 0 0 0 0 0 0 0 0 0 0 0 0 0 0 0 0 0 0 0 0 0
 0 0 0]"
418,"['شهيد' 'راڻي' 'دبئي' '۾' 'ملاقات' 'جي' 'پڄاڻي' 'تي' 'مون' 'کي' 'تحفي'
 'طور' 'هڪ' 'ڪتاب' 'ڏنو' '،' 'جنهن' 'جو' 'نالو' 'هو' '،' ':' 'ڪتاب' '۾'
 '1999ع' 'کانپوءِ' 'جڏهن' 'شهيد' 'راڻي' 'جلاوطن' 'ٿي' 'ته' 'هن' 'پاران'
 'دنيا' 'جي' 'مختلف' 'ملڪن' '۽' 'فورمن' 'تي' 'ملڪي' '۽' 'بين' 'الاقوامي'
 'حالتن' 'تي' 'ڏنل' 'ليڪچر' 'ڪري' 'ڇاپيا' 'ويا' 'آهن' '.']","[ 0  3  7  0  0  0  0  0  0  0  0  0 11  0  0  0  0  0  0  0  0  0  0  0
 11  0  0  0  3  0  0  0  0  0  0  0  0  0  0  0  0  0  0  0  0  0  0  0
  0  0  0  0  0  0]"
419,"['ان' 'ئي' 'دور' '۾' 'لياريءَ' 'جي' 'آپريشن' 'کان' 'ويندي' '،' 'محبتِ'
 'سنڌ' 'جي' 'ريليءَ' 'مٿان' 'فائرنگ' 'جي' 'واقعن' 'سميت' 'انيڪ' 'اهڙا'
 'دل' 'ڏکائيندڙ' 'منظر' 'نظر' 'آيا' '،' 'جيڪي' 'شايد' 'ٻين' 'جي' 'اکين'
 '۾' 'ڳوڙها' 'آڻڻ' 'جو' 'سبب' 'بڻجن' 'پر' 'ڪراچيءَ' 'واسي' 'انهن' 'واقعن'
 'کي' 'هاڻ' 'پٿرايل' 'اکين' 'سان' 'تصور' '۾' 'ڏسندا' 'آهن' '.']","[0 0 0 0 7 0 0 0 0 0 0 7 0 0 0 0 0 0 0 0 0 0 0 0 0 0 0 0 0 0 0 0 0 0 0 0 0
 0 0 7 0 0 0 0 0 0 0 0 0 0 0 0 0]"
420,"['گهڻو' 'وقت' 'اڳ' 'ئي' 'سياسي' 'تجزئي' 'نگارن' 'پاران' 'انهي' 'ڳالهه'
 'جو' 'امڪان' 'ظاهر' 'ڪيو' 'پئي' 'ويو' 'ته' 'ڪراچي' 'آپريشن' 'جي' 'حوالي'
 'سان' 'جيڪا' 'سنڌ' 'حڪومت' '۽' 'وفاق' '۾' 'وڇوٽي' 'آهي' '،' 'جيڪو'
 'هڪٻئي' 'مٿان' 'عدم' 'اعتماد' 'آهي' 'سو' 'ڪنهن' 'نئين' 'ڊرامائي' 'مرحلي'
 '۾' 'داخل' 'ٿي' 'سگهي' 'ٿو' '.']","[0 0 0 0 0 0 0 0 0 0 0 0 0 0 0 0 0 9 9 0 0 0 0 7 0 0 0 0 0 0 0 0 0 0 0 0 0
 0 0 0 0 0 0 0 0 0 0 0]"
421,"['ڏاڍي' 'ڏکويل' 'لهجي' '۾' 'عاصمه' 'جهانگير' 'صاحبه' 'چيو' 'ته' 'ميان'
 'نواز' 'شريف' 'کي' 'اڄ' 'منهنجا' 'هي' 'لفظ' 'لکي' 'ڇڏڻ' 'گهرجن' 'ته'
 'انساني' 'حقن' 'تي' 'هِن' 'فيصلي' 'سان' 'جيڪو' 'راتاهو' 'لڳو' 'آهي' '،'
 'سو' 'ڪجهه' 'وقت' 'کانپوءِ' 'نيٺ' 'سندس' 'نواز' 'شريف' 'جي' 'واٽ' 'تي'
 'به' 'ڪنڊا' 'وڇائي' 'ڇڏيندو' '.']","[0 0 0 0 3 3 3 0 0 3 3 3 0 0 0 0 0 0 0 0 0 0 0 0 0 0 0 0 0 0 0 0 0 0 0 0 0
 0 3 3 0 0 0 0 0 0 0 0]"
422,"['ٻين' 'ذريعن' 'سان' 'موڪليل' 'سپلاءِ' 'تي' 'آمريڪا' 'جو' 'هر' 'مهيني'
 'خرچ' '107' 'ملين' 'ڊالر' 'اچي' 'رهيو' 'آهي' '،' 'يعني' 'پاڪستان' 'رستي'
 'سپلاءِ' 'موڪلڻ' 'جي' 'ڀيٽ' '۾' 'آمريڪا' 'کي' 'هر' 'مهيني' '38' 'ملين'
 'ڊالر' 'وڌيڪ' 'خرچ' 'ڪرڻا' 'پئجي' 'رهيا' 'آهن' '.']","[ 0  0  0  0  0  0  7  0  0  0  0 11 11 11  0  0  0  0  0  7  0  0  0  0
  0  0  7  0  0  0 11 11 11  0  0  0  0  0  0  0]"
423,"['شهيد' 'راڻي' 'جمهوري' 'حڪومتن' 'کي' 'غير' 'مستحڪم' 'ڪرڻ' 'جي' 'حوالي'
 'سان' 'ملڪي' 'توڙي' 'دنيا' 'جي' 'ٻين' 'ڪيترن' 'ئي' 'ملڪن' '،' 'جهڙوڪ'
 'عراق' '،' 'الجيريا' '،' 'لبيا' '،' 'مصر' '،' 'پاڪستان' '،' 'بنگلاديش'
 '،' 'فلپائن' '،' 'ترڪي' '،' 'انڊونيشيا' '،' 'سينٽرل' 'ايشيا' '۽' 'ايران'
 'جا' 'تاريخي' 'حوالا' 'وڏي' 'خوبصورتي' '۽' 'سچائي' 'سان' 'چٽيا' 'آهن' '.']","[0 3 0 0 0 0 0 0 0 0 0 0 0 0 0 0 0 0 0 0 0 7 0 7 0 7 0 7 0 7 0 7 0 7 0 7 0
 7 0 7 7 0 7 0 0 0 0 0 0 0 0 0 0 0]"
424,"['سنڌ' 'ايندڙ' 'مهمانن' 'سنڌين' 'جي' 'مهمان' 'نوازي' 'جو' 'جيڪو' 'مان' '۽'
 'ڀرم' 'رکيو' 'آهي' '،' 'تنهن' 'جو' 'اندازو' 'توهان' 'ڪراچي' '۽'
 'حيدرآباد' 'جهڙن' 'شهرن' 'کي' 'ڏسي' 'آساني' 'سان' 'لڳائي' 'سگهو' 'ٿا' '،'
 'پر' 'ڳالهه' 'اها' 'آهي' 'ته' 'هاڻي' 'انساني' 'همدردي' 'جهڙو' 'لفظ' '۽'
 'جذبو' 'به' 'سنڌين' 'لاءِ' 'مهڻو' 'ٿيندو' 'پيو' 'وڃي' '.']","[7 0 0 0 0 0 0 0 0 0 0 0 0 0 0 0 0 0 0 7 0 7 0 0 0 0 0 0 0 0 0 0 0 0 0 0 0
 0 0 0 0 0 0 0 0 0 0 0 0 0 0 0]"
425,"['هنن' 'مڪاني' 'چونڊن' '۾' 'اهي' 'ماڻهو' 'جيڪي' 'خاموش' 'اڪثريت' 'رکندڙ'
 'آهن' '۽' 'ڪنهن' 'برادري' 'يا' 'ڀوتار' 'جي' 'چئي' '۾' 'ناهن' '،' 'اهي'
 'مرڪزي' 'ڪردار' 'ادا' 'ڪري' 'سگهن' 'ٿا' '،' 'ضرورت' 'فقط' 'هنن' 'وٽ'
 'مائي' 'جوري' 'جمالي' 'جهڙي' 'جرئت' 'جي' 'آهي' '!' 'سنڌ' 'جي' 'هر'
 'علائقي' '۾' 'يقينن' 'اهڙا' 'ماڻهو' 'موجود' 'آهن' 'جيڪي' 'هن' 'موجوده'
 'سسٽم' 'تي' 'زبردست' 'عدم' 'اعتماد' 'رکن' 'ٿا' '،' '6' 'ڊسمبر' '۽' '24'
 'فيبروري' 'جي' 'ڏهاڙن' 'کانپوءِ' 'هاڻي' 'اها' 'ڳالهه' 'واضع' 'ٿي' 'چڪي'
 'آهي' 'ته' 'سنڌ' 'جا' 'ماڻهو' 'پنهنجن' 'مسئلن' 'کان' 'بي' 'خبر' 'ناهن'
 '،' 'سندن' 'سياسي' 'فهم' '۽' 'شعور' 'انهن' 'ڊرائنگ' 'روم' 'جي' 'هيراڪ'
 'ماڻهن' 'کان' 'ڪيترائي' 'ڀيرا' 'وڌيڪ' 'آهي' '،' 'جن' 'لاءِ' 'سڀ' 'کان'
 'وڏي' 'ترجيح' 'فقط' 'اليڪشن' '۾' 'ڪاميابي' 'آهي' '،' 'سو' 'اهي' 'ماڻهو'
 'جيڪڏهن' 'مڙي' 'مٺ' 'ٿين' 'ته' 'هن' 'فرسوده' 'سياسي' 'ڪلچر' 'جي' 'منهن'
 'تي' 'زبردست' 'ٺونشو' 'وهائي' 'ڪڍي' 'سگهن' 'ٿا' '.']","[ 0  0  0  0  0  0  0  0  0  0  0  0  0  0  0  0  0  0  0  0  0  0  0  0
  0  0  0  0  0  0  0  0  0  3  3  3  0  0  0  0  0  7  0  0  0  0  0  0
  0  0  0  0  0  0  0  0  0  0  0  0  0  0 11 11  0 11 11  0  0  0  0  0
  0  0  0  0  0  0  7  0  0  0  0  0  0  0  0  0  0  0  0  0  0  0  0  0
  0  0  0  0  0  0  0  0  0  0  0  0  0  0  0  0  0  0  0  0  0  0  0  0
  0  0  0  0  0  0  0  0  0  0  0  0  0  0  0  0  0  0  0]"
426,"['مينگوره' 'جي' 'اها' 'معصوم' 'نينگري' '11' 'ورهين' 'جي' 'عمر' '۾' 'جنهن'
 'روشن' 'دماغيءَ' 'سان' 'اونداهي' 'سماج' '۾' 'لفظن' 'جا' 'ڏيئا' 'ٻاريا'
 '،' 'سا' 'اهڙي' 'علائقي' '۾' 'غير' 'معمولي' 'جرئت' 'جي' 'ڳالهه' 'هئي' '.']","[ 4  0  0  0  0 11  0  0  0  0  0  0  0  0  0  0  0  0  0  0  0  0  0  0
  0  0  0  0  0  0  0  0  0]"
427,"['جڏهن' 'دهشتگردي' 'خلاف' 'ڪاررواين' 'جا' 'معاملا' 'رينجرز' 'جي' 'گرفت'
 '۾' 'اچي' 'ويا' 'ته' 'پوءِ' 'ٻيو' 'مرحلو' 'ڪرپشن' 'خلاف' 'ڪاررواين' 'جو'
 'هو' '.']",[ 0  0  0  0  0  0  0  0  0  0  0  0  0  0 11  0  0  0  0  0  0  0]
428,"['ٽئين' 'پاسي' 'وري' 'وڏن' 'شهرن' '۾' 'قبضي' 'خور' 'مافيائن' 'هٿان' 'ٻوڏ'
 'متاثر' 'تذليل' 'جو' 'شڪار' 'ٿي' 'رهيا' 'آهن' '.']",[0 0 0 0 0 0 0 0 0 0 0 0 0 0 0 0 0 0 0]
429,"['اهو' 'روئڻ' 'هر' 'سنڌي' 'آفيسر' 'جو' 'هو' '،' 'پر' 'وري' 'به' 'سندن'
 'اهو' 'چوڻ' 'آهي' 'ته' 'اين' 'آر' 'او' 'کانپوءِ' 'جيڪو' 'پيپلز' 'پارٽي'
 'جي' 'حڪومت' 'سان' 'ٿي' 'رهيو' 'آهي' '۽' 'صرف' 'صدر' 'آصف' 'علي' 'زرداري'
 'کي' 'ٽارگيٽ' 'ٺاهيو' 'پيو' 'وڃي' '،' 'اهو' 'درست' 'ناهي' '.']","[ 0  0  0  8  0  0  0  0  0  0  0  0  0  0  0  0 11 11 11  0  0  8  8  0
  0  0  0  0  0  0  0  5  3  3  3  0  0  0  0  0  0  0  0  0  0]"
430,"['آمريت' 'جي' 'ڇڙواڳ' 'گهوڙي' 'تي' 'نه' 'فقط' 'چند' 'جرنيل' 'سوار' 'هوندا'
 'هئا' 'پر' 'ساڻن' 'ڪيترا' 'سياستدان' 'به' 'ساٿاري' 'بڻيل' 'رهيا' '.']",[0 0 0 0 0 0 0 0 0 0 0 0 0 0 0 0 0 0 0 0 0]
431,"['ڏسڻ' '۾' 'اچي' 'به' 'ڪيئن' 'جو' 'اڃا' 'تائين' 'اڀ' 'جون' 'اکيون' 'خالي'
 'آهن' '.']",[0 0 0 0 0 0 0 0 0 0 0 0 0 0]
432,"['محترمه' 'جو' 'چوڻ' 'هو' 'ته' '،' 'جيڪڏهن' 'اوهان' 'پنهنجي' 'ذميواري'
 'محسوس' 'نٿا' 'ڪريو' '۽' 'اهي' 'خط' 'به' 'مون' 'کي' 'ئي' 'لکڻا' 'آهن'
 'ته' 'پوءِ' 'توهان' 'جي' 'ڪهڙي' 'ضرورت' 'آهي' '؟']",[5 0 0 0 0 0 0 0 0 0 0 0 0 0 0 0 0 0 0 0 0 0 0 0 0 0 0 0 0 0]
433,"['ظاهر' 'آهي' 'ته' 'اها' 'دهشتگردي' 'غلط' 'رياستي' 'پاليسين' 'جو' 'ئي'
 'نتيجو' 'آهي' '،' 'اها' 'دهشتگردي' 'اسان' 'جي' 'پرڏيهي' 'توڙي' 'اندروني'
 'پاليسين' 'جي' 'باءِ' 'پروڊڪٽ' 'رهي' 'آهي' '،' 'رياستي' 'ادارن' 'پاران'
 'شروع' 'ڪيل' 'پراڪسي' 'وارس' 'جي' 'نتيجي' '۾' 'جيڪي' 'مانسٽر' 'پيدا'
 'ڪيا' 'ويا' '،' 'تن' 'بعد' '۾' 'ڪيئن' '۽' 'ڇو' 'پنهنجن' 'کي' 'ئي' 'شڪار'
 'ڪرڻ' 'شروع' 'ڪيو' '،' 'سو' 'بحث' 'پراڻو' 'ٿي' 'چڪو' '،' 'ان' 'خلاف'
 'رياستي' 'سطح' 'تي' 'هاڻ' 'جنگ' 'جي' 'اعلان' 'کان' 'وٺي' 'ايڪشن' 'پلان'
 'توڙي' 'فوجي' 'عدالتن' 'جي' 'قيام' 'تائين' 'مختلف' 'قدم' 'کنيا' 'ويا'
 'آهن' '،' 'انهن' 'جي' 'اثرن' 'تي' 'به' 'ڪنهن' 'ٻئي' 'ليک' '۾' 'ڳالهائبو'
 '،' 'پاڻ' 'موضوع' 'ڏانهن' 'موٽون' 'ٿا' 'ته' 'دهشتگرديءَ' 'واري' 'انهي'
 'معاملي' 'جي' 'شروعات' 'نه' 'ته' 'سنڌ' 'جي' 'ڪنهن' 'شهر' 'کان' 'ٿي' '،'
 'نه' 'هتي' 'ان' 'جا' 'ڪي' 'پيرا' 'ملن' 'ٿا' '۽' 'ئي' 'اها' 'دهشتگردي'
 'سنڌ' '۾' 'منظم' 'ٿي' 'پنهنجون' 'پاڙون' 'ٺاهي' 'سگهي' '.']","[0 0 0 0 0 0 0 0 0 0 0 0 0 0 0 0 0 0 0 0 0 0 0 0 0 0 0 0 0 0 0 0 0 0 0 0 0
 0 0 0 0 0 0 0 0 0 0 0 0 0 0 0 0 0 0 0 0 0 0 0 0 0 0 0 0 0 0 0 0 0 0 0 0 0
 0 0 0 0 0 0 0 0 0 0 0 0 0 0 0 0 0 0 0 0 0 0 0 0 0 0 0 0 0 0 0 0 0 0 0 0 0
 0 0 7 0 0 0 0 0 0 0 0 0 0 0 0 0 0 0 0 0 0 7 0 0 0 0 0 0 0 0]"
434,"['۽' 'ان' 'کان' 'به' 'وڌيڪ' 'اهم' 'سوال' 'اهو' 'آهي' 'ته' 'آخر' 'اهو'
 'سمورو' 'پيسو' 'پاڪستان' 'مان' 'پرڏيهه' 'ويو' 'ڪيئن' '؟']",[0 0 0 0 0 0 0 0 0 0 0 0 0 0 7 0 0 0 0 0]
435,"['رهي' 'ڳالهه' 'ته' 'هنن' 'اکرن' 'جي' 'لکجڻ' 'کانپوءِ' 'هن' 'سال' 'مينهن'
 'پوڻو' 'آهي' 'يا' 'اڀ' 'جون' 'اکيون' 'خالي' 'هونديون' '،' 'يا' 'ڀلا' 'جي'
 'مينهن' 'به' 'پوي' 'ٿو' 'ته' 'اهو' 'ڪيتري' 'پاڻيءَ' '۾' 'هوندو' '،'
 'انهيءَ' 'جي' 'باري' '۾' 'ڪامن' 'سينس' 'جي' 'زور' 'تي' 'يا' 'پسڻ' 'پوڻ'
 'جي' 'زور' 'تي' 'ڪا' 'ڳالهه' 'ڪري' 'سگهجي' 'ٿي' '،' 'پر' 'پڪ' 'ڏئي' 'نه'
 'ٿي' 'سگهجي' '.']","[0 0 0 0 0 0 0 0 0 0 0 0 0 0 0 0 0 0 0 0 0 0 0 0 0 0 0 0 0 0 0 0 0 0 0 0 0
 0 0 0 0 0 0 0 0 0 0 0 0 0 0 0 0 0 0 0 0 0 0 0 0 0]"
436,"['ڇا' 'ان' 'رپورٽ' '۾' 'سيڪيورٽي' 'ادارن' 'جي' 'ڪردار' 'تي' 'بحث' 'ٿيل'
 'آهي' '۽' 'ان' 'جو' 'جائزو' 'ورتو' 'ويو' 'آهي' '؟']",[0 0 0 0 0 0 0 0 0 0 0 0 0 0 0 0 0 0 0 0]
437,"['وٽن' 'جيڪو' 'ٻيو' 'گر' 'هوندو' 'هو' '،' 'اهو' 'اهو' 'هوندو' 'هو' 'جو'
 'اهي' 'چور' 'پٺ' 'ڀر' 'هلندي' 'ميل' 'اڌ' 'ڪڍي' 'ويندا' 'هئا' '،' 'پوءِ'
 'وري' 'سڌ' '۾' 'هلندا' 'هئا' '.']","[ 0  0 11  0  0  0  0  0  0  0  0  0  0  0  0  0  0 11 11  0  0  0  0  0
  0  0  0  0  0  0]"
438,"['هي' 'جيڪو' 'پاڻ' 'کي' 'نواز' 'ليگ' 'جي' 'موجوده' 'دور' '۾' 'ڪرپشن' 'جي'
 'الزامن' 'هيٺ' 'گرفتاريون' 'ٿيندي' 'نظر' 'آيون' 'آهن' '،' 'تن' '۾' 'به'
 'عام' 'تاثر' 'اهو' 'ئي' 'آهي' 'ته' 'انهن' 'ڪاررواين' 'آڏو' 'خود' 'وفاقي'
 'حڪومتن' 'به' 'بيوس' 'آهي' '،' 'جيڪڏهن' 'سندس' 'وس' 'پڄي' 'ها' 'ته' 'نه'
 'ته' 'ڪو' 'ايم' 'ڪيو' 'ايم' 'خلاف' 'آپريشن' 'ٿئي' 'ها' '۽' 'نه' 'ئي'
 'پيپلز' 'پارٽي' 'کي' 'ناراض' 'ڪري' 'ها' 'پر' 'جيئن' 'زرداري' 'حڪومت'
 'پنهنجا' 'پنج' 'سال' 'پورا' 'ڪيا' 'تيئن' 'ئي' 'نواز' 'حڪومت' 'به'
 'هاڻوڪو' 'مدو' 'پنهنجا' 'ترقياتي' 'منصوبا' 'ڪجهه' 'اڌ' '۾' '۽' 'ڪجهه'
 'پورا' 'ڪندي' 'گذاري' 'ها' '،' 'پر' 'اها' 'منشا' 'اسٽيبلشمينٽ' 'جي' 'هئي'
 'ته' 'ڪرائيم' 'کي' 'ڪنٽرول' 'ڪيو' 'وڃي' '،' 'تڏهن' 'پاڻ' 'کي' 'رينجرز'
 'ڪراچي' '۾' 'آپريشن' 'ڪندي' '۽' 'دهشتگرديءَ' 'خلاف' 'ملڪ' 'گير' 'آپريشن'
 'ضرب' 'عضب' 'جي' 'صورت' '۾' 'نظر' 'آيو' '.']","[ 0  0  0  0  8  8  0  0  0  0  0  0  0  0  0  0  0  0  0  0  0  0  0  0
  0  0  0  0  0  0  0  0  0  0  0  0  0  0  0  0  0  0  0  0  0  0  0  0
  8  8  8  0  0  0  0  0  0  0  8  8  0  0  0  0  0  0  5  0  0 11 11  0
  0  0  0  3  0  0  0  0  0  0  0  0  0  0  0  0  0  0  0  0  0  0  0  0
  0  0  0  0  0  0  0  0  0  0  0  0  0  0  7  0  0  0  0  0  0  0  0  9
  9  9  0  0  0  0  0  0]"
439,"['اهڙي' 'ماحول' '۾' 'سندس' 'گوادر' '۾' 'تشريف' 'فرما' 'ٿيڻ' '۽' 'گوادر'
 'جي' 'گرد' 'ونواح' 'مان' 'پاڪ' 'ايران' 'گئس' 'پائيپ' 'لائين' 'کي' 'ٽپائي'
 '،' 'سنڌ' 'جي' 'ساحلي' 'علائقي' 'مان' 'کيس' 'هندستان' 'جا' 'وڻ' 'ڏيکارڻ'
 'لاءِ' 'به' 'مائوزي' 'تنگ' 'جو' 'ملڪ' 'چشم' 'براهه' 'آهي' '.']","[ 0  0  0  0  7  0  0  0  0  0  7  0  0  0  0 11 11 11 11 11  0  0  0  7
  0  0  0  0  0  7  0  0  0  0  0  3  3  0  0  0  0  0  0]"
440,"['جواب' 'لاءِ' 'پاڻ' 'کي' '”' 'را' '“' 'جي' 'اڳوڻي' 'ڊي' 'جيءَ' 'جي' 'ان'
 'تازي' 'بيان' 'ڏانهن' 'رجوع' 'ٿيڻو' 'پوندو' '،' 'جنهن' '۾' 'موصوف' 'چيو'
 'آهي' 'ته' '،' '”' 'الطاف' 'حسين' 'جو' 'هندوستاني' 'دورو' 'اسان' 'منظم'
 'ڪيو' 'هو' '،' 'ڇاڪاڻ' 'ته' 'موصوف' 'ايم' 'آئي' '6' 'جو' 'مهمان' '۽'
 'برطانوي' 'شهريءَ' 'جي' 'حيثيت' 'سان' 'اسان' 'وٽ' 'تشريف' 'فرما' 'ٿيو'
 'هو' '.']","[0 0 0 0 0 8 0 0 0 5 5 0 0 0 0 0 0 0 0 0 0 0 3 0 0 0 0 0 3 3 0 8 0 0 0 0 0
 0 0 0 3 8 8 8 0 0 0 8 8 0 0 0 0 0 0 0 0 0 0]"
441,"['پر' 'فرض' 'ڪريو' 'ته' 'نئين' 'تي' 'اهڙا' 'ڊيم' 'ڀرجي' 'به' 'وڃن' 'ٿا'
 '۽' 'باراني' 'زمين' 'انهيءَ' 'پاڻيءَ' 'تي' 'آباد' 'به' 'ٿئي' 'ٿي' 'ته'
 'پوءِ' 'اهو' 'سوال' 'ٿو' 'اٿي' 'ته' 'ڇا' 'ٿيندو' '؟']",[0 0 0 0 0 0 0 0 0 0 0 0 0 0 0 0 0 0 0 0 0 0 0 0 0 0 0 0 0 0 0 0]
442,"['ستلج' '،' 'راوي' '۽' 'بياس' 'نديون' 'هندستان' 'حوالي' 'ٿين' 'ٿيون' 'ته'
 'چناب' '،' 'سنڌو' '۽' 'جهلم' 'تي' 'پاڪستاني' 'ڪنٽرول' 'کي' 'تسليم' 'ڪيو'
 'وڃي' 'ٿو' '.']",[4 0 4 0 4 0 7 0 0 0 0 4 0 4 0 4 0 8 0 0 0 0 0 0 0]
443,"['اجمل' 'خٽڪ' 'پنهنجو' 'پاڻ' 'کي' 'هن' 'هلچل' 'جو' 'بظاهر' 'والي' 'وارث'
 'محسوس' 'ڪرائي' 'رهيو' 'هو' '،' 'پر' 'ڪن' 'شرير' 'قسم' 'جي' 'سامراج'
 'دوست' 'حلقن' 'اها' 'ڳالهه' 'عام' 'خاص' 'ماڻهن' 'تائين' 'پهچائڻ' '۾'
 'ڪاميابي' 'حاصل' 'ڪئي' 'هئي' 'ته' 'هن' 'سموري' 'هلچل' 'کي' '”' 'گنڌارا'
 'نشان' '“' 'وارا' 'فنڊ' 'فراهم' 'ڪري' 'رهيا' 'آهن' '.']","[3 3 0 0 0 0 0 0 0 0 0 0 0 0 0 0 0 0 0 0 0 3 0 0 0 0 0 0 0 0 0 0 0 0 0 0 0
 0 0 0 0 0 4 0 0 0 0 0 0 0 0 0]"
444,"['هفتا' '،' 'مهينا' '۽' 'سال' 'لنگهندي' 'دير' 'ئي' 'ڪا' 'نه' 'ٿي' '۽'
 'پاڻ' 'هن' 'وقت' 'ڪارگل' 'جي' 'پنجين' 'ورسي' 'ملهائي' 'چڪا' 'آهيون' '.']",[ 0  0  0  0  0  0  0  0  0  0  0  0  0  0  0  4  0 11  0  0  0  0  0]
445,"['هو' 'ڪڏهن' 'ڪنهن' 'در' 'تان' 'دان' 'وٺندي' 'ته' 'ڪڏهن' 'ڪنهن' 'در' 'تان'
 'زندگي' 'جو' 'گاڏو' 'گهليندا' 'پئي' 'رهيا' '،' 'سي' 'هن' 'سياري' 'جو'
 'مقابلو' 'ڪيئن' 'ڪن' '!' '؟']","[ 0  0  0  0  0  0  0  0  0  0  0  0  0  0  0  0  0  0  0  0  0 11  0  0
  0  0  0  0]"
446,['شيڪسپيئر' 'چيو' 'آهي' 'ته' ':' '.'],[3 0 0 0 0 0]
447,"['”' 'آبجيڪشن' 'اوور' 'رولڊ' '!' 'ڇاڪاڻ' 'ته' 'هن' 'ملڪ' '۾' 'انصاف'
 'نالي' 'ڪا' 'شيءِ' 'گهڻو' 'ڪري' 'رهي' 'ڪونهي' '.']",[0 0 0 0 0 0 0 0 0 0 0 0 0 0 0 0 0 0 0]
448,"['ائين' 'مهاڻا' 'صحيح' 'وقت' 'تي' 'صحيح' 'فيصلو' 'ڪري' 'وٺندا' 'هئا' 'ته'
 'سمنڊ' 'اندر' 'لهڻو' 'آهي' 'يا' 'نه' 'لهڻو' 'آهي' '.']",[0 8 0 0 0 0 0 0 0 0 0 0 0 0 0 0 0 0 0 0]
449,"['گذريل' 'چئن' 'سالن' '۾' 'ايران' 'جي' 'حڪومت' 'گئس' 'سپلاءِ' 'ڪندڙ'
 'پائيپ' 'لائين' '۽' 'بجليءَ' 'جون' 'تارون' 'اسان' 'جي' 'سرحدن' 'تائين'
 'پهچائي' 'ڇڏيون' 'آهن' '.']",[0 0 0 0 7 0 0 0 0 0 0 0 0 0 0 0 0 0 0 0 0 0 0 0]
450,"['وري' 'به' 'شابس' 'هجي' '،' 'ميڊيا' '،' 'سول' 'سوسائٽي' '۽' 'مختلف'
 'سياسي' 'سماجي' 'تنظيمن' 'کي' '،' 'جن' 'پمفليٽ' 'ڇپائي' '،' 'ورهائي' '،'
 'ماڻهن' 'کي' 'آگاهي' 'ڏيڻ' 'تائين' 'ان' 'سلسلي' 'کي' 'جاري' 'رکيو' '.']",[0 0 0 0 0 0 0 0 0 0 0 0 0 0 0 0 0 0 0 0 0 0 0 0 0 0 0 0 0 0 0 0 0]
451,"['پر' 'بدقسمتي' 'سان' 'ايئن' 'ٿئي' 'ڪونه' 'ٿو' '۽' 'اها' 'سماجي' 'اوندهه'
 'وڌيڪ' 'گهري' 'ٿيندي' 'وڃي' 'ٿي' '.']",[0 0 0 0 0 0 0 0 0 0 0 0 0 0 0 0 0]
452,"['هي' 'سياسي' '۽' 'انتظامي' 'ادارن' 'جي' 'زوال' 'پذيري' 'يقينن' 'ڪنهن'
 'پرڏيهي' 'قوت' 'جي' 'مداخلت' 'سبب' 'نه' 'پر' 'پنهنجن' 'جي' 'نااهلي' '،'
 'سفاڪ' 'بي' 'پرواهي' '۽' 'ڪرپشن' 'جي' 'حد' 'درجي' 'هوس' 'سبب' 'ٿي' 'آهي'
 '.']",[0 0 0 0 0 0 0 0 0 0 0 0 0 0 0 0 0 0 0 0 0 0 0 0 0 0 0 0 0 0 0 0 0 0]
453,"['اهڙي' 'ريت' 'تحريڪ' 'انصاف' 'کان' 'ويندي' 'متحده' 'توڙي' 'جماعت'
 'اسلاميءَ' 'کان' 'جي' 'يو' 'آءِ' 'تائين' 'هر' 'ڪنهن' 'جون' 'نظرون'
 'ايندڙ' 'عام' 'چونڊن' '۾' 'کتل' 'آهن' '.']",[0 0 8 8 0 0 8 0 8 8 0 8 8 8 0 0 0 0 0 0 0 0 0 0 0 0]
454,"['ظاهر' 'آهي' 'ته' 'ٽيون' 'ڀيرو' 'وزارت' 'عظميٰ' 'تان' 'بي' 'دخل' 'ٿيل'
 'شخص' 'پاران' 'اهي' 'جملا' 'ڪي' 'غير' 'متوقع' 'نٿا' 'چئي' 'سگهجن' '.']",[ 0  0  0 11  0  5  5  0  0  0  0  0  0  0  0  0  0  0  0  0  0  0]
455,"['پر' 'اسان' 'ايترو' 'پري' 'نٿا' 'وڃون' '،' 'پنهنجي' 'ئي' 'ملڪ' 'جي'
 'مدرسن' '۾' 'جتي' 'مذهبي' 'تعليم' 'ڏني' 'وڃي' 'ٿي' '،' 'اتي' 'اهڙا'
 'مدرسا' 'پڻ' 'آهن' '،' 'جتي' 'ٻارن' 'جي' 'برين' 'واشنگ' '“' 'ڪري' 'کين'
 'آپگهاتي' 'حملي' 'لاءِ' 'تيار' 'ڪيو' 'ٿو' 'وڃي' '.']","[0 0 0 0 0 0 0 0 0 0 0 0 0 0 0 0 0 0 0 0 0 0 0 0 0 0 0 0 0 0 0 0 0 0 0 0 0
 0 0 0 0 0]"
456,"['هي' 'وقت' 'ميڊيا' 'کي' 'حدود' 'اربع' 'سمجهائڻ' 'جو' 'وقت' 'به' 'ناهي'
 'ته' 'ميڊيا' 'فقط' 'پنهنجي' 'دائري' '۾' 'رهي' 'فقط' 'رپورٽنگ' 'ڪري' '،'
 'اهو' 'نه' 'ڏسي' 'ته' 'ڪير' 'ڪٿان' 'ڪهڙي' 'بدمعاشي' 'ڪري' 'رهيو' 'آهي'
 '.']","[ 0  0  0  0  0 11  0  0  0  0  0  0  0  0  0  0  0  0  0  0  0  0  0  0
  0  0  0  0  0  0  0  0  0  0]"
457,"['انهن' 'نون' 'ڪئنالن' 'جي' 'اونهائي' 'ايتري' 'هوندي' 'جو' 'سياري' 'جي'
 'مند' '۾' 'لٿل' 'درياهه' 'مان' 'به' 'پاڻي' 'کڻي' 'سگهندا' '.']",[ 0  0  0  0  0  0  0  0 11  0  0  0  0  0  0  0  0  0  0  0]
458,"['سرڪار' 'جو' 'مٿن' 'ڪوبه' 'دٻاءُ' 'ناهي' '،' 'پاڻ' 'راضي' 'خوشي' 'فيصلو'
 'ڪيو' 'اٿن' '.']",[0 0 0 0 0 0 0 0 0 0 0 0 0 0]
459,"['آمريڪي' 'تاريخ' 'جا' 'ٻه' 'نه' 'وسرندڙ' 'قصا' 'اهي' 'آهن' 'جو' 'هڪ' 'ته'
 'آمريڪي' 'تاريخ' '۾' 'نڪسن' 'صدارت' 'تان' 'استعيفيٰ' 'ڏني' '۽' 'ٻيو'
 'جيرال' 'فورڊ' 'بغير' 'ڪنهن' 'چونڊن' 'جي' 'آمريڪا' 'جو' 'صدر' 'ٿي' 'ويو'
 '.']","[ 8  0  0 11  0  0  0  0  0  0 11  0  8  0  0  3  0  0  0  0  0 11  3  3
  0  0  0  0  7  0  5  0  0  0]"
460,"['آئون' 'ڳالهه' 'ڪري' 'رهيو' 'آهيان' 'سنڌ' 'جي' 'انهي' 'مڊل' 'ڪلاس' 'جي'
 '،' 'جنهن' 'هر' 'دور' '۾' 'موقعي' 'پرستي' 'جا' 'نوان' 'مثال' 'قائم' 'ڪيا'
 'آهن' '.']",[0 0 0 0 0 7 0 0 0 0 0 0 0 0 0 0 0 0 0 0 0 0 0 0 0]
461,"['ان' 'ڏينهن' 'تي' 'کرپيون' '۽' 'تغاريون' 'کڻي' 'ڪمزور' '۽' 'جهري' 'ويل'
 'قبرن' 'جي' 'به' 'حال' 'آهر' 'مرمت' 'ڪئي' 'ويندي' 'هئي' '،' 'بعد' '۾'
 'مٽن' 'مائٽن' 'سان' 'عيد' 'ملاقات' 'توڙي' 'طعامن' 'جو' 'هڪ' 'سلسلو'
 'شروع' 'ٿي' 'ويندو' 'هو' '.']","[ 0  0  0  0  0  0  0  0  0  0  0  0  0  0  0  0  0  0  0  0  0  0  0  0
  0  0  9  0  0  0  0 11  0  0  0  0  0  0]"
462,"['ثناءُالله' 'زهري' 'کانپوءِ' 'اختر' 'مينگل' 'کي' 'مهرو' 'ٿيڻ' 'لاءِ' 'وڏ'
 'وزارت' 'جو' 'آسرو' 'ڏنو' 'ويو' '،' 'پر' 'مينگل' 'به' 'همت' 'نه' 'ڪري'
 'سگهيو' 'ته' 'آخرڪار' 'اسان' 'جي' 'شيخ' 'المفهامت' 'زرداري' 'صاحب' 'اهڙي'
 'خدمت' 'سرانجام' 'ڏيڻ' 'لاءِ' 'دل' 'جان' 'سان' 'پاڻ' 'کي' 'پيش' 'ڪندي'
 'ٺيڪو' 'حاصل' 'ڪرڻ' '۾' 'ڪاميابي' 'ماڻي' '.']","[3 3 0 3 3 0 0 0 0 5 5 0 0 0 0 0 0 5 0 0 0 0 0 0 0 0 0 3 3 5 5 0 0 0 0 0 0
 0 0 0 0 0 0 0 0 0 0 0 0 0]"
463,"['چين' '۾' 'فقط' '۽' 'فقط' 'هڪڙي' 'بئنڪ' 'آهي' 'سرڪاري' '،' 'جيڪا' 'نه'
 'رڳو' 'اتان' 'جي' 'اسٽيٽ' 'بئنڪ' 'يعني' 'قومي' 'بئنڪ' 'آهي' 'پر' 'اسان'
 'واري' 'نيشنل' 'بئنڪ' 'جيان' 'ان' 'جون' 'شاخون' 'ڳوٺ' 'ڳوٺ' '۾' 'پکڙيل'
 'آهن' '.']",[7 0 0 0 0 0 0 0 0 0 0 0 0 0 0 6 6 0 6 6 0 0 0 0 6 6 0 0 0 0 0 0 0 0 0 0]
464,"['ان' 'کانپوءِ' 'ڇا' 'ڪنهن' 'اهڙي' 'ٻئي' 'عمل' 'جي' 'موٽ' '۾' 'به' 'اهڙو'
 'ئي' 'ردِ' 'عمل' 'سامهون' 'ايندو' '،' 'جهڙو' 'ان' 'کان' 'اڳ' 'انيڪ'
 'واقعن' 'جي' 'صورت' '۾' 'پاڻ' 'ڏسي' 'چڪا' 'آهيون' 'ته' 'سنڌ' 'جي' 'مختلف'
 'شهرن' '۾' 'ڪاروبار' 'بند' 'ڪرائي' 'ڇڏجي' '؟']","[0 0 0 0 0 0 0 0 0 0 0 0 0 0 0 0 0 0 0 0 0 0 0 0 0 0 0 0 0 0 0 0 7 0 0 0 0
 0 0 0 0 0]"
465,"['مائي' 'جوري' 'جمالي' 'اليڪشن' '۾' 'وڙهڻ' 'جو' 'جڏهن' 'فيصلو' 'ڪيو' 'ته'
 'انهي' 'فيصلي' 'پٺيان' 'يقين' 'ڄاڻو' 'ته' 'ڪا' 'ڊگهي' 'منصوبه' 'بندي' '،'
 'ڪا' 'تياري' 'نه' 'پر' 'اهو' 'ورهين' 'جي' 'پيڙا' 'جو' 'پڙلاءُ' 'هو' '،'
 'جيڪو' 'جوالا' 'بڻجي' 'وهي' 'نڪتو' 'آهي' '.']","[3 3 3 0 0 0 0 0 0 0 0 0 0 0 0 0 0 0 0 0 0 0 0 0 0 0 0 0 0 0 0 0 0 0 0 0 0
 0 0 0 0]"
466,"['پنهنجي' 'پر' '۾' 'ته' 'هرڪو' 'سمجهي' 'ٿو' 'ته' 'سهڻو' '/' 'سهڻي' 'ته'
 'مان' 'آهيان' 'ئي' '،' 'پر' 'عقل' 'به' 'مون' 'تي' 'ئي' 'دنگ' 'آهي' '.']",[0 0 0 0 0 0 0 0 0 0 0 0 0 0 0 0 0 0 0 0 0 0 0 0 0]
467,"['اسان' 'وٽ' 'به' 'ساڳي' 'ريت' 'پياري' 'پاڪستان' 'جي' 'صدر' 'جناب' 'آصف'
 'علي' 'زرداريءَ' 'کي' 'سوين' 'صلاحڪارن' 'وزيرن' 'ڪبيرن' 'منجهان' 'فقط'
 'ٻه' 'ڄڻا' 'نيڻن' 'ٺار' 'آهن' '،' 'جيڪي' 'آڌيءَ' 'مانجهيءَ' 'نيڪ'
 'صلاحون' 'ڏيندا' 'رهن' 'ٿا' '.']","[ 0  0  0  0  0  0  7  0  5  0  3  3  3  0  0  0  0  0  0  0 11  0  0  0
  0  0  0  0  0  0  0  0  0  0  0]"
468,"['1960ع' 'جي' 'ڏياري' 'هئي' '،' 'آئون' 'ملڪ' 'جي' 'مشهور' 'ڪاريگر' 'ڪنڀار'
 'گورچرن' 'سنگهه' 'جي' 'دعوت' 'تي' 'ساڻس' 'گڏجي' 'لنچ' 'ڪرڻ' 'لاءِ' '”'
 'بليو' 'پاٽري' '“' 'پهتس' '.']","[11  0  0  0  0  0  0  0  0  0  0  3  3  0  0  0  0  0  0  0  0  0  4  4
  0  0  0]"
469,"['انهيءَ' 'مٿان' 'وري' 'مهراڻ' 'رسالي' 'جي' 'پرچي' '۾' 'ڪنهن' 'ڀائوءَ'
 'کان' 'رهيو' 'نه' 'ٿيو' '،' 'تنهن' 'به' 'ڪهاڻي' 'جي' 'قتل' 'جو' 'ڏوهه'
 'مون' 'مٿان' 'مڙهي' 'ڇڏيو' '.']","[ 0  0  0 10 10  0  0  0  0  0  0  0  0  0  0  0  0  0  0  0  0  0  0  0
  0  0  0]"
470,"['ايلاگربر' 'جون' 'نگاهون' 'منهنجي' 'ٽنگن' 'جي' 'ڊيگهه' '،' 'منهنجي' 'مغز'
 'جي' 'سائيز' '۽' 'منهنجي' 'ڏات' 'جو' 'وزن' 'ماپڻ' 'لڳيون' '.']",[3 0 0 0 0 0 0 0 0 0 0 0 0 0 0 0 0 0 0 0]
471,"['ڪو' 'چُرڻ' 'جي' 'بدران' 'اکيون' 'ڦوٽاري' 'هيڏانهن' 'هوڏانهن' 'ڏسي'
 'رهيو' 'آهي' 'ته' 'ڪو' 'هٿ' 'مان' 'ڪري' 'ويل' 'مانيءَ' 'جو' 'ٽڪر' 'ڳولڻ'
 'لاءِ' 'ڦِرموٽيءَ' 'وانگر' 'ڦِري' 'رهيو' 'آهي' '.']",[0 0 0 0 0 0 0 0 0 0 0 0 0 0 0 0 0 0 0 0 0 0 0 0 0 0 0 0]
472,"['هندستان' 'يا' 'ايران' 'کان' 'بجلي' 'حاصل' 'ڪرڻ' 'جون' 'ڏند' 'ڪٿائون'
 'ٻڌي' 'ٻڌي' 'ماڻهن' 'جا' 'ڪَن' 'پچي' 'پيا' 'آهن' '،' 'پر' 'سوال' 'پيدا'
 'ٿئي' 'ٿو' 'ته' 'کٽارا' 'قسم' 'جا' 'رينٽل' 'پاور' 'پلانٽ' 'گهرائي' 'انهن'
 'کي' 'کربين' 'رپيا' 'اڳواٽ' 'ئي' 'قومي' 'خزاني' 'مان' 'ڪڍائي' 'ڏيڻ' '۾'
 'ڪهڙي' 'ڏاهپ' '،' 'حڪمت' 'يا' 'دور' 'انديشي' 'هئي' '؟']","[ 7  0  7  0  0  0  0  0  0  0  0  0  0  0  0  0  0  0  0  0  0  0  0  0
  0  0  0  0  0  0  0  0  0  0 11 11  0  0  0  0  0  0  0  0  0  0  0  0
  0  0  0  0  0]"
473,"['هو' 'جنرل' 'ضياءَ' 'جي' 'جوڙيل' 'مجلسِ' 'شوريٰ' 'جو' 'چيئرمين' 'پڻ' 'هو'
 '.']",[0 3 3 0 0 0 0 0 0 0 0 0]
474,"['اهو' 'سوال' 'ڪنهن' 'ٻئي' 'کان' 'ڪرڻ' 'بدران' 'پاڻ' 'کان' 'ڪرڻو' 'پوندو'
 '۽' 'جواب' 'به' 'پاڻ' 'کي' 'ئي' 'ڏيڻو' 'آهي' 'ته' 'اهو' 'خوف' 'جو' 'طوق'
 '،' 'جيڪو' 'اسان' 'پنهنجين' 'ڳچين' '۾' 'پائي' 'گهمي' 'رهيا' 'آهيون' '،'
 'تنهن' 'کي' 'لاهي' 'ڦٽو' 'ڪرڻ' 'گهرجي' '،' 'اسان' 'کي' 'ذات' 'برادرين'
 'جي' 'چڪر' 'مان' 'نڪري' 'اجتماعيت' 'جي' 'سڳي' '۾' 'پاڻ' 'کي' 'پوئڻو'
 'پوندو' '،' 'خراب' 'کي' 'خراب' '۽' 'سٺي' 'کي' 'سٺو' 'چوڻ' 'جي' 'عادت'
 'سان' 'گڏ' 'سچ' 'چئي' 'ڏيڻ' 'جي' 'جرئت' 'به' 'اسان' '۾' 'تڏهن' 'ايندي'
 '،' 'جڏهن' 'ڪنهن' 'مصلحت' '،' 'منافقت' 'يا' 'خوف' 'کان' 'مٿانهان'
 'ٿينداسين' '،' 'جڏهن' 'اسين' 'ٽوٽن' 'ٽڪرن' '،' 'گروهن' 'يا' 'ٽولن' '۾'
 'جيئڻ' 'بدران' 'هڪٻئي' 'سان' 'وري' 'جڙڻ' 'جو' 'وساريل' 'هنر' 'ٻيهر'
 'جيئاري' 'ڇڏيو' 'ته' 'پوءِ' 'يقين' 'ڄاڻو' 'ته' 'خوف' 'کي' 'شڪست' 'ڏيڻ'
 'مشڪل' 'نه' 'هوندو' '۽' 'جڏهن' 'اسين' 'پنهنجي' 'اندر' 'جي' 'خوف' 'کي'
 'فتح' 'ڪري' 'ورتو' 'ته' 'پوءِ' 'اسان' 'جي' 'زندگين' '۾' 'هڪ' 'بهتر' '۽'
 'ديرپا' 'تبديليءَ' 'جو' 'سج' 'اڀرڻ' 'ناممڪن' 'نه' 'هوندو' 'سنڌ' 'مان'
 'واقعي' 'به' 'ابهام' 'جو' 'دور' 'ختم' 'ٿي' 'رهيو' 'آهي' '،' 'ڏند'
 'ڪٿائون' 'هڪ' 'هڪ' 'ٿي' 'ڪري' 'کلنديون' 'پيون' 'وڃن' '،' 'هي' 'دور'
 'هاڻي' 'منافقت' '۽' 'اهليت' '،' 'توڙي' 'مصلحت' '۽' 'صلاحيت' 'جي' 'وچ' '۾'
 'لڪير' 'ڪڍڻ' 'جو' 'دور' 'آهي' '،' 'ڌنڌ' '۾' 'نظر' 'ايندڙ' 'شيون' 'هاڻ'
 'وڌيڪ' 'واضح' '۽' 'چٽي' 'نموني' 'سان' 'سامهون' 'اچي' 'رهيون' 'آهن' '.']","[ 0  0  0  0  0  0  0  0  0  0  0  0  0  0  0  0  0  0  0  0  0  0  0  0
  0  0  0  0  0  0  0  0  0  0  0  0  0  0  0  0  0  0  0  0  0  0  0  0
  0  0  0  0  0  0  0  0  0  0  0  0  0  0  0  0  0  0  0  0  0  0  0  0
  0  0  0  0  0  0  0  0  0  0  0  0  0  0  0  0  0  0  0  0  0  0  0  0
  0  0  0  0  0  0  0  0  0  0  0  0  0  0  0  0  0  0  0  0  0  0  0  0
  0  0  0  0  0  0  0  0  0  0  0  0  0  0  0  0  0  0  0  0  0  0  0 11
  0  0  0  0  0  0  0  0  0  0  7  0  0  0  0  0  0  0  0  0  0  0  0  0
 11 11  0  0  0  0  0  0  0  0  0  0  0  0  0  0  0  0  0  0  0  0  0  0
  0  0  0  0  0  0  0  0  0  0  0  0  0  0  0  0  0  0  0  0  0]"
475,"['حڪومتي' 'پروپيگنڊا' 'ڪميشن' 'ڇهن' 'مهيني' 'جي' 'عرصي' 'دوران' 'وڏي'
 'ڪاميابي' 'حاصل' 'ڪئي' '،' 'ايتري' 'حد' 'تائين' 'جو' 'امن' 'پسند'
 'آمريڪي' 'شهري' 'جرمن' 'کي' 'ڪچو' 'کائڻ' '“' 'لاءِ' 'تيار' 'ٿي' 'ويا' '۽'
 'ويڙهه' 'لاءِ' 'آماده' 'ٿي' 'ويا' '.']",[0 0 0 0 0 0 0 0 0 0 0 0 0 0 0 0 0 0 0 8 8 7 0 0 0 0 0 0 0 0 0 0 0 0 0 0 0]
476,"['سنڌ' 'جا' 'ماڻهو' 'اڄ' 'به' 'انهن' 'ماڻهن' 'جي' 'چهرن' 'کي' 'چڱيءَ'
 'ريت' 'سڃاڻين' 'ٿا' '،' 'جيڪي' 'پراون' 'جي' 'ايجنڊا' 'تي' 'عمل' 'ڪندي'
 'پنهنجن' 'جا' 'طرف' 'وڃائيندا' 'رهيا' 'آهن' '.']",[7 0 0 0 0 0 0 0 0 0 0 0 0 0 0 0 0 0 0 0 0 0 0 0 0 0 0 0 0]
477,"['ٻيا' 'بدلحاظ' 'ماڻهو' 'اهي' 'هجن' 'ٿا' '،' 'جن' 'کي' 'ننڍي' 'وڏي' 'جو'
 'ڪو' 'لحاظ' 'ئي' 'نٿو' 'هجي' '،' 'اهو' 'به' 'نٿا' 'ڏسن' 'ته' 'ڪير' 'ڪهڙي'
 'ڪرسي' 'تي' 'ويٺو' 'آهي' '۽' 'هن' 'جي' 'هٿ' '۾' 'ڇا' 'آهي' '.']",[0 0 0 0 0 0 0 0 0 0 0 0 0 0 0 0 0 0 0 0 0 0 0 0 0 0 0 0 0 0 0 0 0 0 0 0 0]
478,"['ساڳئي' 'وقت' 'هن' 'اها' 'به' 'ڳالهه' 'ڪئي' 'ته' 'عدليه' 'جي' 'لانڊري'
 'مان' 'سياستدانن' 'جو' 'گند' 'صاف' 'ڪرڻ' 'مان' 'فرصت' 'ملي' 'ته' 'پوءِ'
 'ماڻهن' 'جي' 'ڪيسن' 'جو' 'وارو' 'اچي' '.']",[0 0 0 0 0 0 0 0 0 0 0 0 0 0 0 0 0 0 0 0 0 0 0 0 0 0 0 0 0]
479,"['اوهان' 'کي' 'ياد' 'هوندو' 'ته' 'پاڪستان' 'جي' 'هٿياربند' 'فوجن' 'جي'
 'سپريم' 'ڪمانڊر' '،' 'اڳوڻي' 'صدر' 'آصف' 'علي' 'زرداريءَ' 'اهو' 'توسيعي'
 'حڪم' 'آڌيءَ' 'رات' 'کانپوءِ' 'جاري' 'ڪيو' '،' 'جيڪو' 'تڏهوڪي' 'وزير'
 'اعظم' 'يوسف' 'رضا' 'گيلانيءَ' 'ٽي' 'وي' 'تان' 'خطاب' 'ذريعي' 'فجر' 'مهل'
 'پڙهي' 'ٻڌايو' '.']","[ 0  0  0  0  0  7  0  0  0  0  0  0  0  0  5  3  3  3  0  0  0  0  0  0
  0  0  0  0  0  5  5  0  3  3 11 11  0  0  0  0  0  0  0  0]"
480,"['اسان' 'وٽ' 'وڏي' 'مصيبت' 'ته' 'اِها' 'آهي' 'ته' 'انهيءَ' 'گند' 'ڪچري'
 'تي' 'ڌيان' 'نٿو' 'ڏنو' 'وڃي' '.']",[0 0 0 0 0 0 0 0 0 0 0 0 0 0 0 0 0]
481,"['سياسي' 'قوتن' 'کي' 'هاڻ' 'پنهنجي' 'نئين' 'سر' 'صف' 'بندي' 'ڪندي' 'اهو'
 'ضرور' 'اعتراف' 'ڪرڻ' 'گهرجي' 'ته' 'نظريهءِ' 'ضرورت' 'کي' 'صرف' 'عدليه'
 'ئي' 'تحفظ' 'ناهي' 'ڏنو' '،' 'پر' 'انهن' 'سياسي' 'قوتن' 'به' 'تحفظ' 'ڏنو'
 'آهي' '،' 'جن' 'جمهوريت' 'کي' 'غير' 'مستحڪم' 'ڪرڻ' 'لاءِ' 'اسٽيبلشمينٽ'
 'سان' 'ساٿ' 'ڏنو' '،' 'جن' 'ڪڏهن' 'ورديءَ' 'کي' 'ايڪسٽينشن' 'ڏني' '،'
 'جن' 'غير' 'جمهوري' 'قوتن' 'سان' 'ڳالهيون' 'ڪيون' '،' 'جن' 'پنهنجن'
 'مفادن' 'خاطر' 'سمورين' 'سياسي' 'ڌرين' 'کي' 'هڪ' 'پليٽ' 'فارم' 'تي' 'گڏ'
 'ٿيڻ' 'کان' 'روڪيو' '۽' 'جن' 'اسٽيسٽسڪو' 'جي' 'سڌي' 'يا' 'اڻ' 'سڌي' 'طرح'
 'صرف' 'ان' 'ڪري' 'حمايت' 'ڪئي' 'ته' 'جيئن' 'کين' 'به' 'اقتدار' '۾' 'حصو'
 'پتي' 'ملي' 'سگهي' '.']","[ 0  0  0  0  0  0  0  0  0  0  0  0  0  0  0  0  0  0  0  0  0  0  0  0
  0  0  0  0  0  0  0  0  0  0  0  0  0  0  0  0  0  0  0  0  0  0  0  0
  0  0  0  0  0  0  0  0  0  0  0  0  0  0  0  0  0  0  0  0  0  0 11  0
  0  0  0  0  0  0  0  0  0  0  0  0  0  0  0  0  0  0  0  0  0  0  0  0
  0  0  0  0  0  0  0]"
482,"['سائنسي' 'ٿيوري' '۽' 'روزاني' 'استعمال' '۾' 'ايندڙ' 'لفظ' 'ٿيوري' '“' '۾'
 'فرق' 'اهو' 'آهي' 'ته' 'سائنسي' 'ٿيوري' '،' 'سائنسي' 'ڄاڻ' 'جي' 'ثابت'
 'ٿيل' '،' 'ڀروسي' 'جوڳي' '۽' 'جامع' 'شڪل' 'هوندي' 'آهي' '.']",[0 0 0 0 0 0 0 0 0 0 0 0 0 0 0 0 0 0 0 0 0 0 0 0 0 0 0 0 0 0 0 0]
483,"['پلاٽنگ' 'ٿي' '،' 'گهر' 'ٺهيا' '،' 'دڪان' 'کوليا' 'ويا' '،' 'پيٽرول'
 'پمپن' 'پاڙون' 'هنيون' '۽' 'بازاريون' 'لڳي' 'ويون' '۽' 'ماڻهن' 'جي'
 'ريلي' 'پيل' 'ٿي' '.']",[0 0 0 0 0 0 0 0 0 0 0 0 0 0 0 0 0 0 0 0 0 0 0 0 0]
484,"['هن' 'اهو' 'به' 'چيو' 'ته' 'جنهن' 'ٻه' 'ڀيرا' 'آئين' 'ٽوڙيو' '،' 'بگٽي'
 'کي' 'قتل' 'ڪيو' '،' 'ڇا' 'ڪا' 'اهڙي' 'عدالت' 'آهي' 'جيڪا' 'ان' 'کي'
 'سزا' 'ڏئي' 'سگهي' '؟']","[ 0  0  0  0  0  0 11  0  0  0  0  0  0  0  0  0  0  0  0  0  0  0  0  0
  0  0  0  0]"
485,"['صفائي' 'سٿرائيءَ' '۽' 'مکيون' 'ماڪوڙا' 'مارڻ' 'وارو' 'موضوع' 'به'
 'مارشل' 'لا' 'جي' 'ابتدائي' 'ڏينهن' '۾' 'بامِ' 'عُروج' 'تي' 'پهتل'
 'هوندو' 'آهي' '.']",[0 0 0 0 0 0 0 0 0 0 0 0 0 0 0 0 0 0 0 0 0 0]
486,"['سي' 'آءِ' 'اي' 'جي' 'وهنوار' '“' 'تي' 'نه' 'صرف' 'صدر' 'ٽرومين' 'جيڪو'
 'هن' 'تنظيم' 'جو' 'خالق' 'هو' '،' 'تحفظات' 'ظاهر' 'ڪيا' '،' 'پر' 'سي'
 'آءِ' 'اي' 'جي' 'ظلمن' '۽' 'ڪارگذارين' 'حوالي' 'سان' '1964ع' '۾' 'ٻن'
 'آمريڪي' 'تجزيه' 'نگارن' '،' '.']","[ 8  8  8  0  0  0  0  0  0  5  3  0  0  0  0  0  0  0  0  0  0  0  0  8
  8  8  0  0  0  0  0  0 11  0  0  8  0  0  0  0]"
487,"['پيپلز' 'پارٽي' 'پاران' 'ڪراچي' 'جي' 'ٻين' 'علائقن' 'مان' 'سيٽون' 'نه'
 'کٽڻ' 'جي' 'حوالي' 'سان' 'هڪ' 'سبب' 'اهو' 'به' 'ٻڌايو' 'ويندو' 'آهي' 'ته'
 '70ع' 'واري' 'ڏهاڪي' '۾' 'جماعت' 'اسلامي' '۽' 'جي' 'يو' 'پي' 'پاران'
 'ڀٽي' 'صاحب' 'مٿان' 'اهي' 'الزام' 'هنيا' 'ويا' 'ته' 'هن' 'نوڪرين' '۽'
 'داخلائن' '۾' 'ڪوٽا' 'سسٽم' 'متعارف' 'ڪرائي' 'اردو' 'ڳالهائيندڙ' 'آبادي'
 'کي' 'نقصان' 'رسايو' 'آهي' '،' 'حالانڪه' 'ڪوٽا' 'سسٽم' '1960ع' 'کان'
 'رائج' 'هو' '.']","[ 8  8  0  7  0  0  0  0  0  0  0  0  0  0 11  0  0  0  0  0  0  0 11  0
 11  0  8  8  0  8  8  8  0  5  5  0  0  0  0  0  0  0  0  0  0  0  0  0
  0  0  1  0  0  0  0  0  0  0  0  0  0 11  0  0  0  0]"
488,"['هڪ' 'اهڙي' 'ڪمپني' 'جنهن' 'جو' 'پاور' 'سيڪٽر' '۾' 'ڪو' 'تجربو' 'ئي'
 'ڪونه' 'هو' '،' 'تنهن' 'جي' 'مالڪن' 'پاران' 'سيڙپڪاري' 'ته' 'ڇا' 'ٿيندي'
 'پر' 'هنن' 'ڪڏهن' 'پنهنجون' 'رهتون' 'به' 'ادا' 'نه' 'ڪيون' '،' 'فقط'
 'ڳرا' 'بل' 'موڪلي' 'شهرين' 'جو' 'تيل' 'ڪڍندا' 'رهيا' '.']","[11  0  0  0  0  0  0  0  0  0  0  0  0  0  0  0  0  0  0  0  0  0  0  0
  0  0  0  0  0  0  0  0  0  0  0  0  0  0  0  0  0  0]"
489,"['هن' 'موقعي' 'تي' 'هيءَ' 'دنيا' 'هن' 'بندي' 'کي' 'هڪ' 'اهڙي' 'چئوواٽي'
 'وانگيان' 'لڳي' 'ٿي' '،' 'جتان' 'هڪ' 'پاسي' 'کان' 'جنازو' 'کڄيو' 'پيو'
 'وڃي' 'ته' 'ٻئي' 'پاسي' 'کان' 'ڄڃ' 'گذري' 'رهي' 'آهي' '.']","[ 0  0  0  0  0  0  0  0 11  0  0  0  0  0  0  0 11  0  0  0  0  0  0  0
  0  0  0  0  0  0  0  0]"
490,"['گوادر' 'مان' 'عمان' 'جون' 'مسقط' 'سائيڊ' 'واريون' 'لائيٽون' 'پئي' 'نظر'
 'آيون' '.']",[4 0 7 0 7 0 0 0 0 0 0 0]
491,"['تازو' 'ڪراچيءَ' 'جي' 'سفاري' 'پارڪ' 'لاءِ' 'رکيل' 'هزارين' 'ايڪڙن'
 'منجهان' 'ساڍا' 'ٽي' 'سئو' 'ايڪڙ' 'شهري' 'زمين' 'حڪومت' 'جي' 'هڪ' 'با'
 'اثر' 'فرد' 'جي' 'حڪم' 'تي' 'الاٽ' 'ڪئي' 'ويئي' 'آهي' '.']","[ 0  7  0  4  4  0  0  0  0  0 11 11 11 11  0  0  0  0 11  0  0  0  0  0
  0  0  0  0  0  0]"
492,"['هي' 'جو' 'همراهن' 'جا' 'پئرس' '۽' 'لنڊن' '۾' 'محل' 'ماڙيون' 'آهن' '،'
 'سي' 'هن' 'ملڪ' 'جي' 'مسڪينن' 'جي' 'پورهئي' 'جا' 'پئسا' 'آهن' '.']",[0 0 0 0 7 0 7 0 0 0 0 0 0 0 0 0 0 0 0 0 0 0 0]
493,"['اها' 'ڳالهه' 'ته' 'ڪنهن' 'کان' 'به' 'ڳجهي' 'ناهي' 'ته' 'اردو' '،'
 'انگريزي' 'اخبارن' 'توڙي' 'اردو' 'اليڪٽرانڪ' 'ميڊيا' 'مٿان' 'ڪهڙي' 'ڌر'
 'غالب' 'آهي' '۽' 'انهن' 'ٽي' 'وي' 'چئنلز' 'تي' 'ٿيندڙ' 'بحثن' '۾' 'سنڌي'
 'ماڻهن' 'جي' 'ڪيس' 'کي' 'ڪمزور' 'بڻائي' 'پيش' 'ڪرڻ' 'واري' 'ريت' 'ڪيتري'
 'زماني' 'کان' 'لاڳو' 'ٿيل' 'آهي' '.']","[ 0  0  0  0  0  0  0  0  0  1  0  1  0  0  1  0  0  0  0  0  0  0  0  0
 11 11  0  0  0  0  0  8  0  0  0  0  0  0  0  0  0  0  0  0  0  0  0  0
  0]"
494,"['جڏهن' 'قادري' '۽' 'عمران' 'هڪ' 'هنڌ' 'گڏ' 'ٿيندا' 'ته' 'پوءِ' 'انقلاب'
 'يا' 'تبديلي' 'ٻئي' 'گڏ' 'ته' 'نٿا' 'اچي' 'سگهن' 'پر' 'جيڪو' 'ٽيون'
 'نتيجو' 'نڪرندو' 'سو' 'ظاهر' 'آهي' 'ته' 'هن' 'سموري' 'جمهوري' 'سيٽ' 'اپ'
 'لاءِ' 'خطرناڪ' 'هوندو' '.']","[ 0  5  0  3 11  0  0  0  0  0  0  0  0  0  0  0  0  0  0  0  0 11  0  0
  0  0  0  0  0  0  0  0  0  0  0  0  0]"
495,"['وڏي' 'ڳالهه' 'ته' 'ڪالاباغ' 'ڊيم' 'جهڙن' 'جن' 'نهايت' 'نازڪ' 'معاملن'
 'تي' 'ٽن' 'صوبن' '۾' 'ناراضگي' 'آهي' '۽' 'ٽنهي' 'صوبن' 'جون' 'اسيمبليون'
 'هن' 'رٿا' 'کي' 'رد' 'ڪري' 'چڪيون' 'آهن' 'ته' 'ماضيءَ' 'جي' 'قبر' 'مان'
 'اهو' 'مردو' 'کوٽي' 'ڪڍڻ' 'سان' 'به' 'مسلم' 'ليگ' 'ن' 'جي' 'مقبوليت' 'کي'
 'ڇيهو' 'رسندو' '۽' 'ننڍن' 'صوبن' '۾' 'مخالف' 'جي' 'باهه' 'ٻري' 'ويندي'
 '.']","[0 0 0 4 4 0 0 0 0 0 0 0 0 0 0 0 0 0 0 0 0 0 0 0 0 0 0 0 0 0 0 0 0 0 0 0 0
 0 0 8 8 8 0 0 0 0 0 0 0 0 0 0 0 0 0 0 0]"
496,"['انهيءَ' 'شجاع' 'نواز' 'جو' 'لکيل' 'ڪتاب' 'به' '2008ع' '۾' 'ڇپجي' 'پڌرو'
 'ٿيو' '.']",[ 0  3  3  0  0  0  0 11  0  0  0  0  0]
497,"['ڪي' 'وري' 'سياسي' 'رئڪيٽ' 'هڻي' 'کائڻ' '،' 'پيئڻ' '۽' 'سنڌ' 'جي' 'حقن'
 'تي' 'ڳالهائڻ' 'جهڙا' 'ٿي' 'پيا' 'آهن' '.']",[0 0 0 0 0 0 0 0 0 7 0 0 0 0 0 0 0 0 0]
498,"['دعا' '۽' 'کي' 'دنيا' 'جي' 'سڀني' 'مذهبن' '۽' 'نفسيات' 'جي' 'علم'
 'همٿايو' 'آهي' '.']",[0 0 0 0 0 0 0 0 0 0 0 0 0 0]
499,"['ذري' 'گهٽ' 'سال' 'گذرڻ' 'کان' 'پوءِ' 'جڏهن' 'سرڪار' 'طرفان' 'جوڙيل'
 'ماهرن' 'جي' 'هڪ' 'اعليٰ' 'سطحي' 'جاچ' 'ڪميٽي' 'هڪ' 'هفتو' 'ٿر' 'جي'
 'کاڻين' '۾' 'ٿيل' 'ڪم' 'جي' 'رفتار' '۽' 'فائديمند' 'نتيجن' 'جو' 'اڀياس'
 'ڪري' 'اچي' 'جڏهن' 'سرڪار' 'کي' 'رپورٽ' 'پيش' 'ڪئي' 'ته' 'حڪمرانن' 'کي'
 'ڪجهه' 'هوش' 'آيو' '۽' 'هنن' 'رقم' 'جاري' 'ڪرڻ' 'جو' 'حڪم' 'ڏنو' 'آهي'
 '،' 'جنهن' 'مان' 'نوي' 'ڪروڙ' 'رپيا' 'ڊاڪٽر' 'ثمر' 'مبارڪ' 'جي' 'ڪول'
 'گئسيفڪيشن' 'رٿا' 'لاءِ' 'جاري' 'ڪيا' 'ويا' 'آهن' '.']","[ 0  0  0  0  0  0  0  0  0  0  0  0 11  0  0  0  0 11 11  7  0  0  0  0
  0  0  0  0  0  0  0  0  0  0  0  0  0  0  0  0  0  0  0  0  0  0  0  0
  0  0  0  0  0  0  0  0  0  0 11 11 11  5  3  3  0  0  0  0  0  0  0  0
  0  0]"
500,"['انسان' 'جي' 'فطرت' 'مَٽجڻ' 'تمام' 'ڏُکي' 'ڳالهه' 'آهي' '،' 'تنهن' 'ڪري'
 'پ' 'پ' 'قيادت' 'مان' 'اها' 'اُميد' 'رکڻ' 'ته' 'اها' 'سنڌي' 'ماڻهن' 'جي'
 'سڄڻ' 'ٿي' 'وئي' 'آهي' '۽' 'آئينده' 'جيڪي' 'به' 'قانون' '۽' 'قاعدا'
 'ٺهندا' 'يا' 'فيصلا' 'ٿيندا' '،' 'انهن' 'تي' 'باقاعدي' 'عوامي' 'راءِ'
 'وٺندا' '۽' 'بحث' 'مباحثن' 'کانپوءِ' 'اسيمبليءَ' 'مان' 'منظور' 'ڪرائيندا'
 'ته' 'اها' 'سندن' 'ڀُل' 'آهي' '۽' 'نه' 'ڀورائيءَ' 'جي' 'ڀُلَ' 'ايندڙ' '!'
 'ڪجهه' 'ڏينهن' 'اندر' 'نگران' 'حڪومت' 'ٺهڻ' 'شرط' '،' 'سرڪار' 'جي' 'نيتن'
 'تان' 'باقي' 'رهيل' 'نقاب' 'پڻ' 'لهي' 'ويندو' '،' 'گذريل' 'ڏيڍ' 'سال' '۾'
 'يعني' 'گورنر' 'هائوس' '۾' 'اڳوڻي' 'وزير' 'قانون' 'بابر' 'اعواڻ' 'پاران'
 'جولاءِ' '2011ع' '۾' 'سنڌ' 'جي' 'وحدت' 'مٿان' 'پهريون' 'وار' 'ڪرڻ' 'کان'
 'وٺي' '،' 'اڄ' 'تائين' 'هليل' 'سموري' 'جدوجهد' '۾' 'سنڌ' 'جي' 'ليکڪن' '،'
 'شاعرن' '۽' 'دانشورن' 'جي' 'ٻڌي' '۽' 'نيڪ' 'نيتيءَ' 'جي' 'نتيجي' '۾'
 'جيڪا' 'مزاحمتي' 'تنظيم' 'سنڌ' 'رائيٽرس' 'اينڊ' 'ٿنڪرس' 'فورم' 'جي'
 'نالي' 'سان' 'ٻٽي' 'نظام' 'خلاف' 'برسرِ' 'پيڪار' 'رهي' 'آهي' '،' 'هتي'
 'ان' 'جي' 'جدوجهد' 'جو' 'ذڪر' 'نه' 'ڪرڻ' 'زيادتي' 'ٿيندي' '.']","[ 0  0  0  0  0  0  0  0  0  0  0  8  8  0  0  0  0  0  0  0  8  0  0  0
  0  0  0  0  0  0  0  0  0  0  0  0  0  0  0  0  0  0  0  0  0  0  0  0
  0  0  0  0  0  0  0  0  0  0  0  0  0  0  0  0  0  0  0  0  0  0  0  0
  0  0  0  0  0  0  0  0  0  0  0  0  0 11 11  0  0  2  2  0  0  5  0  3
  3  0 11 11  0  7  0  0  0 11  0  0  0  0  0  0  0  0  0  0  0  7  0  0
  0  0  0  0  0  0  0  0  0  0  0  0  0  0  0  6  6  6  6  6  0  0  0  0
  0  0  0  0  0  0  0  0  0  0  0  0  0  0  0  0  0  0]"
501,"['هڪ' 'سال' 'کانپوءِ' 'ممبئي' 'ڌماڪن' '۾' '250' 'ماڻهو' 'مارجي' 'ويا' 'ته'
 'ڀارت' 'پاڪستان' 'مٿان' 'الزام' 'مڙهيو' '.']",[11 11  0  9  9  0 11  0  0  0  0  7  7  0  0  0  0]
502,"['مثلن' 'ججن' 'جي' 'بحاليءَ' '۾' 'رڪاوٽ' 'وجهڻ' '،' 'باجوڙ' 'وانگر' 'وري'
 'بمباري' 'ڪرائڻ' '،' 'قبائلي' 'سردارن' '۽' 'حڪومت' 'وچ' '۾' 'هلندڙ'
 'مفاهمتي' 'عمل' 'روڪرائڻ' '۽' 'ڊالر' 'جي' 'ڀيٽ' '۾' 'پاڪستاني' 'سڪي' 'کي'
 'وڌيڪ' 'ڪيرائڻ' 'جهڙا' 'عمل' 'به' 'ٿي' 'سگهن' 'ٿا' '.']","[ 0  0  0  0  0  0  0  0  0  0  0  0  0  0  0  0  0  0  0  0  0  0  0  0
  0 11  0  0  0  8  0  0  0  0  0  0  0  0  0  0  0]"
503,"['چوندا' 'آهن' 'ته' 'ملڪيت' 'هلي' 'وڃي' 'ته' 'به' 'خير' 'آهي' '،' 'پر'
 'جيڪڏهن' 'ماڻهوءَ' 'جي' 'عزت' '۽' 'اعتبار' 'ختم' 'ٿي' 'وڃي' 'ته' 'پوءِ'
 'اوهان' 'ڀلي' 'سونا' 'ٿي' 'اچو' '،' 'پر' 'وڃايل' 'ساکَ' 'واپس' 'نٿي'
 'ملي' 'سگهي' '.']",[0 0 0 0 0 0 0 0 0 0 0 0 0 0 0 0 0 0 0 0 0 0 0 0 0 0 0 0 0 0 0 0 0 0 0 0 0]
504,"['ڪردار' 'جي' 'مرتئي' 'تي' 'ڪنهن' 'شاعر' 'ٻن' 'سٽن' '۾' 'ڪيڏي' 'نه'
 'خوبصورت' 'ڳالهه' 'ڪئي' 'هئي' 'ڏٺو' 'وڃي' 'ته' 'جسدِ' 'خاڪي' 'کان' 'وڌيڪ'
 'انسان' 'جو' 'اهو' 'ڪردار' 'ئي' 'هجي' 'ٿو' 'جيڪو' 'کيس' 'ماڻهن' 'توڙي'
 'تاريخ' 'جي' 'دل' '۾' 'زنده' 'رکي' 'ٿو' '.']","[0 0 0 0 0 0 0 0 0 0 0 0 0 0 0 0 0 0 0 0 0 0 0 0 0 0 0 0 0 0 0 0 0 0 0 0 0
 0 0 0 0]"
505,"['گهڻي' 'ڀاڱي' 'امڪان' 'اهي' 'ئي' 'آهن' 'ته' 'عدالت' 'پاران' 'انهن' 'نئين'
 'شقن' 'کي' 'آئين' 'سان' 'سڌو' 'سنئون' 'ٽڪراءَ' '۾' 'ايندڙ' 'قرار' 'ڏئي'
 'ختم' 'ڪرڻ' 'جو' 'فيصلو' 'ٻڌايو' 'ويندو' '.']",[0 0 0 0 0 0 0 0 0 0 0 0 0 0 0 0 0 0 0 0 0 0 0 0 0 0 0 0 0]
506,"['اها' 'ڳالهه' 'ظاهر' 'آهي' 'ته' 'پاڪستان' 'جي' 'قومي' 'سلامتي' 'جي'
 'حوالي' 'سان' 'انتهائي' 'ڏکي' 'آهي' '.']",[0 0 0 0 0 7 0 0 0 0 0 0 0 0 0 0]
507,"['60' 'لک' 'آبادي' 'واري' 'هن' 'ملڪ' 'جي' 'تيل' 'جي' 'ساليانو' 'اپت' '32'
 'ارب' 'ڊالر' 'هوندي' 'به' 'لبيا' 'جا' 'ماڻهو' 'سخت' '۽' 'مشڪل' 'ترين'
 'زندگي' 'گذارڻ' 'تي' 'مجبور' 'هئا' '.']","[11 11  0  0  0  0  0  0  0  0  0 11 11 11  0  0  7  0  0  0  0  0  0  0
  0  0  0  0  0]"
508,"['جيستائين' 'خود' 'عوام' 'پنهنجي' 'اجتماعي' 'سوچ' 'جي' 'زور' 'تي' 'اهڙا'
 'مسئلا' 'حل' 'نه' 'ڪندو' '۽' 'علي' 'قاضي' 'جي' 'تبديليءَ' 'جي' 'آئيڊيا'
 'کي' 'نظر' '۾' 'نه' 'رکندو' 'يا' 'وري' 'پنهنجو' 'ڪو' 'حيلو' 'نه'
 'هلائيندو' '،' 'تيستائين' 'اسان' 'ماڻهو' 'ڏچن' 'ئي' 'ڏچن' '۾' 'رهنداسين'
 '.']","[0 0 0 0 0 0 0 0 0 0 0 0 0 0 0 3 3 0 0 0 0 0 0 0 0 0 0 0 0 0 0 0 0 0 0 0 0
 0 0 0 0 0 0]"
509,"['“' 'هي' 'اهو' 'سوال' 'آهي' 'جنهن' 'تي' 'اڄڪلهه' 'خلق' 'پريشان' 'آهي' '،'
 'ميڊيا' 'کان' 'ويندي' 'عام' 'ماڻهن' 'تائين' 'اهو' 'ئي' 'ذڪر' 'بحث' 'هيٺ'
 'آهي' 'ته' 'ڇا' 'هاڻي' 'انجام' 'جي' 'شروعات' 'ٿي' 'چڪي' 'آهي' 'يا' 'اڃان'
 'هن' 'ڪهاڻي' '۾' 'ڪي' 'موڙ' 'اچڻا' 'آهن' '؟']","[0 0 0 0 0 0 0 0 0 0 0 0 0 0 0 0 0 0 0 0 0 0 0 0 0 0 0 0 0 0 0 0 0 0 0 0 0
 0 0 0 0 0 0]"
510,"['جمعي' 'ڏينهن' 'سپريم' 'ڪورٽ' '۾' 'گم' 'ٿيل' 'ماڻهن' 'جي' 'ڪيس' 'جي'
 'شنوائي' 'ڪندي' '،' 'جسٽس' 'جواد' 'خواجه' 'هڪ' 'ڀيرو' 'ٻيهر' 'ورجايو'
 'ته' '،' 'سويلين' 'ادارا' 'هجن' 'يا' 'ڪو' 'فوجي' 'ادارو' '،' 'کين'
 'پنهنجي' 'قانوني' 'اختيارن' 'جو' 'ليڪو' 'لتاڙڻ' '۽' 'غير' 'قانوني'
 'فيصلا' 'ڪرڻ' 'جو' 'ڪوبه' 'حق' 'ناهي' '.']","[11  0  6  6  0  0  0  0  0  0  0  0  0  0  5  3  3 11  0  0  0  0  0  0
  0  0  0  0  0  0  0  0  0  0  0  0  0  0  0  0  0  0  0  0  0  0  0  0]"
511,"['هوڏانهن' 'دولتِ' 'مشترڪه' 'واري' 'محاذ' 'تي' 'اسان' 'به' 'ساڻس' 'سهڪاري'
 'هئاسين' '.']",[ 0 11 11  0  0  0  0  0  0  0  0  0]
512,"['ڀُٽي' 'صاحب' 'کيس' 'ڳولي' 'هٿ' 'ڪيو' '۽' 'کيس' 'پاڻ' 'سان' 'وٺي' 'آيو'
 '،' 'جيڪو' 'حال' 'حيات' 'آهي' '۽' 'خدا' 'ڪارڻ' 'شاهديون' 'پڻ' 'ڏئي' 'ٿو'
 'ته' 'پاڪستان' '۾' 'ائٽم' 'بم' 'جي' 'پيڙهه' 'ذوالفقار' 'علي' 'ڀٽي' 'رکي'
 '.']",[5 5 0 0 0 0 0 0 0 0 0 0 0 0 0 0 0 0 0 0 0 0 0 0 0 7 0 0 0 0 0 3 3 3 0 0]
513,"['جڏهن' 'کانئن' 'پڇا' 'ڪئي' 'وڃي' 'ٿي' 'ته' '،' 'هنن' 'خالي' 'ووٽ' 'ڇو'
 'ڪاسٽ' 'ڪيو' '؟']",[0 0 0 0 0 0 0 0 0 0 0 0 0 0 0]
514,"['هو' 'پنهنجي' 'ڳالهه' 'ڪندي' 'ان' 'مصلحت' 'جو' 'ڪڏهن' 'به' 'شڪار' 'ناهن'
 'ٿيندا' 'ته' 'سندن' 'ايئن' 'پردي' 'نشينن' 'جا' 'نالا' 'کڻڻ' 'سان' 'سندن'
 'مسئلن' 'جي' 'حل' '۾' 'مشڪلاتون' 'پيش' 'اچي' 'سگهن' 'ٿيون' '،' 'سندن'
 'ٺهندڙ' 'ڪم' 'ڊهي' 'به' 'سگهن' 'ٿا' '،' 'هو' 'بي' 'ڌڙڪ' '۽' 'بنا' 'ڪنهن'
 'رک' 'رکاءَ' 'جي' 'چئي' 'ڏين' 'ٿا' 'جيڪي' 'ڪجهه' 'سندن' 'دل' '۽' 'دماغ'
 '۾' 'هجي' 'ٿو' '.']","[0 0 0 0 0 0 0 0 0 0 0 0 0 0 0 0 0 0 0 0 0 0 0 0 0 0 0 0 0 0 0 0 0 0 0 0 0
 0 0 0 0 0 0 0 0 0 0 0 0 0 0 0 0 0 0 0 0 0 0 0 0 0]"
515,"['هاڻي' 'هڪڙي' 'پاسي' 'جڏهن' 'نواز' 'ليگ' 'جا' 'اسٽيبلشمينٽ' 'سان'
 'معاملا' 'درست' 'رخ' '۾' 'نه' 'وڃي' 'رهيا' 'هجن' '،' 'مٿان' 'کيس' 'مختلف'
 'جماعتن' 'جي' 'سياسي' '۽' 'اخلاقي' 'حمايت' 'به' 'حاصل' 'نه' 'هجي' '،'
 'سون' 'تي' 'سهاڳي' 'وانگر' 'عوامي' 'اعتماد' 'به' 'حاصل' 'ڪرڻ' 'کان' 'هي'
 'حڪومت' 'محروم' 'هجي' 'ته' 'پوءِ' 'فقط' '4' 'وزيرن' 'جي' 'بيانن' 'سان'
 'حڪومت' 'ناهي' 'هلندي' '،' 'اهي' 'به' 'اهڙا' 'بيان' 'جيڪي' 'باهه' 'تي'
 'پاڻي' 'هارڻ' 'بدران' 'ٻرندي' 'تي' 'تيل' 'هارڻ' 'جو' 'ڪم' 'ڏيندا' 'هجن'
 '.']","[ 0  0  0  0  8  8  0  0  0  0  0  0  0  0  0  0  0  0  0  0  0  0  0  0
  0  0  0  0  0  0  0  0  0  0  0  0  0  0  0  0  0  0  0  0  0  0  0  0
  0 11  0  0  0  0  0  0  0  0  0  0  0  0  0  0  0  0  0  0  0  0  0  0
  0  0  0  0  0]"
516,"['سنڌي' 'ادبي' 'سنگت' 'جا' 'جيڪي' 'اڳيان' 'توڙي' 'هاڻوڪا' 'چونڊيل' 'چڱا'
 'مڙس' 'ايڏانهن' 'هٿ' 'پير' 'هڻڻ' 'لاءِ' 'تيار' 'ناهن' '،' 'ڇاڪاڻ' 'ته'
 'اهڙا' 'يار' 'چونڊجي' 'ٿا' 'اچن' '،' 'جن' 'کي' 'رٿا' 'ٺاهڻ' 'ئي' 'ڪو'
 'نه' 'اچي' '.']",[6 6 6 0 0 0 0 0 0 0 0 0 0 0 0 0 0 0 0 0 0 0 0 0 0 0 0 0 0 0 0 0 0 0 0 0]
517,"['ان' 'کان' 'سواءِ' 'اسامه' 'بن' 'لادن' 'جي' 'ڏوڪڙن' 'وسيلي' 'عدم'
 'اعتماد' 'جي' 'تحريڪ' 'به' 'پيش' 'ڪئي' 'وئي' '،' 'جيڪا' 'ناڪام' 'ٿي' '.']",[0 0 0 3 3 3 0 0 0 0 0 0 0 0 0 0 0 0 0 0 0 0]
518,"['پر' 'جمهوريت' 'جي' 'حوالي' 'سان' 'اهي' 'جيڪو' 'ڪجهه' 'چون' 'ٿا' '،' 'سو'
 'فقط' 'چوڻ' 'جي' 'حد' 'تائين' 'محدود' 'آهي' '.']",[0 0 0 0 0 0 0 0 0 0 0 0 0 0 0 0 0 0 0 0]
519,"['خيرن' 'جون' 'سينيٽ' 'جون' 'اليڪشنون' 'پوريون' 'ٿيون' '،' 'هاڻي' 'وارو'
 'آهي' 'عام' 'چونڊن' 'جو' '،' 'جيڪي' 'ايتريون' 'پري' 'ناهن' '.']",[0 0 0 0 0 0 0 0 0 0 0 0 0 0 0 0 0 0 0 0]
520,"['مار' '!' 'موٽي' 'آيو' 'مينڌرو' '!' 'راڻا' 'ته' 'گهڻا' 'ئي' 'راڄ' '۾'
 'پر' 'نذير' 'مغل' '۾' 'آخر' 'اها' 'ڪهڙي' 'خوبي' '۽' 'خاصيت' 'آهي' '،'
 'جنهن' 'حاڪمن' 'جو' 'من' 'موهي' 'وڌو' 'آهي' '؟']",[0 0 0 0 0 0 3 0 0 0 0 0 0 3 3 0 0 0 0 0 0 0 0 0 0 0 0 0 0 0 0 0]
521,"['سنڌ' 'جا' 'چيف' 'سيڪريٽري' '۽' 'آءِ' 'جي' 'پوليس' 'به' 'ايم' 'ڪيو' 'ايم'
 'سان' 'لاڳاپيل' 'هئا' '،' 'جن' 'مان' 'ان' 'وقت' 'جي' 'چيف' 'سيڪريٽري'
 'سيد' 'سردار' 'احمد' 'کي' 'بعد' '۾' 'انعام' 'طور' 'ايم' 'پي' 'اي' '۽'
 'سينيئر' 'وزير' 'ٺاهيو' 'ويو' '.']","[ 0  0  5  5  0  5  5  5  0  8  8  8  0  0  0  0  0  0  0  0  0  5  5  3
  3  3  0  0  0  0  0 11 11 11  0  0  5  0  0  0]"
522,"['وزير' 'اعظم' 'گيلاني' 'کي' 'نه' 'رڳو' 'پنهنجي' 'وزن' 'جو' 'پر' 'ٻين'
 'ادارن' 'جي' 'وزن' 'جو' 'به' 'اندازو' 'آهي' '،' 'تنهنڪري' 'هو' 'هڪڙي'
 'ڏينهن' 'ڪا' 'تلخ' 'ڳالهه' 'ڪري' 'انهن' 'ادارن' 'جي' 'انا' 'کي' 'چوٽ'
 'پهچائڻ' 'کانپوءِ' 'ٻئي' 'ڏينهن' 'وري' 'مفاهماڻو' 'بيان' 'ڏيئي' 'انهي'
 'انا' 'جو' 'مساج' 'ڪرڻ' 'لڳندو' 'آهي' '،' 'ڪڏهن' 'هو' 'اهو' 'چوندو' 'آهي'
 'ته' 'سندس' 'حڪومت' 'فلاڻا' 'فلاڻا' 'ڪارناما' 'ڪيا' 'آهن' 'ته' 'ڪڏهن'
 'پنهنجين' 'غلطين' 'جو' 'اعتراف' 'ڪندو' 'آهي' '،' 'ڪڏهن' 'سياست' '۾'
 'اصولن' 'جي' 'ڳالهه' 'ڪندو' 'آهي' 'ته' 'ڪڏهن' 'سندس' 'نظر' '۾' 'سياست'
 'روزاني' 'بنيادن' 'تي' 'اڪلائجندڙ' 'معاملو' 'آهي' '،' 'ڪڏهن' 'هو'
 'پنهنجي' 'ڳالهه' '۾' 'چٽو' 'هوندو' 'آهي' '،' 'ڪڏهن' 'سندس' 'ذهن' 'الجهيل'
 '۽' 'مبهم' 'هوندو' 'آهي' '.']","[5 5 5 0 0 0 0 0 0 0 0 0 0 0 0 0 0 0 0 0 0 0 0 0 0 0 0 0 0 0 0 0 0 0 0 0 0
 0 0 0 0 0 0 0 0 0 0 0 0 0 0 0 0 0 0 0 0 0 0 0 0 0 0 0 0 0 0 0 0 0 0 0 0 0
 0 0 0 0 0 0 0 0 0 0 0 0 0 0 0 0 0 0 0 0 0 0 0 0 0 0 0 0 0 0 0 0 0 0 0 0]"
523,"['اهي' 'نعرا' '،' 'جيڪي' 'لڳائڻ' 'جي' 'سزا' 'جيل' 'يا' 'غداريءَ' 'جو'
 'سرٽيفڪيٽ' 'هوندي' 'هئي' '،' 'اهي' 'هر' 'گهر' '۾' 'گونجي' 'رهيا' 'آهن'
 '،' 'ڇا' 'اها' 'تبديلي' 'ڪنهن' 'کي' 'نظر' 'ڪانه' 'آئي' '؟']",[0 0 0 0 0 0 0 0 0 0 0 0 0 0 0 0 0 0 0 0 0 0 0 0 0 0 0 0 0 0 0 0]
524,"['گذريل' 'سال' 'جنوري' '۾' 'الحاج' 'بک' 'هڙتال' 'شروع' 'ڪري' 'ڏني' '،' '۽'
 'پوءِ' 'سندس' 'قيد' 'جي' 'زندگي' 'جا' 'سخت' 'ترين' 'ڏينهن' 'شروع' 'ٿيا'
 '.']",[ 0  0 11  0  3  0  0  0  0  0  0  0  0  0  0  0  0  0  0  0  0  0  0  0]
525,"['نواز' 'شريف' 'جي' 'بيان' 'تي' 'وزيراعظم' 'شاهد' 'خاقان' 'عباسي' 'جي'
 'ڪنفيوزن' 'به' 'ڏسڻ' 'وٽان' 'آهي' '،' 'جو' 'جڏهن' 'سياسي' '۽' 'عسڪري'
 'قيادت' 'جي' 'گڏيل' 'گڏجاڻي' 'ٿئي' 'ٿي' 'ته' 'اتفاق' 'راءِ' 'سان' 'نواز'
 'شريف' 'جي' 'بيان' 'کي' 'گمراهه' 'ڪندڙ' '۽' 'حقيقتن' 'جي' 'ابتڙ' 'قرار'
 'ڏنو' 'وڃي' 'ٿو' '.']","[3 3 0 0 0 5 3 3 3 0 0 0 0 0 0 0 0 0 0 0 0 0 0 0 0 0 0 0 0 0 0 3 3 0 0 0 0
 0 0 0 0 0 0 0 0 0 0]"
526,"['جيڪي' 'اجتماعي' 'مفادن' 'جي' 'ڳالهه' 'ڪندا' '۽' 'انساني' 'حقن' 'جي'
 'حمايت' '۾' 'نعرا' 'هڻي' 'نڙيون' 'ويهاري' 'ڇڏيندا' '،' 'تن' 'کي' 'ذاتي'
 'مراعتون' 'ڏئي' 'ڏسو' '،' 'ڪا' 'نوڪري' 'يا' 'ڪنسلٽنسي' 'آڇي' 'ڏسو' '۽'
 'پوءِ' 'سندن' 'قلابازيون' 'به' 'ملاحظه' 'ڪريو' '.']","[0 0 0 0 0 0 0 0 0 0 0 0 0 0 0 0 0 0 0 0 0 0 0 0 0 0 0 0 0 0 0 0 0 0 0 0 0
 0 0]"
527,"['سنڌ' '۾' 'هر' 'ايندڙ' 'ويندڙ' 'حڪومت' 'کي' 'تعليم' '۾' 'بهتري' 'آڻڻ'
 'لاءِ' 'نه' 'ته' 'ڪنهن' 'سامراج' 'روڪيو' 'آهي' '۽' 'نه' 'ئي' 'سنڌ'
 'حالتِ' 'جنگ' '۾' 'آهي' '،' 'جيڪا' 'کين' 'سڌارا' 'آڻڻ' 'لاءِ' 'جهليندي'
 'هجي' '.']",[7 0 0 0 0 0 0 0 0 0 0 0 0 0 0 3 0 0 0 0 0 7 0 0 0 0 0 0 0 0 0 0 0 0 0]
528,"['جيڪي' 'گذريل' 'پنجن' 'مهينن' 'کان' 'بنا' 'ڪنهن' 'ڏوهه' 'جي' 'گهرن' '۾'
 'نظربند' 'هئا' '.']",[0 0 0 0 0 0 0 0 0 0 0 0 0 0]
529,"['جاويد' 'هاشمي' '،' 'محمود' 'الرشيد' '،' 'اعجاز' 'چوڌري' '۽' 'هارون'
 'الرشيد' 'پارا' 'انصافي' 'اڪابر' 'قبول' 'ٿا' 'ڪن' 'اها' 'ڳالهه' 'ته' '.']",[3 3 0 3 3 0 3 3 0 3 3 0 0 0 0 0 0 0 0 0 0]
530,"['سندس' 'گهر' 'واري' 'حليمه' 'حسن' 'به' 'جيل' '۾' 'ساڻس' 'گڏ' 'رفيقهءِ'
 'قفس' 'رهي' '،' 'جنهن' 'سان' '1968ع' 'ڌاري' 'لانئون' 'لڌيون' 'هئائين' '.']",[ 0  0  0  3  3  0  0  0  0  0  0  0  0  0  0  0 11  0  0  0  0  0]
531,"['۽' 'جيڪي' 'دهشتگرد' 'گرفتار' 'ڪرڻ' 'جي' 'دعويٰ' 'ڪئي' 'وڃي' 'ٿي' 'انهن'
 'کان' 'مهينن' 'جا' 'مهينا' 'گذرڻ' 'باوجود' 'به' 'پڇاڳاڇا' 'ختم' 'نٿي'
 'ٿئي' '،' 'نه' 'انهن' 'کي' 'عوام' 'آڏو' 'ظاهر' 'ڪيو' 'وڃي' 'ٿو' '،' 'نه'
 'مٿن' 'ڪيس' 'داخل' 'ڪري' 'عدالتن' '۾' 'چالان' 'ڪيو' 'وڃي' 'ٿو' '!' 'ڪير'
 'ڪهڙن' 'ڏوهاري' 'ٽولن' 'جي' 'سرپرستي' 'ڪري' 'رهيو' 'آهي' '،' 'ڪير' 'ڪنهن'
 'کان' 'بي' 'گناهه' 'ماڻهو' 'مارائي' 'رهيو' 'آهي' '۽' 'انهن' 'دهشتگردن'
 'جون' 'پاڙون' 'ڪٿي' 'آهن' '،' 'هي' 'ڪي' 'اهڙا' 'رياضيءَ' 'جا' 'پيچيده'
 'سوال' 'ناهن' '،' 'جن' 'جا' 'ڪي' 'جواب' 'نه' 'هجن' '،' 'اها' 'خبر' 'به'
 'چڱيءَ' 'ريت' 'انهن' 'ڌرين' 'کي' 'آهي' 'جيڪي' 'اقتدار' '۾' 'آهن' '،'
 'سمورو' 'ليکو' 'چوکو' 'به' 'هنن' 'وٽ' 'آهي' 'پر' 'بس' 'مفاهمت' '!' 'هڪڙي'
 'مفاهمت' 'ته' 'اها' 'هئي' '،' 'جيڪا' 'سمجهه' '۾' 'ايندڙ' 'هئي' 'ته'
 'ڪراچيءَ' 'جي' 'امن' 'لاءِ' 'مفاهمت' 'ڪئي' 'وڃي' '،' 'پر' 'هيءَ' 'ڪهڙي'
 'مفاهمت' 'آهي' 'جيڪا' 'ڪراچيءَ' '۾' 'لاش' 'ڪيرائي' 'رهي' 'آهي' '؟']","[0 0 0 0 0 0 0 0 0 0 0 0 0 0 0 0 0 0 0 0 0 0 0 0 0 0 0 0 0 0 0 0 0 0 0 0 0
 0 0 0 0 0 0 0 0 0 0 0 0 0 0 0 0 0 0 0 0 0 0 0 0 0 0 0 0 0 0 0 0 0 0 0 0 0
 0 0 0 0 0 0 0 0 0 0 0 0 0 0 0 0 0 0 0 0 0 0 0 0 0 0 0 0 0 0 0 0 0 0 0 0 0
 0 0 0 0 0 0 0 0 0 0 0 0 0 0 7 0 0 0 0 0 0 0 0 0 0 0 0 0 7 0 0 0 0 0 0]"
532,"['آئون' 'پهرين' 'به' 'لکي' 'چڪو' 'آهيان' 'ته' 'طالبان' 'لاءِ' 'سڀ' 'کان'
 'وڏي' 'خوف' '۽' 'دهشت' 'جي' 'علامت' 'اهي' 'ڊرون' 'حملا' 'ئي' 'رهيا' 'آهن'
 '،' 'جن' 'سبب' 'هو' 'ڪنهن' 'به' 'هڪ' 'هنڌ' 'رهي' 'نٿا' 'سگهن' '،' 'مسلسل'
 'جايون' 'بدلائيندا' 'رهن' 'ٿا' '،' 'جن' 'جي' 'باري' '۾' 'وٽن' 'ڪو' 'ٽوڙ'
 'ڪونهي' '،' 'سواءِ' 'ان' 'جي' 'ته' 'هو' 'اسلام' 'آباد' 'مٿان' 'اهي'
 'حملا' 'روڪرائڻ' 'لاءِ' 'دٻاءُ' 'وجهن' '،' 'جڏهن' 'ته' 'حڪومت' 'وٽ' 'به'
 'انهن' 'ڊرون' 'حملن' 'جو' 'ڪو' 'علاج' 'ڪونهي' 'سواءِ' 'ان' 'جي' 'ته' 'هو'
 'آمريڪا' 'بهادر' 'کي' 'ڏيکاءُ' 'خاطر' 'گذارشون' '۽' 'منٿون' 'ڪن' '۽'
 'ملڪي' 'خودمختياريءَ' 'جا' 'واسطا' 'ڏين' '.']","[ 0 11  0  0  0  0  0  8  0  0  0  0  0  0  0  0  0  0  0  0  0  0  0  0
  0  0  0  0  0 11  0  0  0  0  0  0  0  0  0  0  0  0  0  0  0  0  0  0
  0  0  0  0  0  0  0  7  7  0  0  0  0  0  0  0  0  0  0  0  0  0  0  0
  0  0  0  0  0  0  0  0  0  0  7  0  0  0  0  0  0  0  0  0  0  0  0  0
  0  0]"
533,"['اهڙي' 'صورتحال' '۾' 'جيڪڏهن' 'اقتدار' 'قبول' 'ڪري' 'ملڪ' 'هلايو' 'وڃي'
 'ٿو' 'ته' 'اهو' 'ملڪ' 'ڪهڙي' 'ريت' 'ترقي' 'ڪري' 'سگهي' 'ٿو' '،' 'اتي'
 'هڪ' 'گڊ' 'گورننس' 'ڪيئن' 'اچي' 'سگهي' 'ٿي' '،' 'اها' 'حڪومت' 'جيڪا'
 'پنهنجي' 'ماتحت' 'ادارن' 'کي' 'پارليامينٽ' 'آڏو' 'جوابده' 'نٿي' 'بنائي'
 'سگهي' 'ته' 'اها' 'پاڻ' 'کي' 'عوام' 'آڏو' 'جوابده' 'ڪيئن' 'سمجهندي' '؟']","[ 0  0  0  0  0  0  0  0  0  0  0  0  0  0  0  0  0  0  0  0  0  0 11  0
  0  0  0  0  0  0  0  0  0  0  0  0  0  0  0  0  0  0  0  0  0  0  0  0
  0  0  0  0  0]"
534,"['حقيقت' 'اها' 'آهي' 'ته' 'هن' 'دور' '۾' 'خود' 'انگريزي' 'ٻولي' 'اهڙن'
 'معاملن' '۽' 'مامرن' 'جي' 'باري' '۾' 'اسپينش' 'توڙي' 'اوڀر' 'يورپ' 'جي'
 'ٻولين' 'جي' 'ڀيٽ' '۾' 'کٽل' 'آهي' '.']",[0 0 0 0 0 0 0 0 1 1 0 0 0 0 0 0 0 0 0 7 7 0 0 0 0 0 0 0 0]
535,"['سال' 'کن' 'ڪمري' '۾' 'بند' 'رهڻ' 'کانپوءِ' 'سندس' 'زبان' 'اوچتو' 'ئي'
 'اوچتو' 'کلي' 'پيئي' '۽' 'سامت' '۾' 'اچي' 'ويو' '.']",[0 0 0 0 0 0 0 0 0 0 0 0 0 0 0 0 0 0 0 0]
536,"['جيڪڏهن' 'ڪئي' 'ويئي' 'ته' 'انهيءَ' '۾' 'مخلصي' 'ڪيتري' 'حد' 'تائين'
 'موجود' 'هئي' '؟']",[0 0 0 0 0 0 0 0 0 0 0 0 0]
537,"['محترمه' 'هر' 'موقعي' 'تي' 'چيف' 'جسٽس' 'افتخار' 'جي' 'بحالي' 'جو'
 'مطالبو' 'ڪيو' '۽' 'سندس' 'گهر' 'ٻاهران' 'تقرير' 'ڪندي' 'اهو' 'به' 'چيو'
 'هو' 'ته' 'ٻيهر' 'سندس' 'گهر' 'تي' 'پاڪستان' 'جو' 'جهنڊو' 'ڏسڻ' 'چاهي'
 'ٿي' '،' 'پر' 'جي' 'خوشامدين' 'وانگر' 'حڪومت' '۾' 'ويٺل' 'ڪجهه'
 'خوشامدين' 'طرفان' 'اهو' 'چيو' 'ويو' 'ته' 'بي' 'بي' 'ڪڏهن' 'به' 'چيف'
 'جسٽس' 'افتخار' 'جي' 'بحالي' 'جي' 'ڳالهه' 'نه' 'ڪئي' 'هئي' '،' 'جيڪا'
 'ڳالهه' 'عوام' 'جي' 'ڦٽن' 'تي' 'لوڻ' 'ٻرڪڻ' 'برابر' 'هئي' '.']","[5 0 0 0 5 5 3 0 0 0 0 0 0 0 0 0 0 0 0 0 0 0 0 0 0 0 0 7 0 0 0 0 0 0 0 0 0
 0 0 0 0 0 0 0 0 0 0 0 3 3 0 0 5 5 3 0 0 0 0 0 0 0 0 0 0 0 0 0 0 0 0 0 0 0]"
538,"['مٿين' 'سڀني' 'ڳالهين' 'مان' 'اهو' 'صاف' 'ظاهر' 'آهي' 'ته' 'ملڪ' 'جي'
 'وڏي' 'سياسي' 'ڌرين' 'جيڪڏهن' 'انا' 'واري' 'سياست' 'کي' 'نه' 'ڇڏيو' 'ته'
 'جمهوريت' 'کي' 'نقصان' 'رسي' 'سگهي' 'ٿو' '.']",[0 0 0 0 0 0 0 0 0 0 0 0 0 0 0 0 0 0 0 0 0 0 0 0 0 0 0 0 0]
539,"['هن' 'وقت' 'سنڌ' 'جي' 'عوام' 'جون' 'نظرون' 'پ' 'پ' 'پ' '۾' 'کتل' 'آهن'
 '،' 'عوام' 'پ' 'پ' 'پ' 'کي' 'بلينڪ' 'چيڪ' 'ڏنو' 'ويو' 'آهي' '۽' 'اهو'
 'شهيد' 'بينظير' 'جي' 'قربانين' 'جو' 'نتيجو' 'آهي' '.']",[0 0 7 0 0 0 0 8 8 8 0 0 0 0 0 8 8 8 0 0 0 0 0 0 0 0 0 3 0 0 0 0 0 0]
540,"['گلستان' 'وارو' 'عبدالصمد' 'اچڪزئي' '(' 'محمود' 'خان' 'اچڪزئي' 'جو'
 'والد' ')' 'کيس' 'پرچائي' 'وٺي' 'اچي' 'ٿو' '.']",[4 0 3 3 0 3 3 3 0 0 0 0 0 0 0 0 0]
541,"['نتيجي' '۾' 'ڀاڳيا' 'جاڳي' 'پوندا' 'هئا' '۽' 'چور' 'ڀڄي' 'جند' 'ڇڏيندا'
 'هئا' '.']",[0 0 0 0 0 0 0 0 0 0 0 0 0]
542,"['هن' 'جي' 'سانڀر' '۾' 'اهي' 'عيدون' 'اڄ' 'به' 'محفوظ' 'آهن' '،' 'هو'
 'ننڍو' 'ٿي' 'وڏو' 'ٿيڻ' 'تائين' 'انهي' 'رنگ' '۾' 'رڱيل' 'رهيو' '،' 'تڏهن'
 'عبادتن' '۾' 'به' 'هڪ' 'خالص' 'پڻو' 'هوندو' 'هو' 'ته' 'انهن' 'مذهبي'
 'تهوارن' '۾' 'به' 'بي' 'عيب' 'خوشيءَ' 'جو' 'هڪ' 'وسيع' 'احساس' 'سمايل'
 'هوندو' 'هو' '.']","[ 0  0  0  0  0  0  0  0  0  0  0  0  0  0  0  0  0  0  0  0  0  0  0  0
  0  0  0 11  0  0  0  0  0  0  0  0  0  0  0  0  0  0 11  0  0  0  0  0
  0]"
543,"['هر' 'حڪومت' 'پنهنجن' 'ملڪي' 'ادارن' 'جي' 'حوالي' 'سان' 'تحفظات' 'جو'
 'اظهار' 'ڪندي' 'آهي' '،' 'ان' 'جي' 'ڪم' '،' 'پاليسي' 'توڻي' 'ڪارڪردگي'
 'جي' 'حوالي' 'سان' 'سوال' 'اٿاريندي' 'آهي' 'پر' 'رياست' 'جي' 'نيريٽوِ'
 'کان' 'ڪابه' 'حڪومت' '،' 'پارٽي' 'يا' 'ادارو' 'ٻاهر' 'ناهي' 'ويندو' '.']","[0 0 0 0 0 0 0 0 0 0 0 0 0 0 0 0 0 0 0 0 0 0 0 0 0 0 0 0 0 0 0 0 0 0 0 0 0
 0 0 0 0 0]"
544,"['ڇا' 'اسان' 'ڪڏهن' 'انهن' 'ماڻهن' 'کان' 'سوال' 'پڇيو' 'آهي' 'جيڪي' 'مذهب'
 '،' 'سياست' 'يا' 'برادرين' 'جي' 'نالي' '۾شين' 'کي' 'ڪمرشلائيزيشن' 'ڪن'
 'ٿا' '۽' 'پنهنجون' 'ٽجوڙيون' 'ڀرين' 'ٿا' '؟']",[0 0 0 0 0 0 0 0 0 0 0 0 0 0 0 0 0 0 0 0 0 0 0 0 0 0 0 0]
545,"['پرائيويٽ' 'سواريءَ' 'طور' 'سائيڪل' '۽' 'ففٽي' 'موٽر' 'سائيڪل' '،' 'جڏهن'
 'ته' 'پبلڪ' 'ٽرانسپورٽ' 'طور' 'ٽرينون' '۽' 'ٽانگا' 'ڪنهن' 'غنيمت' 'کان'
 'گهٽ' 'ڪونه' 'هوندا' 'هئا' '.']",[0 0 0 0 0 0 0 0 0 0 0 0 0 0 0 0 0 0 0 0 0 0 0 0 0]
546,"['موجوده' 'حڪومت' 'جي' 'دور' '۾' '18' 'هين' 'ترميم' 'موجب' 'جيڪا'
 'خودمختياري' 'ملڻي' 'هئي' '،' 'ان' 'کي' 'حڪمرانن' 'پاڻ' 'پنهنجن' 'هٿن'
 'سان' 'ريٽي' 'وفاقي' 'حڪومت' '۾' 'ڏيڍ' 'سئو' 'وزير' '۽' 'مشير' 'مقرر'
 'ڪري' 'رکيا' 'آهن' '،' 'جڏهن' 'ته' 'سنڌ' 'اندر' 'سويلين' 'بالادستي' 'جي'
 'تقاضا' 'اها' 'آهي' 'ته' 'وفاق' 'پاڻ' 'وٽ' 'وڌ' '۾' 'وڌ' 'چار' 'يا' 'پنج'
 'کاتا' 'رکي' 'باقي' 'صوبن' 'حوالي' 'ڪري' '.']","[ 0  0  0  0  0 11 11  0  0  0  0  0  0  0  0  0  0  0  0  0  0  0  0  0
  0 11 11  5  0  0  0  0  0  0  0  0  0  7  0  0  0  0  0  0  0  0  0  0
  0  0  0  0 11  0 11  0  0  0  0  0  0  0]"
547,"['پر' 'انهيءَ' 'عرصي' 'اندر' 'قومپرستيءَ' 'جي' 'آڙ' '۾' 'بشير' 'خان'
 'قريشي' '،' 'ڊاڪٽر' 'صفدر' 'سرڪي' '،' 'اياز' 'لطيف' 'پليجو' '،' 'ڊاڪٽر'
 'قادر' 'مگسي' '۽' 'جلال' 'محمود' 'شاهه' 'پنهنجن' 'مطالبن' 'جي' 'حق' '۾'
 'عام' 'راءِ' 'تيار' 'ڪرڻ' '۾' 'جُنبي' 'ويا' 'آهن' '.']","[0 0 0 0 0 0 0 0 3 3 3 0 5 3 3 0 3 3 3 0 5 3 3 0 3 3 3 0 0 0 0 0 0 0 0 0 0
 0 0 0 0]"
548,"['هن' 'پهريون' 'ڀيرو' 'ترم' 'ياترا' 'تڏهن' 'ڪئي' '،' 'جڏهن' 'کيس' 'مسجد'
 'مان' 'اسرائيلي' 'فوج' 'جهلي' 'ويئي' '.']",[ 0 11  0  0  0  0  0  0  0  0  0  0  8  8  0  0  0]
549,"['ٺٽي' 'ضلعي' 'جا' 'مسڪين' '۽' 'ستايل' 'ماڻهو' 'ڀلي' 'وڃي' 'تاڙيون'
 'وڄائين' '.']",[7 0 0 0 0 0 0 0 0 0 0 0]
550,"['هيءَ' 'مسمات' 'سڪينا' 'آهي' '،' 'جنهن' 'اڄ' 'کان' '4' 'سال' 'اڳ' '23'
 'مارچ' 'جي' 'انهي' 'ڏينهن' '،' 'جڏهن' 'ملڪ' '۾' 'قرارداد' 'پاڪستان' 'جو'
 'جشن' 'ملهايو' 'ويندو' 'آهي' '،' 'ٺيڪ' 'انهي' 'ڏينهن' 'هڪ' 'اهڙو' 'درد'
 'پرائي' 'ورتو' 'هو' '،' 'جيڪو' 'اڄ' 'تائين' 'سندس' 'اندر' 'کي' 'وڍ'
 'وجهندو' 'رهي' 'ٿو' '.']","[ 0  5  3  0  0  0  0  0 11 11  0 11 11  0  0  0  0  0  0  0  9  9  0  0
  0  0  0  0  0  0  0 11  0  0  0  0  0  0  0  0  0  0  0  0  0  0  0  0
  0]"
551,"['هاڻ' 'جڏهن' 'اهي' 'ادارا' 'سياسي' 'مصلحتن' 'تحت' 'هلايا' 'ويندا' 'ته'
 'پوءِ' 'ان' 'جا' 'نتيجا' 'به' 'ظاهر' 'آهي' 'ته' 'ڪي' 'چڱا' 'نه' 'نڪرندا'
 '.']",[0 0 0 0 0 0 0 0 0 0 0 0 0 0 0 0 0 0 0 0 0 0 0]
552,['هن' 'جو' 'ساهه' 'به' 'مشڪل' 'سان' 'پئي' 'کڄيو' '.'],[0 0 0 0 0 0 0 0 0]
553,"['اهڙيءَ' 'ريت' 'البرٽ' 'آئنسٽائين' 'جو' 'نظريه' 'اضافت' 'هجي' 'يا'
 'سيموئل' 'ڪولرج' 'جو' 'مشهور' 'نظم' 'قبلائي' 'خان' 'دنيا' 'جي' 'مشهور'
 'ماڻهن' 'جون' 'زندگيون' 'توڙي' 'موت' 'سندن' 'خوابن' 'جي' 'اثر' 'هيٺ'
 'رهيا' 'آهن' '.']",[0 0 3 3 0 0 0 0 0 3 3 0 0 0 0 0 0 0 0 0 0 0 0 0 0 0 0 0 0 0 0 0]
554,"['ٻيو' 'ته' 'ٺهيو' 'پر' 'سندن' 'ٺاهه' '۾' 'به' 'اليڪشن' 'جي' 'اها' 'ئي'
 'ساڳي' 'ڊيڊلائين' 'آهي' '،' 'جيڪا' 'آئين' 'مطابق' 'خورشيد' 'شاهه' 'ٻه'
 'ٽي' 'ڏهاڙا' 'اڳ' '۾' 'ٻڌائي' 'هئي' '.']","[11  0  0  0  0  0  0  0  0  0  0  0  0  0  0  0  0  0  0  3  3 11 11 11
  0  0  0  0  0]"
555,"['1887ع' '۾' 'روسي' 'رياستن' 'تان' 'بارڊر' 'چٽو' 'ڪرائڻ' 'وارين' 'ڪوششن'
 'دوران' 'هن' 'پنج' 'دهه' 'جو' 'علائقو' 'وڃائيو' '.']",[11  0  8  0  0  0  0  0  0  0  0  0  4  4  0  0  0  0]
556,"['ڪيئن' 'زميندارن' 'توڙي' 'ڪارخانيدارن' 'جي' 'خانگي' 'جيل' 'خانن' 'منجهان'
 'آزادي' 'ملي' 'سگهندي' '؟']",[0 0 0 0 0 0 0 0 0 0 0 0 0]
557,"['انهن' 'ڳالهين' 'کي' 'جيڪڏهن' 'ڏسجي' 'ٿو' 'ته' 'اهي' 'پڻ' 'قصور' 'وار'
 'آهن' '.']",[0 0 0 0 0 0 0 0 0 0 0 0 0]
558,"['جنهن' 'طريقي' 'سان' 'ميڊيا' 'جي' 'ماڻهن' 'کي' 'لال' 'مسجد' '۽' 'جامع'
 'حفصه' 'جو' 'معائنو' 'ڪرايو' 'ويو' '،' 'ان' 'مان' 'ايئن' 'محسوس' 'ٿي'
 'رهيو' 'آهي' 'ته' 'ڄڻ' 'ڪو' 'شڪسپيئر' 'جو' 'ڊرامو' 'هلي' 'رهيو' 'هجي' '.']",[0 0 0 0 0 0 0 2 2 0 2 2 0 0 0 0 0 0 0 0 0 0 0 0 0 0 0 3 0 0 0 0 0 0]
559,['هر' 'خاموشيءَ' '۾' 'ڦڏو' 'لڪل' 'هوندو' 'آهي' '.'],[0 0 0 0 0 0 0 0]
560,"['سياسي' 'قيادت' 'نيٽو' 'حملن' 'جي' 'رد' 'عمل' '۾' 'جيڪي' 'فيصلا' 'ڪيا'
 'آهن' '،' 'تن' 'موجب' 'نيٽو' 'جي' 'سپلاءِ' 'لائين' 'بند' 'ڪرڻ' '،' 'بون'
 'ڪانفرنس' '۾' 'شرڪت' 'نه' 'ڪرڻ' '۽' 'شمسي' 'ايئر' 'بيس' 'خالي' 'ڪرائڻ'
 'جا' 'فيصلا' 'ڪيا' 'ويا' 'آهن' '۽' 'تاثر' 'اهو' 'پيو' 'ڏنو' 'وڃي' 'ته'
 'هاڻ' 'شايد' 'پاڪ' '-' 'امريڪا' 'لاڳاپا' 'ٻيهر' 'بهتر' 'نه' 'ٿي' 'سگهن'
 '.']","[0 0 6 0 0 0 0 0 0 0 0 0 0 0 0 6 0 0 0 0 0 0 9 9 0 0 0 0 0 2 2 2 0 0 0 0 0
 0 0 0 0 0 0 0 0 0 0 0 0 0 7 0 0 0 0 0 0 0]"
561,"['هيڪر' 'نواز' '-' 'نريندر' 'ڳجهه' 'ڳوهه' '۾' 'مليا' 'ته' 'ڪهڙو' 'آسمان'
 'ٿي' 'ڪريو' '،' 'جو' 'عمران' 'خان' '۽' 'سراج' 'الحق' 'سميت' '”' 'روايتي'
 'سوچ' '“' 'وارا' 'راڻا' 'ارها' 'پئي' 'ٿيا' '.']",[0 3 0 3 0 0 0 0 0 0 0 0 0 0 0 3 3 0 3 3 0 0 0 0 0 0 0 0 0 0 0]
562,"['انهي' 'احتجاج' 'دوران' 'جڏهن' 'نواز' 'شريف' 'کان' 'استعيفيٰ' 'جو'
 'مطالبو' 'ڪيو' 'ويندو' 'ته' 'ظاهر' 'آهي' 'ته' 'نه' 'هو' 'نه' 'ئي' 'سندس'
 'ڀاءُ' 'رضا' 'خوشي' 'سان' 'هليا' 'ويندا' '،' 'اهڙي' 'صورتحال' '۾' 'جيڪو'
 'لانگ' 'مارچ' 'ٿيڻ' 'وڃي' 'رهيو' 'آهي' 'تنهن' 'کي' 'رانگ' 'مارچ' '”' '۾'
 'تبديل' 'ٿيڻ' 'کان' 'ڪير' 'ٿو' 'روڪي' 'سگهي' '؟']","[0 0 0 0 3 3 0 0 0 0 0 0 0 0 0 0 0 0 0 0 0 0 0 0 0 0 0 0 0 0 0 0 0 0 0 0 0
 0 0 0 0 0 0 0 0 0 0 0 0 0 0 0]"
563,"['ڇا' 'انهن' 'سان' 'انهن' 'ماڻهن' 'کي' 'ڪرپشن' 'لاءِ' 'هٿي' 'نه' 'ملندي'
 '،' 'جن' 'لاءِ' 'اخلاقيات' 'ڪا' 'معنيٰ' 'نٿي' 'رکي' '؟']",[0 0 0 0 0 0 0 0 0 0 0 0 0 0 0 0 0 0 0 0]
564,"['ٽين' 'ڳالهه' 'اها' 'ڄاڻائي' 'پئي' 'وڃي' 'ته' 'پارٽي' 'جي' 'چيئرمين'
 'بلاول' 'ڀٽو' 'زرداري' 'جي' 'اڳواڻي' '۾' 'جهڙي' 'ريت' 'ڪشمير' 'جي'
 'چونڊن' '۾' 'شڪست' 'آئي' '،' 'ان' 'بعد' 'گڊ' 'گورننس' 'جو' 'اهو' 'سوال'
 'جيڪو' 'پيپلز' 'پارٽي' 'ڪيترو' 'وقت' 'اڳ' 'دٻائي' 'چڪي' 'هئي' '،' 'سو'
 'هڪ' 'ڀيرو' 'نروار' 'ٿي' 'سامهون' 'آيو' '.']","[11  0  0  0  0  0  0  0  0  0  3  3  3  0  0  0  0  0  7  0  0  0  0  0
  0  0  0  0  0  0  0  0  0  8  8  0  0  0  0  0  0  0  0 11  0  0  0  0
  0  0]"
565,"['پاڻ' 'هتي' 'ترقياتي' 'منصوبن' 'جي' 'ته' 'ڳالهه' 'ئي' 'نٿا' 'ڪريون' '،'
 'جو' 'جيڪڏهن' 'انهيءَ' 'معاملي' 'کي' 'بحث' 'هيٺ' 'آڻبو' 'ته' 'پوءِ'
 'ڳالهه' 'طويل' 'ٿي' 'ويندي' '۽' 'ان' 'جو' 'مشاهدو' 'ته' 'توهان' 'پنهنجي'
 'ڳوٺن' 'يا' 'شهرن' 'جي' 'آس' 'پاس' 'آسانيءَ' 'سان' 'ڪري' 'به' 'سگهو' 'ٿا'
 '.']","[0 0 0 0 0 0 0 0 0 0 0 0 0 0 0 0 0 0 0 0 0 0 0 0 0 0 0 0 0 0 0 0 0 0 0 0 0
 0 0 0 0 0 0 0 0]"
566,"['سنڌين' 'جي' 'نمائندگي' 'ڪندڙ' 'پارٽيون' '۽' 'سياسي' 'ڌريون' 'ايم' 'ڪيو'
 'ايم' 'آڏو' 'اهڙي' 'ريت' 'سينو' 'ساهي' 'نه' 'پيا' 'سگهن' '،' 'جيئن'
 'عمران' 'خان' '۽' 'سيد' 'منور' 'حسن' 'جي' 'قيادت' '۾' 'مٿين' 'ٻنهي'
 'جماعتن' 'ايم' 'ڪيو' 'ايم' 'سان' 'زبردست' 'مهاڏو' 'اٽڪائي' 'ان' 'کي'
 'بين' 'الاقوامي' 'سطح' 'تي' 'وائکو' 'ڪري' 'ڇڏيو' 'آهي' '.']","[0 0 0 0 0 0 0 0 8 8 8 0 0 0 0 0 0 0 0 0 0 3 3 0 3 3 3 0 0 0 0 0 0 8 8 8 0
 0 0 0 0 0 0 0 0 0 0 0 0 0 0]"
567,"['اهو' 'ئي' 'آخري' 'موقعو' 'آهي' 'جو' 'اسان' 'صدر' 'آصف' 'علي' 'زرداري'
 'واري' 'ذڪر' 'ڪيل' 'حالت' 'جنگ' '“' 'مان' 'ٻاهر' 'نڪري' 'سگهون' 'ٿا' 'پر'
 'پاڪستاني' 'قوم' 'کي' 'هڪ' 'ٿيڻو' 'پوندو' '،' 'جيئن' 'ٻي' 'عالمي' 'جنگ'
 'دوران' 'برطانيا' 'جو' 'عوام' '۽' 'چرچل' 'هڪ' 'ٿي' 'دشمن' 'سان' 'مقابلو'
 'ڪيو' '،' 'جنگ' '۾' 'ڪاميابي' 'حاصل' 'ڪئي' '۽' 'حالت' 'جنگ' '“' 'مان'
 'ٻاهر' 'نڪتا' '.']","[ 0  0  0  0  0  0  0  5  3  3  3  0  0  0  0  0  0  0  0  0  0  0  0  8
  8  0 11  0  0  0  0  9  9  9  0  7  0  0  0  3 11  0  0  0  0  0  0  0
  0  0  0  0  0  0  0  0  0  0  0  0]"
568,"['هو' 'هاڻي' 'اميد' '۽' 'نااميدي' 'جي' 'ٽياس' 'تي' 'ٽنگيل' 'آهن' '،' 'جتي'
 'هر' 'گذرندڙ' 'لمحو' 'کين' 'ڪاريهر' 'جيان' 'ڏنگ' 'هڻندو' 'رهي' 'ٿو' '.']",[0 0 0 0 0 0 0 0 0 0 0 0 0 0 0 0 0 0 0 0 0 0 0]
569,"['خود' 'اهي' 'وڻ' 'ٻوٽا' 'برسات' 'کي' 'به' 'پاڻ' 'ڏانهن' 'ڇڪيندا' '،'
 'نتيجي' '۾' 'ٿر' 'اڳئي' 'کان' 'ڪئي' 'ڀيرا' 'وڌيڪ' 'اُپت' 'ڏيندو' '.']",[0 0 0 0 0 0 0 0 0 0 0 0 0 7 0 0 0 0 0 0 0 0]
570,"['جيڪا' 'بئنڪ' 'جي' 'ٻولي' 'لڳي' '،' 'ان' 'کان' 'وڌيڪ' 'بئنڪ' 'جي' 'عمارت'
 '۽' 'فرنيچر' 'جي' 'قيمت' 'هئي' '.']",[0 0 0 0 0 0 0 0 0 0 0 0 0 0 0 0 0 0]
571,"['ڊاڪٽر' 'عارف' 'حسن' 'هڪ' 'معتبر' 'اسڪالر' 'آهي' '،' 'ڊيلٽا' 'جي' 'باري'
 '۾' 'سندس' 'ڪيل' 'ريسرچ' 'سنڌو' 'درياهه' 'جي' 'ڇوڙ' 'جو' 'هڪ' 'دلچسپ'
 'باب' 'آهي' '.']","[ 5  3  3 11  0  0  0  0  0  0  0  0  0  0  0  4  4  0  0  0 11  0  0  0
  0]"
572,['اسان' 'وٽ' 'بدقسمتيءَ' 'سان' 'صورتحال' 'ان' 'جي' 'ابتڙ' 'آهي' '.'],[0 0 0 0 0 0 0 0 0 0]
573,"['حبيب' 'بورگيبا' 'جي' 'وقت' 'کان' 'وٺي' 'تيونس' '۾' '6' 'کان' '16' 'سالن'
 'جي' 'عمر' 'تائين' 'تعليم' 'مفت' 'هئي' '.']",[ 3  3  0  0  0  0  7  0 11  0 11  0  0  0  0  0  0  0  0]
574,"['هن' 'ڌرتي' 'پنهنجن' '۽' 'پراون' 'سڀني' 'کي' 'نوازيو' 'آهي' '،' 'هاڻ'
 'هن' 'ٻوڏ' 'جي' 'پاڻي' '۾' 'ڪوٽا' 'سسٽم' 'به' 'لڙهڻ' 'گهرجي' 'ته'
 'ڊوميسائيل' 'جو' 'شرط' 'به' 'ٻڏڻ' 'گهرجي' 'اهو' 'سنجها' 'جو' 'وقت' 'هو'
 '،' 'جڏهن' 'راڌڻ' 'کان' 'ڪجهه' 'ڪلوميٽرن' 'جي' 'مفاصلي' 'تي' 'سيري' 'بند'
 'کي' 'روڻ' 'پوڻ' 'شروع' 'ٿي' '.']","[0 0 0 0 0 0 0 0 0 0 0 0 0 0 0 0 0 0 0 0 0 0 0 0 0 0 0 0 0 0 0 0 0 0 0 4 0
 0 0 0 0 0 0 0 0 0 0 0 0 0]"
575,"['مون' 'سندن' 'نالا' 'پڇيا' '۽' 'پنهنجي' 'ڊائري' '۾' 'لکيم' '،' 'پر'
 'ڊائري' 'اسلام' 'آباد' 'وسري' 'ڇڏيم' '.']",[0 0 0 0 0 0 0 0 0 0 0 0 7 7 0 0 0]
576,"['هي' 'اهو' 'سوال' 'آهي' '،' 'جيڪو' 'ملڪي' 'سلامتي' 'سان' 'به' 'واڳيل'
 'آهي' 'ته' 'قومي' 'مفادن' 'سان' 'پڻ' '.']",[0 0 0 0 0 0 0 0 0 0 0 0 0 0 0 0 0 0]
577,"['پهرين' 'ڳالهه' 'ته' 'هن' 'پارٽيءَ' 'مان' 'راهه' 'فرارا' 'اختيار' 'ڪندڙ'
 'ڀاڄوڪڙن' 'جي' 'رستا' 'روڪ' 'ڪئي' 'آهي' '،' 'ٻيو' 'اشارو' 'اهو' 'ڏنو'
 'اٿس' 'ته' 'آئون' 'آمريڪا' '۽' 'پاڪستان' 'فوج' 'جي' 'گڊ' 'بوڪس' '۾' 'اچي'
 'چڪي' 'آهيان' '.']","[11  0  0  0  0  0  0  0  0  0  0  0  0  0  0  0  0 11  0  0  0  0  0  0
  7  0  7  0  0  0  0  0  0  0  0  0]"
578,"['آڪٽوبر' '2012ع' '۾' 'آندل' 'ٻٽي' 'بلدياتي' 'سرشتي' 'جو' 'تڪراري' 'ڪارو'
 'قانون' '،' 'جنهن' 'کي' 'سنڌ' 'جو' 'ٻچو' 'ٻچو' 'ڌرتي' 'ماءُ' 'جي'
 'ورهاڱي' 'واري' 'سازش' 'ڪوٺي' 'رهيو' 'هو' '،' 'ان' 'لاءِ' 'سنڌ' 'جو'
 'قانون' 'وارو' 'وزير' '۽' 'اسيمبليءَ' 'جو' 'نگهبان' 'اسپيڪر' 'نه' 'رڳو'
 'اسيمبليءَ' '۾' 'ويٺل' 'مخالف' 'ميمبرن' '،' 'پر' 'پر' 'گڏوگڏ' 'سنڌ' 'جي'
 'سمورن' 'ساڃاهه' 'وندن' '،' 'وطن' 'دوست' 'اديبن' '،' 'شاعرن' '،'
 'دانشورن' '۽' 'قومي' 'ڪارڪنن' 'کي' 'اڻپڙهيل' 'جا' 'لقب' 'ڏيڻ' '۾' 'رُڌل'
 'هئا' '،' 'ڇو' 'ته' 'بقول' 'سندن' 'هنن' 'سڀني' 'ته' 'هيءُ' 'نئون' 'قانون'
 'پڙهيو' 'ئي' 'ناهي' '“' 'وقت' 'واقعي' 'بادشاهه' 'آهي' '.']","[11 11  0  0  0  0  0  0  0  0  0  0  0  0  7  0  0  0  0  0  0  0  0  0
  0  0  0  0  0  0  7  0  0  0  5  0  0  0  0  0  0  0  0  0  0  0  0  0
  0  0  0  7  0  0  0  0  0  0  0  0  0  0  0  0  0  0  0  0  0  0  0  0
  0  0  0  0  0  0  0  0  0  0  0  0  0  0  0  0  0  0  0  0  0  0  0]"
579,"['سياچن' 'تي' 'ڊيوٽي' 'ڏيندڙ' 'ڪيترن' 'ئي' 'واقف' 'فوجي' 'آفيسرن' 'مان'
 'هالن' 'وارو' 'منهنجو' 'دوست' 'ميجر' 'گل' 'حسن' 'ميمڻ' '،' 'جنهن' '23'
 'هزار' 'فوٽ' 'بلند' 'انهيءَ' 'برفاني' 'چوٽيءَ' 'تي' 'چار' 'سال' 'ڊيوٽي'
 'سرانجام' 'ڏني' 'آهي' '،' 'تنهن' 'ويهه' '20' 'ورهيه' 'اڳ' 'مون' 'کي'
 'ٻڌايو' 'هو' 'ته' 'تمام' 'گهڻي' 'ٿڌ' 'هئڻ' 'جي' 'ڪري' 'اتي' 'مقرر' 'ٿيل'
 'سپاهين' '۽' 'آفيسرن' 'مان' 'اڪثر' 'جا' 'پير' 'يا' 'پيرن' 'جون' 'آڱريون'
 'اهڙي' 'مرض' '۾' 'وٺجي' 'وينديون' 'آهن' '،' 'جو' 'گهڻا' 'ڄڻا' 'ته'
 'ماڳهين' 'اپاهج' '۽' 'جَڏا' 'ٿيو' 'پون' '.']","[ 4  0  0  0  0  0  0  0  0  0  0  0  0  0  5  3  3  3  0  0 11 11 11  0
  0  0  0  0 11 11  0  0  0  0  0  0 11 11 11  0  0  0  0  0  0  0  0  0
  0  0  0  0  0  0  0  0  0  0  0  0  0  0  0  0  0  0  0  0  0  0  0  0
  0  0  0  0  0  0  0  0  0  0  0]"
580,"['اڃا' 'به' 'جڏهن' 'اوهين' 'ڪولهين' '،' 'ڀيلن' '،' 'قادياني' '۽' 'هندو'
 'ڌرم' 'جي' 'جاتين' 'سان' 'ٿيندڙ' 'ظلمن' 'تي' 'آواز' 'اٿاريندا' 'ته'
 'بلئسفيمي' 'جي' 'الزام' 'هيٺ' 'سوگها' 'آهيو' '.']",[0 0 0 0 0 0 0 0 0 0 8 0 0 0 0 0 0 0 0 0 0 0 0 0 0 0 0 0]
581,"['سينيٽ' '۽' 'قومي' 'اسيمبليءَ' '۾' 'آرڊيننس' 'خلاف' 'جڏهن' 'مخالف' 'ڌر'
 'جي' 'اڳواڻن' 'ڳالهائڻ' 'چاهيو' 'ته' 'کين' 'ڳالهائڻ' 'نه' 'ڏنو' 'ويو' '.']",[0 0 2 2 0 0 0 0 0 0 0 0 0 0 0 0 0 0 0 0 0]
582,"['21هين' 'صديءَ' 'کي' 'هاڻ' 'راز' 'پڌرا' 'ڪرڻ' 'واري' 'صدي' 'قرار' 'ڏنو'
 'پيو' 'وڃي' '،' 'دنيا' '۾' 'جنهن' 'تيزيءَ' 'سان' 'هڪ' 'نئين' 'آن' 'لائين'
 'فلاسفي' 'جنم' 'وٺي' 'دنيا' 'جا' 'طور' 'طريقا' '۽' 'پراڻيون' 'روايتون'
 'بدلائي' 'رهي' 'آهي' '،' 'تنهن' 'جو' 'بنيادي' 'نقطو' 'اهو' 'آهي' 'ته'
 'معلومات' 'کي' 'قيد' 'نه' 'پر' 'آزاد' 'هجڻ' 'گهرجي' '،' 'اها' 'عام'
 'ماڻهن' 'جي' 'ملڪيت' 'آهي' '،' 'پرائيويسي' 'جو' 'احترام' 'ٿيڻ' 'گهرجي'
 '۽' 'اهو' 'فيصلو' 'عوام' 'کي' 'ڪرڻ' 'گهرجي' 'ته' 'ڪهڙا' 'پروگرام' 'يا'
 'پاليسيون' 'غلط' 'يا' 'درست' 'آهن' '.']","[11 11  0  0  0  0  0  0  0  0  0  0  0  0  0  0  0  0  0 11  0  0  0  0
  0  0  0  0  0  0  0  0  0  0  0  0  0  0  0  0  0  0  0  0  0  0  0  0
  0  0  0  0  0  0  0  0  0  0  0  0  0  0  0  0  0  0  0  0  0  0  0  0
  0  0  0  0  0  0  0  0  0  0]"
583,"['ميان' 'صاحب' 'کي' 'خبر' 'انهيءَ' 'ڏينهن' 'پئي' '،' 'جڏهن' 'هو' 'لنڊن'
 'کان' 'اسلام' 'آباد' 'پهتو' 'ته' 'اي' 'پي' 'ڊي' 'ايم' 'جو' 'ڪو' 'به'
 'اڳواڻ' 'ايئرپورٽ' 'تي' 'موجود' 'نه' 'هو' '۽' 'نه' 'لکين' 'ماڻهو' '،'
 'جن' 'جي' 'دعويٰ' 'قاضي' 'حسين' 'احمد' 'ڪندو' 'رهيو' 'هو' '.']","[ 5  5  0  0  0  0  0  0  0  0  7  0  7  7  0  0 11 11 11 11  0  0  0  0
  0  0  0  0  0  0  0  0  0  0  0  0  0  3  3  3  0  0  0  0]"
584,"['ڪالهوڪي' 'چونڊ' 'مان' 'ته' 'ثابت' 'ٿيو' 'ته' 'آمريڪي' 'عوام' '،' 'خاص'
 'ڪري' 'ووٽر' 'پاڻ' 'به' 'اسرائيل' 'جي' 'معاملي' 'تي' 'آمريڪا' 'جي'
 'روايتي' 'پاليسين' 'کان' 'پاسيرا' 'ٿي' 'ويا' 'آهن' '.']",[0 0 0 0 0 0 0 8 8 0 0 0 0 0 0 7 0 0 0 7 0 0 0 0 0 0 0 0 0]
585,"['رڳو' 'اسان' 'جي' 'چونڊيل' 'وزير' 'اعلى' 'سيد' 'قائم' 'علي' 'شاهه' 'کي'
 'ذاتي' '۽' 'گروهي' 'مفادن' 'کان' 'بالاتر' 'ٿي' 'پنج' 'ڪروڙ' 'سنڌين' 'سان'
 '66' 'سالن' 'تائين' 'ٿيل' 'ناحق' 'جو' 'ازالو' 'ڪرڻ' 'لاءِ' 'توڪل' 'جو'
 'ترهو' 'ٻڌڻو' 'آهي' '.']","[ 0  0  0  0  5  5  3  3  3  3  0  0  0  0  0  0  0  0 11 11  0  0 11  0
  0  0  0  0  0  0  0  0  0  0  0  0  0]"
586,"['ٽيون' 'اهو' 'ته' 'ان' 'سڄي' 'بي' 'اصولي' 'واري' 'سياست' '۾' 'عوام'
 'نالي' 'خلق' 'ڀلي' 'مسئلن' 'جي' 'انبار' 'هيٺان' 'کرڙيون' 'هڻندي' 'هجي'
 '،' 'تنهن' 'جو' 'ڀرجهلو' 'ٿيڻ' 'لاءِ' 'ڪو' 'به' 'تيار' 'نه' 'هوندو' 'آهي'
 '.']","[11  0  0  0  0  0  0  0  0  0  0  0  0  0  0  0  0  0  0  0  0  0  0  0
  0  0  0  0  0  0  0  0  0  0]"
587,"['نواز' 'شريف' 'جي' 'ڪابينا' '۾' 'سيد' 'امين' 'الحسنات' 'شاهه' 'مرڪزي'
 'وزير' 'آهي' '،' 'جيڪو' 'پير' 'محمد' 'ڪرم' 'شاهه' 'الزهري' 'جو' 'شاگرد'
 'به' 'آهي' '.']",[3 3 0 0 0 3 3 3 3 0 5 0 0 0 3 3 3 3 3 0 0 0 0 0]
588,"['موڪلائڻ' 'وقت' 'مون' 'پنهنجو' 'وفادار' 'ساٿي' 'ڊاڪٽر' 'زواگو' 'ڪيريني'
 'قبيلي' 'جي' 'هڪ' 'خاندان' 'جي' 'حوالي' 'ڪيو' '.']",[ 0  0  0  0  0  0  5  3  8  8  0 11  0  0  0  0  0]
589,['اوهان' 'به' 'ته' 'ڪجهه' 'ڪڇي' 'سگهو' 'ٿا' '.'],[0 0 0 0 0 0 0 0]
590,"['انهيءَ' 'شڪ' 'واري' 'جملي' 'کي' 'پارٽي' 'چيئرمين' 'بلال' 'ڀٽو' 'زرداري'
 'پڪ' '“' '۾' 'تڏهن' 'تبديل' 'ڪيو' '،' 'جڏهن' 'هن' '21' 'جون' 'تي' 'بريڊ'
 'فورڊ' '۾' 'پي' 'پي' 'جي' 'ڪارڪنن' 'کي' 'خطاب' 'دوران' 'ٻڌايو' 'ته' '،'
 'سندس' 'امڙ' 'کي' 'قتل' 'ڪرڻ' 'واري' 'ته' 'صرف' 'گولي' 'هلائي' 'هئي' '،'
 'پر' 'ان' 'بندوق' '۾' 'گولي' 'ڊڪٽيٽر' 'ڀرائي' 'هئي' '.']","[ 0  0  0  0  0  0  0  3  3  3  0  0  0  0  0  0  0  0  0 11 11  0  7  7
  0  8  8  0  0  0  0  0  0  0  0  0  0  0  0  0  0  0  0  0  0  0  0  0
  0  0  0  0  0  0  0  0]"
591,"['جيتوڻيڪ' '337' 'صفحن' 'تي' 'ٻڌل' 'انهيءَ' 'رپورٽ' '۾' '300' 'کان' 'وڌيڪ'
 'شاهدن' 'جا' 'بيان' 'قلمبند' 'ڪرڻ' 'توڙي' '3' 'هزار' 'کان' 'وڌيڪ'
 'دستاويزن' 'جو' 'مطالعو' 'ڪرڻ' 'کانپوءِ' 'اهو' 'نتيجو' 'ڪڍيو' 'ويو' 'ته'
 'اسامه' 'جي' 'ڳولا' '۾' 'پاڪستاني' 'اسٽيبلشمينٽ' 'جي' 'علم' '۾' 'اچڻ'
 'کانسواءِ' 'سي' 'آءِ' 'اي' 'نيٽ' 'ورڪ' 'جي' 'موجودگي' 'ملڪ' 'جي' 'سياسي'
 '،' 'عسڪري' 'توڙي' 'ايجنسين' 'جي' 'قيادت' 'جي' 'گڏيل' 'غير' 'ذميواري'
 'کانسواءِ' 'ٻيو' 'ڪجهه' 'ناهي' '.']","[ 0 11  0  0  0  0  0  0 11  0  0  0  0  0  0  0  0 11 11  0  0  0  0  0
  0  0  0  0  0  0  0  3  0  0  0  8  8  0  0  0  0  0  8  8  8  0  0  0
  0  0  0  0  0  0  0  0  0  0  0  0  0  0  0 11  0  0  0]"
592,"['ڪنهن' 'ڪهنه' 'مشق' 'سياستدان' 'وانگر' 'صحيح' 'وقت' 'تي' 'پنهنجا' 'پتا'
 'اڇلائيندڙ' 'آصف' 'زرداري' 'ڀلي' 'انهي' 'بيان' 'ذريعي' 'حڪومت' 'کان'
 'پنهنجون' 'فرمائشون' 'پوريون' 'ڪرائڻ' 'لاءِ' 'زور' 'ڀريندو' 'هجي' 'پر'
 'اهو' 'بيان' 'اڳتي' 'هلي' 'جڏهن' 'پنهنجي' 'باڊي' 'لينگويج' 'بدلائيندو'
 'ته' 'پوءِ' 'ميان' 'صاحب' 'جي' 'لاءِ' 'مشڪل' 'وقت' 'جي' 'اڳڪٿي' 'ڪرڻ'
 'ايترو' 'مشڪل' 'نه' 'ٿيندو' '.']","[0 0 0 0 0 0 0 0 0 0 0 3 3 0 0 0 0 0 0 0 0 0 0 0 0 0 0 0 0 0 0 0 0 0 0 0 0
 0 0 5 5 0 0 0 0 0 0 0 0 0 0 0 0]"
593,"['اهو' 'دهشت' 'گرد' 'هو' 'انگريزي' 'زبان' 'جي' 'مشهور' 'ليکڪه' 'في'
 'ويلڊن' '.']",[0 0 0 0 1 1 0 0 0 3 3 0]
594,"['ڏوهه' 'اهو' 'ٻڌايو' 'ويو' 'ته' 'هن' 'هڪ' 'سرڪاري' 'نوڪر' 'کي' 'سندس'
 'اليڪشن' 'مهم' 'هلائڻ' '۽' 'ڪانگريس' 'پارٽي' 'جي' 'ڪم' 'ڪار' 'لاءِ'
 'استعمال' 'ڪيو' '،' 'جيڪو' 'عمل' 'اصولي' 'طور' 'تي' 'اليڪشن' 'ڪميشن' 'جي'
 'ضابطن' 'جي' 'خلاف' 'ورزي' '۽' 'فراڊ' 'جي' 'زمري' '۾' 'اچي' 'ٿو' '.']","[ 0  0  0  0  0  0 11  0  0  0  0  0  0  0  0  8  8  0  0  0  0  0  0  0
  0  0  0  0  0  0  0  0  0  0  0  0  0  0  0  0  0  0  0  0]"
595,"['البته' 'سنڌ' 'کي' 'پاڪ' '-' 'ڀارت' 'مذاڪرات' 'جي' 'حوالي' 'سان' 'سرڪاري'
 '۽' 'سول' 'سوسائٽيءَ' 'جا' 'متعين' 'ٿيندڙ' 'ڪردار' 'ڪير' 'سمجهائي' '؟']",[ 0  7  0 11 11 11 11  0  0  0  0  0  0  0  0  0  0  0  0  0  0]
596,"['مون' 'کان' 'حيدرآباد' 'جي' 'تلڪ' 'چاڙهي' 'واري' 'حليم' '،' 'گول' 'بلڊنگ'
 'واري' 'نهاري' '۽' 'حيدر' 'چوڪ' 'تي' 'بيهندڙ' 'ريڙهي' 'واري' 'جي' 'چڪن'
 'سوپ' 'تائين' 'جا' 'ذائقا' 'به' 'اڃان' 'نه' 'وسريا' 'آهن' '.']",[0 0 7 0 4 4 0 0 0 4 4 0 0 0 4 4 0 0 0 0 0 0 0 0 0 0 0 0 0 0 0 0]
597,"['پهرئين' 'ته' 'هن' 'مَنُ' 'هنيو' '،' 'پر' 'پوءِ' 'مون' 'سان' 'گڏجي' 'اچي'
 'ڪلف' 'کولي' 'ڏنائين' '.']",[11  0  0  0  0  0  0  0  0  0  0  0  0  0  0  0]
598,"['ڪهڙي' 'سياسي' 'پارٽي' 'جي' 'ليڊر' 'شپ' 'آهي' '،' 'جنهن' 'سان' 'هن' 'جا'
 'ويجها' 'لاڳاپا' 'ناهن' '۽' 'ڪهڙو' 'سياسي' 'اڳواڻ' 'آهي' '،' 'جيڪو' 'هن'
 'جي' 'دوستيءَ' 'جي' 'هام' 'نه' 'هڻندو' 'هجي' '،' 'پر' 'ملڪ' 'رياض' 'سڀني'
 'سان' 'ويجهو' 'رهندي' 'به' 'فقط' 'پنهنجي' 'مفادن' 'کي' 'ترجيح' 'ڏيندو'
 'رهيو' '.']","[0 0 0 0 0 0 0 0 0 0 0 0 0 0 0 0 0 0 0 0 0 0 0 0 0 0 0 0 0 0 0 0 3 3 0 0 0
 0 0 0 0 0 0 0 0 0 0]"
599,"['اهو' 'نٿو' 'ڏٺو' 'وڃي' 'ته' 'انهيءَ' 'ميمبر' 'صاحب' 'يا' 'صاحبه' 'جي'
 'خود' 'قابليت' '،' 'اهليت' '،' 'فهم' '۽' 'ادراڪ' 'ڇا' 'آهي' '۽'
 'قانونسازي' 'جي' 'حوالي' 'سان' 'گهربل' 'معيارن' 'تي' 'اهي' 'ميمبر'
 'صاحبان' 'ڪيترو' 'پورو' 'لهن' 'ٿا' '؟']",[0 0 0 0 0 0 0 0 0 5 0 0 0 0 0 0 0 0 0 0 0 0 0 0 0 0 0 0 0 0 0 0 0 0 0 0 0]
600,"['انهيءَ' 'کي' 'چئبو' 'آهي' '،' 'هڪڙي' 'ٽڪيٽ' '۾' '،' 'سو' 'به' 'ٿورائي'
 'هوندي' 'چار' 'مزا' 'پڙهندڙن' 'کي' 'ياد' 'هوندو' 'ته' 'اڄ' 'کان' 'ڏيڍ'
 'سال' 'اڳ' 'جڏهن' 'تڏهوڪي' 'وزير' 'اعظم' 'يوسف' 'رضا' 'گيلانيءَ'
 'سرائيڪي' 'صوبو' 'ٺاهڻ' 'لاءِ' 'سياسي' 'بيان' 'بازي' 'شروع' 'ڪئي' 'ته'
 'ان' 'جي' 'حق' '۾' 'ايم' 'ڪيو' 'ايم' 'وارا' 'همراهه' 'وڏيون' 'ٻرانگهون'
 'ڀريندا' 'ميدان' '۾' 'ڪاهي' 'پيا' '.']","[ 0  0  0  0  0  0  0  0  0  0  0  0  0 11  0  0  0  0  0  0  0  0 11 11
  0  0  0  5  5  3  3  3  7  7  0  0  0  0  0  0  0  0  0  0  0  0  8  8
  8  0  0  0  0  0  0  0  0  0  0]"
601,"['صدر' 'آصف' 'علي' 'زرداري' 'به' 'ماضيءَ' 'جي' 'تلخ' 'سفارتي' 'تجربي' 'کي'
 'مد' 'نظر' 'رکندي' '،' 'شهيد' 'ڀٽي' 'جي' 'غير' 'جانبدارانه' 'ڊپلوميسي'
 '۽' 'سفارتڪاري' 'جي' 'واٽ' 'تي' 'هلندي' 'گهڻيون' 'ئي' 'ڪاميابيون' 'حاصل'
 'ڪري' 'سگهي' 'ٿو' '.']",[5 3 3 3 0 0 0 0 0 0 0 0 0 0 0 0 5 0 0 0 0 0 0 0 0 0 0 0 0 0 0 0 0 0 0]
602,"['ٻي' 'ٿيوري' 'اها' 'به' 'آهي' 'ته' 'ميان' 'صاحب' 'ان' 'موڊ' '۾' 'ناهي'
 'ته' 'جنرل' 'راحيل' 'شريف' 'جي' 'مدي' '۾' 'واڌ' 'ڪئي' 'وڃي' '،' 'جڏهن'
 'ته' 'عسڪري' 'قيادت' 'جي' 'خواهش' 'آهي' 'ته' 'مدي' '۾' 'واڌ' 'ٿئي' '.']","[11  0  0  0  0  0  5  5  0  0  0  0  0  5  3  3  0  0  0  0  0  0  0  0
  0  0  0  0  0  0  0  0  0  0  0  0]"
603,['بي' 'سُريون' 'وضاحتون' '۽' 'بي' 'سروپا' 'ڪار' 'گذاريون' 'ڏسي' '.'],[0 0 0 0 0 0 0 0 0 0]
604,"['جڏهن' 'ميان' 'نواز' 'شريف' 'کي' 'بغاوت' 'واري' 'ڪيس' 'مان' 'آجو' 'ڪري'
 'هڪ' 'ڊيل' 'تحت' 'ڏهن' 'سالن' 'لاءِ' 'سعودي' 'عرب' 'روانو' 'ڪيو' 'ويو'
 '،' 'جتي' 'هو' 'شاهي' 'خاندان' 'جو' 'مهمان' 'بڻيو' '.']","[ 0  3  3  3  0  0  0  0  0  0  0 11  0  0  0  0  0  7  7  0  0  0  0  0
  0  0  0  0  0  0  0]"
605,"['جيڪڏهن' 'مفاهمت' 'ٻئي' 'جي' 'مينڊيٽ' 'جو' 'احترام' 'ڪرڻ' 'جو' 'نالو'
 'آهي' 'ته' 'پوءِ' 'هن' 'ڀيري' 'به' 'هر' 'انهيءَ' 'سياسي' 'پارٽيءَ' 'سان'
 'مفاهمت' 'ٿيڻ' 'گهرجي' '،' 'جنهن' 'کي' 'مينڊيٽ' 'مليو' 'آهي' '،' 'رڳو'
 'متحده' 'سان' 'ئي' 'مفاهمت' 'جي' 'مائٽي' 'ڪرڻ' 'ڇو' 'ضروري' 'آهي' '؟']","[0 0 0 0 0 0 0 0 0 0 0 0 0 0 0 0 0 0 0 0 0 0 0 0 0 0 0 0 0 0 0 0 8 0 0 0 0
 0 0 0 0 0 0]"
606,"['28' 'ماڻهن' 'کان' 'پڇا' 'ڳاڇا' 'ڪئي' 'وئي' '،' 'دستاويزي' 'ثبوت' 'حاصل'
 'ڪيا' 'ويا' '،' 'ان' 'جاچ' 'دوران' 'اسڪاٽ' 'لينڊ' 'يارڊ' 'جي' 'عملدارن'
 'جو' 'اهو' 'بيان' 'به' 'رڪارڊ' 'تي' 'آهي' 'جنهن' '۾' 'چيو' 'ويو' 'هو'
 'ته' 'مني' 'لانڊرنگ' 'جي' 'حوالي' 'سان' 'ڀروسي' 'جوڳا' 'ثبوت' 'هٿ' 'ڪيا'
 'ويا' 'آهن' '.']","[11  0  0  0  0  0  0  0  0  0  0  0  0  0  0  0  0  7  7  7  0  0  0  0
  0  0  0  0  0  0  0  0  0  0  0  0  0  0  0  0  0  0  0  0  0  0  0  0]"
607,"['اڄ' 'جيڪا' 'ادارن' 'جي' 'زوال' 'پذيري' 'جي' 'صورتحال' 'آهي' '،' 'نه'
 'ته' 'اها' 'دهشتگرديءَ' 'سبب' 'آهي' 'نه' 'ئي' 'ان' '۾' 'ڪو' 'پرڏيهي' 'هٿ'
 'ملوث' 'آهي' '،' 'پر' 'اهو' 'سڀ' 'ڪجهه' 'اسان' 'جي' 'انهن' 'گهڻ' 'گهرن'
 '،' 'مخلص' '،' 'هڏڏوکي' '۽' 'عوام' 'دوست' 'حڪمرانن' 'جي' 'مهرباني' 'آهي'
 'جيڪي' 'مختلف' 'دورن' '۾' 'سنڌ' 'مٿان' 'مڙهجندا' 'رهيا' 'آهن' '.']","[0 0 0 0 0 0 0 0 0 0 0 0 0 0 0 0 0 0 0 0 0 0 0 0 0 0 0 0 0 0 0 0 0 0 0 0 0
 0 0 0 0 0 0 0 0 0 0 0 0 0 7 0 0 0 0 0]"
608,"['اهڙا' 'تڪراري' 'فيصلا' 'فقط' 'اهي' 'جمهوري' 'حڪومتون' 'ئي' 'ڪنديون'
 'رهن' 'ٿيون' '،' 'جن' 'کي' 'اهو' 'گهمنڊ' 'هجي' 'ٿو' 'ته' 'هو' 'عوام' 'جي'
 'ووٽن' 'سان' 'چونڊجي' 'آيون' 'آهن' '،' 'تنهنڪري' 'ڄڻ' 'اهي' 'اڇي' 'ڪاري'
 'جون' 'مالڪ' 'ٿيو' 'وڃن' '.']","[0 0 0 0 0 0 0 0 0 0 0 0 0 0 0 0 0 0 0 0 0 0 0 0 0 0 0 0 0 0 0 0 0 0 0 0 0
 0]"
609,"['سندس' 'والد' 'ميان' 'محمود' 'علي' 'قصوريءَ' 'شهيد' 'ڀُٽي' 'واري' 'سرڪار'
 'جو' 'ابتدائي' 'عرصي' 'دوران' 'وزير' 'قانون' 'به' 'رهيو' 'ته' 'کيس'
 'جمهوريت' 'لاءِ' 'جدوجهد' 'ڪندڙ' 'ڪارڪنن' 'جا' 'مقدما' 'مفت' '۾' 'وڙهڻ'
 'لاءِ' '”' 'هميشه' 'حاضر' '“' 'رهندي' 'ڏٺو' 'ويو' '.']","[0 0 3 3 3 3 0 5 0 0 0 0 0 0 5 0 0 0 0 0 0 0 0 0 0 0 0 0 0 0 0 0 0 0 0 0 0
 0 0]"
610,"['اين' 'آر' 'او' 'واري' 'مسئلي' 'تي' 'جيڪڏهن' 'ٿورو' 'غور' 'ڪجي' 'ٿو' 'ته'
 'اهو' 'ئي' 'محسوس' 'ٿئي' 'ٿو' 'ته' 'اهو' 'ميلو' '“' 'صرف' 'صدر' 'آصف'
 'علي' 'زرداري' 'لاءِ' 'ئي' 'مچايو' 'ويو' 'آهي' '.']","[11 11 11  0  0  0  0  0  0  0  0  0  0  0  0  0  0  0  0  0  0  0  5  3
  3  3  0  0  0  0  0  0]"
611,"['مسلم' 'ليگي' 'گهراڻي' 'مان' '”' 'نعپ' '“' 'ڏانهن' 'ٿيندڙ' 'هن' 'پنڌ'
 'تي' 'پاڪستاني' 'معاشري' '۾' 'ڪا' 'به' 'پابندي' 'ڪا' 'نه' 'آهي' '.']",[8 8 0 0 0 0 0 0 0 0 0 0 8 8 0 0 0 0 0 0 0 0]
612,"['پنهنجين' 'شڪايتن' 'جي' 'ازالي' 'لاءِ' 'آئيني' 'جدوجهد' 'ته' 'ضرور'
 'ڪنداسين' '،' 'پر' 'بال' 'ٺاڪري' 'وانگر' 'جيڪڏهن' 'باقي' 'ملڪ' 'کي' 'ديس'
 'واسين' 'کي' 'بندرگاهي' 'گذر' 'گاهي' 'سورسز' 'کان' 'محروم' 'رکڻ' 'جي'
 'ڳالهه' 'ڪبي' 'ته' 'ميرٽ' 'تي' 'اهڙي' 'گفتگوءَ' 'پنهنجي' 'موزونيت' 'کان'
 'محروم' 'ٿي' 'ويندي' '.']","[0 0 0 0 0 0 0 0 0 0 0 0 3 3 0 0 0 0 0 0 0 0 0 0 0 0 0 0 0 0 0 0 0 0 0 0 0
 0 0 0 0 0 0 0]"
613,"['ان' 'ڏينهن' 'اها' 'چوڻي' 'مشهور' 'هئي' 'ته' '”' 'روم' 'ٻري' 'رهيو' 'هو'
 '۽' 'نيرو' 'بانسري' 'وڄائي' 'رهيو' 'هو' '.']",[ 0  0  0  0  0  0  0  0  7  0  0  0  0  3 11  0  0  0  0]
614,"['جنرل' 'پرويز' 'مشرف' 'اعلان' 'ڪيو' 'آهي' 'ته' 'جنهن' 'ڏينهن' 'نگران'
 'حڪومت' 'قائم' 'ٿيندي' '،' 'ان' 'کان' 'هڪ' 'هفتي' 'اندر' 'هو' 'پاڪستان'
 'واپس' 'ورندو' '۽' 'چونڊن' '۾' 'سندس' 'پارٽي' 'آل' 'پاڪستان' 'قائد'
 'اعظم' 'مسلم' 'ليگ' 'باقاعدي' 'حصو' 'وٺندي' '.']","[ 5  3  3  0  0  0  0  0  0  0  0  0  0  0  0  0 11  0  0  0  7  0  0  0
  0  0  0  0  8  8  8  8  8  8  0  0  0  0]"
615,"['هيرن' 'جواهرن' 'جي' 'بدلي' 'مليل' 'ڀُڳڙن' 'مُٺ' 'تي' 'ته' 'ورهائڻ'
 'وارا' 'پاڻ' 'پورا' 'نٿا' 'پون' '،' 'عوام' 'کي' 'ڇا' 'ملي' '؟']",[0 0 0 0 0 0 0 0 0 0 0 0 0 0 0 0 0 0 0 0 0]
616,"['پارٽي' 'قيادت' 'لاءِ' 'هڪ' 'امتحان' 'به' 'آهي' 'ته' 'اها' 'ڪهڙي' 'طريقي'
 'سان' 'هن' 'مسئلي' 'کي' 'حل' 'ٿي' 'ڪري' '.']",[ 0  0  0 11  0  0  0  0  0  0  0  0  0  0  0  0  0  0  0]
617,"['ٽرانسسٽر' 'هو' 'ته' 'وندر' 'جو' 'ذريعو' '،' 'پر' 'چڙهي' 'ويو' 'سياست'
 'جي' 'وَرَ' '.']",[0 0 0 0 0 0 0 0 0 0 0 0 0 0]
618,"['وڌيڪ' 'پريشاني' 'واري' 'ڳالهه' 'اها' 'آهي' 'ته' 'تازو' 'ڊيموڪريٽ'
 'پارٽي' 'جو' 'بارڪ' 'اوباما' 'آمريڪي' 'صدارتي' 'اميدوار' 'نامزد' 'ٿي'
 'چڪو' 'آهي' '،' 'جنهن' 'جا' 'پاڪستان' 'جي' 'نيوڪليئر' '۽' 'انتهاپسندي'
 'خلاف' 'بيان' 'ڪنهن' 'کان' 'ڳجها' 'نه' 'آهن' '،' 'نه' 'وري' 'سندس'
 'همدردي' 'اسرائيل' '۽' 'يهودين' 'لاءِ' 'لڪل' 'آهي' '.']","[0 0 0 0 0 0 0 0 8 8 0 3 3 8 0 0 0 0 0 0 0 0 0 7 0 0 0 0 0 0 0 0 0 0 0 0 0
 0 0 0 7 0 0 0 0 0 0]"
619,"['ڊرينج' 'سسٽم' 'ٺاهڻ' 'کان' 'پوءِ' 'وري' 'اُهو' 'ساڳيو' 'مرحلو' 'درپيش'
 'آيو' 'آهي' 'ته' 'شهر' 'جي' 'ٻيهر' 'صفائي' 'ڪجي' '،' 'صفائيءَ' 'جي'
 'انهيءَ' 'ٻئي' 'مرحلي' '۾' 'ٽريڪٽرن' '،' 'ٽرالين' '۽' 'افرادي' 'قوت' 'جو'
 'استعمال' 'ڪبو' '،' 'تڏهن' 'وڃي' 'ڪو' 'ڪم' 'ٺهندو' '.']","[0 0 0 0 0 0 0 0 0 0 0 0 0 0 0 0 0 0 0 0 0 0 0 0 0 0 0 0 0 0 0 0 0 0 0 0 0
 0 0 0 0]"
620,"['اڳي' 'وڻن' 'جا' 'پاڇا' 'هوندا' 'هئا' '،' 'هاڻي' 'اذيتن' 'جا' 'پاڇا'
 'ڏسڻ' '۾' 'اچن' 'ٿا' '.']",[0 0 0 0 0 0 0 0 0 0 0 0 0 0 0 0]
621,"['پرڏيهي' 'سيڪريٽري' 'ته' 'نياز' 'اي' 'نائيڪ' 'رهي' 'چڪو' 'هو' '،' 'پر'
 'کيس' 'ريٽائر' 'جرنيل' 'ڪرنيل' '۽' 'سفارتي' 'ماهر' 'به' 'فراهم' 'ڪيا'
 'ويا' '.']",[0 0 0 3 3 3 0 0 0 0 0 0 0 0 0 0 0 0 0 0 0 0 0]
622,"['اسلام' 'آباد' 'جي' 'ميريئٽ' 'هوٽل' '۾' 'ٿيل' 'ڌماڪي' '۾' 'به' 'پهريون'
 'ڀيرو' 'آر' 'ڊي' 'ايڪس' '،' 'ٽي' 'اين' 'ٽي' '۽' 'ايلومينيم' 'پائوڊر' 'جو'
 'گڏيل' 'استعمال' 'ڪيو' 'ويو' '،' 'جنهن' 'مان' 'اندازو' 'لڳائي' 'سگهجي'
 'ٿو' 'ته' 'ان' 'حملي' 'جا' 'ماسٽر' 'مائينڊ' 'ڪيترا' 'شاطر' 'آهن' '.']","[ 7  7  0  4  4  0  0  0  0  0 11  0 11 11 11  0 11 11 11  0 11 11  0  0
  0  0  0  0  0  0  0  0  0  0  0  0  0  0  0  0  0  0  0  0]"
623,"['سنڌي' 'ٻوليءَ' 'کي' 'قومي' 'ٻوليءَ' 'واري' 'بل' 'کان' 'ويندي' 'ڪوٽا'
 'سسٽم' 'تائين' 'هتان' 'جي' 'آبادي' 'کي' 'مقامي' 'ليڊر' 'غلط' 'بيانيءَ'
 'جي' 'سمونڊ' '۾' 'غوطا' 'ڏياري' 'لا' 'اينڊ' 'آرڊر' 'جو' 'مسئلو' 'پيدا'
 'ڪيو' '۽' 'نتيجي' 'طور' 'ڪي' '”' 'اڙدو' 'ڪا' 'جنازه' 'هي' 'ذرا' 'ڌوم'
 'سي' 'نڪلي' '“' 'وارا' 'نعرا' 'هڻندڙ' 'نوجوان' 'اُس' 'پار' 'پڌاريا' 'هئا'
 '.']","[1 1 0 0 0 0 0 0 0 0 0 0 0 0 0 0 0 0 0 0 0 0 0 0 0 0 0 0 0 0 0 0 0 0 0 0 0
 0 0 0 0 0 0 0 0 0 0 0 0 0 0 0 0 0 0]"
624,"['هن' 'به' 'جنرل' 'ضياءِ' 'وانگر' 'پنهنجي' 'اقتدار' 'کي' 'هٿي' 'ڏيڻ'
 'خاطر' 'بلوچستان' '۽' 'سرحد' '۾' 'مذهبي' 'ڌرين' 'جي' 'حڪومت' 'قائم'
 'ڪرائي' '۽' 'آمريڪا' 'کي' 'اهو' 'بانور' 'ڪرايو' 'ته' 'جيڪڏهن' 'سندس'
 'حڪومت' 'جي' 'حمايت' 'نه' 'ڪئي' 'ويئي' 'ته' 'طالبان' 'ملڪ' 'تي' 'قبضو'
 'ڪري' 'وٺندا' '.']","[0 0 5 3 0 0 0 0 0 0 0 7 0 0 0 0 0 0 0 0 0 0 7 0 0 0 0 0 0 0 0 0 0 0 0 0 0
 8 0 0 0 0 0 0]"
625,"['تنهنڪري' 'هن' 'ملڪ' '۾' 'صاف' 'شفاف' 'چونڊن' 'جو' 'ٿيڻ' '۽' 'اهو' 'به'
 'ويجهي' 'مستقبل' '۾' 'ٿيڻ' 'هڪ' 'اهڙي' 'اڻ' 'ٿيڻي' 'آهي' 'جيڪا' 'ٿي'
 'نٿي' 'سگهي' '۽' 'جيڪڏهن' 'فرض' 'ڪجي' 'ٿي' 'به' 'وڃي' 'تڏهن' 'به' 'هن'
 'ملڪ' 'کي' 'هلائيندڙن' 'جي' 'اهليت' 'هڪ' 'اهڙو' 'سواليه' 'نشان' 'آهي'
 'جنهن' 'جو' 'ڪنهن' 'وٽ' 'به' 'جواب' 'ڪونهي' '.']","[ 0  0  0  0  0  0  0  0  0  0  0  0  0  0  0  0 11  0  0  0  0  0  0  0
  0  0  0  0  0  0  0  0  0  0  0  0  0  0  0  0 11  0  0  0  0  0  0  0
  0  0  0  0  0]"
626,"['1991ع' 'جو' 'سال' 'هجي' '،' 'سرڪار' 'ته' 'نواز' 'شريف' 'جي' 'هئي' '،'
 'پر' 'زمانو' 'ڄام' 'صادق' 'عليءَ' 'جو' 'هو' '.']",[11  0  0  0  0  0  0  3  3  0  0  0  0  0  3  3  3  0  0  0]
627,"['خبر' 'ناهي' 'ته' 'اسان' 'جو' 'سماج' 'ڪڏهن' 'انهن' 'روايتن' 'سان' 'ڀاڪر'
 'پائي' 'حقيقي' 'عيد' 'جو' 'تصور' 'آڻيندو' '،' 'جنهن' 'جو' 'ذائقو' 'سنڌ'
 'جي' 'سماجي' 'ذهن' 'کان' 'تيزي' 'سان' 'وسرندو' 'پيو' 'وڃي' '!' 'ٿر' '۾'
 'هيل' 'ڪارو' 'ڏڪار' 'آهي' '،' 'پرسال' 'جهجهيون' 'برساتون' 'پيون' '،'
 'هيل' 'مينهن' 'ڪڻي' 'لاءِ' 'واجهائيندڙ' 'اکين' '۾' 'پاڻي' 'لهي' 'آيو'
 'آهي' 'پر' 'اهو' 'پاڻي' 'ايترو' 'ڪافي' 'ناهي' '،' 'جنهن' '۾' 'اهي'
 'ماڻهو' 'نڪ' 'ٻوڙي' 'سگهن' '،' 'جيڪي' 'مسڪين' 'مارو' 'ماڻهن' 'مٿان'
 'حڪمراني' 'ڪندا' 'آهن' '.']","[0 0 0 0 0 0 0 0 0 0 0 0 0 9 0 0 0 0 0 0 0 7 0 0 0 0 0 0 0 0 0 0 0 0 0 0 0
 0 0 0 0 0 0 0 0 0 0 0 0 0 0 0 0 0 0 0 0 0 0 0 0 0 0 0 0 0 0 0 0 0 0 0 0 0
 0 0 0 0 0]"
628,"['ٻي' 'ڳالهه' 'ته' 'جي' 'سيزر' 'کي' 'ڇُرو' 'هڻڻ' 'وقت' 'ٿوري' 'به' 'غلطي'
 'ڪري' 'ها' 'ته' 'ڦاهي' 'تي' 'چڙهي' 'ها' '.']",[11  0  0  0  3  0  0  0  0  0  0  0  0  0  0  0  0  0  0  0]
629,"['کيس' '”' 'بيسٽ' 'گورنمينٽ' 'ٽو' 'سٽيزن' 'انيشيٽوِ' 'آف' 'انڊيا' '“' 'جو'
 'ايوارڊ' 'مليو' '.']",[0 0 5 5 5 5 5 5 5 0 0 0 0 0]
630,"['جڏهن' 'سعودي' 'عرب' 'جي' 'اڳواڻيءَ' '۾' 'فوجي' 'اتحاد' 'جو' 'اعلان'
 'ٿيو' 'ته' 'پاڪستان' 'جي' 'شموليت' 'جي' 'خبر' 'به' 'اتان' 'ئي' 'آئي' '،'
 'اسان' 'جي' 'پرڏيهي' 'وزارت' 'کي' 'به' 'ٽي' 'وي' 'ذريعي' 'خبر' 'پئي' 'ته'
 'اسين' 'ان' 'اتحاد' 'جو' 'حصو' 'ٿي' 'چڪا' 'آهيون' '،' 'يعني' 'هيڏو' 'وڏو'
 'اسلامي' 'نيوڪليئر' 'ملڪ' '،' 'تنهن' 'کان' 'رسمي' 'اجازت' 'وٺڻ' 'جي'
 'زحمت' 'به' 'گوارا' 'نه' 'ڪئي' 'وئي' 'پر' 'جيڪڏهن' 'اجازت' 'ورتي' 'به'
 'وڃي' 'ها' 'ته' 'انڪار' 'ڪرڻ' 'جي' 'ڪنهن' '۾' 'جرئت' 'هئي' '؟']","[ 0  7  7  0  0  0  0  0  0  0  0  0  7  0  0  0  0  0  0  0  0  0  0  0
  0  0  0  0 11 11  0  0  0  0  0  0  0  0  0  0  0  0  0  0  0  0  8  0
  0  0  0  0  0  0  0  0  0  0  0  0  0  0  0  0  0  0  0  0  0  0  0  0
  0  0  0  0  0  0]"
631,"['2008ع' '۾' 'سندس' 'هڪ' 'ٻيو' 'شاهڪار' 'ڳجهو' 'فرمان' ')' 'ڇپجي' 'پڌرو'
 'ٿيو' '.']",[11  0  0 11 11  0  0  0  0  0  0  0  0]
632,"['انهن' 'ئي' 'شهرن' '۾' 'جتي' 'ڪڏهن' 'سنڌين' 'جي' 'اڪثريت' 'هوندي' 'هئي'
 '،' 'تن' 'جي' 'سيني' 'تي' 'اردو' 'جي' 'محاوري' 'وانگر' 'سانپ' 'لوٽ' 'رهي'
 'هين' '،' 'مختلف' 'طريقن' 'سان' 'کين' 'تنگ' 'ڪرڻ' 'جو' 'سلسلو' 'به'
 'جاري' 'آهي' 'ته' 'هڪ' 'خاموش' 'مهم' 'به' 'هلندڙ' 'آهي' 'ته' 'ڪنهن'
 'طريقي' 'سان' 'انهن' 'ٻوڏ' 'متاثرن' 'کي' 'انهن' 'شهرن' '۾' 'آباد' 'ٿيڻ'
 'کان' 'روڪيو' 'وڃي' '۽' 'جيڪي' 'اچي' 'چڪا' 'آهن' '،' 'تن' 'جي' 'جلد'
 'کان' 'جلد' 'واپسي' 'ممڪن' 'بڻائي' 'وڃي' '.']","[ 0  0  0  0  0  0  0  0  0  0  0  0  0  0  0  0  1  0  0  0 10 10 10 10
  0  0  0  0  0  0  0  0  0  0  0  0  0 11  0  0  0  0  0  0  0  0  0  0
  0  0  0  0  0  0  0  0  0  0  0  0  0  0  0  0  0  0  0  0  0  0  0  0
  0  0  0]"
633,['اهڙي' 'موقعي' 'تي' '.'],[0 0 0 0]
634,"['چون' 'ٿا' 'ته' 'هو' 'زرداري' 'صاحب' 'جي' 'خاص' 'ماڻهن' 'منجهان' 'هڪ'
 'هو' '.']",[ 0  0  0  0  5  5  0  0  0  0 11  0  0]
635,"['ٿر' 'واسين' 'کي' 'پوءِ' 'ٻي' 'ڪنهن' 'به' 'شئي' 'جي' 'چنتا' 'نه' 'رهندي'
 'آهي' '،' 'سندن' 'لاءِ' 'فطرت' 'جي' 'اها' 'مهرباني' 'ڪنهن' 'به'
 'نامهربان' 'حڪومت' 'هٿان' 'مليل' 'ذلتن' 'کي' 'به' 'وساري' 'ڇڏيندي' 'آهي'
 '،' 'هو' 'خوشيءَ' '۾' 'مگن' 'لوڪ' 'گيت' 'ڳائيندا' 'پنهنجي' 'ڪرت' 'کي'
 'لڳي' 'ويندا' 'آهن' '.']","[ 7  0  0  0 11  0  0  0  0  0  0  0  0  0  0  0  0  0  0  0  0  0  0  0
  0  0  0  0  0  0  0  0  0  0  0  0  0  0  0  0  0  0  0  0  0  0  0]"
636,"['اهو' 'ئي' 'سبب' 'آهي' 'جو' 'پوءِ' 'هو' 'جيڪي' 'ڪارروايون' 'ڪن' 'ٿا' '،'
 'سي' 'بي' 'خوف' 'ٿي' 'ڪري' 'ڪن' 'ٿا' '.']",[0 0 0 0 0 0 0 0 0 0 0 0 0 0 0 0 0 0 0 0]
637,"['اهڙي' 'لوڪ' 'لڏڻ' 'تي' '،' 'چري' 'اڏڻ' 'تي' 'واري' 'وايو' 'منڊل' '۾'
 'پاڪستاني' 'فوج' 'جو' 'عراق' 'وڃڻ' 'ڪهڙا' 'نتيجا' 'ڏيندو' '؟']",[0 0 0 0 0 0 0 0 0 0 0 0 8 8 0 7 0 0 0 0 0]
638,"['اهڙي' 'صورتحال' '۾' 'نئين' 'سياسي' 'صف' 'بندي' 'ٿيندي' 'نظر' 'اچي' 'ٿي'
 '،' 'جنهن' '۾' 'پ' 'پ' 'سميت' 'سموريون' 'ڌريون' 'هڪ' 'پاسي' 'بيٺل' 'نظر'
 'اچن' 'ٿيون' '۽' 'ٻئي' 'پاسي' 'رڳو' 'پي' 'ٽي' 'آءِ' 'آهي' '.']","[ 0  0  0  0  0  0  0  0  0  0  0  0  0  0  8  8  0  0  0 11  0  0  0  0
  0  0  0  0  0  8  8  8  0  0]"
639,"['ڪتاب' 'وٺڻ' 'جو' 'ٻيو' 'ڪارڻ' 'ليکڪ' 'جو' 'نالو' 'هو' '،' 'جنهن' 'اهي'
 'ڏس' 'پئي' 'ڏنا' 'ته' 'ڀائو' 'وڏو' 'اوڀر' 'يورپ' 'جو' 'آهي' '.']",[ 0  0  0 11  0  0  0  0  0  0  0  0  0  0  0  0  0  0  7  7  0  0  0]
640,"['نه' 'ڊاڪٽر' 'سولو' 'پڙهي' 'نڪرن' 'پيا' '،' 'جو' 'ڪنهن' 'جو' 'علاج'
 'سنئين' 'نموني' 'ڪن' '،' 'نه' 'ٻين' 'يونيورسٽين' 'جي' 'گريجوئيٽن' '۾'
 'ڪو' 'حال' 'آهي' '.']",[0 5 0 0 0 0 0 0 0 0 0 0 0 0 0 0 0 0 0 0 0 0 0 0 0]
641,"['اڪثر' 'تجزئي' 'نگارن' 'پاران' 'لڳ' 'ڀڳ' 'يقين' 'سان' 'اهو' 'چيو' 'پئي'
 'ويو' 'ته' 'هن' 'ڀيري' 'مرڪز' '۾' 'ڪابه' 'پارٽي' 'سادي' 'اڪثريت' 'حاصل'
 'نه' 'ڪري' 'سگهندي' '۽' 'هڪ' 'مخلوط' 'حڪومت' 'وجود' '۾' 'ايندي' '،' 'پر'
 'نواز' 'ليگ' 'کي' 'سادي' 'اڪثريت' 'ملي' 'وئي' '.']","[ 0  0  0  0  0  0  0  0  0  0  0  0  0  0  0  0  0  0  0  0  0  0  0  0
  0  0 11  0  0  0  0  0  0  0  8  8  0  0  0  0  0  0]"
642,"['راز' 'معلوم' 'ڪرڻ' 'جي' 'اها' 'چَريائي' 'مون' 'کي' 'پنهنجي' 'والد'
 'مرحوم' 'همير' 'عرف' 'مريد' 'حسين' 'جوڻيجي' 'کان' 'وراثت' '۾' 'مليل'
 'آهي' '،' 'جيڪو' 'پوليس' 'جو' 'خفتي' 'آفيسر' 'هو' '.']",[0 0 0 0 0 0 0 0 0 0 0 3 3 3 3 3 0 0 0 0 0 0 0 0 0 0 0 0 0]
643,"['ڇاڪاڻ' 'جو' 'جن' 'لکڻين' 'مون' 'کي' 'اٿاهه' 'اتساهه' '۽' 'ويساهه' 'ڏنو'
 '،' 'هاڻي' 'ٻيهر' 'پڙهي' 'شديد' 'مايوسي' '۽' 'نااميديءَ' 'جو' 'شڪار'
 'ٿيندي' 'آهيان' '.']",[0 0 0 0 0 0 0 0 0 0 0 0 0 0 0 0 0 0 0 0 0 0 0 0]
644,['باقي' 'هوا' 'جهپڻ' 'ته' 'سولي' 'آهي' '.'],[0 0 0 0 0 0 0]
645,"['تن' 'ڏينهن' '۾' 'ڊاڪٽر' 'جي' 'اها' 'تصوير' 'تمام' 'گهڻي' 'مقبول' 'ٿي'
 'هئي' '،' 'جنهن' '۾' 'شهيد' 'بينظير' 'ڀٽو' 'ساڻس' 'گڏ' 'پريس' 'ڪانفرنس'
 'ڪري' 'رهي' 'آهي' '.']",[0 0 0 5 0 0 0 0 0 0 0 0 0 0 0 0 3 3 0 0 0 0 0 0 0 0]
646,"['هن' 'پارٽيءَ' 'چونڊن' 'لاءِ' 'پنهنجو' 'نشان' 'ٻُهارو' 'چونڊيو' '،'
 'جنهن' 'لاءِ' 'سندن' 'چوڻ' 'هو' 'ته' 'هو' 'ان' 'سان' 'سموري' 'ڪرپٽ'
 'نظام' 'کي' 'ٻُهاري' 'ڇڏيندا' '.']",[0 0 0 0 0 0 0 0 0 0 0 0 0 0 0 0 0 0 0 0 0 0 0 0 0]
647,"['ڪن' 'ماڻهن' 'جو' 'خيال' 'آهي' 'ته' 'بلوچستان' '۾' 'جيڪو' 'عليحدگي' 'جو'
 'خدشو' 'ظاهر' 'ڪيو' 'پيو' 'وڃي' '،' 'ان' 'خطي' 'جي' 'جاگرافيائي'
 'صورتحال' '،' 'قبائلي' 'جوڙجڪ' 'توڙي' 'مختلف' 'مفاد' 'اهڙي' 'ڪنهن'
 'عليحدگي' 'جي' 'تحريڪ' 'لاءِ' 'سازگار' 'ناهن' '.']",[0 0 0 0 0 0 7 0 0 0 0 0 0 0 0 0 0 0 0 0 0 0 0 0 0 0 0 0 0 0 0 0 0 0 0 0 0]
648,"['حڪومت' '،' 'مخالف' 'ڌر' '۽' 'فوج' 'جي' 'اڳواڻن' 'سان' 'جدا' 'جدا'
 'ملاقاتون' 'ٿيون' '،' 'انهن' 'جو' 'مقصد' 'ڇا' 'هو' '؟']",[0 0 0 0 0 0 0 0 0 0 0 0 0 0 0 0 0 0 0 0]
649,"['هتي' 'هڪ' 'ٻيو' 'به' 'مسئلو' 'آهي' 'ته' 'زرداري' 'صاحب' 'ڊاڪٽر' 'عاصم'
 'جي' 'حوالي' 'سان' 'ته' 'کليل' 'نموني' 'ڳالهائي' 'سگهي' 'ٿو' '،' 'ڇاڪاڻ'
 'ته' 'ڊاڪٽر' 'عاصم' 'جي' 'حوالي' 'سان' 'اهو' 'پتو' 'هو' 'ته' 'هو' 'ڪٿي'
 'آهي' '،' 'پر' 'مذڪوره' 'ٽنهي' 'همراهن' 'جي' 'باري' '۾' 'هو' 'شايد' 'ئي'
 'آن' 'دي' 'رڪارڊ' 'ايئن' 'سندن' 'حمايت' '۾' 'ڳالهائي' '،' 'ان' 'لاءِ'
 'خورشيد' 'شاهه' 'اينڊ' 'ڪمپني' 'جو' 'ئي' 'سهارو' 'ورتو' 'ويندو' '.']","[ 0 11 11  0  0  0  0  5  5  5  3  0  0  0  0  0  0  0  0  0  0  0  0  5
  3  0  0  0  0  0  0  0  0  0  0  0  0  0  0  0  0  0  0  0  0  0  0  0
  0  0  0  0  0  0  0  0  0  3  3  0  0  0  0  0  0  0  0]"
650,"['هڪڙا' 'رٿيل' 'پٽيل' 'نوٽس' 'آهن' '،' 'جيڪي' 'نسل' 'در' 'نسل' 'اسان'
 'پڙهندا' 'اچون' 'پيا' '۽' 'انهيءَ' 'جو' 'نوٽيس' 'وٺڻ' 'وارو' 'ڪو'
 'مائيءَ' 'جو' 'لعل' 'پيدا' 'نٿو' 'ٿئي' '.']",[0 0 0 0 0 0 0 0 0 0 0 0 0 0 0 0 0 0 0 0 0 0 0 0 0 0 0 0]
651,"['نيٺ' 'سنڌين' 'کي' 'بنگالين' 'جا' 'خالي' 'ڪيل' 'گهر' 'تمام' 'وڏي' 'تعداد'
 '۾' 'رهڻ' 'لاءِ' 'ملي' 'ويا' '.']",[0 0 0 0 0 0 0 0 0 0 0 0 0 0 0 0 0]
652,"['جڏهن' 'منهنجو' 'ناول' '“' 'پينٽيڊ' 'برڊ' '”' '(' 'نشانبر' 'پکي' 'ڇپجي'
 'پڌرو' 'ٿيو' '.']",[ 0  0  0  0 10 10  0  0 10 10  0  0  0  0]
653,"['جنهن' 'وقت' 'صدر' 'زين' 'العابدين' 'ملڪ' 'مان' 'فرار' 'ٿي' 'فرانس'
 'پهتو' '۽' 'فرانس' 'کيس' 'پناهه' 'ڏيڻ' 'کان' 'انڪار' 'ڪيو' 'ته' 'ان'
 'وقت' 'صدر' 'جي' 'لالچي' 'زال' 'ليليٰ' 'دبئي' '۾' 'شاپنگ' 'ڪري' 'رهي'
 'هئي' '.']",[0 0 5 3 3 0 0 0 0 7 0 0 7 0 0 0 0 0 0 0 0 0 5 0 0 0 3 7 0 0 0 0 0 0]
654,"['”' 'اٽي' '،' 'لٽي' '۽' 'اجهي' '“' 'جي' 'نعري' 'کان' 'وٺي' '،' 'جنهن'
 'خوبصورت' 'خواب' 'جي' 'شروعات' 'ٿي' '،' 'اُنهيءَ' 'جي' 'چاليهن' 'سالن'
 '۾' 'هڪ' 'خوفناڪ' 'شڪل' 'ماڻهن' 'جي' 'سُستي' '۽' 'ڪم' 'چوريءَ' 'جي' 'شڪل'
 '۾' 'اڳيان' 'آئي' 'آهي' '.']","[ 0  0  0  0  0  0  0  0  0  0  0  0  0  0  0  0  0  0  0  0  0  0  0  0
 11  0  0  0  0  0  0  0  0  0  0  0  0  0  0  0]"
655,"['“' 'جهڙو' 'چُهنڊڙو' 'پائي' 'رهيا' 'آهن' 'ته' 'شيخ' 'رشيد' 'جي' '”'
 'بولتي' 'بند' '“' 'ٿي' 'وئي' 'آهي' 'ته' '”' 'لميان' 'روٽان' 'تي' '.']",[0 0 0 0 0 0 0 3 3 0 0 0 0 0 0 0 0 0 0 0 0 0 0]
656,['اها' 'ڳالهه' 'آصف' 'علي' 'زرداريءَ' 'جي' 'سوچڻ' 'جي' 'آهي' '.'],[0 0 3 3 3 0 0 0 0 0]
657,"['سو' 'اهڙي' 'روئي' 'کي' 'مصلحت' 'پسندي' 'چئجي' 'يا' 'منافقت' '،' 'سو'
 'سمجهه' 'کان' 'ٻاهر' 'آهي' '.']",[0 0 0 0 0 0 0 0 0 0 0 0 0 0 0 0]
658,"['جورته' 'الشمس' 'نالي' 'واري' 'انهيءَ' 'خيمه' 'بستيءَ' '۾' 'امام'
 'شافعيءَ' 'جي' 'نالي' 'سان' 'منسوب' 'مدرسي' '۾' 'کيس' 'الف' 'انب' 'ب'
 'بلا' 'پڙهڻ' 'نصيب' 'ٿيو' '.']",[4 4 0 0 0 0 0 0 3 3 0 0 0 0 0 0 0 0 0 0 0 0 0 0 0]
659,"['آئون' 'هڪ' 'ملڪ' 'کان' 'ٻئي' 'مُلڪ' 'تائين' '،' 'هڪ' 'شهر' 'کان' 'ٻئي'
 'شهر' 'تائين' '۽' 'هڪ' 'عورت' 'کان' 'ٻيءَ' 'عورت' 'تائين' 'رُلندو' 'رهيو'
 'آهيان' '.']","[ 0 11  0  0  0  0  0  0 11  0  0  0  0  0  0 11  0  0  0  0  0  0  0  0
  0]"
660,"['اهي' 'ٻار' '،' 'جيڪي' 'ٽي' 'وي' 'تي' 'ٻارن' 'جا' 'پروگرام' 'ڏسي' 'ئي'
 'خوش' 'ٿيندا' 'هئا' '،' 'سي' 'هاڻ' 'ٽام' 'اينڊ' 'جيري' 'کان' 'ويندي'
 'بين' 'ٽين' 'جي' 'دور' '۾' 'جنم' 'وٺن' 'ٿا' '۽' 'ننڍي' 'هوندي' 'ئي'
 'ڪمپيوٽر' 'توڙي' 'وڊيو' 'گيمز' 'ايئن' 'مهارت' 'سان' 'هلائين' 'ٿا' '،'
 'جو' 'وڏا' 'به' 'ساڻن' 'نٿا' 'پڄي' 'سگهن' '.']","[ 0  0  0  0 11 11  0  0  0  0  0  0  0  0  0  0  0  0  3  0  3  0  0  0
 11  0  0  0  0  0  0  0  0  0  0  0  0  0  0  0  0  0  0  0  0  0  0  0
  0  0  0  0  0]"
661,"['پيهي' 'منجهه' 'پاتال' 'جڏهن' 'ويچار' 'ڪري' 'ڏٺوسين' 'ته' 'پتو' 'پيو'
 'ته' 'رينجرس' 'جي' 'ڊي' 'جي' 'جنرل' 'رضوان' 'سپريم' 'ڪورٽ' 'آڏو' 'پنهنجي'
 'پوزيشن' 'بهتر' 'بنائڻ' 'خاطر' 'هڪڙي' 'رات' 'اڳ' '۾' 'نامي' 'گرامي'
 'ڏوهارين' 'کي' 'ٻَڌڻ' 'خاطر' 'ڇاپا' 'هڻائڻ' 'شروع' 'ڪري' 'ڇڏيا' 'آهن' '.']","[0 0 0 0 0 0 0 0 0 0 0 0 0 5 5 5 3 6 6 0 0 0 0 0 0 0 0 0 0 0 0 0 0 0 0 0 0
 0 0 0 0 0]"
662,"['فرق' 'ايترو' 'آهي' 'ته' 'ڀارت' 'سان' 'برطانيا' '۽' 'آمريڪا' 'سان'
 'گڏوگڏ' 'چين' 'به' 'ڪلهي' 'ڪانڌي' 'بڻيل' 'آهي' '.']",[0 0 0 0 7 0 7 0 7 0 0 7 0 0 0 0 0 0]
663,"['هي' 'واقعا' 'حڪومتن' 'جي' 'انهيءَ' 'بي' 'حس' 'روش' 'کي' 'پڌرو' 'ڪن' 'ٿا'
 '،' 'جنهن' '۾' 'انسان' 'جي' 'اذيتن' 'جو' 'شمار' 'ڪرڻ' 'ناپسنديده' 'فعل'
 'سمجهيو' 'ويندو' 'آهي' '،' 'اهي' 'سرحدن' 'جي' 'آس' 'پاس' 'گاهه' 'چرندڙ'
 'ڍور' 'ڍڳا' 'ئي' 'سمجهيا' 'ويندا' 'آهن' '،' 'جيڪي' 'ڀل' '۾' 'ليڪو' 'پار'
 'ڪري' 'ويندا' 'آهن' 'ته' 'پوءِ' 'انهن' 'سان' 'اهڙو' 'سلوڪ' 'ڪيو' 'ويندو'
 'آهي' '،' 'جو' 'خود' 'انسانيت' 'جو' 'ڪنڌ' 'به' 'شرم' 'وچان' 'جهڪي'
 'ويندو' 'آهي' '.']","[0 0 0 0 0 0 0 0 0 0 0 0 0 0 0 0 0 0 0 0 0 0 0 0 0 0 0 0 0 0 0 0 0 0 0 0 0
 0 0 0 0 0 0 0 0 0 0 0 0 0 0 0 0 0 0 0 0 0 0 0 0 0 0 0 0 0 0 0 0 0 0]"
664,"['جيڪي' 'ملڪ' 'کان' 'ٻاهر' 'آهن' '،' 'انهن' 'جي' 'عام' 'معافي' 'جو'
 'اعلان' 'ڪيو' 'وڃي' '۽' 'واپسي' 'تي' 'ساڻن' 'ڪا' 'به' 'ماضي' 'وانگر'
 'ويساهه' 'گهاتي' 'نه' 'ڪئي' 'وڃي' '.']",[0 0 0 0 0 0 0 0 0 0 0 0 0 0 0 0 0 0 0 0 0 0 0 0 0 0 0 0]
665,"['ميان' 'نواز' 'شريف' 'جي' 'ميڊيا' 'وارن' 'سان' 'ٿيل' 'ڳالهه' 'ٻولهه'
 'کانپوءِ' 'مون' 'ڪراچي' 'پريس' 'ڪلب' 'موٽي' 'آيل' 'پنهنجي' 'سنڌي'
 'صحافين' 'کان' 'اندريون' 'حال' 'احوال' 'ورتو' '.']",[3 3 3 0 0 0 0 0 0 0 0 0 6 6 6 0 0 0 8 0 0 0 0 0 0 0]
666,"['مستند' 'حديثون' 'نه' 'رڳو' 'عورتن' 'جي' 'حقن' 'بابت' 'ڳالهائين' 'ٿيون'
 '،' 'بلڪه' 'علم' 'جي' 'اهميت' '۽' 'انهيءَ' 'جي' 'حاصلات' 'لاءِ' 'ڪيل'
 'جدوجهد' 'کي' 'جهاد' 'جو' 'درجو' 'ڏين' 'ٿيون' '.']",[0 0 0 0 0 0 0 0 0 0 0 0 0 0 0 0 0 0 0 0 0 0 0 0 0 0 0 0 0]
667,"['اهو' 'انبوهه' 'سنڌ' 'مان' '۽' 'پنجاب' 'جي' 'ٻن' 'ٽن' 'شهرن' 'مان' 'اٿيو'
 '،' 'جنهن' 'جي' 'هر' 'ڪنهن' 'کي' 'خبر' 'آهي' '.']",[0 0 7 0 0 7 0 0 0 0 0 0 0 0 0 0 0 0 0 0 0]
668,"['مجموعي' 'طور' 'تي' 'طيب' 'اردگان' 'ڪو' 'سموري' 'ترڪ' 'سماج' 'جي'
 'نمائندگي' 'ڪندڙ' 'گهٽ' 'پر' 'تڪراري' 'اڳواڻ' 'وڌيڪ' 'سمجهيو' 'ويندو'
 'آهي' '،' 'جيڪو' 'هر' 'حال' '۾' 'حڪومت' '۾' 'رهڻ' 'جو' 'رجحان' 'رکندڙ'
 'آهي' '۽' 'هر' 'قسم' 'جي' 'مخالفت' 'کي' 'سختي' 'سان' 'منهن' 'ڏيڻ' 'به'
 'ڄاڻي' 'ٿو' '،' 'چاهي' 'اها' 'ميڊيا' 'جي' 'مخالفت' 'هجي' 'يا' 'دانشور'
 '۽' 'پڙهيل' 'ڳڙهيل' 'طبقي' 'جي' '.']","[0 0 0 3 3 0 0 8 0 0 0 0 0 0 0 0 0 0 0 0 0 0 0 0 0 0 0 0 0 0 0 0 0 0 0 0 0
 0 0 0 0 0 0 0 0 0 0 0 0 0 0 0 0 0 0 0 0 0 0 0]"
669,"['سپريم' 'ڪورٽ' '۾' 'پنهنجو' 'بيان' 'رڪارڊ' 'ڪرائيندي' 'هن' 'بهادر' 'بلوچ'
 'رهنما' 'بلوچن' 'سان' '65' 'سالن' 'تائين' 'هلندڙ' 'ڏاڍائين' '۽' 'پنج'
 'ڀيرا' 'ٿيل' 'فوجي' 'آپريشن' 'جو' 'ذڪر' 'ڪندي' 'هڪڙي' 'جُملي' '۾' 'سڄي'
 'وارتا' 'يعني' 'بلوچ' 'مائرن' '،' 'ڀينرن' '۽' 'پوڙهن' 'پيئرن' 'جي' 'درد'
 'ڀريل' 'داستانن' 'کي' 'هيئن' 'سموئي' 'ڇڏيو' 'ته' '،' '”' 'اسان' 'کي'
 'ڪشميرين' '۽' 'فلسطينين' 'کان' 'به' 'بدترين' 'زندگي' 'گذارڻ' 'تي' 'مجبور'
 'ڪيو' 'ويو' 'آهي' '.']","[ 6  6  0  0  0  0  0  0  0  5  0  0  0 11  0  0  0  0  0 11  0  0  9  9
  0  0  0  0  0  0  0  0  0  5  0  0  0  0  0  0  0  0  0  0  0  0  0  0
  0  0  0  0  0  0  0  0  0  0  0  0  0  0  0  0  0  0  0]"
670,"['ڳئون' 'چيو' 'ته' '”' 'جهنگ' '۾' 'نئون' 'قانون' 'آندو' 'اٿائون' 'ته'
 'جيڪا' 'مينهن' 'آهي' 'تنهن' 'کي' 'پڪڙيو' '!' '“' 'هاٿي' 'حيران' 'ٿيندي'
 'چيو' '،' '”' 'پر' 'تون' 'ته' 'ڳئون' 'آهين' '،' 'تون' 'ڇو' 'پئي' 'ڀڄين'
 '؟']",[0 0 0 0 0 0 0 0 0 0 0 0 0 0 0 0 0 0 0 0 0 0 0 0 0 0 0 0 0 0 0 0 0 0 0 0]
671,"['فنڪشنل' 'ليگ' '۽' 'ايس' 'يو' 'پيءَ' 'کان' 'سواءِ' 'باقي' 'ٻن' 'اهم'
 'جماعتن' 'جو' 'گهڻو' 'تڻو' 'اثر' 'ٻن' 'ٽن' 'ضلعن' '۾' 'چونڊن' 'تي' 'اثر'
 'انداز' 'ٿيندو' 'رهيو' 'آهي' '.']",[8 8 0 8 8 8 0 0 0 0 0 0 0 0 0 0 0 0 0 0 0 0 0 0 0 0 0 0]
672,['اٺين' 'هلڻي' 'آهي' '”' 'جُهڙون' '.'],[11  0  0  0  0  0]
673,"['هتي' 'عالم' 'ته' 'اهو' 'آهي' '،' 'جو' 'جن' 'ادارن' 'کي' 'جيڪو' 'ڪم'
 'ڪرڻ' 'گهرجي' '،' 'اهو' 'ڪم' 'ٻيا' 'ادارا' 'ڪندا' 'رهيا' 'آهن' '.']",[0 0 0 0 0 0 0 0 0 0 0 0 0 0 0 0 0 0 0 0 0 0 0]
674,"['بال' 'اڃان' 'به' 'سياستدانن' '،' 'پر' 'ان' 'کان' 'وڌيڪ' 'حڪومت' 'جي'
 'ڪورٽ' '۾' 'آهي' 'ته' 'اها' 'اپوزيشن' 'جا' 'ٽي' 'او' 'آراز' 'جي' 'حوالي'
 'سان' 'خدشا' 'ختم' 'ڪري' '،' 'پنهنجي' 'رويي' '۾' 'لچڪ' 'ڏيکاري' '۽'
 'پاناما' 'ليڪس' 'جي' 'حوالي' 'سان' 'شفاف' 'احتساب' 'جي' 'راهه' 'هموار'
 'ڪرڻ' 'سان' 'هن' 'بحران' 'کي' 'ٽاري' 'سگهي' 'ٿي' '،' 'ٻي' 'صورت' '۾'
 'ڪنهن' 'کي' 'به' 'ڏوهه' 'ڏيڻ' 'اجايو' 'هوندو' '!' 'هونئن' 'پاناما'
 'معاملو' 'اڌ' 'ته' 'ان' 'ڏينهن' 'ئي' 'نبري' 'ويو' 'هو' '،' 'جنهن' 'ڏينهن'
 'اعلى' 'عدالت' '،' 'وزير' 'اعظم' '،' 'هن' 'جي' 'ٻارن' '۽' 'ٻين'
 'لاڳاپيلن' 'کي' 'نوٽيس' 'جاري' 'ڪري' 'ٻن' 'هفتن' 'اندر' 'جواب' 'طلب'
 'ڪيو' 'هو' '.']","[ 0  0  0  0  0  0  0  0  0  0  0  0  0  0  0  0  0  0 11 11 11  0  0  0
  0  0  0  0  0  0  0  0  0  0  9  9  0  0  0  0  0  0  0  0  0  0  0  0
  0  0  0  0  0 11  0  0  0  0  0  0  0  0  0  0  0  7  0  0  0  0  0  0
  0  0  0  0  0  0  0  0  0  5  5  0  0  0  0  0  0  0  0  0  0  0  0  0
  0  0  0  0  0  0]"
675,"['هو' 'محنتي' '۽' 'سخت' 'جان' 'ماڻهو' 'هر' 'بري' 'ڏڪار' 'مان' 'لنگهي'
 'پار' 'پوندا' 'آهن' 'پر' 'ڪڏهن' 'به' 'ان' 'کي' 'پاڻ' 'لاءِ' 'پاراتو'
 'ناهن' 'سمجهندا' '،' 'کين' 'خبر' 'هوندي' 'آهي' 'ته' 'ٿر' 'اڄ' 'نه' 'وسيو'
 'ته' 'سڀاڻ' 'ضرور' 'وسندو' '،' 'هي' 'ڏينهن' 'ساڳيا' 'ناهن' 'رهڻا' '.']","[0 0 0 0 0 0 0 0 0 0 0 0 0 0 0 0 0 0 0 0 0 0 0 0 0 0 0 0 0 0 7 0 0 0 0 0 0
 0 0 0 0 0 0 0 0]"
676,['ائين' 'جيئن' 'ڪو' 'ئي' 'آسمان' 'تائين' 'پهچي' 'نه' 'سگهندو' 'آهي' '.'],[0 0 0 0 0 0 0 0 0 0 0]
677,['پاڻ' 'کي' 'پاڻيءَ' 'جي' 'اصلي' 'حقيقت' 'تي' 'نظر' 'وجهڻي' 'آهي' '.'],[0 0 0 0 0 0 0 0 0 0 0]
678,"['هاڻي' 'اچون' 'ٿا' 'ملڪ' 'جي' '”' 'نازڪ' 'صورتحال' '“' 'تي' '!' 'شايد'
 'پهرين' 'به' 'لکيو' 'اٿم' '۽' 'اڄ' 'وري' 'ورجايان' 'پيو' 'ته' 'اسان'
 'جڏهن' 'کان' 'هوش' 'سنڀاليو' 'آهي' '،' 'تڏهن' 'کان' 'وٺي' 'ٽي' 'چار'
 'خاص' 'قسم' 'جا' 'خطرا' '“' 'اسانجي' 'ڪنن' '۾' 'ٻُرندا' 'رهيا' 'آهن' '۽'
 'اڃا' 'تائين' 'پيا' 'ٻُرن' '!' 'سڀ' 'کان' 'پهريون' 'خطرو' 'هو' 'مذهب'
 'کي' '.']","[ 0  0  0  0  0  0  0  0  0  0  0  0 11  0  0  0  0  0  0  0  0  0  0  0
  0  0  0  0  0  0  0  0 11 11  0  0  0  0  0  0  0  0  0  0  0  0  0  0
  0  0  0  0  0 11  0  0  0  0  0]"
679,"['ڪنهن' 'کي' 'جاگير' 'الاٽ' 'ڪرڻ' '”' 'نواب' '“' 'جي' 'اختيار' '۾' 'هوندو'
 'آهي' '.']",[0 0 0 0 0 0 5 0 0 0 0 0 0 0]
680,"['اسان' 'وٽ' 'وري' 'اهڙن' 'ماڻهن' 'جي' 'کوٽ' 'ڪانهي' 'جن' 'جا' 'منهن' 'ئي'
 'نه' 'پر' 'اندر' 'به' 'ڪارا' 'آهن' 'پر' 'سرحد' 'جي' 'ان' 'وڪيل' 'جهڙي'
 'جرئت' 'ڪانهي' 'جيڪا' 'انهن' 'ڪارن' 'منهن' 'وارن' 'تي' 'ڪاراڻ' 'ڦيري'
 'اها' 'يادگيري' 'ڏياري' 'ته' 'هو' 'ڪيڏا' 'نه' 'ڪراهت' 'ڀريا' 'آهن' '!'
 'هيترن' 'سالن' 'کانپوءِ' 'به' 'اهو' 'واضح' 'نه' 'ٿي' 'سگهيو' 'آهي' 'ته'
 'هي' 'ملڪ' 'آخر' 'قائم' 'ڪهڙي' 'مقصد' 'لاءِ' '۽' 'ڪنهن' 'جي' 'لاءِ' 'ٿيو'
 'هو' '،' 'جنهن' 'مقصد' 'جي' 'ڳالهه' 'ٻڌائي' 'وئي' 'هئي' 'ان' 'بابت' 'ته'
 'فيض' 'احمد' 'فيض' 'ڪيترائي' 'سال' 'اڳ' 'اهو' 'چئي' 'ويو' 'هو' '،'
 'انهيءَ' 'منزل' 'ڏانهن' 'هلڻ' 'لاءِ' 'هر' 'رستو' 'کليل' 'هوندي' 'به'
 'اسان' 'جا' 'سياسي' 'اڳواڻ' 'فقط' 'انهيءَ' 'رستي' 'جي' 'چونڊ' 'کي' 'ئي'
 'ترجيح' 'ڏيندا' 'آيا' 'آهن' '،' 'جيڪو' 'امريڪا' 'يا' 'اسٽيبلشمينٽ' 'وٽان'
 'گذري' 'وڃي' 'ٿو' '.']","[0 0 0 0 0 0 0 0 0 0 0 0 0 0 0 0 0 0 0 7 0 0 0 0 0 0 0 0 0 0 0 0 0 0 0 0 0
 0 0 0 0 0 0 0 0 0 0 0 0 0 0 0 0 0 0 0 0 0 0 0 0 0 0 0 0 0 0 0 0 0 0 0 0 0
 0 0 0 0 0 0 3 3 3 0 0 0 0 0 0 0 0 0 0 0 0 0 0 0 0 0 0 0 0 0 0 0 0 0 0 0 0
 0 0 0 0 0 0 0 7 0 0 0 0 0 0 0]"
681,"['جيتوڻيڪ' 'نيٽو' 'پاران' 'هي' 'حملو' 'يا' 'ان' 'کان' 'اڳ' 'ڪيل' 'حملا'
 'جن' '۾' 'هيل' 'تائين' '70' 'کان' 'وڌيڪ' 'فوجي' 'جوان' 'اجل' 'جو' 'شڪار'
 'ٿي' 'چڪا' 'آهن' '،' 'جارحيت' 'جي' 'زمري' '۾' 'اچن' 'ٿا' '۽' 'ان' 'حوالي'
 'سان' 'ملڪي' 'قيادت' 'کان' 'سخت' 'کان' 'سخت' 'موقف' 'اختيار' 'ڪرڻ' 'جا'
 'مطالبا' 'ٿي' 'رهيا' 'آهن' 'پر' 'ٻئي' 'پاسي' 'زميني' 'حقيقت' 'اها' 'به'
 'آهي' 'ته' 'هي' 'ملڪ' 'ان' 'قسم' 'جي' 'جوابي' 'ڪارروائي' 'جي' 'سٽ' 'سهڻ'
 'جي' 'قابل' 'ناهي' '.']","[ 0  6  0  0  0  0  0  0  0  0  0  0  0  0  0 11  0  0  0  0  0  0  0  0
  0  0  0  0  0  0  0  0  0  0  0  0  0  0  0  0  0  0  0  0  0  0  0  0
  0  0  0  0  0  0  0  0  0  0  0  0  0  0  0  0  0  0  0  0  0  0  0  0
  0  0]"
682,"['تازو' 'مهنجي' 'پُٽ' 'رميش' '۽' 'ڀائٽي' 'سورج' 'کي' 'سورگ' 'باش' 'ڪري'
 'ڇڏيائون' '.']",[0 0 0 3 0 0 3 0 0 0 0 0 0]
683,"['ڳالهائڻ' 'جي' 'بدران' 'ٻڌڻ' 'جو' 'عادي' '،' 'ٻاهران' 'سست' '۽' 'اندران'
 'چست' 'پاڻ' 'جو' 'يار' 'محمد' 'حنيف' 'جڏهين' 'ڪراچيءَ' '۾' 'انگريزيءَ'
 'جي' 'ماهوار' 'رسالي' 'نيوز' 'لائن' '۾' 'ڪم' 'ڪندو' 'هو' '۽' 'پوءِ'
 'جڏهين' 'ڪاوش' 'اخبار' '۾' 'ڪجهه' 'ڏينهن' 'لاءِ' 'موجود' 'رهيو' 'ته'
 'کيس' 'پاڻ' 'جي' 'بڪواز' 'ٻڌڻ' '۾' 'مزو' 'ايندو' 'هو' '.']","[ 0  0  0  0  0  0  0  0  0  0  0  0  0  0  3  3  3  0  7  0  1  0  0  0
 10 10  0  0  0  0  0  0  0 10 10  0  0  0  0  0  0  0  0  0  0  0  0  0
  0  0  0  0]"
684,"['سو' 'بار' 'بار' 'ويساهه' 'گهاتيون' 'برداشت' 'ڪري' 'اسين' 'ماڻهو' 'هاڻي'
 'ساڻا' 'ٿي' 'چڪا' 'آهيون' '.']",[0 0 0 0 0 0 0 0 0 0 0 0 0 0 0]
685,"['هاڻي' 'ته' 'اسان' 'کي' 'اهو' 'به' 'ياد' 'ڪونه' 'هوندو' 'ته' 'اسان'
 'آخري' 'ڀيرو' 'ڪڏهن' 'مرڪيا' 'هئاسين' '؟']",[0 0 0 0 0 0 0 0 0 0 0 0 0 0 0 0 0]
686,"['جيتوڻيڪ' 'اها' 'پڻ' 'چڱي' 'ڳالهه' 'آهي' 'پر' 'جڏهن' 'آئون' 'اين' 'سي'
 'ايڇ' 'ڊي' 'جي' 'پڙهيل' 'لکيل' 'نوجوانن' 'کي' 'واٽر' 'ڪينن' 'سان'
 'اڏامندي' 'يا' 'مٿن' 'لٺين' 'جا' 'وسڪارا' 'ٿيندي' 'ڏسان' 'ٿو' 'ته' 'اهو'
 'سوچڻ' '۾' 'حق' 'بجانب' 'آهيان' 'ته' 'کين' 'پنهنجي' 'سياسي' 'شعور' 'جو'
 'ڪهڙو' 'نتيجو' 'مليو' '،' 'جو' 'هنن' 'جن' 'کي' 'ووٽ' 'ڏنا' '،' 'سي' 'ئي'
 'کين' 'جائز' 'حق' 'ڏيڻ' 'بدران' 'سندن' 'تذليل' 'ڪري' 'رهيا' 'آهن' '؟']","[0 0 0 0 0 0 0 0 0 6 6 6 6 0 0 0 0 0 0 0 0 0 0 0 0 0 0 0 0 0 0 0 0 0 0 0 0
 0 0 0 0 0 0 0 0 0 0 0 0 0 0 0 0 0 0 0 0 0 0 0 0 0 0 0 0 0 0]"
687,"['سو' 'گذريل' 'رات' 'تنهنجي' 'ٻڏل' 'لاڙ' 'کي' 'ياد' 'ڪري' '،' 'مهراڻي'
 'جي' 'ڪنڌيءَ' '۾' 'مرهيات' 'هاڪڙي' 'درياهه' 'جي' 'ڪپ' 'تي' 'پنهنجي'
 'ٻڏندڙ' 'ڳوٺ' 'جنهاڻ' 'کي' 'ياد' 'ڪري' '،' 'ڪي' 'ٽي' 'اين' 'تي' 'ٻڏندڙ'
 '۽' 'مرندڙ' 'مال' 'توڙي' 'ماڻهن' 'جا' 'ڏيک' 'ڏسي' '۽' 'پنهنجي' 'بيوسيءَ'
 'کي' 'محسوس' 'ڪندي' 'مون' 'کي' 'ننڊ' 'ڪا' 'نه' 'آئي' '.']","[0 0 0 0 0 4 0 0 0 0 4 0 0 0 0 4 4 0 0 0 0 0 0 4 0 0 0 0 6 6 6 0 0 0 0 0 0
 0 0 0 0 0 0 0 0 0 0 0 0 0 0 0 0 0]"
688,"['انهيءَ' 'ڪري' 'لاچار' 'ٿي' 'دل' 'جي' 'سوجهري' 'تي' 'پاڻ' 'ٽپ' 'ٿا'
 'ڏيون' '.']",[0 0 0 0 0 0 0 0 0 0 0 0 0]
689,"['هونئن' 'به' 'خوشيون' 'عارضي' 'هونديون' 'آهن' '،' 'جڏهين' 'ته' 'ڏک' 'عمر'
 'سان' 'گڏهلندا' 'قبر' 'تائين' 'سفر' 'ڪندا' 'آهن' '.']",[0 0 0 0 0 0 0 0 0 0 0 0 0 0 0 0 0 0 0]
690,['دائيءَ' 'کان' 'دن' 'ڳجهو' 'ناهي' 'منهنجا' 'ڀاءُ' '.'],[0 0 0 0 0 0 0 0]
691,"['اهو' 'تجربو' 'زباني' 'ڪلامي' 'به' 'ته' 'جينز' 'جي' 'ذريعي' 'هلندو' 'پئي'
 'آيو' 'آهي' '،' 'ايڏو' 'ڊگهو' 'تجربو' 'سمجهڻ' 'لاءِ' 'اسان' 'جي' 'مهربان'
 'انجينئر' 'صاحب' 'کي' 'جينز' '۽' 'نيورولاجي' 'تي' 'لکيل' 'نوان' '۽' 'عام'
 'فهم' 'ڪتاب' 'پڙهڻا' 'پوندا' 'ته' 'جيئن' 'اها' 'خبر' 'پئجي' 'سگهي' 'ته'
 'اهو' 'تجربو' 'ڪامن' 'سينس' 'رکندڙ' 'هڪ' 'جهوني' 'ملاح' 'تائين' 'ڪيئن'
 'ٿو' 'پهچي' '.']","[ 0  0  0  0  0  0  0  0  0  0  0  0  0  0  0  0  0  0  0  0  0  0  0  0
  0  0  0  0  0  0  0  0  0  0  0  0  0  0  0  0  0  0  0  0  0  0  0  0
  0 11  3  3  0  0  0  0  0]"
692,"['اول' 'ته' 'گند' '،' 'گند' 'ئي' 'هوندو' 'آهي' 'ٿورو' 'هجي' 'يا' 'گهڻو'
 '،' 'ان' 'کي' 'صاف' 'ڪرڻ' 'ئي' 'مقصد' 'هجڻ' 'گهرجي' 'نه' 'ڪي' 'ان' 'کي'
 'جسٽيفاءِ' 'ڪرڻ' 'لاءِ' 'دليل' 'گهڙڻ' 'يا' 'ان' 'جي' 'مٿان' 'ڍڪ' 'رکڻ'
 '!' 'آئون' 'ان' 'بحث' '۾' 'پوڻ' 'نٿو' 'چاهيان' 'ته' 'خود' 'اينٽي' 'ڪرپشن'
 'کاتي' 'جي' 'پنهنجي' 'اهليت' '۽' 'شفافيت' 'ڪهڙي' 'آهي' '،' 'اهو' 'ڪيتري'
 'حد' 'تائين' 'وڃڻ' 'جو' 'اختيار' 'رکي' 'ٿو' '۽' 'اهو' 'ڪيسن' 'جي' 'جاچ'
 'توڻي' 'اڳڀرائي' 'جي' 'معاملي' '۾' 'ڪيترو' 'ايماندار' 'آهي' '۽' 'نه' 'ئي'
 'آئون' 'انهي' 'سازشي' 'ٿيوري' 'کي' 'هٿي' 'ڏيڻ' 'چاهيندس' 'ته' 'اينٽي'
 'ڪرپشن' 'پاران' 'جيڪو' 'ڪجهه' 'ڪيو' 'پيو' 'وڃي' 'سو' 'دراصل' 'فائيلن'
 'کي' 'نيب' '۽' 'ايف' 'آءِ' 'اي' 'جي' 'هٿن' 'کان' 'بچائڻ' 'آهي' 'ڇو' 'ته'
 'هتي' 'خود' 'اهو' 'منجهيل' 'معاملو' 'آهي' 'ته' 'ڪرپشن' '۽' 'اينٽي'
 'ڪرپشن' '۾' 'آخر' 'فرق' 'ڪهڙو' 'آهي' '،' 'اهو' 'معاملو' 'خود' 'وضاحت'
 'طلب' 'آهي' 'ته' 'ڪهڙي' 'ڳالهه' 'انهن' 'ٻنهي' 'شين' 'کي' 'ڌار' 'ڌار'
 'رکي' 'ٿي' 'پر' 'آئون' 'بنيادي' 'ڳالهه' 'انهي' 'سياسي' 'ارادي' '،'
 'مخلصي' '۽' 'ايمانداري' 'جي' 'ڪيان' 'ٿو' '،' 'جنهن' 'جي' 'اسان' 'جي'
 'حڪومتي' 'وهنوار' 'توڻي' 'سياسي' 'نظام' 'کي' 'سخت' 'گهرج' 'آهي' '،'
 'پهريان' 'ته' 'انهي' 'سياسي' 'نظام' 'جي' 'اوورهالنگ' 'جي' 'ضرورت' 'آهي'
 '،' 'جتي' 'مٿئين' 'سطح' 'تي' 'ڪمٽمينٽ' 'هوندي' 'آهي' 'اتي' 'نااهل' '،'
 'ڪرپٽ' '۽' 'گهوسٽ' 'عملدارن' 'کي' 'هڪ' 'لمحي' 'لاءِ' 'به' 'برداشت' 'نه'
 'ڪيو' 'ويندو' 'آهي' 'بلڪل' 'ايئن' 'جيئن' 'نتيش' 'ڪمار' 'بهار' 'جي' 'سوين'
 'عملدارن' 'کي' 'هٽائي' 'نوان' 'آفيسر' 'رکيا' '،' 'هتي' 'ته' 'اهڙن'
 'ماڻهن' 'کي' 'بچائڻ' 'لاءِ' 'نوان' 'قانون' 'تيار' 'ڪيا' 'ويندا' 'آهن'
 'يا' 'وري' 'قانون' 'جا' 'بخيا' 'ئي' 'اڊيڙيا' 'ويندا' 'آهن' 'سو' 'اهڙي'
 'ماحول' '۾' 'اها' 'اميد' 'رکڻ' 'ته' 'ڪرپشن' 'ختم' 'ٿي' 'ويندي' 'يا'
 'بنهه' 'گهٽجي' 'ويندي' 'هڪ' 'ديواني' 'جو' 'خواب' 'آهي' '.']","[ 0  0  0  0  0  0  0  0  0  0  0  0  0  0  0  0  0  0  0  0  0  0  0  0
  0  0  0  0  0  0  0  0  0  0  0  0  0  0  0  0  0  0  0  0  0  0  0  0
  0  0  0  0  0  0  0  0  0  0  0  0  0  0  0  0  0  0  0  0  0  0  0  0
  0  0  0  0  0  0  0  0  0  0  0  0  0  0  0  0  0  0  0  0  0  0  0  0
  0  0  0  0  0  0  0  6  0  6  6  6  0  0  0  0  0  0  0  0  0  0  0  0
  0  0  0  0  0  0  0  0  0  0  0  0  0  0  0  0  0  0  0  0  0  0  0  0
  0  0  0  0  0  0  0  0  0  0  0  0  0  0  0  0  0  0  0  0  0  0  0  0
  0  0  0  0  0  0  0  0  0  0  0  0  0  0  0  0  0  0  0  0  0  0  0  0
  0  0  0  0  0  0  0  0  0  0  0  0 11  0  0  0  0  0  0  0  0  0  0  0
  3  3  7  0  0  0  0  0  0  0  0  0  0  0  0  0  0  0  0  0  0  0  0  0
  0  0  0  0  0  0  0  0  0  0  0  0  0  0  0  0  0  0  0  0  0  0  0  0
  0  0 11  0  0  0  0  0]"
693,"['ان' 'حد' 'تائين' 'جو' '1960ع' '۾' 'آمريڪا' 'طرفان' 'فيڊل' 'ڪاسترو' 'جي'
 'حڪومت' 'کي' 'ختم' 'ڪرڻ' 'لاءِ' 'سڌو' 'فوجي' 'آپريشن' 'پڻ' 'ڪيو' 'ويو'
 '،' 'پر' 'اهو' 'به' 'ناڪام' 'ٿيو' '،' 'جنهن' 'جو' 'وڏو' 'سبب' 'اُتان'
 'جي' 'سرڪار' 'کي' 'عوام' 'جي' 'تائيد' 'حاصل' 'هجڻ' 'آهي' '.']","[ 0  0  0  0 11  0  7  0  3  3  0  0  0  0  0  0  0  0  0  0  0  0  0  0
  0  0  0  0  0  0  0  0  0  0  0  0  0  0  0  0  0  0  0  0]"
694,"['جلال' 'شاهه' 'ڄاموٽ' 'پارن' 'جي' 'پ' 'پ' '۾' 'شموليت' '۽' 'صاحب' 'سمان'
 '،' 'صابو' 'راهوءَ' '،' 'باقر' 'نظاماڻي' '۽' 'هالا' 'حويليءَ' 'جي' '’'
 'معتبرن' '‘' 'جي' 'موجودگيءَ' 'ٻڌايو' 'پئي' 'ته' 'شاهه' 'محمد' 'شاهه' '۽'
 'محمد' 'علي' 'شاهه' 'ڄاموٽ' 'جي' 'ڪوششن' 'سان' 'ضلعي' '۾' 'جيڪا' 'پ' 'پ'
 'مخالف' 'لابي' 'جُڙي' 'پئي' '،' 'اُها' 'حالي' 'سُست' 'رويءَ' 'جو' 'شڪار'
 'ٿي' 'چُڪي' 'آهي' '.']","[3 3 3 0 0 8 8 0 0 0 3 3 0 3 3 0 3 3 0 4 4 0 0 0 0 0 0 0 0 0 3 3 3 0 3 3 3
 3 0 0 0 0 0 0 8 8 0 0 0 0 0 0 0 0 0 0 0 0 0 0 0]"
695,"['تحريڪ' 'انصاف' 'جي' 'ڌرڻن' 'کان' 'ويندي' 'عدالتي' 'ڪميشن' 'تائين'
 'پيپلز' 'پارٽي' 'نه' 'رڳو' 'نواز' 'ليگ' 'سان' 'سهڪاري' 'رويو' 'رکيو' 'پر'
 'فرينڊلي' 'اپوزيشن' 'جو' 'ڪردار' 'به' 'ادا' 'ڪيو' '.']",[8 8 0 0 0 0 0 0 0 8 8 0 0 8 8 0 0 0 0 0 0 0 0 0 0 0 0 0]
696,"['سو' 'بظاهر' 'جيڪو' 'نظر' 'اچي' 'رهيو' 'آهي' '،' 'تنهن' 'مان' 'ته' 'ايئن'
 'ئي' 'لڳي' 'پيو' 'ته' 'هن' 'نئين' 'قانون' 'جو' 'انجام' 'به' 'ڪو' 'مختلف'
 'نه' 'ٿيندو' '،' 'پر' 'پوءِ' 'اهو' 'به' 'امڪان' 'آهي' 'ته' 'حڪومت' 'هڪ'
 'ڀيرو' 'ٻيهر' 'وري' 'ترميمون' 'ڪري' 'نئون' 'ايڪٽ' 'پاس' 'ڪرائي' 'وٺي' '.']","[ 0  0  0  0  0  0  0  0  0  0  0  0  0  0  0  0  0  0  0  0  0  0  0  0
  0  0  0  0  0  0  0  0  0  0  0 11  0  0  0  0  0  0  0  0  0  0  0]"
697,"['سر' 'ڪريڪ' '۽' 'سياچين' 'جا' 'ڪيس' 'ته' 'فائنل' 'ٿي' 'چڪا' 'هئا' '،'
 'ڪراچي' 'کان' 'ممبئي' 'فري' 'سروس' 'شروع' 'ٿئي' 'ها' '،' 'ٻئي' 'ملڪ'
 'وڌيڪ' 'قونصل' 'خانا' 'قائم' 'ڪن' 'ها' '.']",[4 4 0 4 0 0 0 0 0 0 0 0 7 0 7 0 0 0 0 0 0 0 0 0 0 0 0 0 0 0]
698,"['سياستدان' 'هڪ' 'پارٽي' 'مٽائي' 'لوٽا' 'ٿي' 'ٻي' 'پارٽي' '۾' 'هليا' 'وڃن'
 'ته' 'ايترو' 'مسئلو' 'ناهي' '،' 'ڇو' 'ته' 'اهي' 'پوري' 'قوم' 'جي'
 'نمائندگي' 'نٿا' 'ڪن' 'پر' 'جيڪڏهن' 'ڪو' 'رانديگر' 'قومي' 'ٽيم' 'جي'
 'نمائندگي' 'ڪري' 'ٿو' 'ته' 'ساڻس' 'گڏ' 'پوري' 'قوم' 'جون' 'دعائون' '۽'
 'اميدون' 'به' 'هجن' 'ٿيون' '،' 'اهي' 'رانديگر' 'به' 'جيڪڏهن' 'هاڻ' 'پيسن'
 'تي' 'قوم' 'جو' 'ايمان' 'وڪرو' 'ڪرڻ' 'لڳن' 'ته' 'اهو' 'بدترين' 'حڪمراني'
 'جو' 'اعليٰ' 'ترين' 'مثال' 'ئي' 'هجي' 'ٿو' '.']","[ 0 11  0  0  0  0 11  0  0  0  0  0  0  0  0  0  0  0  0  0  0  0  0  0
  0  0  0  0  0  0  0  0  0  0  0  0  0  0  0  0  0  0  0  0  0  0  0  0
  0  0  0  0  0  0  0  0  0  0  0  0  0  0  0  0  0  0  0  0  0  0  0  0
  0]"
699,"['يقينن' 'ڪونه' 'آيو' 'هوندو' '،' 'ڇو' 'ته' 'اقتدار' 'جي' 'وياگرا'
 'کانپوءِ' 'اهڙا' 'منظر' 'نظر' 'نه' 'ايندا' 'آهن' '،' 'اها' 'ساڳي' 'ڳالهه'
 'جيڪڏهن' 'اڄ' 'چهرن' 'جي' 'فرق' 'سان' 'ظهور' 'پذير' 'ٿئي' 'پئي' 'ته' 'ان'
 '۾' 'حيرت' 'جي' 'ڪهڙي' 'ڳالهه' 'آهي' '!' '؟']","[0 0 0 0 0 0 0 0 0 0 0 0 0 0 0 0 0 0 0 0 0 0 0 0 0 0 0 0 0 0 0 0 0 0 0 0 0
 0 0 0 0]"
700,"['سندس' 'مثال' 'ڏسي' 'سوچجي' 'ٿو' 'ته' 'اسان' 'جا' 'تاريخ' 'وارا' 'شعبا'
 'ڪهڙا' 'ڪارناما' 'پيا' 'ڪن' 'وولپرٽ' 'کي' 'ڏکڻ' 'ايشيا' 'جي' 'تاريخ' 'تي'
 'هڪ' 'ماهر' 'جي' 'حيثيت' 'ڏني' 'وڃي' 'ٿي' '.']","[ 0  0  0  0  0  0  0  0  0  0  0  0  0  0  0  3  0  7  7  0  0  0 11  0
  0  0  0  0  0  0]"
701,"['هونئن' 'به' 'پيپلز' 'پارٽي' 'پنهنجي' 'حڪومت' 'جي' 'ساڍن' 'چئن' 'سالن'
 'اندر' 'جيڪي' 'سر' 'ساڙيا' 'آهن' '،' 'سي' 'ڪڏهن' 'ساوا' 'ٿي' 'سگهن' 'ٿا'
 'ڇا' '،' 'جو' 'ٻين' 'پارٽين' 'منجهان' 'ڪي' 'چڱيون' 'اميدون' 'رکجن' '!'
 'بهرحال' 'ظاهر' 'ظهور' 'ڏسجي' 'پيو' 'ته' 'ٻٽي' 'قوميت' 'يا' 'شهريت'
 'لاءِ' 'اهي' 'پيا' 'ٻاڏائين' '۽' 'وڏا' 'هٿ' 'هڻن' '،' 'جن' 'جو' 'مال'
 'متاع' '،' 'اهل' 'عيال' '،' 'ڌنڌو' 'ڪاروبار' '۽' 'ٻيا' 'سمورا' 'مفاد'
 'آمريڪا' '،' 'برطانيا' '،' 'ڪئناڊا' '،' 'جرمني' '،' 'دبئي' 'يا'
 'آسٽريليا' 'وغيره' 'سان' 'سلهاڙيل' 'آهن' '.']","[0 0 8 8 0 0 0 0 0 0 0 0 0 0 0 0 0 0 0 0 0 0 0 0 0 0 0 0 0 0 0 0 0 0 0 0 0
 0 0 0 0 0 0 0 0 0 0 0 0 0 0 0 0 0 0 0 0 0 0 0 0 0 0 0 0 0 7 0 7 0 7 0 7 0
 7 0 7 0 0 0 0 0]"
702,"['اسٽيٽ' 'بينڪ' 'سروي' 'آف' 'پاڪستان' 'پاران' 'جاري' 'ڪيل' 'انگن' 'اکرن'
 'موجب' 'ستر' 'سيڪڙو' 'پرڏيهي' 'ناڻو' 'عرب' 'ملڪن' '۾' 'پورهيو' 'ڪندڙ'
 'پورهيت' 'اماڻين' 'ٿا' '،' 'جن' 'ڪڏهن' 'به' 'وطن' 'سان' 'وفاداريءَ' 'کي'
 'ورهائڻ' 'جو' 'تصور' 'به' 'نه' 'ڪيو' 'آهي' '،' 'اهي' 'ويچارا' 'ته'
 'ڪمائي' 'اماڻين' 'ٿا' 'ڊالر' 'پر' 'ٻه' 'ٻه' 'پاسپورٽ' 'انهن' 'ٽي' 'چار'
 'هزار' 'ضرورتمندن' 'کي' 'گهرجن' '،' 'جيڪي' 'ڀڄڻ' 'جي' 'تيارين' '۾' 'آهن'
 '.']","[ 6  6  6  6  6  0  0  0  0  0  0 11 11  0  0  8  0  0  0  0  0  0  0  0
  0  0  0  0  0  0  0  0  0  0  0  0  0  0  0  0  0  0  0  0  0 11  0 11
 11  0  0 11 11 11  0  0  0  0  0  0  0  0  0  0  0]"
703,"['اول' 'ڪيترو' 'ناڻو' 'ڪهڙي' 'هنڌ' 'موڪليو' 'ويو' '،' 'ٻيو' 'ڪهڙي' 'تاريخ'
 'تي' 'رقم' 'موڪلي' 'وئي' '،' 'ٽيون' 'رقم' 'جي' 'منتقلي' 'لاءِ' 'ڪهڙو'
 'طريقو' 'استعمال' 'ڪيو' 'ويو' '.']","[ 0  0  0  0  0  0  0  0 11  0  0  0  0  0  0  0 11  0  0  0  0  0  0  0
  0  0  0]"
704,"['پهرين' 'ته' 'آمريڪا' 'معافي' 'وٺڻ' 'کان' 'ٺپ' 'نابري' 'واري' '۽' 'بعد'
 '۾' 'ٿيل' 'ٻه' 'طرفن' 'رابطن' '۽' 'ڳالهين' 'جي' 'نتيجي' '۾' 'ايترو' 'ٿيو'
 'جو' 'هو' 'معافي' 'وٺڻ' 'تي' 'راضِي' 'به' 'ٿي' 'ويو' 'پر' 'چون' 'ٿا' 'ته'
 'جڏهن' 'آمريڪا' 'کي' 'اهو' 'چيو' 'ويو' 'ته' 'هو' 'پارليامينٽ' 'مان'
 'قرارداد' 'جي' 'منظوري' 'تائين' 'انتظار' 'ڪري' 'ته' 'آمريڪا' 'ڪاوڙجي'
 'پيو' '۽' 'اها' 'ڪاوڙ' 'ايتري' 'وڌي' 'وئي' 'جو' 'آمريڪي' 'ڪانگريس'
 'پاران' 'ايوان' '۾' 'اهڙو' 'بل' 'به' 'پيش' 'ڪيو' 'ويو' '،' 'جنهن' '۾'
 'پاڪستان' 'پاران' 'تعاون' 'نه' 'ڪرڻ' 'جي' 'صورت' '۾' 'سخت' 'پابنديون'
 'لاڳو' 'ڪرڻ' 'جو' 'مطالبو' 'ڪيو' 'ويو' 'آهي' '.']","[11  0  7  0  0  0  0  0  0  0  0  0  0 11  0  0  0  0  0  0  0  0  0  0
  0  0  0  0  0  0  0  0  0  0  0  0  0  7  0  0  0  0  0  0  0  0  0  0
  0  0  0  0  0  7  0  0  0  0  0  0  0  0  0  8  8  0  0  0  0  0  0  0
  0  0  0  0  0  7  0  0  0  0  0  0  0  0  0  0  0  0  0  0  0  0  0]"
705,"['پراڻيون' '۽' 'بيڪار' 'مشينون' 'رکيو' 'ويٺا' 'آهن' '،' 'سو' 'جيڪا'
 'ڳالهه' 'ڪن' 'سا' 'اونڌي' '.']",[0 0 0 0 0 0 0 0 0 0 0 0 0 0 0]
706,['حراستي' 'مرڪزن' 'جو' 'ڪنٽرول' 'ڪنهن' 'وٽ' 'آهي' '؟'],[0 0 0 0 0 0 0 0]
707,['2' 'محنت' 'ڪانهي' '.'],[11  0  0  0]
708,"['نيٺ' 'اهو' 'ڪيس' 'سپريم' 'ڪورٽ' 'وڃي' 'پهتو' '،' 'جنهن' '5' 'نومبر' 'تي'
 'نواز' 'شريف' 'دور' 'واري' 'ساڳي' 'پابندي' 'هڻي' 'ڇڏي' '.']",[ 0  0  0  6  6  0  0  0  0 11 11  0  3  3  0  0  0  0  0  0  0]
709,"['سياست' 'هلچل' 'جو' 'نالو' 'آهي' '،' 'خيالن' '۽' 'فڪرن' '۾' 'وقت' 'سان'
 'گڏوگڏ' 'تبديلي' 'آڻڻ' 'ضروري' 'آهي' '.']",[0 0 0 0 0 0 0 0 0 0 0 0 0 0 0 0 0 0]
710,"['رهي' 'ڳالهه' 'پيپلز' 'پارٽي' 'جي' 'نئين' 'قيادت' 'بلاول' 'ڀٽو' 'جي' 'ته'
 'هنن' 'پنجاب' '۾' 'جلسا' 'ڪري' '۽' 'ضمني' 'چونڊن' '۾' 'پنهنجي' 'اميدوارن'
 'جي' 'مهم' 'هلائي' 'نتيجا' 'ڏسي' 'ورتا' 'آهن' '،' 'ايندڙ' 'چونڊن' '۾'
 'نٿو' 'لڳي' 'ته' 'ڪا' 'صورتحال' 'مختلف' 'هوندي' '.']","[0 0 8 8 0 0 0 3 3 0 0 0 7 0 0 0 0 0 0 0 0 0 0 0 0 0 0 0 0 0 0 0 0 0 0 0 0
 0 0 0 0]"
711,"['ڇا' 'جن' 'هٿن' 'جي' 'حوالي' 'معصوم' 'ٻارن' 'جو' 'مستقبل' 'ڪيو' 'وڃي'
 'ٿو' '،' 'انهن' 'جي' 'قابليت' 'سان' 'گڏوگڏ' '،' 'بردباري' '۽' 'ذهانت'
 'سان' 'گڏوگڏ' 'جاچڻ' 'جي' 'گهرج' 'ڪانهي' '؟']",[0 0 0 0 0 0 0 0 0 0 0 0 0 0 0 0 0 0 0 0 0 0 0 0 0 0 0 0 0]
712,"['اسين' 'ڪهڙي' 'هنڌ' 'بيٺا' 'آهيون' '،' 'اسان' 'کي' 'ڪيڏانهن' 'وڃڻو' 'آهي'
 '،' 'اسان' 'جي' 'اڳواڻي' 'ڪير' 'ڪندو' '۽' 'منزل' 'تائين' 'ڪيئن' 'پهچبو'
 '،' 'هي' 'اهي' 'سوال' 'آهن' '،' 'جن' 'تي' 'به' 'توهان' '۽' 'اسان' 'جهڙا'
 'ماڻهو' 'پريشان' 'آهن' '.']","[0 0 0 0 0 0 0 0 0 0 0 0 0 0 0 0 0 0 0 0 0 0 0 0 0 0 0 0 0 0 0 0 0 0 0 0 0
 0 0]"
713,"['جيڪڏهن' 'حقيقي' 'انصاف' 'هجي' 'ها' 'ته' 'اڄ' 'سياستدانن' 'جي' 'ڪرپشن'
 'جا' 'قصا' 'ماضي' 'جو' 'حصو' 'ٿي' 'چڪا' 'هجن' 'ها' '،' 'ميرٽ' 'تي' 'عمل'
 'ٿئي' 'ها' '،' 'ماڻهو' 'قانون' 'جي' 'ڀڃڪڙي' 'ڪرڻ' 'کان' 'اڳ' 'هزار'
 'ڀيرا' 'سوچين' 'ها' '،' 'پر' 'اڄ' 'ڇا' 'ٿي' 'رهيو' 'آهي' '.']","[ 0  0  0  0  0  0  0  0  0  0  0  0  0  0  0  0  0  0  0  0  0  0  0  0
  0  0  0  0  0  0  0  0  0 11  0  0  0  0  0  0  0  0  0  0  0]"
714,"['انصاف' 'جي' 'اڻ' 'هوند' 'کان' 'ويندي' 'روزگار' 'جي' 'اڻاٺ' 'تائين' '،'
 'جيستائين' 'اپوزيشن' 'جو' 'ڪردار' 'هوندو' 'ته' 'اصل' 'ٻڙڌڪ' 'متو' 'پيو'
 'هوندو' '۽' 'مخالف' 'ڌر' 'ڪو' 'ڏينهن' 'خالي' 'نه' 'ڇڏيندي' '،' 'جڏهن'
 'انهن' 'مسئلن' 'تي' 'اسيمبلي' 'اندر' 'واڄٽ' 'نه' 'هجن' 'پر' 'جيڪڏهن'
 'ساڳين' 'ئي' 'ميمبرن' 'جي' 'قسمت' 'ياوري' 'ڪري' '۽' 'هو' 'اقتداري'
 'ڪرسين' 'تي' 'چڙهي' 'ويهن' 'ته' 'پوءِ' 'کين' 'انهن' 'ئي' 'اکين' 'سان'
 'دنيا' 'ئي' 'ٻي' 'ڏسڻ' '۾' 'ايندي' '،' 'ساڳين' 'ئي' 'ڪنن' 'سان' 'کين'
 'مسئلا' 'ئي' 'ٻيا' 'ٻڌڻ' '۾' 'ايندا' '.']","[ 0  0  0  0  0  0  0  0  0  0  0  0  0  0  0  0  0  0  0  0  0  0  0  0
  0  0  0  0  0  0  0  0  0  0  0  0  0  0  0  0  0  0  0  0  0  0  0  0
  0  0  0  0  0  0  0  0  0  0  0  0  0  0  0  0  0 11  0  0  0  0  0  0
  0  0  0  0  0  0  0  0  0  0]"
715,"['“' 'جڏهين' 'گهڻي' 'هڻ' 'وٺ' '۽' 'بحثا' 'بحثيءَ' 'کانپوءِ' 'اهي' 'ماڻهو'
 'لاچاريءَ' 'وچان' 'امداد' 'وٺڻ' 'ٿا' 'ته' 'شرم' 'مرم' 'وچان' 'سندن' 'ڪنڌ'
 'هيٺ' 'جهڪيل' 'هوندا' 'آهن' '۽' 'سندن' 'ٿڌا' 'ساهه' 'ٻڌڻ' '۾' 'اچن' 'ٿا'
 '.']",[0 0 0 0 0 0 0 0 0 0 0 0 0 0 0 0 0 0 0 0 0 0 0 0 0 0 0 0 0 0 0 0 0 0 0]
716,"['اهم' 'ڳالهه' 'اها' 'آهي' 'ته' 'تازو' 'جيڪو' 'دوستيءَ' 'وارو' 'سفر'
 'شروع' 'ٿيو' 'آهي' '،' 'ان' 'جي' 'پويان' 'انٽرنيشنل' 'اسٽيڪ' 'هولڊرز'
 'آهن' '.']",[0 0 0 0 0 0 0 0 0 0 0 0 0 0 0 0 0 0 0 0 0 0]
717,"['۽' 'جيڪڏهن' 'ڪافي' 'هوندو' 'آهي' 'ته' 'پوءِ' 'جمهوري' 'ملڪن' '۾' 'جڏهن'
 'عوام' 'کي' 'مرڪزي' 'حيثيت' 'حاصل' 'هوندي' 'آهي' 'ته' 'ان' 'جي' 'خواهشن'
 '۽' 'مطالبن' 'تي' 'ڌيان' 'ڇونه' 'ڌريو' 'ويندو' 'آهي' '،' 'ڪو' 'فرد' 'هجي'
 'يا' 'گروهه' 'ان' 'جي' 'مسئلن' 'جي' 'حل' 'کي' 'يقيني' 'ڇونه' 'بڻايو'
 'ويندو' 'آهي' '؟']","[0 0 0 0 0 0 0 0 0 0 0 0 0 0 0 0 0 0 0 0 0 0 0 0 0 0 0 0 0 0 0 0 0 0 0 0 0
 0 0 0 0 0 0 0 0 0 0 0]"
718,"['هن' 'وقت' 'به' 'راڻا' 'جاگير' 'جو' 'راڻو' '۽' 'پاڪستان' 'هندو' 'پارٽيءَ'
 'جو' 'صدر' 'راڻو' 'چندر' 'سنگهه' 'جوڌپور' '،' 'جئه' 'پور' '۽' 'جيسلمير'
 '۾' 'مائٽن' 'جون' 'دعوتون' 'کائڻ' '۾' 'مصروف' 'آهي' '.']",[0 0 0 3 3 0 3 0 8 8 8 0 5 3 3 3 7 0 7 7 0 7 0 0 0 0 0 0 0 0 0]
719,"['بيبي' 'سانئڻ' 'پنهنجي' 'والد' 'پاڻ' 'صه' 'جن' 'جي' 'وڇوڙي' '۾' 'تمام'
 'گهڻا' 'شعر' 'چيا' '،' 'جن' 'مان' 'سندن' 'هڪ' 'شعر' 'جو' 'ترجمو' 'هن'
 'ريت' 'آهي' ':' '”' 'منهنجي' 'بابا' 'جي' 'گذاري' 'وڃڻ' 'کان' 'پوءِ' 'مون'
 'جيڪي' 'ڏک' 'ڏٺا' 'آهن' '،' 'اهڙا' 'ڏک' 'جيڪڏهن' '،' 'ڏينهن' 'ڏسن' 'ته'
 'اُهي' 'راتين' '۾' 'تبديل' 'ٿي' 'وڃن' '.']","[ 3  3  0  0  3  3  0  0  0  0  0  0  0  0  0  0  0  0 11  0  0  0  0  0
  0  0  0  0  0  0  0  0  0  0  0  0  0  0  0  0  0  0  0  0  0  0  0  0
  0  0  0  0  0  0]"
720,"['1983ع' '۾' 'ايم' 'آر' 'ڊي' 'جي' 'تحريڪ' 'دوران' 'صرف' 'بي' 'بي' 'سي'
 'ئي' 'هڪ' 'اهڙو' 'ذريعو' 'هو' '،' 'جنهن' 'تحت' 'عوام' 'هلچل' 'کان'
 'باخبر' 'رهندو' 'هو' 'ته' 'سنڌ' 'جي' 'ڪهڙن' 'ڪهڙن' 'ڳوٺن' 'تي' 'بمباري'
 'ٿي' 'آهي' '۽' 'تحريڪ' 'ڪهڙي' 'موڙ' '۾' 'داخل' 'ٿي' 'آهي' '.']","[11  0 11 11 11  0  0  0  0  6  6  6  0 11  0  0  0  0  0  0  0  0  0  0
  0  0  0  7  0  0  0  0  0  0  0  0  0  0  0  0  0  0  0  0  0]"
721,"['گذريل' 'هڪ' 'ڏهاڪي' 'کان' 'به' 'وڌيڪ' 'اين' 'ايف' 'سي' 'ايوارڊ' 'صدر'
 'جي' 'صوابديدي' 'اختيارن' 'تحت' 'ڏنو' 'ويندو' 'رهيو' 'آهي' '،' 'ڇاڪاڻ'
 'ته' 'هڪ' 'غير' 'نمائنده' '۽' 'بي' 'اختيار' 'ڪميشن' 'ڪڏهن' 'به' 'ناڻي'
 'جي' 'ورڇ' 'جي' 'اتفاق' 'راءِ' 'واري' 'فارمولا' 'تي' 'متفق' 'نه' 'ٿي'
 'سگهي' 'آهي' '.']","[ 0 11 11  0  0  0 11 11 11 11  5  0  0  0  0  0  0  0  0  0  0  0 11  0
  0  0  0  0  0  0  0  0  0  0  0  0  0  0  0  0  0  0  0  0  0  0]"
722,"['پر' 'نواز' 'شريف' 'جيڪا' 'همت' 'ڏيکاري' '،' 'انهيءَ' 'جي' 'نتيجي' '۾'
 'سندس' 'روپ' '۾' 'هڪ' 'اهڙو' 'ليڊر' 'بڻجي' 'ويو' '،' 'جنهن' 'کليل'
 'انبوهه' 'کي' 'بند' 'انبوهه' '۾' 'تبديل' 'ڪري' 'ڇڏيو' '.']","[ 0  3  3  0  0  0  0  0  0  0  0  0  0  0 11  0  0  0  0  0  0  0  0  0
  0  0  0  0  0  0  0]"
723,"['ٽه' 'رنگو' 'جنهڊو' 'جيڪو' 'پ' 'پ' 'جو' 'اصل' 'سرمايو' '۽' 'طاقت' 'آهي'
 '،' 'انهيءَ' 'کي' 'ملڪ' 'جي' 'ڪنڊ' 'ڪڙڇ' '۾' 'ڦڙڪائڻو' 'پوندو' '،' 'وقتي'
 'پاليسين' 'کي' 'پڻ' 'ختم' 'ڪرڻو' 'پوندو' '،' 'جنهن' 'جو' 'مثال' 'اهو'
 'آهي' 'ته' 'جيڪڏهن' 'پيپلز' 'پارٽي' 'مخالف' 'ڌر' 'يا' 'ميڊيا' 'جي'
 'دٻاءَ' 'جو' 'شڪار' 'ٿئي' 'ته' 'صرف' 'انهيءَ' 'دوران' 'جلسا' 'يا' 'جلوس'
 'ڪڍيا' 'وڃن' '،' 'باقي' 'سڄو' 'عرصو' 'مڙئي' 'خير' 'لڳو' 'پيو' 'هجي' '،'
 'انهيءَ' 'جدوجهد' '۾' 'تسلسل' 'هئڻ' 'گهرجي' '۽' 'اهو' 'عمل' 'سڄو' 'سال'
 'هلڻ' 'گهرجي' '.']","[0 0 0 0 8 8 0 0 0 0 0 0 0 0 0 0 0 0 0 0 0 0 0 0 0 0 0 0 0 0 0 0 0 0 0 0 0
 0 8 8 0 0 0 0 0 0 0 0 0 0 0 0 0 0 0 0 0 0 0 0 0 0 0 0 0 0 0 0 0 0 0 0 0 0
 0 0 0 0 0 0 0 0]"
724,['استاد' 'ڀيمراج' 'اسان' 'جي' 'ماڻهن' 'کي' 'گوادر' 'وٺي' 'ويندو' 'هو' '.'],[0 3 0 0 0 0 7 0 0 0 0]
725,"['هيستائين' 'ته' 'سياست' '۾' 'اهو' 'ئي' 'ٿيندو' 'آيو' 'آهي' 'ته' 'اسان'
 'ڀوتارن' 'کي' 'ووٽ' 'ڏيئي' 'اِهو' 'سمجهندا' 'آهيون' 'ته' 'هاڻي' 'سڀني'
 'تڪليفن' 'جو' 'علاج' 'ڀوتار' 'وٽ' 'آهي' '.']",[0 0 0 0 0 0 0 0 0 0 0 0 0 0 0 0 0 0 0 0 0 0 0 0 0 0 0 0]
726,"['سنڌ' 'تاريخ' '۾' 'ڪڏهن' 'به' 'ايئن' 'ڪونه' 'رهي' 'آهي' '،' 'ههڙيون' 'ته'
 'الائي' 'ڪيتريون' 'برساتون' 'هو' 'ڏسيو' 'ويٺي' 'آهي' '،' 'پر' 'جهڙي'
 'حالت' 'هن' 'ڀيري' 'ٿي' 'آهي' '،' 'سا' 'ته' 'انهن' 'جهونن' 'جي' 'به'
 'سانڀر' '۾' 'ڪونهي' 'جيڪي' 'ٻوڏائتيون' 'برساتون' 'جهلي' 'چڪا' 'آهن' '.']","[7 0 0 0 0 0 0 0 0 0 0 0 0 0 0 0 0 0 0 0 0 0 0 0 0 0 0 0 0 0 0 0 0 0 0 0 0
 0 0 0 0 0 0 0]"
727,['اک' 'نه' 'ڏسي' 'گوڏي' 'کي' '.'],[0 0 0 0 0 0]
728,"['ڏيو' 'منهن' '!' 'جيڪو' 'ماڻهو' 'مرڻ' 'مارائڻ' 'لاءِ' 'تيار' 'آهي' '،'
 'اهو' 'ڀلا' 'ڊڄڻو' 'ڪيئن' 'ٿيو' '.']",[0 0 0 0 0 0 0 0 0 0 0 0 0 0 0 0 0]
729,"['جيستائين' 'ڪک' 'ڀڃي' 'ٻيڻو' 'نه' 'ڪيو' 'ويندو' '،' 'تيستائين' 'ته'
 'تبديلي' 'جي' 'خواهش' 'رکڻ' 'به' 'اجائي' 'آهي' '.']",[0 0 0 0 0 0 0 0 0 0 0 0 0 0 0 0 0 0]
730,['ڀٽو' 'سنڌ' 'دوست' 'هو' 'يا' 'ٽڪا' 'خان' '؟'],[5 7 0 0 0 3 3 0]
731,"['بکين' 'کي' 'ڍو' 'ڪرائيندڙ' '۽' 'اگهاڙن' 'کي' 'ڍڪيندڙ' 'هن' 'شهر' 'هر'
 'انهي' 'ماڻهو' 'کي' 'به' 'پنهنجي' 'جيءَ' '۾' 'جايون' 'ڏنيون' 'آهن' '،'
 'جيڪو' 'سندس' 'ئي' 'جهوليءَ' '۾' 'جهير' 'ڪندو' 'رهيو' 'آهي' '،' 'سندس'
 'ئي' 'روح' 'کي' 'زخمي' 'ڪندو' 'رهيو' 'آهي' '.']","[0 0 0 0 0 0 0 0 0 0 0 0 0 0 0 0 0 0 0 0 0 0 0 0 0 0 0 0 0 0 0 0 0 0 0 0 0
 0 0 0 0]"
732,"['ڇا' 'اهي' 'زخمن' 'جا' 'نشان' 'هو' 'ڀلائي' 'سگهندا' 'جيڪي' 'پنهنجن' 'هنن'
 'جي' 'پٺ' '۾' 'هنيا' '؟']",[0 0 0 0 0 0 0 0 0 0 0 0 0 0 0 0]
733,"['جيتري' 'قدر' 'هن' 'ملڪ' '۾' 'عدليه' '۽' 'ايگزيڪيوٽو' 'جي' 'جهيڙي' 'جو'
 'تعلق' 'آهي' 'ته' 'ان' 'جي' 'روايت' 'ان' 'وقت' 'کان' 'پئي' '،' 'جڏهن'
 'سپريم' 'ڪورٽ' 'جي' 'چيف' 'جسٽس' 'منير' '50ع' 'واري' 'ڏهاڪي' '۾'
 'نظريهءِ' 'ضرورت' 'متعارف' 'ڪرائي' 'هڪ' 'اهڙو' 'ٻج' 'ڇٽي' 'ڇڏيو' 'جيڪو'
 'هاڻوڪي' 'دور' '۾' 'سليڪٽو' 'جسٽس' '“' '۾' 'تبديل' 'ٿي' 'چڪو' 'آهي' '.']","[ 0  0  0  0  0  0  0  0  0  0  0  0  0  0  0  0  0  0  0  0  0  0  0  6
  6  0  5  5  3 11  0 11  0  0  0  0  0 11  0  0  0  0  0  0  0  0  0  5
  0  0  0  0  0  0  0]"
734,"['اهو' 'حڪومتن' 'جو' 'ڪم' 'هوندو' 'آهي' '،' 'جن' 'وٽ' 'انهن' 'ئي' 'ماڻهن'
 'جي' 'کيسي' 'مان' 'ڪڍيل' 'اربين' 'رپيا' 'هجن' 'ٿا' '.']",[0 0 0 0 0 0 0 0 0 0 0 0 0 0 0 0 0 0 0 0 0]
735,"['آءِ' 'ايس' 'آءِ' 'جي' 'اڳوڻي' 'جنرل' 'حميد' 'گل' '۽' 'جنرل' 'اسلم' 'بيگ'
 'جي' 'بيانن' 'کي' 'به' 'نظرانداز' 'نٿو' 'ڪري' 'سگهجي' '،' 'جنهن' '۾'
 'هنن' 'جو' 'چوڻ' 'آهي' 'ته' 'آخري' 'ڏينهن' '۾' 'محترمه' 'آمريڪي'
 'پاليسين' 'سان' 'اختلاف' 'رکيو' 'هو' '،' 'جنهن' 'سان' 'ملڪ' 'کي' 'نقصان'
 'رسي' 'پئي' 'سگهيو' '.']","[8 8 8 0 0 5 3 3 0 5 3 3 0 0 0 0 0 0 0 0 0 0 0 0 0 0 0 0 0 0 0 5 8 0 0 0 0
 0 0 0 0 0 0 0 0 0 0 0]"
736,"['سياست' 'جي' 'علم' 'جا' 'اڪابر' 'چون' 'ٿا' 'ته' 'رياست' 'جا' 'ڪُل' 'چار'
 'ٿنڀا' 'ٿيندا' 'آهن' '،' 'جن' 'مان' 'هڪڙو' 'ٿنڀو' 'ميڊيا' 'آهي' '.']",[ 0  0  0  0  0  0  0  0  0  0  0 11  0  0  0  0  0  0  0  0  0  0  0]
737,"['گذريل' 'حڪومت' '۾' 'جيڪو' 'ٻيو' 'مضبوط' '۽' 'وڏو' 'ڊيم' 'ٺهيو' '،'
 'انهيءَ' '۾' 'اڃا' 'ايترو' 'پاڻي' 'ئي' 'ڪو' 'نه' 'گڏ' 'ٿي' 'سگهيو' 'آهي'
 '،' 'جو' 'باراني' 'زمين' 'کي' 'آباد' 'ڪري' '.']","[ 0  0  0  0 11  0  0  0  0  0  0  0  0  0  0  0  0  0  0  0  0  0  0  0
  0  0  0  0  0  0  0]"
738,"['پر' 'جڏهن' 'سڄي' 'دنيا' 'جون' 'اخبارون' '۽' 'اليڪٽرانڪ' 'ميڊيا' 'عوام'
 'جي' 'چونڊيل' 'پارليامينٽ' 'مٿان' 'تبرا' 'جا' 'تير' 'هلائين' '،' 'گارگند'
 'جي' 'حد' 'تائين' 'تبصرا' 'ڪندا' 'رهن' 'ته' 'ان' 'کي' 'چئبو' 'اظهار' 'جي'
 'آزادي' '“' '!' 'اها' 'بي' 'واجبي' 'آهي' 'پر' 'ائين' 'به' 'ته' 'ڪونهي'
 'ته' 'ڪو' 'پارليامينٽ' 'اندر' 'ڏاڍا' 'پاڪ' 'پوتر' '۽' 'پارسا' 'اڳواڻ'
 'چونڊجي' 'آيل' 'آهن' '.']","[0 0 0 0 0 0 0 0 0 0 0 0 0 0 0 0 0 0 0 0 0 0 0 0 0 0 0 0 0 0 0 0 0 0 0 0 0
 0 0 0 0 0 0 0 0 0 0 0 0 0 0 0 0 0 0 0 0 0]"
739,"['هن' 'وقت' 'ملڪ' 'جي' 'معاشي' 'حالت' 'خراب' 'آهي' '۽' 'اها' 'حالت'
 'هٿرادو' 'نموني' 'خراب' 'ڪئي' 'وئي' 'آهي' '.']",[0 0 0 0 0 0 0 0 0 0 0 0 0 0 0 0 0 0]
740,"['8' 'سيڪڙو' 'صحت' 'تي' 'خرچ' 'ڪري' 'ٿو' '،' 'جيڪو' 'اٽي' '۾' 'لوڻ'
 'برابر' 'آهي' '.']",[11 11  0  0  0  0  0  0  0  0  0  0  0  0  0]
741,['شيخ' 'مجيب' 'الرحمان' 'سندس' 'ٻالڪو' 'هو' '.'],[3 3 3 0 0 0 0]
742,"['ڊائريڪٽر' 'جنرل' 'آءِ' 'ايس' 'آءِ' 'جي' 'مقرري' '۽' 'بدليءَ' 'جا'
 'اختيار' 'به' 'وزير' 'اعظم' 'کي' 'هوندا' 'آهن' '،' 'پر' 'جنرل' 'ڪياني'
 'پنهنجي' 'مرضي' 'مڙهي' 'پهرين' 'جنرل' 'پاشا' '۽' 'پوءِ' 'جنرل' 'ظهير'
 'الاسلام' 'کي' 'انهيءَ' 'اهم' 'عهدي' 'تي' 'مقرر' 'ڪرايو' '.']","[ 5  5  8  8  8  0  0  0  0  0  0  0  5  5  0  0  0  0  0  5  3  0  0  0
 11  5  3  0  0  5  3  3  0  0  0  0  0  0  0  0]"
743,"['خلق' 'جي' 'آواز' 'کي' 'نقارهه' 'خدا' 'سمجهندڙ' 'حڪمرانن' 'جي' 'قحط'
 'هاڻي' 'اسان' 'کي' 'ان' 'نقطي' 'تي' 'آڻي' 'بيهاري' 'ڇڏيو' 'آهي' '،'
 'جتان' 'موٽ' '۾' 'ڪجهه' 'پلئه' 'نٿو' 'پوي' '،' 'سواءِ' 'ڪاوڙ' '۽' 'ڪروڌ'
 'جي' '۽' 'اها' 'ڪاوڙ' 'آهي' 'جنهن' 'جو' 'اظهار' 'نه' 'ڪري' 'سگهندڙ'
 'ماڻهو' 'پاڻ' 'کي' 'ذلتن' 'جي' 'زندگي' 'گذارڻ' 'يا' 'وري' 'اذيت' 'ڀريو'
 'موت' 'ڏيڻ' 'لاءِ' 'ويچاري' 'رهيا' 'آهن' '.']","[0 0 0 0 0 0 0 0 0 0 0 0 0 0 0 0 0 0 0 0 0 0 0 0 0 0 0 0 0 0 0 0 0 0 0 0 0
 0 0 0 0 0 0 0 0 0 0 0 0 0 0 0 0 0 0 0 0 0 0 0 0 0]"
744,"['جي' 'اوهان' 'ان' '۾' 'خوش' 'آهيو' 'ته' 'آئون' 'به' 'زرداري' 'صاحب'
 'جيان' 'جيئن' 'تيئن' 'ڪري' 'پنج' 'سال' 'پورا' 'ته' 'ڪري' 'ويندس' '،' 'پر'
 'ننڍو' 'کنڊ' 'ٻيهر' 'ڪنهن' 'جنگاڻ' 'جي' 'بلي' 'ٿي' 'ويندو' '،' 'جنهن'
 'سان' 'اسان' 'کي' 'ته' 'رهڙون' 'اينديون' '،' 'پر' 'عالمي' 'مفاد' 'به'
 'متاثر' 'ٿيڻ' 'کان' 'رهي' 'ڪو' 'نه' 'سگهندا' '.']","[ 0  0  0  0  0  0  0  0  0  5  5  0  0  0  0 11 11  0  0  0  0  0  0  7
  7  0  0  0  0  0  0  0  0  0  0  0  0  0  0  0  0  0  0  0  0  0  0  0
  0  0  0  0  0]"
745,['هن' 'مون' 'کي' 'گهر' '۾' 'حڪم' 'جي' 'بندي' 'ڪري' 'رکيو' '.'],[0 0 0 0 0 0 0 0 0 0 0]
746,"['سو' 'جيڪڏهن' 'هي' 'بحران' 'وقتي' 'طور' 'تي' 'ماٺو' 'ٿيو' 'آهي' 'ته' 'ان'
 'جا' 'ٻه' 'سبب' 'ٿي' 'پئي' 'سگهيا' '،' 'هڪ' 'اهو' 'ته' 'اسٽيبلشمينٽ' 'کي'
 'پاليسي' 'سازي' '۾' 'جيتري' 'والار' 'گهربل' 'هئي' '،' 'سا' 'اها' 'هن'
 'حاصل' 'ڪري' 'ورتي' 'آهي' '،' 'جنهن' 'آڏو' 'ميان' 'صاحب' 'رڪاوٽ' 'بڻيل'
 'هو' 'يا' 'وري' 'معروضي' 'حالتن' 'سبب' 'انهي' 'بحران' 'کي' 'في' 'الحال'
 'ٽاريو' 'ويو' 'آهي' '.']","[ 0  0  0  0  0  0  0  0  0  0  0  0  0 11  0  0  0  0  0 11  0  0  0  0
  0  0  0  0  0  0  0  0  0  0  0  0  0  0  0  0  0  0  5  5  0  0  0  0
  0  0  0  0  0  0  0  0  0  0  0  0  0]"
747,"['پهريان' 'صدر' 'سميت' 'سمورين' 'ڌرين' 'سان' 'گڏجي' 'ڪم' 'ڪرڻ' 'جي'
 'ڳالهه' 'ڪئي' 'وئي' '،' 'پوءِ' 'هڪدم' 'يو' '-' 'ٽرن' 'وٺندي' 'صدر' 'جي'
 'مواخذي' 'جي' 'ڳالهه' 'ڪئي' 'وئي' '۽' 'ايوانِ' 'صدر' '۾' 'پيپلز' 'پارٽي'
 'جا' 'نعرا' 'لڳڻ' 'جا' 'واعدا' 'ڪيا' 'ويا' '،' 'پر' 'اهو' 'به' 'خير'
 'ٿيو' '.']","[0 5 0 0 0 0 0 0 0 0 0 0 0 0 0 0 0 0 0 0 5 0 0 0 0 0 0 0 2 2 0 8 8 0 0 0 0
 0 0 0 0 0 0 0 0 0 0]"
748,"['سنڌ' 'يونيورسٽي' '۽' 'سنڌي' '۾' 'ڪراچيءَ' 'کي' 'ڇڏي' 'ٻن' 'يونيورسٽين'
 '۾' 'ٻين' 'ڪئين' 'چڱن' 'رواجن' 'سان' 'گڏو' 'گڏ' 'تحقيق' 'جو' 'رواج' 'پڻ'
 'پئجي' 'نه' 'سگهيو' 'آهي' '.']",[6 6 0 1 0 7 0 0 0 0 0 0 0 0 0 0 0 0 0 0 0 0 0 0 0 0 0]
749,"['ساڍا' 'پنج' 'مهينا' 'اڳ' '۾' '26' 'نومبر' 'تي' 'آمريڪا' '۽' 'نيٽو' 'جي'
 'هوائي' 'جهازن' 'جنهن' 'بي' 'رحمي' '۽' 'بيدريءَ' 'سان' 'پاڪستان' 'جي'
 'سلاله' 'چيڪ' 'پوسٽ' 'تي' 'مقرر' 'ٿيل' 'فوجي' 'آفيسرن' '۽' 'سپاهين'
 'مٿان' 'بمن' '۽' 'بارود' 'جو' 'مينهن' 'وسائي' '24' 'ننڍا' 'نيٽا' 'جوان'
 'شهيد' 'ڪري' 'ڇڏيا' 'هئا' '،' 'ان' 'جي' 'نتيجي' 'طور' 'سڄي' 'ملڪ' 'جي'
 'ماڻهن' '۾' 'جيتري' 'ڪاوڙ' '۽' 'نفرت' 'پيدا' 'ٿي' '،' 'تنهن' 'اسان' 'جي'
 'سياسي' 'توڙي' 'فوجي' 'قيادت' 'کي' 'مجبور' 'ڪري' 'وڌو' 'ته' 'آمريڪا'
 'سان' 'لاڳاپن' '۾' 'انڌ' 'جي' 'گهوڙيءَ' 'تي' 'سوار' 'رهڻ' 'بدران' 'ڪجهه'
 'سوچ' 'سمجهه' 'کان' 'ڪم' 'وٺن' '.']","[11 11  0  0  0 11 11  0  7  0  6  0  0  0  0  0  0  0  0  0  7  0  4  4
  4  0  0  0  0  0  0  0  0  0  0  0  0  0  0 11  0  0  0  0  0  0  0  0
  0  0  0  0  0  0  0  0  0  0  0  0  0  0  0  0  0  0  0  0  0  0  0  0
  0  0  0  0  7  0  0  0  0  0  0  0  0  0  0  0  0  0  0  0  0  0]"
750,"['ڇا' 'اهي' 'فرسٽريٽ' 'ٿيندا' '،' 'وڌيڪ' 'ڪاوڙ' '۾' 'ويندا' 'يا' 'وري'
 'ماڳهين' 'مايوس' 'ٿيندا' 'ته' 'مٿئين' 'سطح' 'تي' 'ڪجهه' 'به' 'ناهي'
 'بدلجڻو' '،' 'سڀ' 'ڪجهه' 'ساڳيو' 'رهڻو' 'آهي' 'جيڪڏهن' 'اهي' 'مايوسي'
 'جو' 'شڪار' 'ٿيا' 'ته' 'اها' 'ڳالهه' 'جمود' 'کي' 'جاري' 'رکڻ' '۾'
 'مددگار' 'ثابت' 'ٿيندي' '،' 'پر' 'جيڪڏهن' 'هنن' 'پنهنجي' 'ڪاوڙ' '۽'
 'ڪروڌ' 'کي' 'سنڀاليو' 'ته' 'پوءِ' 'بدلاءُ' 'آڻڻ' 'جي' 'خواهش' 'هنن' 'جي'
 'سينن' '۾' 'قائم' 'رهندي' '.']","[0 0 0 0 0 0 0 0 0 0 0 0 0 0 0 0 0 0 0 0 0 0 0 0 0 0 0 0 0 0 0 0 0 0 0 0 0
 0 0 0 0 0 0 0 0 0 0 0 0 0 0 0 0 0 0 0 0 0 0 0 0 0 0 0 0 0 0 0]"
751,"['انهيءَ' 'بُلٽ' 'پروف' 'ٽرڪ' 'تي' 'لکجي' '،' 'جنهن' 'کي' 'ڊاڪٽر'
 'ذوالفقار' 'مرزا' 'وڏي' 'مهارت' 'سان' 'ٺهرايو' '،' 'جنهن' 'جي' 'نتيجي'
 '۾' 'محترمه' '۽' 'ٻيا' 'گهڻا' 'سياستدان' 'وڌيڪ' 'ڪنهن' 'زخمي' 'ٿيڻ' 'کان'
 'محفوظ' 'رهيا' '،' 'يا' 'انهن' '150' 'پارٽي' 'ڪارڪنن' '،' 'پوليس'
 'اهلڪارن' '۽' 'صحافين' 'تي' 'لکجي' '،' 'جن' 'پنهنجون' 'جوانيون' 'محترمه'
 'کي' 'بچائڻ' 'خاطر' 'وقف' 'ڪري' 'ڇڏيون' '۽' 'سندن' 'باهه' '۾' 'سڙيل'
 'جسم' 'جا' 'ٽڪرا' 'شاهراهه' 'فيصل' 'تي' 'تڙپندا' 'رهيا' '،' 'يا' 'انهن'
 '500' 'کان' 'وڌيڪ' 'انسانن' 'تي' '،' 'جن' 'جي' 'جسم' 'جا' 'عضوا' 'ڪٽجي'
 'چڪا' 'آهن' 'يا' 'سڙيل' 'آهن' '،' 'يا' 'وري' 'انهن' 'مائرن' '۽' 'ڀينرن'
 'جي' 'لڙڪن' 'تي' 'لکجي' '،' 'جن' 'کي' 'خبر' 'آهي' 'ته' 'سندن' 'پيارا'
 'ڪڏهن' 'به' 'واپس' 'ورڻا' 'ناهن' '.']","[ 0  0  0  0  0  0  0  0  0  5  3  3  0  0  0  0  0  0  0  0  0  5  0  0
  0  0  0  0  0  0  0  0  0  0  0  0 11  0  0  0  0  0  0  0  0  0  0  0
  0  0  5  0  0  0  0  0  0  0  0  0  0  0  0  0  0  4  4  0  0  0  0  0
  0 11  0  0  0  0  0  0  0  0  0  0  0  0  0  0  0  0  0  0  0  0  0  0
  0  0  0  0  0  0  0  0  0  0  0  0  0  0  0  0  0  0  0]"
752,"['ماڻهن' 'جا' 'راڄ' 'گڏ' 'ويٺا' 'هوندا' '۽' 'هڙني' 'جا' 'ڪنڌ' 'هيٺ'
 'هوندا' '،' 'شرم' 'وچان' 'نه' '،' 'بلڪه' 'منجهائن' 'هرڪو' 'پنهنجي'
 'موبائيل' 'يا' 'ليپ' 'ٽاپ' 'استعمال' 'ڪرڻ' '۾' 'مصروف' '،' 'هڪ' 'ٻئي'
 'جي' 'وجود' 'کان' 'بيخبر' '.']","[ 0  0  0  0  0  0  0  0  0  0  0  0  0  0  0  0  0  0  0  0  0  0  0  0
  0  0  0  0  0  0 11  0  0  0  0  0  0]"
753,"['فرض' 'ڪريو' 'ته' 'ايندڙ' 'چونڊن' '۾' 'ماڻهو' 'پنهنجي' 'ووٽن' 'جي' 'طاقت'
 'وسيلي' 'ڪجهه' 'بهتر' 'ميمبرن' 'کي' 'اسيمبلين' '۾' 'چونڊي' 'اماڻين' '۽'
 'نئين' 'حڪومت' 'کي' 'به' 'ٿورو' 'گهڻو' 'مسڪينن' 'جي' 'ڀلائيءَ' 'جو'
 'اونو' '۽' 'احساس' 'هُجي' '۽' 'اها' 'گوسڙو' 'ماسترن' 'کي' 'ٻاهر' 'ڪڍي'
 '،' 'گودام' '،' 'اوطاقون' '۽' 'وٿاڻ' 'بنيل' 'اسڪولن' 'کي' 'خالي' 'ڪرائي'
 '،' 'هزارين' 'اسڪول' 'ٻيا' 'به' 'کولي' 'ڇڏي' 'ته' 'به' 'هيءُ' 'جيڪي'
 'نوان' 'ماستر' 'لکين' 'رپيا' 'پئسن' 'يا' 'سفارش' 'تي' 'ڀرتي' 'ڪيا' 'ويا'
 '،' 'جن' 'کي' 'ته' 'خود' 'لکڻ' 'پڙهڻ' 'ڪونه' 'ٿو' 'اچي' '.']","[ 0  0  0  0  0  0  0  0  0  0  0  0  0  0  0  0  0  0  0  0  0  0  0  0
  0  0  0  0  0  0  0  0  0  0  0  0  0  0  0  0  0  0  0  0  0  0  0  0
  0  0  0  0  0  0  0  0  0  0  0  0  0  0  0  0  0  0  0 11  0  0  0  0
  0  0  0  0  0  0  0  0  0  0  0  0  0  0]"
754,"['انگريز' 'ڏاڍا' 'ڏاها' 'آهن' '،' 'انهن' 'پريشاني' 'ختم' 'ڪرڻ' '۽' 'خوش'
 'زندگي' 'گذارڻ' 'لاءِ' 'لکين' 'صفحا' 'ڪارا' 'ڪيا' 'آهن' '.']",[8 0 0 0 0 0 0 0 0 0 0 0 0 0 0 0 0 0 0 0]
755,['سڀ' 'رڍون' 'ڪار' 'ٻوٿيون' '.'],[0 0 0 0 0]
756,"['توهان' 'کان' 'صفوران' 'سانحي' 'جا' 'اهي' 'ڪردار' 'ڪيئن' 'وسريا' 'هوندا'
 '،' 'جيڪي' 'اعليٰ' 'تعليمي' 'ادارن' 'جا' 'پڙهيل' 'هئا' '،' 'جن' '۾' 'سعد'
 'عزيز' '،' 'آءِ' 'بي' 'اي' 'جو' 'پڙهيل' '،' 'اظفار' 'عشرت' 'سر' 'سيد'
 'انجنيئرنگ' 'يونيورسٽي' 'جو' 'گريجوئيٽ' '۽' 'حافظ' 'ناصر' 'ڪراچي'
 'يونيورسٽي' 'مان' 'ايم' 'اي' 'پاس' 'ٿيل' 'هو' '.']","[0 0 3 0 0 0 0 0 0 0 0 0 0 0 0 0 0 0 0 0 0 0 3 0 0 6 6 0 0 0 0 3 6 6 6 6 0
 0 0 5 3 6 6 0 0 0 0 0 0 0]"
757,"['اهو' 'ئي' 'سبب' 'هو' 'جو' 'مشرف' 'هڪ' 'سوچيل' 'منصوبي' 'تحت' '2002ع'
 'جي' 'چونڊن' '۾' 'ملڪ' 'جا' 'ٻه' 'اهم' 'صوبا' 'سرحد' '۽' 'بلوچستان'
 'مذهبي' 'ڌرين' 'حوالي' 'ڪيا' '.']","[ 0  0  0  0  0  3 11  0  0  0 11  0  0  0  0  0 11  0  0  7  0  7  0  0
  0  0  0]"
758,"['وڃي' 'ڏٺوسين' 'ته' 'جوليئان' 'بيٺو' 'آهي' '،' 'جنهن' 'منٿ' 'ميڙ' 'ڪندي'
 'ٻڌايو' 'ته' 'سندن' 'حياتي' 'خطري' '۾' 'آهي' '،' 'کيس' 'جان' 'جي' 'امان'
 'گهرجي' '.']",[0 0 0 3 0 0 0 0 0 0 0 0 0 0 0 0 0 0 0 0 0 0 0 0 0]
759,"['جيڪڏهن' 'ڪنهن' 'کي' 'لڳي' 'ٿو' 'ته' 'سنڌ' '۾' 'اينٽي' 'ڪرپشن' 'کاتي'
 'جي' 'ڪاررواين' 'سان' 'سنڌ' 'جي' 'دور' '۾' 'داخل' 'ٿي' 'ويندي' 'ته' 'اهو'
 'ماتم' 'جو' 'مقام' 'ناهي' 'ته' 'ٻيو' 'ڇا' 'آهي' '!' 'اڳوڻي' 'وفاقي'
 'وزير' '۽' 'هيڪ' 'سنڌ' 'جي' 'چيئرمين' 'ڊاڪٽر' 'عاصم' 'حسين' 'جي'
 'گرفتاري' 'وارو' 'معاملو' 'موجوده' 'صورتحال' '۾' 'هڪ' 'اهڙي' 'هاءِ'
 'پروفائل' 'معاملي' 'طور' 'سامهون' 'آيو' 'آهي' '،' 'جنهن' 'بعد' 'آپريشن'
 'ڪندڙ' 'ڌرين' 'جي' 'ذهن' 'کي' 'سمجهڻ' 'ڪو' 'ايترو' 'مشڪل' 'نه' 'رهيو'
 'آهي' '.']","[ 0  0  0  0  0  0  7  0  0  0  0  0  0  0  7  0  0  0  0  0  0  0  0  0
  0  0  0  0 11  0  0  0  0  0  5  0  6  7  0  0  5  3  3  0  0  0  0  0
  0  0 11  0  0  0  0  0  0  0  0  0  0  0  0  0  0  0  0  0  0  0  0  0
  0  0  0  0]"
760,"['پر' 'انهن' 'سڀني' 'کان' 'وڌيڪ' 'خطرناڪ' 'وهڪري' 'کي' '”' 'وَرُ' '“'
 'چيو' 'ويندو' 'آهي' '،' 'جنهن' '۾' 'درياهه' 'جو' 'پاڻي' 'اڳتي' 'وڌڻ' 'جي'
 'بدران' 'ابتو' 'وهڻ' 'لڳندو' 'آهي' '.']",[0 0 0 0 0 0 0 0 0 0 0 0 0 0 0 0 0 0 0 0 0 0 0 0 0 0 0 0 0]
761,"['اهي' 'عورتون' 'مارشل' 'آرٽس' 'توڙي' 'هٿيار' 'هلائڻ' '۾' 'مهارت'
 'رکنديون' 'هيون' '.']",[0 0 0 0 0 0 0 0 0 0 0 0]
762,"['ڊاڪٽر' 'هرچند' 'راءِ' 'جيڪو' 'تازو' 'ئي' '98' 'ورهين' 'جي' 'ڄمار' '۾'
 'وفات' 'ڪري' 'ويو' '،' 'سو' 'پنهنجي' 'ذات' '۾' 'اهڙو' 'يگانو' 'ڪردار'
 'هو' '،' 'جنهن' 'پنهنجي' 'زندگي' 'غريبن' 'جي' 'خدمت' 'لاءِ' 'وقف' 'ڪري'
 'ڇڏي' '.']","[ 5  3  3  0  0  0 11  0  0  0  0  0  0  0  0  0  0  0  0  0  0  0  0  0
  0  0  0  0  0  0  0  0  0  0  0]"
763,"['ياد' 'رهي' 'ته' '1990ع' '۾' 'پيپلز' 'پارٽي' 'کي' 'شڪست' 'ڏيڻ' 'لاءِ'
 'مهراڻ' 'بئنڪ' 'مان' 'چوڏهن' 'ڪروڙ' 'رپيا' 'ڪڍرائي' 'پيپلز' 'پارٽي' 'جي'
 'مخالفن' '۾' 'ورهايا' 'ويا' '،' 'جيئن' 'ووٽ' 'خريد' 'ڪري' 'پ' 'پ' 'کي'
 'هارائي' 'سگهن' '.']","[ 0  0  0 11  0  8  8  0  0  0  0  6  6  0 11 11 11  0  8  8  0  0  0  0
  0  0  0  0  0  0  8  8  0  0  0  0]"
764,"['هن' 'ڀيري' 'ڪراچي' '۾' 'جيڪي' 'ڪجهه' 'ٿيو' 'ان' 'حوالي' 'سان' 'هڪ'
 'اعليٰ' 'سطحي' 'ڪميٽي' 'جوڙي' 'جاچ' 'جو' 'اعلان' 'ته' 'ڪيو' 'ويو' 'آهي'
 '،' 'پر' 'اها' 'سڀني' 'کي' 'خبر' 'آهي' 'ته' 'اهڙين' 'ڪميٽين' 'جي'
 'رپورٽن' 'مان' 'آخر' '۾' 'ڪجهه' 'به' 'ناهي' 'نڪرندو' 'سواءِ' 'ان' 'جي'
 'ته' 'تازي' 'معاملي' 'تان' 'ڌيان' 'هٽائي' 'وقت' 'ٽپائڻ' 'واري' 'سرڪاري'
 'حڪمت' 'عملي' 'کين' 'گهڻن' 'سوالن' 'جا' 'جواب' 'ڏيڻ' 'کان' 'بچائي'
 'وٺندي' 'آهي' '.']","[ 0  0  7  0  0  0  0  0  0  0 11  0  0  0  0  0  0  0  0  0  0  0  0  0
  0  0  0  0  0  0  0  0  0  0  0  0  0  0  0  0  0  0  0  0  0  0  0  0
  0  0  0  0  0  0  0  0  0  0  0  0  0  0  0  0  0  0  0]"
765,"['اسان' 'ننڍا' 'هوندا' 'هئاسين' 'ته' 'اسان' 'پاڻ' 'به' 'اهو' 'چوندا'
 'هئاسين' 'ته' '.']",[0 0 0 0 0 0 0 0 0 0 0 0 0]
766,"['هيءَ' 'انهن' 'ڏينهن' 'جي' 'ڳالهه' 'آهي' '،' 'جڏهن' 'ائنٽي' 'ون' 'يونٽ'
 'تحريڪ' 'زورن' 'تي' 'هئي' '.']",[0 0 0 0 0 0 0 0 0 0 0 0 0 0 0 0]
767,"['ڪتاب' '۾' 'منظر' 'پڙهي' 'پڙهندڙ' 'جو' 'مٿو' 'وڃي' 'ڀت' 'سان' 'لڳي' 'ٿو'
 '.']",[0 0 0 0 0 0 0 0 0 0 0 0 0]
768,"['”' 'ادا' '،' 'نمائندگي' '۽' 'اختيارن' 'کان' 'وانجهيل' 'اهي' 'ادارا'
 'هونئن' 'به' 'ڪهڙي' 'ڪم' 'جا' 'آهن' '؟']",[0 0 0 0 0 0 0 0 0 0 0 0 0 0 0 0 0]
769,"['هنن' 'جو' 'اهو' 'موقف' 'هاڻي' 'کلي' 'سامهون' 'اچي' 'رهيو' 'آهي' 'ته'
 'اين' 'آر' 'او' 'مان' 'فائدو' 'ته' 'اٺن' 'هزارن' 'ورتو' 'پر' 'صرف' 'صدر'
 'زرداري' 'نشاني' 'تي' 'ڇو' 'آهي' '؟']","[ 0  0  0  0  0  0  0  0  0  0  0 11 11 11  0  0  0  0  0  0  0  0  5  5
  0  0  0  0  0]"
770,"['عزيز' 'آباد' '،' 'ڪريم' 'آباد' '۽' 'عائشه' 'مسجد' '(' 'تبليغي' 'جماعت'
 'جو' 'مرڪز' ')' 'جي' 'پاڙن' '۾' 'جلسا' 'ڪرڻ' '۽' 'پنهنجو' 'منشور' 'پيش'
 'ڪرڻ' 'جي' 'جسارت' 'تي' 'پي' 'ٽي' 'اي' 'کي' 'ساراهي' 'سگهجي' 'ٿو' '.']",[4 4 0 4 4 0 4 4 0 4 4 4 4 0 0 0 0 0 0 0 0 0 0 0 0 0 0 8 8 8 0 0 0 0 0]
771,['موجوده' 'حڪومت' 'کان' 'به' 'هي' 'ٻي' 'غلطي' 'ٿي' 'آهي' '.'],[ 0  0  0  0  0 11  0  0  0  0]
772,"['هاڻي' 'اچو' 'انهيءَ' 'ڳالهه' 'تي' 'آدمشماري' 'ڇو' 'ضروري' 'هوندي' 'آهي'
 '،' 'ان' 'جي' 'ڪهڙي' 'اهميت' 'آهي' 'يا' 'ان' 'لاءِ' 'سنڌ' '۾' 'ڪهڙيون'
 'تياريون' 'ڪيون' 'ويون' 'آهن' '؟']",[0 0 0 0 0 0 0 0 0 0 0 0 0 0 0 0 0 0 0 7 0 0 0 0 0 0 0]
773,"['جسٽس' 'آصف' 'سعيد' 'کوسي' 'نه' 'رڳو' 'اهي' 'فيصلا' 'ڏنا' 'پر' 'پنهنجي'
 'رمارڪس' '۾' 'ملڪ' 'جي' 'صدر' 'واسطي' 'هاڪاري' 'تبصرو' 'ڪندي' 'چيائين'
 'ته' '،' 'اسان' 'کي' 'صدر' 'صاحب' 'لاءِ' 'تمام' 'گهڻي' 'عزت' 'آهي' '،'
 'تنهن' 'ڪري' 'ڪڏهن' 'به' 'نه' 'چاهينداسين' 'ته' 'مٿس' 'ڪو' 'حرف' 'اچي'
 '.']","[5 3 3 3 0 0 0 0 0 0 0 0 0 0 0 5 0 0 0 0 0 0 0 0 0 5 5 0 0 0 0 0 0 0 0 0 0
 0 0 0 0 0 0 0 0]"
774,"['جلسن' 'يا' 'نجي' 'محفلن' '۾' 'عوام' 'دوستن' 'کي' 'متوجهه' 'ڪرڻ' 'جو'
 'فن' 'کيس' 'چڱي' 'ريت' 'ايندو' 'هو' '۽' 'سندس' 'شخصيت' 'محفل' 'تي'
 'ڇانيل' 'رهندي' 'هئي' '.']",[0 0 0 0 0 0 0 0 0 0 0 0 0 0 0 0 0 0 0 0 0 0 0 0 0 0]
775,"['جيتوڻيڪ' 'معاشي' 'صورتحال' 'ته' 'ڪنهن' 'قدر' 'بهتر' 'رهي' '،' 'پر'
 'ڪجهه' 'ٻيا' 'عنصر' 'به' 'هئا' '،' 'جيڪي' 'انهيءَ' 'طوفان' 'کي' 'اڀاري'
 'رهيا' 'هئا' '.']",[ 0  0  0  0  0  0  0  0  0  0  0 11  0  0  0  0  0  0  0  0  0  0  0  0]
776,"['ظاهر' 'آهي' 'ته' 'هيٺاهينءَ' '۾' 'به' 'ته' 'سنڌ' 'آهي' '،' 'پاڻي' 'مٿي'
 'ته' 'ڪو' 'نه' 'ويندو' '.']",[0 0 0 0 0 0 0 7 0 0 0 0 0 0 0 0 0]
777,"['هي' 'ته' 'هڪڙو' 'واقعو' 'آهي' 'پر' 'توهان' 'پنهنجي' 'آس' 'پاس' 'جي'
 'انيڪ' 'واقعن' 'کي' 'بنياد' 'بڻائي' 'انهيءَ' 'حقيقت' 'جو' 'ادراڪ' 'ڪري'
 'سگهو' 'ٿا' 'ته' 'اسان' 'جي' 'پڙهيل' 'لکيل' 'طبقي' 'جو' 'وڏو' 'انگ'
 'ڪهڙي' 'نموني' 'سوشل' 'ميڊيا' 'کي' 'متبادل' 'ميڊيا' 'سمجهڻ' 'جي' 'سنگين'
 'غلط' 'فهميءَ' '۾' 'مبتلا' 'آهي' '۽' 'انهيءَ' 'غلط' 'فهميءَ' '۾' 'هڪٻئي'
 'تي' 'گند' 'اڇلائڻ' '،' 'اخلاق' 'کان' 'ڪريل' 'حرڪتون' 'ڪرڻ' 'کي' 'جيڪڏهن'
 'سوشلائيزيشن' 'جو' 'نالو' 'ڏنو' 'وڃي' 'ٿو' 'ته' 'ان' 'کان' 'وڌيڪ'
 'انتهاپسنديءَ' 'جو' 'مظاهرو' 'ٻيو' 'ڪهڙو' 'ٿي' 'سگهي' 'ٿو' '؟']","[ 0  0  0  0  0  0  0  0  0  0  0  0  0  0  0  0  0  0  0  0  0  0  0  0
  0  0  0  0  0  0  0  0  0  0  0  0  0  0  0  0  0  0  0  0  0  0  0  0
  0  0  0  0  0  0  0  0  0  0  0  0  0  0  0  0  0  0  0  0  0  0  0  0
  0  0  0  0  0 11  0  0  0  0  0]"
778,"['سندن' 'مڪروهه' 'خيال' 'موجب' '،' 'اهڙي' 'وڏي' 'ڏينهن' 'تي' 'مخالفن' 'جا'
 'ماڻهو' 'مارڻ' 'سان' 'سندن' 'دهشت' '۽' 'ڏهڪاءُ' '۾' 'اضافو' 'به' 'ٿيندو'
 'ته' 'کين' 'سولائي' 'سان' 'ٽارگيٽ' 'به' 'ملي' 'ويندو' '.']",[0 0 0 0 0 0 0 0 0 0 0 0 0 0 0 0 0 0 0 0 0 0 0 0 0 0 0 0 0 0 0]
779,"['ٻين' 'صوبن' 'کي' 'به' 'آباديءَ' 'جي' 'انهيءَ' 'بار' 'کي' 'برداشت' 'ڪرڻ'
 'لاءِ' 'آمادو' 'ڪجي' '،' 'پر' 'جيئن' 'ته' 'هنگامي' 'حالتون' 'جيئن' 'پوءِ'
 'تيئن' 'ويون' 'وڌنديون' '.']",[0 0 0 0 0 0 0 0 0 0 0 0 0 0 0 0 0 0 0 0 0 0 0 0 0 0]
780,"['زرعي' 'ترقياتي' 'بئنڪ' 'جي' 'اڳوڻي' 'صدر' 'جميل' 'نشتر' 'جو' 'والد'
 'بزرگوار' 'تن' 'ڏينهن' '۾' 'دهليءَ' 'واري' '”' 'گڏيل' 'حڪومت' '“' 'جو'
 'مواصلات' 'وارو' 'مرڪزي' 'وزير' 'هجي' '.']",[6 6 6 0 0 5 3 3 0 0 0 0 0 0 7 0 0 0 0 0 0 0 0 0 5 0 0]
781,"['128' 'لوميٽرن' 'واري' 'انهيءَ' 'ٽريڪ' 'کي' 'بدلائڻ' 'لاءِ' 'سال' 'ٻه'
 'جو' 'وقفو' 'پاڪستان' 'سرڪار' 'حاصل' 'ڪيو' 'آهي' '.']",[11  0  0  0  0  0  0  0  0 11  0  0  7  0  0  0  0  0]
782,"['سو' 'ميان' 'صاحب' 'هڪ' 'مشڪل' 'سياسي' 'جنگ' 'وڙهڻ' 'جو' 'فيصلو' 'ڪيو'
 'آهي' '،' 'ڇاڪاڻ' 'ته' 'قانوني' 'جنگ' 'هو' 'هارائي' 'چڪو' 'آهي' '،' 'پر'
 'ان' 'جنگ' 'جو' 'فيصلو' 'ڪندي' 'کيس' 'گهڻي' 'دير' 'ٿي' 'چڪي' 'آهي' '.']","[ 0  5  5 11  0  0  0  0  0  0  0  0  0  0  0  0  0  0  0  0  0  0  0  0
  0  0  0  0  0  0  0  0  0  0  0]"
783,"['انهيءَ' 'بيان' '۾' 'اهو' 'الزام' 'به' 'دلچسپ' 'هو' 'ته' 'قطر' 'حوثي'
 'باغين' 'جي' 'حمايت' 'ڪري' 'رهيو' 'آهي' '،' 'جڏهن' 'ساڻن' 'ويڙهه' 'ڪندڙ'
 'حوثي' 'مخالف' 'فوجي' 'اتحاد' '۾' 'قطر' 'به' 'شامل' 'آهي' '.']",[0 0 0 0 0 0 0 0 0 7 0 0 0 0 0 0 0 0 0 0 0 0 0 0 0 0 0 7 0 0 0 0]
784,"['چونڊون' 'جمهوري' 'نظام' 'جو' 'بنياد' 'هونديون' 'آهن' 'جيڪڏهن' 'انهن'
 'چونڊن' 'کي' 'ڌانڌلين' 'جو' 'لباس' 'پهريل' 'هوندو' 'ته' 'پوءِ' 'ان'
 'نظام' 'جا' 'بنياد' 'ڪيئن' 'مضبوط' 'ٿي' 'سگهندا' '،' 'ملڪ' '۾' 'ماڻهن'
 'کي' 'هيٺئين' 'سطح' 'تائين' 'اختيار' 'منتقل' 'ڪرڻ' 'لاءِ' 'ضروري' 'آهي'
 'ته' 'مڪاني' 'چونڊن' 'جو' 'بهتر' 'نظام' 'متعارف' 'ڪرايو' 'وڃي' '۽' 'ايم'
 'پي' 'ايز' '۽' 'ايم' 'اين' 'ايز' 'جي' 'طاقت' 'جو' 'زعم' 'ٽوڙيو' 'وڃي' '،'
 'جيڪي' 'قانون' 'موجود' 'آهن' 'انهن' 'تي' 'عملدرآمد' 'کي' 'يقيني' 'بڻائڻ'
 'لاءِ' 'اپاءَ' 'ورتا' 'وڃن' '،' 'حڪومت' 'کي' 'فقط' 'پنهنجن' 'مٽن' 'مائٽن'
 '۽' 'گهر' 'جي' 'باندي' 'بڻائڻ' 'بدران' 'عوام' 'جي' 'فلاح' 'لاءِ'
 'استعمال' 'ڪيو' 'وڃي' '،' 'ڪنهن' 'طاقتور' 'ڌر' 'جي' 'ڪلهي' 'تي' 'چڙهڻ'
 'بدران' 'عوام' 'کي' 'حقيقي' 'معنيٰ' '۾' 'طاقت' 'جو' 'سرچشمو' 'سمجهڻ' 'جي'
 'روايت' 'وڌي' 'وڃي' '،' 'جيڪڏهن' 'هن' 'بحران' 'مان' 'فائدو' 'وٺندي'
 'انهن' 'سمورين' 'خرابين' 'جو' 'تدارڪ' 'ڪيو' 'ويو' 'ته' 'پوءِ' 'پڪ' 'سان'
 'هن' 'ملڪ' '۾' 'حقيقي' 'جمهوريت' 'جو' 'سج' 'طلوع' 'ٿي' 'سگهي' 'ٿو' '۽'
 'ان' 'جو' 'ڪريڊٽ' 'بهرحال' 'پارليامينٽ' '۽' 'ڌرڻا' 'برادران' 'ٻنهي' 'کي'
 'ويندو' '،' 'پوءِ' 'اهل' 'دانش' '”' 'کي' 'وري' 'ڪنهن' 'نئين' 'منصوبه'
 'سازي' 'جو' 'ماحول' 'ميسر' 'نه' 'ٿي' 'سگهندو' 'پر' 'جيڪڏهن' 'ايئن' 'نه'
 'ٿيو' '۽' 'هن' 'بحران' 'کي' 'ملڪ' 'جي' 'وسيع' 'تر' 'مفادن' '۾' 'نه'
 'بدلايو' 'ويو' 'ته' 'پوءِ' 'يقين' 'ڄاڻو' 'اسلام' 'آباد' '۾' 'ڪنهن'
 'ڏينهن' 'اها' 'عام' 'خلق' 'اچي' 'ڪڙڪندي' 'جيڪا' 'اڄ' 'ٽي' 'وي' 'سيٽن'
 'آڏو' 'اهو' 'تماشو' 'ڏسي' 'رهي' 'آهي' '۽' 'پوءِ' 'ڇا' 'ٿيندو' 'تنهن' 'جو'
 'فقط' 'تصور' 'ڪرڻ' 'ئي' 'مشڪل' 'آهي' '!' 'هن' 'ڀيري' 'وري' 'سنڌ' 'جا'
 'ماڻهو' '2010ع' 'واري' 'مها' 'ٻوڏ' 'جي' 'خوف' '۾' 'ورتل' 'آهن' '،' 'سندن'
 'خوف' 'ان' 'ڪري' 'به' 'بجا' 'آهي' 'ڇاڪاڻ' 'ته' 'چار' 'سال' 'اڳ' 'به'
 'ٻوڏ' 'اچڻ' 'کان' 'پهرين' 'کين' 'سرڪار' 'پاران' 'هڪ' 'ته' 'ٻوڏ' 'نه'
 'اچڻ' '۽' 'اچڻ' 'جي' 'صورت' '۾' 'بند' 'مضبوط' 'هجڻ' 'جون' 'خوشخبريون'
 'ٻڌايون' 'پئي' 'ويون' '،' 'بلڪل' 'ايئن' 'جيئن' 'هاڻ' 'ٻڌايو' 'پيو' 'وڃي'
 '،' 'ٻيو' 'اهو' 'ته' 'پنجاب' 'گورننس' 'جي' 'حوالي' 'سان' 'سنڌ' 'کان'
 'بهتر' 'رهيو' 'آهي' 'پر' 'هو' 'پنهنجين' 'اکين' 'سان' 'ڏسي' 'رهيا' 'آهن'
 'ته' 'ٻوڏ' 'پنجاب' '۾' 'ڪيڏي' 'وڏي' 'تباهي' 'آندي' 'آهي' 'جنهن' 'جي'
 'نقصان' 'کي' 'پنجاب' 'جي' 'اها' 'گورننس' 'به' 'گهٽائي' 'نه' 'سگهي' 'آهي'
 'ته' 'سنڌ' '۾' 'ڇا' 'حال' 'ٿيندو' '؟']","[ 0  0  0  0  0  0  0  0  0  0  0  0  0  0  0  0  0  0  0  0  0  0  0  0
  0  0  0  0  0  0  0  0  0  0  0  0  0  0  0  0  0  0  0  0  0  0  0  0
  0  0 11 11 11  0 11 11 11  0  0  0  0  0  0  0  0  0  0  0  0  0  0  0
  0  0  0  0  0  0  0  0  0  0  0  0  0  0  0  0  0  0  0  0  0  0  0  0
  0  0  0  0  0  0  0  0  0  0  0  0  0  0  0  0  0  0  0  0  0  0  0  0
  0  0  0  0  0  0  0  0  0  0  0  0  0  0  0  0  0  0  0  0  0  0  0  0
  0  0  0  0  0  0  0  0  0  0  0  0  0  0  0  0  0  0  0  0  0  0  0  0
  0  0  0  0  0  0  0  0  0  0  0  0  0  0  0  0  0  0  0  0  0  0  0  0
  0  0  0  0  0  0  0  0  7  7  0  0  0  0  0  0  0  0  0  0 11 11  0  0
  0  0  0  0  0  0  0  0  0  0  0  0  0  0  0  0  0  0  0  0  0  7  0  0
 11  0  0  0  0  0  0  0  0  0  0  0  0  0  0  0  0  0  0  0  0  0  0  0
  0  0 11  0  0  0 11  0  0  0  0  0  0  0  0  0  0  0  0  0  0  0  0  0
  0  0  0  0  0  0  0  0  0 11  0  0  7  0  0  0  0  7  0  0  0  0  0  0
  0  0  0  0  0  0  0  0  7  0  0  0  0  0  0  0  0  0  0  7  0  0  0  0
  0  0  0  0  0  7  0  0  0  0  0]"
785,"['هاڻي' 'واضح' 'طور' 'اهو' 'نظر' 'اچي' 'پيو' 'ته' 'اسٽيبلشمينٽ' 'اصولي'
 'طور' 'متحده' 'جو' 'بپتسمو' 'ڪرائڻ' 'جو' 'پهه' 'ڪري' 'ورتو' 'آهي' '.']",[0 0 0 0 0 0 0 0 0 0 0 8 0 0 0 0 0 0 0 0 0]
786,"['انهيءَ' 'ڪري' 'اهلِ' 'قلم' 'جي' 'برادريءَ' 'تي' 'به' 'باوجود' 'ڪيترن'
 'ئي' 'تحفظات' 'جي' 'ويساهه' 'رهيو' 'ته' 'ڀلا' 'آخر' 'ڪهڙو' 'شعبو' 'آهي'
 '،' 'جيڪو' 'بنهه' 'پاڪ' 'صاف' '۽' 'کير' 'سان' 'وهنتل' 'هجي' '.']",[0 0 0 0 0 0 0 0 0 0 0 0 0 0 0 0 0 0 0 0 0 0 0 0 0 0 0 0 0 0 0 0]
787,"['حڪيم' 'فتح' 'محمد' 'سيوهاڻيءَ' 'جو' 'لخت' 'جگر' '۽' 'حڪيم' 'سعيد' '('
 'همدرد' ')' 'جو' 'ڪلاس' 'فيلو' 'حڪيم' 'احسن' 'لکي' 'ٿو' 'ته' ':' '”'
 'مون' 'کي' 'ڪراچيءَ' 'جي' 'ميئرشپ' '”' 'ميرٽ' '“' 'تي' 'مسلم' 'ليگي'
 'صدر' '۽' 'پرائيم' 'منسٽر' 'آف' 'پاڪستان' 'ڏياري' 'هئي' '.']","[3 3 3 3 0 0 0 0 3 3 0 0 0 0 0 0 3 3 0 0 0 0 0 0 0 7 0 0 0 0 0 0 8 8 5 0 5
 5 0 7 0 0 0]"
788,"['هو' 'چون' 'ٿا' 'ته' 'جنهن' 'قوم' 'کي' 'گهٽ' 'مزوري' 'ملي' 'ٿي' '،'
 'اُها' 'غريب' 'قوم' 'ليکبي' '۽' 'جنهن' 'قوم' 'کي' 'وڏيون' 'پگهارون'
 'ملنديون' '،' 'سا' 'شاهوڪار' 'قوم' 'ڳڻبي' '.']",[0 0 0 0 0 0 0 0 0 0 0 0 0 0 0 0 0 0 0 0 0 0 0 0 0 0 0 0 0]
789,"['ڊزاسٽر' 'مئنيجمينٽ' 'اٿارٽي' 'وارا' 'چوندا' 'آهن' 'ته' 'کين' 'ماڻهن'
 'جي' 'امداد' 'واسطي' 'اڃا' 'فنڊ' 'ئي' 'ڪونه' 'مليا' 'آهن' '.']",[0 0 0 0 0 0 0 0 0 0 0 0 0 0 0 0 0 0 0]
790,"['سپريم' 'ڪورٽ' 'مناسب' 'سمجهي' 'ته' 'سنڌ' 'جي' 'صحرائي' '۽' 'بياباني'
 'علائقي' 'لاءِ' '”' 'ڊولپمينٽ' 'اٿارٽي' '“' 'جي' 'اُڻت' 'واري' 'صلاح'
 'ڏيئي' 'سگهي' 'ٿي' '.']",[6 6 0 0 0 7 0 0 0 0 0 0 0 0 0 0 0 0 0 0 0 0 0 0]
791,"['اوهان' 'جي' 'ان' 'طرح' 'واري' 'فرار' 'سان' 'هندستان' '۾' 'رهندڙ'
 'مسلمان' 'ڪمزور' 'ٿي' 'ويندا' '۽' 'ڪو' 'وقت' 'اهڙو' 'به' 'اچي' 'سگهي'
 'ٿو' '،' 'جڏهن' 'پاڪستان' 'جا' 'علائقائي' 'باشنده' 'پنهنجي' 'الڳ' 'الڳ'
 'سڃاڻپ' 'جي' 'دعويٰ' 'کڻي' 'اٿن' '،' 'بنگالي' '،' 'سنڌي' '،' 'پنجابي' '،'
 'بلوچ' '۽' 'پٺاڻ' 'پاڻ' 'کي' 'مستقل' 'قوم' 'قرار' 'ڏين' '.']","[0 0 0 0 0 0 0 7 0 0 8 0 0 0 0 0 0 0 0 0 0 0 0 0 7 0 0 0 0 0 0 0 0 0 0 0 0
 8 0 8 0 8 0 5 0 5 0 0 0 0 0 0 0]"
792,['الله' 'الله' 'خير' 'صلا' '.'],[11 11  0  0  0]
793,"['مرزا' 'اسلم' 'بيگ' 'جي' 'ايامڪاريءَ' 'دوران' '”' 'ضرب' 'مومن' '“'
 'مشهوري' 'ماڻي' 'هئي' 'ته' 'هن' 'وقت' 'سهڻي' 'سردار' 'صه' 'ڏانهن' 'منسوب'
 'تلوار' 'جي' 'اتباع' '۾' '”' 'ضرب' 'عضب' '“' 'واري' 'سرگرمي' 'شروع' 'ڪئي'
 'اٿن' '.']",[3 3 3 0 0 0 0 9 9 0 0 0 0 0 0 0 5 5 5 0 0 0 0 0 0 0 9 9 0 0 0 0 0 0 0]
794,"['گهڻو' 'ٿيو' 'ته' 'تڏي' 'تي' 'لنگهي' 'ايندڙ' 'کي' 'مان' 'ڏبو' 'هو' '،'
 'چورن' '۽' 'ڪاٽڪوئن' 'کي' 'به' 'ضعيفن' '۽' 'عورتن' 'لاءِ' 'احترام'
 'هوندو' 'هو' '.']",[0 0 0 0 0 0 0 0 0 0 0 0 0 0 0 0 0 0 0 0 0 0 0 0 0]
795,"['اهڙي' 'صورتحال' '۾' 'هي' 'شهر' 'ڪيئن' 'پنهنجي' 'انهيءَ' 'اوج' 'کي'
 'موٽائي' 'سگهي' 'ٿو' '،' 'ڪيئن' 'بدلجندڙ' 'دنيا' '۾' 'تيز' 'رفتار'
 'ترقيءَ' 'جي' 'هن' 'دور' '۾' 'دنيا' 'جي' 'ٻين' 'ميٽروپوليٽن' 'شهرن' 'سان'
 'ڪلهو' 'ڪلهي' '۾' 'ملائي' 'بيهي' 'سگهي' 'ٿو' '،' 'ڪيئن' 'هن' 'شهر' 'جي'
 'معيشت' 'توڙي' 'صنعت' '۽' 'ترقيءَ' 'جو' 'ڦيٿو' 'ڦري' 'سگهي' 'ٿو' '،'
 'جڏهن' 'هر' 'ٻئي' 'ڏينهن' 'ڦيٿا' 'روڪ' '۽' 'شٽربند' 'ٿيندي' 'رهي' '،'
 'هر' 'ٻئي' 'ڏينهن' 'رستن' 'تي' 'رت' 'وهندو' 'رهي' '؟']","[0 0 0 0 0 0 0 0 0 0 0 0 0 0 0 0 0 0 0 0 0 0 0 0 0 0 0 0 0 0 0 0 0 0 0 0 0
 0 0 0 0 0 0 0 0 0 0 0 0 0 0 0 0 0 0 0 0 0 0 0 0 0 0 0 0 0 0 0 0 0 0 0 0 0]"
796,"['پوءِ' 'آخرڪار' 'پ' 'پ' 'قيادت' 'ايتري' 'خاموشيءَ' 'جو' 'مظاهرو' 'ڪري'
 'سنڌي' 'ماڻهن' 'کي' 'نيٺ' 'ڪهڙو' 'پيغام' 'ڏيڻ' 'چاهي' 'ٿي' '؟']",[0 0 8 8 0 0 0 0 0 0 8 0 0 0 0 0 0 0 0 0]
797,"['سنڌ' 'جي' 'ڏتڙيل' '۽' 'غربت' 'جي' 'ماريل' 'ڪروڙين' 'عوام' 'جو' 'به'
 'بنيادي' 'حق' 'آهي' 'ته' 'ان' 'کي' 'صاف' 'سٿري' '۽' 'ايماندار' 'قيادت'
 'ڏني' 'وڃي' '،' 'ڇو' 'ته' 'پيپلز' 'پارٽي' '۽' 'انهن' 'جي' 'اڳواڻن' 'جي'
 'ساک' 'به' 'فقط' 'تڏهن' 'بحال' 'ٿي' 'سگهي' 'ٿي' '.']","[7 0 0 0 0 0 0 0 0 0 0 0 0 0 0 0 0 0 0 0 0 0 0 0 0 0 0 8 8 0 0 0 0 0 0 0 0
 0 0 0 0 0 0]"
798,"['انهي' 'تيزاب' 'فاخره' 'جا' 'وار' 'ساڙي' '،' 'چپ' 'چٻا' 'ڪري' 'ڇڏيا' '،'
 'هن' 'جي' 'هڪ' 'اک' 'ضايع' '،' 'کاٻو' 'ڪن' '۽' 'ڇاتيون' 'ميڻ' 'وانگر'
 'پگهرجي' 'ويون' '.']","[ 0  0  3  0  0  0  0  0  0  0  0  0  0  0 11  0  0  0  0  0  0  0  0  0
  0  0  0]"
799,"['مسلم' 'معاشري' '۾' 'صدين' 'کان' 'اصلاح' '۽' 'عوام' 'تائين' 'پيغام'
 'پهچائڻ' '۽' 'سماجي' '۽' 'سياسي' 'تربيت' 'جي' 'حوالي' 'سان' 'ٻه' 'مختلف'
 'مڪتبهءِ' 'فڪر' 'رهيا' 'آهن' '.']","[ 8  8  0  0  0  0  0  0  0  0  0  0  0  0  0  0  0  0  0 11  0  0  0  0
  0  0]"
800,"['شاهد' 'عزيز' 'پنهنجي' 'پروفيشنل' 'آڪهه' 'بابت' 'لکي' 'ٿو' 'ته' '،' '’'
 'ائين' 'ڪونهي' 'ته' 'ڪو' 'اسان' 'جي' 'کاتي' '۾' 'شفافيت' 'جي' 'سمنڊ'
 'جون' 'طغيانيءَ' 'واريون' 'ڇوليون' 'پويتر' 'آهن' '.']",[3 3 0 0 0 0 0 0 0 0 0 0 0 0 0 0 0 0 0 0 0 0 0 0 0 0 0 0 0]
801,"['ملڪ' 'جي' 'هن' 'آخري' 'گورنر' 'جنرل' '1956ع' 'جي' 'پهرين' 'آئين' '۾'
 'گورنر' 'جنرل' 'جي' 'بدران' 'صدارتي' 'عهدو' 'متعارف' 'ڪرايو' '۽' 'پاڻ'
 'صدر' 'ٿي' 'ويهي' 'رهيو' '۽' 'ٻن' 'سالن' 'اندر' '4' 'وزير' 'اعظم' 'تبديل'
 'ٿيا' '،' 'پر' 'ملڪ' 'جا' 'ترا' 'نڪرندا' 'ويا' '.']","[ 0  0  0  0  5  5 11  0 11  0  0  5  5  0  0  0  0  0  0  0  0  5  0  0
  0  0  0  0  0 11  5  5  0  0  0  0  0  0  0  0  0  0]"
802,"['اها' 'تڪليف' 'جيڪڏهن' 'عام' 'ماڻهن' 'جي' 'ڀوڳنائن' 'سان' 'ڳنڍي' 'ڏسجي'
 'ته' 'ان' 'جو' 'ڪاٿو' 'لڳائڻ' 'ناممڪن' 'هوندو' '.']",[0 0 0 0 0 0 0 0 0 0 0 0 0 0 0 0 0 0]
803,"['پاڻيءَ' 'جي' 'کوٽ' 'جو' 'سوال' 'هجي' 'يا' 'ناڻي' 'جي' 'ورڇ' '،' 'سنڌين'
 'جي' 'روزگار' '۽' 'وسيلن' 'جي' 'مالڪيءَ' 'مٿان' 'ڌارين' 'جو' 'قبضو' 'هجي'
 'يا' 'آدمشماريءَ' '۾' 'ٿيندڙ' 'گهوٻين' '۽' 'بدعنوانين' 'واري' 'چال' '،'
 'سنڌي' 'ٻوليءَ' 'کي' 'قومي' 'ٻوليءَ' 'جو' 'درجو' 'ڏيارڻ' 'يا' 'سنڌ'
 'اندر' 'قبائلي' 'جهيڙن' '۽' 'تعليمي' 'ادارن' '۾' 'بدامني' 'ختم' 'ڪرائڻ'
 '،' 'انهن' 'مڙني' 'حساس' 'مامرن' 'تي' 'هو' 'بجليءَ' 'واري' 'رفتار' 'سان'
 'ڳوٺ' 'ڳوٺ' '،' 'شهر' 'شهر' 'ماڻهن' 'جا' 'ميڙ' 'ڪري' '،' 'سجاڳي' '۽'
 'شعور' 'جي' 'لاٽ' 'ٻارڻ' 'لاءِ' 'هر' 'وقت' 'آتو' 'نظر' 'ايندو' 'هو' '.']","[0 0 0 0 0 0 0 0 0 0 0 0 0 0 0 0 0 0 0 0 0 0 0 0 0 0 0 0 0 0 0 0 0 1 1 0 0
 0 0 0 0 0 7 0 0 0 0 0 0 0 0 0 0 0 0 0 0 0 0 0 0 0 0 0 0 0 0 0 0 0 0 0 0 0
 0 0 0 0 0 0 0 0 0 0 0 0 0 0]"
804,"['“' 'تودوروف' 'عام' 'حالتن' '۾' 'انساني' 'نفسيات' 'جا' 'ڪئين' 'ڪنڊ'
 'پاسا' 'پڌرا' 'ڪيا' 'آهن' '.']",[0 3 0 0 0 0 0 0 0 0 0 0 0 0 0]
805,"['مسجد' '۾' '’' 'تل' 'ڌرني' 'ڪو' 'جگه' 'نه' 'ملي' '‘' 'واري' 'صورتحال'
 'هوندي' 'هئي' '.']",[0 0 0 0 0 0 0 0 0 0 0 0 0 0 0]
806,['انهن' 'جا' 'به' 'حال' 'هيڻا' 'ٿا' 'ڏسجن' '۽' 'سور' 'ٻيڻا' '.'],[0 0 0 0 0 0 0 0 0 0 0]
807,"['پيپلز' 'پارٽي' 'ته' 'شايد' 'تيار' 'به' 'ٿي' 'وڃي' 'ها' 'پر' 'سندس'
 'واسطو' 'هڪ' 'اهڙي' 'آزاد' 'عدليه' 'سان' 'پيو' 'آهي' '،' 'جنهن' 'تازو'
 'تازو' 'وزير' 'اعظم' 'کي' 'توهين' 'عدالت' 'جي' 'سزا' 'ٻڌائي' 'ان' 'تي'
 'عمل' 'در' 'آمد' 'به' 'ڪرائي' 'ڇڏيو' 'آهي' '.']","[ 8  8  0  0  0  0  0  0  0  0  0  0 11  0  0  0  0  0  0  0  0  0  0  5
  5  0  0  0  0  0  0  0  0  0  0  0  0  0  0  0  0]"
808,"['عوام' 'سان' 'ناتو' 'نڀائڻ' ':' 'اهو' 'ناتو' 'نڀائڻ' 'وارو' 'فلسفو' 'کيس'
 'پنهنجي' 'والد' 'شهيد' 'ڀٽو' 'کان' 'ورثي' '۾' 'مليو' '.']",[0 0 0 0 0 0 0 0 0 0 0 0 0 0 5 0 0 0 0 0]
809,"['ڪرپشن' 'بابت' 'هن' 'چيو' 'ته' 'آئينده' 'ڪنهن' 'به' 'قسم' 'جي' 'بدعنواني'
 'جي' 'اجازت' 'نه' 'ڏيندو' '۽' 'ڪرپٽ' 'آفيسرن' 'توڙي' 'سندن' 'سرپرستن'
 'کي' 'سزائون' 'ڏنيون' 'وينديون' '.']",[0 0 0 0 0 0 0 0 0 0 0 0 0 0 0 0 0 0 0 0 0 0 0 0 0 0]
810,"['اهو' 'ڏينهن' '،' 'اڄوڪو' 'ڏينهن' 'سنڌ' 'وفاق' 'ڏانهن' 'تڪيندي' 'رهي'
 'آهي' 'ته' 'ڪڏهن' 'ٿي' 'ٽيڪس' 'ڪليڪشن' 'جي' 'بنياد' 'تي' 'جي' 'ايس' 'ٽي'
 'ملي' '.']",[ 0  0  0  0  0  7  0  0  0  0  0  0  0  0  0  0  0  0  0 11 11 11  0  0]
811,"['انهيءَ' 'ڳالهه' 'کي' 'سمجهڻ' 'لاءِ' 'ڪنهن' 'وڏي' 'عربي' 'فارسي' 'جي'
 'ضرورت' 'ناهي' '.']",[0 0 0 0 0 0 0 1 1 0 0 0 0]
812,"['اسان' 'وٽ' 'هر' 'ايندڙ' 'حڪمران' 'قوم' 'کي' 'سادگيءَ' 'جي' 'تلقين'
 'ڪندي' 'سندن' 'رهيل' 'سهيل' 'اثاثن' 'جي' 'ڀينگ' 'ڪرڻ' 'کان' 'وسان' 'ناهي'
 'گهٽائيندو' '،' 'موٽ' '۾' 'سندن' 'پنهنجا' 'اثاثا' 'ڏينهن' 'رات' 'ترقي'
 'ڪندا' 'رهندا' 'آهن' '.']",[0 0 0 0 0 0 0 0 0 0 0 0 0 0 0 0 0 0 0 0 0 0 0 0 0 0 0 0 0 0 0 0 0 0 0]
813,"['ان' 'کانسواءِ' 'ڪيتري' 'ئي' 'عرصي' 'تائين' 'هو' 'پارٽي' 'جي' 'سياسي'
 'توڻي' 'ڪراچي' '۽' 'حيدرآباد' 'جي' 'انتظامي' 'معاملن' 'جو' 'نگران' 'رهيو'
 '.']",[0 0 0 0 0 0 0 0 0 0 0 7 0 7 0 0 0 0 0 0 0]
814,"['پوءِ' 'مفاهمت' 'جي' 'هڪ' 'عجيب' 'و' 'غريب' 'تشريح' 'سنڌ' 'جي' 'ماڻهن'
 'انهيءَ' 'صورت' '۾' 'ڏٺي' 'ته' 'پيپلز' 'پارٽيءَ' 'مرڪز' '۾' 'محفوظ' 'رهڻ'
 'لاءِ' 'سنڌ' 'جي' 'اقتدار' '۾' 'متحده' 'جي' 'ڀاڱي' 'ڀائيواريءَ' 'کي'
 'قبول' 'ڪري' 'ورتو' '.']","[ 0  0  0 11  0  0  0  0  7  0  0  0  0  0  0  0  8  8  0  0  0  0  0  7
  0  0  0  8  0  0  0  0  0  0  0  0]"
815,"['اڄ' 'کان' 'ڀريا' 'تريا' 'پنجويهه' 'سال' 'اڳ' 'جڏهن' 'نٽور' 'سنگهه' 'سان'
 'نيڪڻ' 'فقير' 'پوڻا' 'ٻه' 'ڪلاڪ' 'رهاڻ' 'ڪئي' 'هئي' '،' 'تڏهن' 'به' 'کيس'
 '(' 'نٽور' 'سنگهه' 'کي' ')' 'سفارت' 'ڪاريءَ' 'جو' 'پنجويهه' 'سالن' 'وارو'
 'تجربو' 'نصيب' 'ٿيل' 'هو' '.']","[ 0  0  0  0 11 11  0  0  3  3  0  3  3 11 11 11  0  0  0  0  0  0  0  0
  3  3  0  0  0  0  0 11  0  0  0  0  0  0  0]"
816,"['بدقسمتي' 'سان' 'اها' 'ڳالهه' 'جنهن' 'معزز' 'ميمبرياڻي' 'پاران' 'ڪئي'
 'وئي' '،' 'سا' 'آن' 'رڪارڊ' 'ڪي' 'ٽي' 'اين' 'نيوز' 'تان' 'نشر' 'ٿي' '.']",[0 0 0 0 0 0 0 0 0 0 0 0 0 0 6 6 6 6 0 0 0 0]
817,['جهڙو' 'بند' 'اهڙو' 'ڪو' 'ٻيو' 'بند' '،' 'جهڙي' 'ڇاهي' 'تهڙي' 'پني' '.'],[ 0  0  0  0 11  0  0  0  0  0  0  0]
818,"['هينئر' 'به' 'ماضي' 'جا' 'اهي' 'ساڳيا' 'ئي' 'مسئلا' 'حال' '۾' 'به' 'تازا'
 'آهن' '،' 'فرق' 'اهو' 'آهي' 'ته' 'هن' 'ڀيري' 'سنڌ' '۽' 'مرڪز' '۾' 'ساڳي'
 'پارٽي' 'جي' 'حڪومت' 'آهي' '،' 'جيڪا' 'ماضي' '۾' 'گڏيل' 'مفادن' 'واري'
 'ڪائونسل' 'جي' 'قيام' 'جو' 'وڏي' 'شد' 'مد' 'سان' 'مطالبو' 'ڪندي' 'رهي'
 'آهي' '.']","[0 0 0 0 0 0 0 0 0 0 0 0 0 0 0 0 0 0 0 0 7 0 0 0 0 0 0 0 0 0 0 0 0 0 0 0 0
 0 0 0 0 0 0 0 0 0 0 0 0]"
819,"['هونئن' 'به' 'اهو' 'ممڪن' 'ئي' 'ناهي' 'ته' 'پ' 'پ' 'جا' 'جيڪي' 'اميدوار'
 'ماڻهن' 'جي' 'گهرن' 'تي' 'ڏينهن' 'جي' 'سوجهري' 'بدران' 'رات' 'جي'
 'اونداهيءَ' '۾' 'ورڪ' 'لاءِ' 'ويندا' 'هجن' '،' 'سي' 'لک' 'يا' 'لک' 'مان'
 'مٿي' 'ووٽ' 'کڻي' 'چونڊون' 'کٽن' '،' 'کوڙو' 'ئي' 'نٿو' 'لڳي' '.']","[ 0  0  0  0  0  0  0  8  8  0  0  0  0  0  0  0  0  0  0  0  0  0  0  0
  0  0  0  0  0  0 11  0 11  0  0  0  0  0  0  0  0  0  0  0  0]"
820,"['“' '،' 'تڏهن' 'عوام' 'مان' 'جواب' 'آيو' 'ته' '”' 'بلڪل' 'ڪورٽون' 'اڄ'
 'به' 'انهيءَ' 'ساڳئي' 'طريقي' 'سان' 'انصاف' 'ڏيئي' 'رهيون' 'آهن' '،'
 'جيئن' 'جنگ' 'کان' 'پهرين' 'ڏينديون' 'هيون' '“' '.']","[ 0  0  0  0  0  0  0  0  0  0  0  0  0  0  0  0  0  0  0  0  0  0  0  0
  0 11  0  0  0  0]"
821,['”' 'ڏيهه' 'نيڪالي' '؟'],[0 0 0 0]
822,"['خبر' 'پوي' 'ته' 'حيدرآباد' '۽' 'ڪراچيءَ' 'جا' 'ڳچ' 'حصا' 'رهڙي' '۽'
 'پٽي' 'کڻي' 'هليو' 'وڃي' '.']",[0 0 0 7 0 7 0 0 0 0 0 0 0 0 0 0]
823,['آخر' 'ويچاري' 'عام' 'پڙهندڙ' '۽' 'ٻڌندڙ' 'ڏوهه' 'ڪهڙو' 'ڪيو' 'آهي' '.'],[0 0 0 0 0 0 0 0 0 0 0]
824,"['توهان' 'کي' 'عدالتي' 'نظام' 'مان' 'اهڙي' 'ڪا' 'اميد' 'ناهي' 'ته' 'اهو'
 'دهشتگردي' 'جي' 'ڪيسن' 'جو' 'ڪو' 'تڪڙو' 'اڪلاءُ' 'ڪري' 'سگهي' 'ٿو' '،'
 'ته' 'پوءِ' 'سموري' 'سياسي' 'قيادت' '،' 'جنهن' 'پهرين' 'ڀيري' 'قوم' 'کي'
 'اهو' 'ٻڌايو' 'هو' 'ته' 'هو' 'مجبوري' 'وچان' 'فوجي' 'عدالتن' 'جي' 'ڪڙي'
 'گوري' 'کائي' 'رهيا' 'آهن' 'ته' 'انهن' 'ان' 'وقت' 'ويهي' 'ان' 'بابت' 'ڪا'
 'رٿابندي' 'ڇونه' 'ڪئي' 'ته' 'سويلين' 'عدالتي' 'سرشتي' '۾' 'سڌارن' 'جي'
 'اشد' 'ضرورت' 'آهي' '؟']","[ 0  0  0  0  0  0  0  0  0  0  0  0  0  0  0  0  0  0  0  0  0  0  0  0
  0  0  0  0  0 11  0  0  0  0  0  0  0  0  0  0  0  0  0  0  0  0  0  0
  0  0  0  0  0  0  0  0  0  0  0  0  0  0  0  0  0  0  0  0  0  0]"
825,['گُندي' 'به' 'اسان' 'جي' 'آهي' '۽' 'داڻا' 'به' 'اسان' 'جا' 'آهن' '.'],[0 0 0 0 0 0 0 0 0 0 0 0]
826,"['سنڌ' 'جون' 'اهي' 'سموريون' 'هڏ' 'ڏوکي' 'ڌريون' '،' 'جيڪي' 'سنڌ' 'جي'
 'حقن' 'جون' 'دعوائون' 'ڪري' 'ذاتي' 'مفاد' 'ميڙڻ' 'کي' 'ترجيح' 'ڏين'
 'ٿيون' '،' 'تن' 'کي' 'به' 'پنهنجي' 'طرف' '۽' 'ترجيحن' 'جو' 'فيصلو' 'ڪرڻو'
 'پوندو' '،' 'ڇاڪاڻ' 'ته' 'هاڻ' 'جيڪي' 'مسئلا' 'سامهون' 'ايندا' '،' 'سي'
 'هينئر' 'موجود' 'ڪنهن' 'هڪ' 'پارٽي' '،' 'تنظيم' '،' 'گروهه' 'جي' 'وس'
 'کان' 'ٻاهر' 'آهن' '.']","[ 7  0  0  0  0  0  0  0  0  7  0  0  0  0  0  0  0  0  0  0  0  0  0  0
  0  0  0  0  0  0  0  0  0  0  0  0  0  0  0  0  0  0  0  0  0  0  0 11
  0  0  0  0  0  0  0  0  0  0  0]"
827,"['اهو' 'ئي' 'سبب' 'آهي' 'جو' 'آمريڪي' 'سفير' 'اين' 'ڊبليو' 'پيٽرسن' 'کان'
 'ويندي' 'نيگرو' 'پونٽي' 'تائين' 'يا' 'اردن' 'جي' 'بادشاهه' 'شاهه' 'حسين'
 'کان' 'ويندي' 'ترڪيءَ' 'جي' 'صدر' 'عبدالله' 'گل' 'تائين' 'سڀني' 'جي'
 'اها' 'ڪوشش' 'آهي' 'ته' 'ملڪ' '۾' 'صاف' '۽' 'شفاف' 'چونڊون' 'ٿين' '۽'
 'اقتدار' 'عوام' 'جي' 'نمائندن' 'حوالي' 'ڪيو' 'وڃي' '.']","[0 0 0 0 0 8 8 3 3 3 0 0 3 3 0 0 7 0 0 3 3 0 0 7 0 5 3 3 0 0 0 0 0 0 0 0 0
 0 0 0 0 0 0 0 0 0 0 0 0 0 0]"
828,"['پاڻ' '۾' 'ٺهڻو' 'ڪونهي' '!' 'ٻه' 'ڀائر' 'هڪ' 'ئي' 'گهر' '۾' 'رهندي'
 'هڪٻئي' 'کان' 'ناراض' 'هجن' 'ڀل' 'پاڻ' '۾' 'ڳالهائيندا' 'به' 'نه' 'هجن'
 'پر' 'ڪو' 'ڌاريو' 'گهر' '۾' 'گهڙندو' 'ته' 'في' 'الحال' 'ته' 'ٻئي' 'هڪ'
 'ٿي' 'کيس' 'منهن' 'ڏيندا' '،' 'پر' 'هتي' 'ته' 'اها' 'ڪار' 'به' 'ڪانهي'
 '.']","[ 0  0  0  0  0 11  0 11  0  0  0  0  0  0  0  0  0  0  0  0  0  0  0  0
  0  0  0  0  0  0  0  0  0  0 11  0  0  0  0  0  0  0  0  0  0  0  0  0]"
829,"['ان' 'کان' 'سواءِ' 'اولهه' 'پنجاب' '-' 'اوڀر' 'پنجاب' 'جي' 'وچ' '۾'
 'واپاري' '،' 'ثقافتي' '۽' 'راند' 'روند' 'وارن' 'وفدن' 'جي' 'مٽا' 'سٽا'
 'واري' 'نيڪي' 'سنڌ' '۽' 'اولڊ' 'سنڌ' 'گجرات' '۽' 'راجسٿان' 'جي' 'وچ' '۾'
 'به' 'قابل' 'عمل' 'بنائڻ' 'لاءِ' 'ڪير' 'سوچيندو' '؟']","[0 0 0 7 7 0 7 7 0 0 0 0 0 0 0 0 0 0 0 0 0 0 0 0 7 0 7 7 7 0 7 0 0 0 0 0 0
 0 0 0 0 0]"
830,['اهو' 'رشتو' 'ازل' 'کان' 'ابد' 'تائين' 'قائم' 'رهڻو' 'آهي' '.'],[0 0 0 0 0 0 0 0 0 0]
831,"['ذوالفقار' 'علي' 'ڀٽو' 'تن' 'ڏينهن' '۾' 'پرڏيهي' 'دوري' 'تي' 'ويل' 'هو'
 '،' 'جڏهن' 'وطن' 'واپس' 'وريو' 'ته' 'ڪراچي' 'ايئرپورٽ' 'تي' 'کيس'
 'اخباري' 'نمائندن' 'انهيءَ' 'تحريڪ' 'جي' 'ڄاڻ' 'ڏيندي' 'سوال' 'پڇيو' 'ته'
 '،' 'پاڪستان' 'پيپلز' 'پارٽيءَ' 'جو' 'هن' 'معاملي' 'تي' 'ڪهڙو' 'موقف'
 'آهي' '؟']","[3 3 3 0 0 0 0 0 0 0 0 0 0 0 0 0 0 2 2 0 0 0 0 0 0 0 0 0 0 0 0 0 8 8 8 0 0
 0 0 0 0 0 0]"
832,"['جيڪڏهن' 'علي' 'قاضي' 'پاران' 'اها' 'ڳالهه' 'ڪئي' 'وڃي' 'ٿي' 'ته' 'هي'
 'ڪا' 'اڻ' 'ٿيڻي' 'ڳالهه' 'نه' '،' 'پر' 'هڪ' 'عمل' 'جوڳو' 'ڪم' 'آهي' 'ته'
 'آئون' 'به' 'ان' 'ڳالهه' 'سان' 'سهمت' 'آهيان' 'ته' 'ايئن' 'ٿي' 'سگهي'
 'ٿو' '.']","[ 0  3  3  0  0  0  0  0  0  0  0  0  0  0  0  0  0  0 11  0  0  0  0  0
  0  0  0  0  0  0  0  0  0  0  0  0  0]"
833,"['لطيف' 'سائين' 'جي' 'گهڻ' 'رخي' '۽' 'معنويت' 'سان' 'ڀرپور' 'شاعري' 'کي'
 'جڏهن' 'حال' 'سارو' 'پڙهجي' '۽' 'سمجهجي' 'ٿو' 'ته' 'سندس' 'شاعري' '۾'
 'ست' 'سورميون' 'ملن' 'ٿيون' '،' 'جيڪي' 'ستن' 'لوڪ' 'ڪهاڻين' 'جون' 'مک'
 'ڪردار' 'آهن' '.']","[ 3  3  0  0  0  0  0  0  0  0  0  0  0  0  0  0  0  0  0  0  0  0 11  0
  0  0  0  0  0  0  0  0  0  0  0  0]"
834,['پاڻ' 'مٿي' 'ڀارتي' 'ڪارگل' 'ڪميشن' 'جو' 'ذڪر' 'ڪري' 'آيا' 'آهيون' '.'],[0 0 8 8 8 0 0 0 0 0 0]
835,"['جسمن' '۾' 'گوليون' 'لڳل' 'بيوس' 'ماڻهن' 'ڪنهن' 'ايمبولينس' 'جي' 'انتظار'
 '۾' 'ڇڙيون' 'هڻندي' 'هڻندي' 'دم' 'ڏنو' '.']",[0 0 0 0 0 0 0 0 0 0 0 0 0 0 0 0 0]
836,"['جيڪي' 'ڌريون' 'اسلام' 'آباد' 'تي' 'قابض' 'آهن' '،' 'سي' 'ننڍن' 'صوبن'
 'جي' 'مالي' '۽' 'معدني' 'وسيلن' 'تي' 'دائمي' 'قبضو' 'ڄمائڻ' 'خاطر' 'روز'
 'اول' 'کان' 'واجهه' 'وجهنديون' 'رهيون' 'آهن' '.']",[0 0 7 7 0 0 0 0 0 0 0 0 0 0 0 0 0 0 0 0 0 0 0 0 0 0 0 0 0]
837,"['شهيد' 'ڀٽي' 'جيل' 'جي' 'ڪال' 'ڪوٺڙيءَ' 'مان' '،' 'شهيد' 'راڻيءَ' 'لاءِ'
 'جيڪو' 'آخري' 'خط' 'منهنجي' 'سڀ' 'کان' 'پياري' 'ڌيءُ' '“' 'لکيو' '،'
 'انهيءَ' '۾' 'ملڪي' 'توڙي' 'بين' 'الاقوامي' 'مسئلن' 'کي' 'انتهائي'
 'خوبصورتي' '۽' 'سچائيءَ' 'سان' 'چٽيو' 'اٿائين' '،' 'جنهن' 'کي' 'اسان'
 'ٻين' 'لفظن' '۾' 'اڳ' 'ڪٿيون' 'به' 'چئي' 'سگهون' 'ٿا' '،' 'جيڪي' 'هوريان'
 'هوريان' 'سچ' 'ثابت' 'ٿي' 'رهيون' 'آهن' '،' 'جهڙوڪ' 'ٽين' 'دنيا' 'وڏن'
 'بوٽن' 'وارن' 'فوجي' 'ڊڪٽيٽرن' 'لاءِ' 'فوٽ' 'بال' 'جو' 'ميدان' 'بڻجي'
 'ويئي' 'آهي' '.']","[ 0  5  0  0  0  0  0  0  0  3  0  0  0  0  0  0  0  0  0  0  0  0  0  0
  0  0  0  0  0  0  0  0  0  0  0  0  0  0  0  0  0  0  0  0  0  0  0  0
  0  0  0  0  0  0  0  0  0  0  0  0  0 11  0  0  0  0  0  0  0 11 11  0
  0  0  0  0  0]"
838,"['ديانتدار' 'قديم' 'سنڌي' 'آفيسر' 'به' 'ڪي' 'ايم' 'سيءَ' 'جي' 'اهم'
 'پوسٽن' 'تي' 'متعين' 'ڪري' '،' 'وسيم' 'اختر' 'حڪيم' 'احسن' 'پارن' 'جا'
 '”' 'احسان' '۽' 'ٿورا' '“' 'لاهڻ' 'جي' 'ڪوشش' 'ڪري' 'سگهي' 'ٿو' '.']",[0 0 8 0 0 6 6 6 0 0 0 0 0 0 0 3 3 3 3 0 0 0 0 0 0 0 0 0 0 0 0 0 0]
839,"['باقي' 'جيڪي' 'ماڻهو' 'ٻين' 'ملڪن' 'مان' 'اچي' 'اسان' 'تي' 'بار' 'ٿين'
 'ٿا' '،' 'انهيءَ' 'لاءِ' 'اميگريشن' 'جا' 'اهڙا' 'قاعدا' 'قانون' 'ٺاهيا'
 'وڃن' '،' 'جهڙا' 'ٻين' 'ملڪن' '۾' 'آهن' '.']",[0 0 0 0 0 0 0 0 0 0 0 0 0 0 0 0 0 0 0 0 0 0 0 0 0 0 0 0 0]
840,"['بلڪه' 'مون' 'ته' 'اهو' 'به' 'ڏٺو' 'آهي' 'يا' 'مون' 'وٽ' 'جيڪي' 'ماڻهو'
 'پنهنجي' 'ڪم' 'کي' 'اتساهه' '،' 'خوشيءَ' '۽' 'سان' 'ڪندا' 'آهن' '،' 'تن'
 'کي' 'جڳاڙ' 'ٿي' 'هلندڙ' 'خد' 'اجا' 'بندا' 'بيوقوف' '۽' 'سڏي' 'مٿن'
 'ٽوڪون' 'ڪرڻ' 'لڳندا' 'آهن' '.']","[0 0 0 0 0 0 0 0 0 0 0 0 0 0 0 0 0 0 0 0 0 0 0 0 0 0 0 0 0 0 0 0 0 0 0 0 0
 0 0 0]"
841,"['امريڪا' 'پاران' 'امداد' 'گهٽائڻ' 'جي' 'دڙڪن' 'جي' 'موٽ' '۾' 'پاڪستان'
 'سدائين' 'چين' 'جي' 'وڌيڪ' 'ويجهو' 'ٿيڻ' 'جو' 'رد' 'عمل' 'ظاهر' 'ڪندو'
 'رهيو' 'هو' '،' 'پر' 'ٻئي' 'پاسي' 'چين' 'ڪڏهن' 'به' 'ان' 'قسم' 'جو'
 'رويو' 'نه' 'رکيو' 'ته' 'هو' 'امريڪا' 'پاران' 'امداد' 'روڪڻ' 'جي' 'صورت'
 '۾' 'ڪو' 'پاڪستان' 'جي' 'مڪمل' 'مدد' 'ڪندو' '.']","[7 0 0 0 0 0 0 0 0 7 0 7 0 0 0 0 0 0 0 0 0 0 0 0 0 0 0 7 0 0 0 0 0 0 0 0 0
 0 7 0 0 0 0 0 0 0 7 0 0 0 0 0]"
842,"['ظاهر' 'آهي' 'ته' 'اهڙو' 'ڪو' 'ڪرشمو' 'پاڻ' 'وٽ' 'ٿيو' 'ئي' 'ڪونهي' '۽'
 'اسان' 'مان' 'گهڻا' 'ماڻهو' 'هوندا' '،' 'جن' 'کي' 'ويجهي' 'مستقبل' '۾'
 'اهڙي' 'ڪنهن' 'معجزي' 'ٿيڻ' 'جي' 'توقع' 'هوندي' '؟']",[0 0 0 0 0 0 0 0 0 0 0 0 0 0 0 0 0 0 0 0 0 0 0 0 0 0 0 0 0 0 0]
843,"['دراصل' 'آمريڪا' 'جاپان' 'کان' 'پرل' 'هاربر' 'وارو' 'انتقام' 'ورتو' 'هو'
 '.']",[0 7 7 0 4 4 0 0 0 0 0]
844,['انهيءَ' '۾' 'ته' 'شڪ' 'جي' 'گنجائش' 'نه' 'هوندي' 'آهي' '.'],[0 0 0 0 0 0 0 0 0 0]
845,['منهنجي' 'ته' 'ڪا' 'ڦٽل' 'هئي' 'جو' 'اسٽور' 'تي' 'چڙهي' 'ويس' '.'],[0 0 0 0 0 0 0 0 0 0 0]
846,"['نه' 'ئي' 'پاڻ' 'انهن' 'سوالن' 'کي' 'اٿاريون' 'ٿا' 'ته' 'جڏهن' 'ملڪ' '۾'
 'مجموعي' 'ووٽرن' 'جو' 'انگ' '8' 'ڪروڙ' 'آهي' 'ته' 'پوءِ' '18' 'ڪروڙ'
 'بيلٽ' 'پيپر' 'ڇو' 'ڇپرايا' 'ويا' '؟']","[ 0  0  0  0  0  0  0  0  0  0  0  0  0  0  0  0 11 11  0  0  0 11 11  0
  0  0  0  0  0]"
847,"['ان' 'جا' 'ذميوار' 'سنڌ' 'جا' 'اهي' 'سنڌي' 'توڙي' 'اردو' 'ڳالهائيندڙ'
 'هرگز' 'ناهن' 'جيڪي' 'اڄ' 'به' 'شهري' 'علائقن' '۾' 'توهان' 'کي' 'ڀائرن'
 'وانگر' 'هڪٻئي' 'سان' 'رهندي' 'نظر' 'ايندا' '،' 'منجهن' 'اڄ' 'به' 'نه'
 'ته' 'ڪا' 'لساني' 'تفريق' 'آهي' 'نه' 'ئي' 'منجهن' 'ڪو' 'ثقافتي' 'ويڇو'
 '،' 'هو' 'ورهين' 'کان' 'هڪٻئي' 'سان' 'گڏ' 'رهندي' 'هڪٻئي' 'جي' 'ڏک' 'سک'
 '۾' 'شريڪ' 'رهندا' 'آيا' 'آهن' '.']","[0 0 0 7 0 0 1 0 1 0 0 0 0 0 0 0 0 0 0 0 0 0 0 0 0 0 0 0 0 0 0 0 0 0 0 0 0
 0 0 0 0 0 0 0 0 0 0 0 0 0 0 0 0 0 0 0 0 0 0 0 0]"
848,"['جنرل' 'ضياءَ' 'سرڪار' 'جي' 'انفارميشن' 'سيڪريٽري' 'جنرل' 'مجيب'
 'الرحمان' 'کيس' 'پي' 'ٽي' 'ويءَ' 'تي' 'ليڪچر' 'ڏيڻ' 'جو' 'موقعو' 'فراهم'
 'ڪيو' '۽' 'ڊاڪٽر' 'صاحب' 'جو' 'اهلِ' 'علم' 'طور' 'تعارف' 'ويو' 'وڌندو'
 '.']",[5 3 0 0 0 5 5 3 3 0 6 6 6 0 0 0 0 0 0 0 0 5 5 0 0 0 0 0 0 0 0]
849,"['جڏهن' 'انڊيا' '۾' 'ججن' 'جو' 'احتساب' 'پارليامينٽ' 'ذريعي' 'ٿي' 'سگهي'
 'ٿو' 'ته' 'پوءِ' 'هتي' 'ڇو' 'نٿو' 'ٿي' 'سگهي' '؟']",[0 7 0 0 0 0 0 0 0 0 0 0 0 0 0 0 0 0 0]
850,['ظاهر' 'آهي' 'ته' 'آئون' 'به' 'انهيءَ' 'ساڳئي' 'ڌڻ' 'مان' 'آهيان' '.'],[0 0 0 0 0 0 0 0 0 0 0]
851,"['سو' 'ان' 'مفاهمت' 'سان' 'ته' 'فقط' 'پيپلز' 'پارٽي' 'ئي' 'ٻڌل' 'آهي' 'ته'
 'ان' 'جي' 'ذميواري' 'به' 'پيپلز' 'پارٽي' 'مٿان' 'وڌيڪ' 'لاڳو' 'ٿئي' 'ٿي'
 '.']",[0 0 0 0 0 0 8 8 0 0 0 0 0 0 0 0 8 8 0 0 0 0 0 0]
852,"['ڇا' 'ڌارين' 'سان' 'گڏ' 'اسان' 'جا' 'پنهنجا' 'هن' 'ڌاڙي' '۾' 'شامل' 'نه'
 'هوندا' '؟']",[0 0 0 0 0 0 0 0 0 0 0 0 0 0]
853,"['مون' 'کي' 'ان' 'تي' 'به' 'ڪا' 'حيرت' 'نه' 'ٿيندي' '،' 'جڏهن' 'سنڌ'
 'حڪومت' 'پاران' 'جاري' 'ٿيندڙ' 'سمري' '۾' 'پوري' 'سنڌ' 'تائين' 'رينجرز'
 'کي' 'ڪارروايون' 'ڪرڻ' 'جي' 'اجازت' 'ڏنل' 'هوندي' '.']",[0 0 0 0 0 0 0 0 0 0 0 7 0 0 0 0 0 0 0 7 0 0 0 0 0 0 0 0 0 0]
854,"[')' 'اسان' 'جي' 'صلاح' 'آهي' 'ته' 'اوهان' 'يونينيسٽ' 'کي' 'مسلم' 'ليگ'
 '۾' 'ضم' 'ڪريو' '.']",[0 0 0 0 0 0 0 8 0 8 8 0 0 0 0]
855,"['هن' 'جي' 'اڻڀن' 'وارن' 'کي' 'ڦڻي' 'ڏٺي' 'ڪيترو' 'وقت' 'ٿيو' 'آهي' '،'
 'سا' 'ته' 'کيس' 'به' 'خبر' 'ڪانهي' '۽' 'ان' 'سان' 'اين' 'جي' 'اوز' 'جي'
 'انهن' 'بيگمات' 'جو' 'به' 'ڪو' 'تعلق' 'ڪونهي' '،' 'جن' 'جون' 'صفيه' 'جي'
 'عمر' 'جون' 'پنهنجون' 'نينگريون' 'ته' 'شيمپو' 'ڪيل' 'وارن' 'کي' 'پوني'
 'ٽيل' 'ڪري' '،' 'استري' 'ڪيل' 'صاف' 'شفاف' 'يونيفارم' 'پهري' 'مهانگين'
 'گاڏين' '۾' 'اسڪول' 'وينديون' 'آهن' 'پر' 'صفيه' 'ته' 'يونيفارم' 'پائڻ'
 '۽' 'اسڪول' 'وڃڻ' 'جهڙو' 'ڪو' 'مطالبو' 'نٿي' 'ڪري' '،' 'هوءَ' 'ته' 'چاهي'
 'ٿي' 'ته' 'هو' 'واپس' 'پنهنجي' 'گهر' 'وڃي' 'سگهن' '.']","[ 0  0  0  0  0  0  0  0  0  0  0  0  0  0  0  0  0  0  0  0  0 11 11 11
  0  0  0  0  0  0  0  0  0  0  0  3  0  0  0  0  0  0  0  0  0  0  0  0
  0  0  0  0  0  0  0  0  0  0  0  0  0  0  0  3  0  0  0  0  0  0  0  0
  0  0  0  0  0  0  0  0  0  0  0  0  0  0  0  0]"
856,"['اهڙن' 'ئي' 'لالچي' '۽' 'بي' 'اصول' 'ڪامورن' 'کان' 'سندن' 'غير' 'قانوني'
 'پوسٽنگ' 'واري' 'سڄي' 'عرصي' 'جون' 'پگهارون' '،' 'الائونس' '۽' 'ٻيا'
 'خرچ' 'واپس' 'ڀرائي' 'وٺڻ' 'لاءِ' 'گذريل' 'خميس' 'تي' 'چيف' 'جسٽس' 'آف'
 'پاڪستان' 'پاڻ' 'حڪم' 'ڏنو' 'آهي' '.']","[ 0  0  0  0  0  0  0  0  0  0  0  0  0  0  0  0  0  0  0  0  0  0  0  0
  0  0  0 11  0  5  5  5  5  0  0  0  0  0]"
857,"['ڇاڪاڻ' 'ته' 'سياسي' 'حوالي' 'سان' 'ظاهر' 'آهي' 'ته' 'اها' 'ڳالهه' 'کين'
 'وارو' 'نه' 'پئي' 'کائي' '،' 'ان' 'سان' 'کين' 'وڌيڪ' 'شرمندگي' 'کي'
 'منهن' 'ڏيڻو' 'پئي' 'پيو' '،' 'اهو' 'ايئن' 'ته' 'توهان' 'هڪ' 'ٻئي'
 'پويان' 'گرفتاريون' 'ڪندا' 'وڃون' '،' 'ميڊيا' 'وسيلي' 'ڪردار' 'ڪشي' 'جي'
 'مهم' 'به' 'جاري' 'رهي' '،' 'پر' 'عدالت' '۾' 'هڪ' 'به' 'الزام' 'ثابت'
 'نه' 'ڪري' 'سگهجي' 'ته' 'يقينن' 'ان' 'سان' 'آڱريون' 'کڄڻ' 'اڻٽر' 'ٿي'
 'پون' 'ٿيون' '.']","[ 0  0  0  0  0  0  0  0  0  0  0  0  0  0  0  0  0  0  0  0  0  0  0  0
  0  0  0  0  0  0  0 11  0  0  0  0  0  0  0  0  0  0  0  0  0  0  0  0
  0  0  0 11  0  0  0  0  0  0  0  0  0  0  0  0  0  0  0  0  0]"
858,"['محترمه' '”' 'مفاهمت' '“' 'واري' 'باب' '۾' 'اڳوڻي' 'آمريڪي' 'سيڪريٽري'
 'آف' 'اسٽيٽ' 'جنرل' 'جارج' 'مارشل' 'جا' 'اهي' 'لفظ' 'ورجايا' 'آهن' '،'
 'جڏهن' 'هن' '1947ع' 'هارورڊ' 'يوني' 'يونيورسٽي' '۾' 'دنيا' '۽' 'يورپ'
 'جي' 'مسئلن' 'تي' 'تفصيلي' 'روشني' 'وڌي' 'هئي' '.']","[ 5  0  0  0  0  0  0  0  5  5  5  5  5  3  3  0  0  0  0  0  0  0  0 11
  6  6  6  0  0  0  7  0  0  0  0  0  0  0  0]"
859,"['وقت' 'جي' 'عالمن' '،' 'اسڪالرن' 'جون' 'يادگيريون' 'سهيڙڻ' '،' 'هڪ' 'هڪ'
 'شهر' '،' 'ڳوٺ' '۽' 'واهڻ' 'وستيءَ' 'جي' 'رڪارڊنگ' 'ڪري' 'اهي' 'منظر' '،'
 'ماڳ' 'مڪان' 'محفوظ' 'ڪرڻ' '،' 'اتان' 'جي' 'ثقافت' '،' 'رهڻي' 'ڪرڻي' '،'
 'لباس' '،' 'ريتن' 'رسمن' 'کان' 'ويندي' 'ٻوليءَ' 'جي' 'لهجن' '،' 'واقعن'
 '،' 'لوڪ' 'داستانن' 'کي' 'نئون' 'ويس' 'پهرائي' '،' 'تاريخ' 'جي' 'غفائن'
 'مان' 'هڪ' 'نئين' 'سنڌ' 'کي' 'دنيا' 'آڏو' 'پيش' 'ڪرڻ' 'شايد' 'ايترو'
 'سولو' 'نه' 'هجي' 'ها' '،' 'جيڪڏهن' 'ان' '۾' 'جنون' '۽' 'ديوانگي' 'نه'
 'هجي' 'ها' '.']","[ 0  0  0  0  0  0  0  0  0 11 11  0  0  0  0  0  0  0  0  0  0  0  0  0
  0  0  0  0  0  0  0  0  0  0  0  0  0  0  0  0  0  0  0  0  0  0  0  0
  0  0  0  0  0  0  0  0  0  0 11  0  7  0  0  0  0  0  0  0  0  0  0  0
  0  0  0  0  0  0  0  0  0  0  0]"
860,"['صدين' 'جي' 'هن' 'سفر' '۾' 'جيتوڻيڪ' 'انسان' 'ذات' 'سچ' 'جي' 'تلاش' '۾'
 'وڏيءَ' 'حد' 'تائين' 'سوڀون' 'ماڻي' '،' 'ڪوڙ' '۽' 'منافقت' 'جو'
 'ڀرجهليندڙ' 'قوتن' 'کي' 'ڪيترا' 'ڀيرا' 'شڪست' 'ڏني' 'آهي' 'پر' 'اهي'
 'شاطر' 'قوتون' 'نئين' 'سر' 'نوان' 'ڪوڙ' 'گهڙي' 'پنهنجي' 'اڻکٽ' 'لوڀ' '۽'
 'لالچ' 'جو' 'ڀڀ' 'ڀرڻ' 'خاطر' 'ٻيهر' 'منافقت' 'جو' 'طوفان' 'کڙو' 'ڪري'
 'وٺنديون' 'آهن' '.']","[0 0 0 0 0 0 0 0 0 0 0 0 0 0 0 0 0 0 0 0 0 0 0 0 0 0 0 0 0 0 0 0 0 0 0 0 0
 0 0 0 0 0 0 0 0 0 0 0 0 0 0 0 0 0 0 0 0]"
861,"['امريڪي' 'وفد' 'جي' 'عسڪري' 'قيادت' 'سان' 'گڏجاڻي' 'دوران' 'آرمي' 'چيف'
 'جنرل' 'راحيل' 'شريف' 'پاران' 'افغان' 'عمل' 'امن' 'جي' 'حوالي' 'سان'
 'جيڪي' 'ٽي' 'نقطا' 'رکيا' 'ويا' 'هئا' '،' 'تن' 'مان' 'هڪ' 'بارڊر'
 'مينيجمينٽ' '،' 'ٻيو' '30' 'لک' 'افغان' 'پناهگيرن' 'جي' 'واپسي' '۽'
 'ٽيون' 'افغانستان' '۾' 'موجود' 'پاڪستاني' 'طالبان' 'خلاف' 'ڪارروائي'
 'هئا' '.']","[ 8  0  0  0  0  0  0  0  5  5  5  3  3  0  7  0  0  0  0  0  0 11  0  0
  0  0  0  0  0 11  0  0  0 11 11 11  7  0  0  0  0 11  7  0  0  8  8  0
  0  0  0]"
862,"['هتي' 'پاڻ' 'وٽ' 'ڪنهن' 'به' 'عام' 'ماڻهو' 'لاءِ' 'اهو' 'هضم' 'ڪرڻ'
 'انتهائي' 'مشڪل' 'آهي' 'ته' 'جڏهن' 'برطانيه' '۾' 'مني' 'لانڊرنگ' 'کي'
 'قتل' 'کان' 'وڌيڪ' 'سنگين' 'جرم' 'تصور' 'ڪيو' 'ويندو' 'آهي' 'ته' 'اتي'
 'ڪنهن' 'وٽان' 'جيڪڏهن' '5' 'لک' 'پائونڊ' 'هٿ' 'اچن' 'ٿا' 'ته' 'ان' 'کي'
 'ڪيئن' 'بي' 'ڏوهي' 'قرار' 'ڏنو' 'وڃي' 'ٿو' '؟']","[ 0  0  0  0  0  0  0  0  0  0  0  0  0  0  0  0  7  0  0  0  0  0  0  0
  0  0  0  0  0  0  0  0  0  0  0 11 11 11  0  0  0  0  0  0  0  0  0  0
  0  0  0  0]"
863,"['سنڌ' 'جي' 'گهوڙن' 'وٽ' 'هلڻيون' 'ايتريون' 'آهن' '،' 'جو' 'ريڊ' 'انڊين'
 'گهوڙن' 'کي' 'ڇڏي' 'ڪري' '(' 'مٺاسين' 'سپر' 'پاور' 'مان' ')' 'شايد' 'ئي'
 'ڪٿي' 'لڀن' '.']",[7 0 0 0 0 0 0 0 0 8 8 0 0 0 0 0 0 0 0 0 0 0 0 0 0 0]
864,"['ٻيو' 'اهم' '۽' 'سڀ' 'کان' 'وڏو' 'ڪارڻ' 'خود' 'حڪمرانن' '۽' 'سندن'
 'ساٿارين' '۽' 'واٺن' 'کي' 'مليل' 'ڊئريڪٽ' 'آئوٽ' 'ليٽس' 'آهن' '،' 'جن'
 'وسيلي' 'هو' 'منظور' 'ٿيل' 'پاڻيءَ' 'کان' 'ڏهوڻ' 'يا' 'ويهوڻ' 'تي' 'نه'
 '،' 'پر' 'ڪٿي' 'هڪ' 'سئو' 'ڀيرا' 'وڌيڪ' 'ته' 'ڪٿي' 'ست' 'سئو' 'ڀيرا'
 'وڌيڪ' 'پاڻي' 'زوريءَ' 'کڻن' 'ٿا' '،' 'جنهن' 'ڪري' 'سنڌ' 'جي' 'پڇڙيءَ'
 'واري' 'بدين' 'ضلعي' 'جي' 'هنن' 'آبادگارن' 'جون' 'ٻنيون' 'ته' 'ٺهيو' 'پر'
 'گهرن' '۾' 'پيئڻ' 'جو' 'پاڻي' 'به' 'ناهي' '،' 'سندن' 'مال' 'متاع' 'به'
 'اُڃ' 'مري' 'پيو' '.']","[11  0  0  0  0  0  0  0  0  0  0  0  0  0  0  0  0  0  0  0  0  0  0  0
  0  0  0  0 11  0 11  0  0  0  0  0 11 11  0  0  0  0 11 11  0  0  0  0
  0  0  0  0  0  7  0  0  0  7  0  0  0  0  0  0  0  0  0  0  0  0  0  0
  0  0  0  0  0  0  0  0  0  0  0]"
865,"['هي' 'ڪو' 'ايترو' 'سادو' '۽' 'سولو' 'معاملو' 'ناهي' '،' 'جنهن' 'کي' 'هڪ'
 'ڪميٽي' 'حل' 'ڪري' 'سگهي' '،' 'پر' 'هي' 'معاملو' 'ايئن' 'ئي' 'پيچيده' '۽'
 'منجهيل' 'آهي' '،' 'جيئن' 'خود' 'لياريءَ' 'جون' 'سوڙهيون' '۽' 'پرپيچ'
 'گهٽيون' 'آهن' '.']","[ 0  0  0  0  0  0  0  0  0  0  0 11  0  0  0  0  0  0  0  0  0  0  0  0
  0  0  0  0  0  7  0  0  0  0  0  0  0]"
866,"['پهرين' 'اسلام' 'آباد' '۾' 'وڪيلن' '۽' 'سياسي' 'اڳواڻن' 'جا' 'مٿا'
 'ڦاڙيا' 'ويا' '۽' 'هڪ' 'خانگي' 'ٽي' 'وي' 'چينل' 'تي' 'حملو' 'ڪيو' 'ويو'
 'ته' 'ٻئي' 'پاسي' 'پنهنجي' 'سياسي' 'طاقت' 'ڏيکارڻ' 'لاءِ' 'ساڳئي' 'ڏينهن'
 'تي' 'جلسه' 'منعقد' 'ڪيا' 'ويا' '،' 'جنهن' 'ڏينهن' 'تي' 'چيف' 'جسٽس'
 'بار' 'کي' 'خطاب' 'ڪرڻ' 'وارو' 'هو' '.']","[11  7  7  0  0  0  0  0  0  0  0  0  0 11  0 11 11  0  0  0  0  0  0  0
  0  0  0  0  0  0  0  0  0  0  0  0  0  0  0  0  0  5  5  0  0  0  0  0
  0  0]"
867,"['اهي' 'ماڻهو' 'جيڪي' 'هڪٻئي' 'جي' 'ڳوٺن' 'ڏانهن' 'منهن' 'نه' 'ڪندا' 'هئا'
 '،' 'سي' 'پنهنجا' 'سر' 'بچائي' 'هڪٻئي' 'سان' 'گڏجي' 'ٻوڏ' 'مان' 'نڪتا'
 '.']",[0 0 0 0 0 0 0 0 0 0 0 0 0 0 0 0 0 0 0 0 0 0 0]
868,['سورج' 'غير' 'شادي' 'شده' 'هو' '،' 'مڱڻو' 'ٿيل' 'هئس' '.'],[3 0 0 0 0 0 0 0 0 0]
869,"['هي' 'اهو' 'سوال' 'آهي' 'جيڪو' 'موجوده' 'سياسي' 'صورتحال' 'جي' 'حوالي'
 'سان' 'ڳڻتي' 'رکندڙ' 'هر' 'ذهن' '۾' 'آهي' '.']",[0 0 0 0 0 0 0 0 0 0 0 0 0 0 0 0 0 0]
870,"['طاهر' 'القادري' 'پنهنجن' 'جلسن' 'توڙي' 'ميڊيا' 'انٽرويوز' '۾' 'هن' 'ملڪ'
 'جي' 'موجوده' 'سياسي' 'نظام' 'توڙي' 'ٻين' 'مسئلن' 'بابت' 'جيڪا' 'نشاندهي'
 'ڪئي' '،' 'ان' 'تي' 'شايد' 'ئي' 'ڪنهن' 'جو' 'اختلاف' 'ٿي' 'سگهي' 'ٿو' '.']",[3 3 0 0 0 0 0 0 0 0 0 0 0 0 0 0 0 0 0 0 0 0 0 0 0 0 0 0 0 0 0 0 0]
871,"['شهيد' 'ذوالفقار' 'علي' 'ڀٽي' '۽' 'آمريڪي' 'ڪاري' 'نسل' 'جي' 'اڳواڻ'
 'مارٽن' 'ليوٿر' 'ڪنگ' 'جي' 'ڄمڻ' 'جو' 'مهينو' 'به' 'ساڳيو' 'ته' 'وري'
 'شهيد' 'ٿيڻ' 'جي' 'تاريخ' 'به' 'ساڳي' 'آهي' '،' 'پر' 'ان' 'سان' 'گڏوگڏ'
 'ٻنهي' 'سياسي' 'اڳواڻن' '۾' 'اها' 'به' 'هڪ' 'جهڙائي' 'آهي' 'ته' 'کين'
 'عوام' '۽' 'ملڪ' 'جي' 'خدمت' 'ڪرڻ' 'جي' 'ڏوهه' '۾' 'قتل' 'ڪيو' 'ويو' '.']","[ 0  3  3  3  0  8  0  0  0  0  3  3  3  0  0  0  0  0  0  0  0  0  0  0
  0  0  0  0  0  0  0  0  0  0  0  0  0  0  0 11  0  0  0  0  0  0  0  0
  0  0  0  0  0  0  0  0  0]"
872,"['هر' 'آمر' 'وانگر' 'زين' 'العابدين' 'به' 'حڪومت' 'جي' 'شروعات' 'خوشنما'
 'اميدن' '۽' 'سرسبز' 'واعدن' 'سان' 'ڪئي' '.']",[0 0 0 3 3 0 0 0 0 0 0 0 0 0 0 0 0]
873,"['جسٽس' 'جواد' 'خواجه' 'ڳجهن' 'ادارن' 'جي' 'وڪيل' 'کان' 'سوال' 'ڪيو' 'ته'
 'ڇا' 'فوج' '۽' 'خفيه' 'ايجنسيون' 'انساني' 'حقن' '۽' 'قانون' 'کان' 'به'
 'مٿڀرا' 'آهن' '،' 'جو' 'کين' 'جيئن' 'وڻي' 'تيئن' 'ڪندا' 'رهن' '،' 'کانئن'
 'غير' 'قانوني' 'ڪمن' 'بابت' 'پڇا' 'ڳاڇا' 'به' 'نه' 'ڪجي' '؟']","[5 3 3 0 0 0 0 0 0 0 0 0 0 0 0 0 0 0 0 0 0 0 0 0 0 0 0 0 0 0 0 0 0 0 0 0 0
 0 0 0 0 0 0 0]"
874,"['جنهن' 'نموني' 'سان' 'هن' 'دولت' 'گڏ' 'ڪئي' '،' 'سو' 'فقط' 'سندس' 'دماغ'
 'جو' 'ئي' 'ڪارنامو' 'نه' 'پر' 'هنن' 'نظام' '۾' 'موجود' 'خامين' '۽'
 'خرابين' 'جي' 'ڪري' 'ايئن' 'ممڪن' 'ٿيو' '،' 'جنهن' 'کي' 'هن' 'پئسي' '۽'
 'اثر' 'رسوخ' 'جي' 'زور' 'تي' 'انتهائي' 'سولو' 'بڻائي' 'ڇڏيو' '.']","[0 0 0 0 0 0 0 0 0 0 0 0 0 0 0 0 0 0 0 0 0 0 0 0 0 0 0 0 0 0 0 0 0 0 0 0 0
 0 0 0 0 0 0 0 0]"
875,"['نه' 'رڳو' 'سندن' 'ذهني' 'اوسر' 'تي' 'هاڃيڪار' 'اثر' 'پون' 'ٿا' 'پر'
 'منجهن' 'منفي' 'لاڙا' 'پڻ' 'جنم' 'وٺن' 'ٿا' '،' 'جيڪي' 'کين' 'مثبت' '۽'
 'ذميوار' 'زندگي' 'گذارڻ' 'واري' 'گس' 'کان' 'ڪوهين' 'ڏور' 'ڪڏهن' 'ته'
 'ڏوهن' 'جي' 'دنيا' '۾' 'پڻ' 'وٺي' 'وڃن' 'ٿا' '.']","[0 0 0 0 0 0 0 0 0 0 0 0 0 0 0 0 0 0 0 0 0 0 0 0 0 0 0 0 0 0 0 0 0 0 0 0 0
 0 0 0 0 0]"
876,"['”' 'پرڏيهي' 'پاليسيءَ' '“' 'نالي' 'واري' 'رسالي' '۾' 'انصارڻ' 'لکي' 'ٿي'
 'ته' ':' 'اسان' 'کي' 'مالڪن' 'چيو' 'ته' '،' 'ٻئي' 'گهوٽ' 'ڏاڍن' 'جا'
 'ماڻهو' 'آهن' '.']",[0 0 0 0 0 0 0 0 3 0 0 0 0 0 0 0 0 0 0 0 0 0 0 0 0 0]
877,['ڏور' 'واري' 'ملڪن' 'سان' 'سٺا' 'تعلقار' 'رکيا' 'وڃن' '.'],[0 0 0 0 0 0 0 0 0]
878,"['اينٽي' 'نارڪوٽڪس' 'کاتو' 'هوندي' 'منشيات' 'جو' 'واهپو' 'عام' 'جام' 'ڇو'
 'آهي' '؟']",[6 6 0 0 0 0 0 0 0 0 0 0]
879,"['جيڪا' 'سندن' 'مرضي' 'بابا' '،' 'پاڻ' 'ته' 'آهيون' 'عام' 'ماڻهن' 'سان'
 'ٻڌل' '.']",[0 0 0 0 0 0 0 0 0 0 0 0 0]
880,"['حيرت' 'جهڙي' 'ڳالهه' 'اها' 'آهي' 'ته' 'بهترين' 'قرار' 'ڏنل' 'چار' 'سئو'
 'مادر' 'علمين' 'مان' 'هندستان' 'جون' '2' '۽' 'سعودي' 'عرب' 'جي' 'هڪ'
 'يوني' 'يونيورسٽي' 'به' 'دنيا' 'جي' 'بهترين' 'يوني' 'يونيورسٽين' 'واري'
 'ڳڻپ' '۾' 'سوڀ' 'ماڻي' 'آهي' 'پر' 'پاڪستان' 'مان' 'ڪابه' 'اعليٰ'
 'درسگاهه' 'اهڙو' 'اعزاز' 'نه' 'ماڻيو' 'آهي' '.']","[ 0  0  0  0  0  0  0  0  0 11 11  0  0  0  7  0 11  0  7  7  0 11  0  0
  0  0  0  0  0  0  0  0  0  0  0  0  0  7  0  0  0  0  0  0  0  0  0  0]"
881,"['انهيءَ' 'وچ' '۾' 'اسڪاٽ' 'لئنڊ' 'جي' 'اخبارن' 'جي' 'ور' 'هڪ' 'ٻيو'
 'دهشتگرد' 'به' 'چڙهي' 'ويو' '.']",[ 0  0  0  7  7  0  0  0  0 11 11  0  0  0  0  0]
882,"['جيڪڏهن' 'اتي' 'مولانا' 'فضل' 'الرحمان' 'اپوزيشن' '۾' 'نه' 'ويهي' 'ها'
 '۽' 'نواز' 'ليگ' 'سان' 'معاملا' 'طئي' 'ٿين' 'ها' 'ته' 'اهو' 'انگ' 'اڃان'
 'وڌيڪ' 'هجي' 'ها' '.']",[0 0 5 3 3 0 0 0 0 0 0 8 8 0 0 0 0 0 0 0 0 0 0 0 0 0]
883,"['اوڀر' 'آفريڪا' '۾' 'زندگي' 'ايتري' 'ته' 'سستي' 'آهي' 'جو' 'اتان' 'جي'
 'ماڻهن' 'ايندڙ' 'وقت' 'جي' 'باري' '۾' 'سوچڻ' 'ئي' 'ڇڏي' 'ڏنو' 'آهي' '.']",[7 7 0 0 0 0 0 0 0 0 0 0 0 0 0 0 0 0 0 0 0 0 0]
884,"['1971ع' 'جي' 'جنگ' 'دوران' 'اڇڙي' 'ٿر' 'سميت' 'ريگستان' 'جا' 'پنج' 'ڇهه'
 'تعلقا' 'هندستان' 'جي' 'قبضي' '۾' 'اچي' 'چڪا' 'هئا' '.']",[ 9  9  9  0  7  7  0  7  0 11 11  0  7  0  0  0  0  0  0  0]
885,"['ايم' 'ڪيو' 'ايم' 'جي' 'سياست' 'جيڪا' 'خوف' '۽' 'مهاجرازم' 'جي' 'بنياد'
 'تي' 'بيٺل' 'هئي' '،' 'تنهن' 'مان' 'پهرين' 'خوف' 'کي' 'ختم' 'ڪيو' 'ته'
 'جيئن' 'مهاجرازم' 'کي' 'اڀرڻ' 'جو' 'موقعو' 'نه' 'ملي' '۽' 'ان' 'جو'
 'نتيجو' 'به' 'ظاهر' 'ٿيڻ' 'شروع' 'ٿيو' '،' 'جو' 'باوجود' 'هڙتالن' 'جي'
 'اعلانن' 'جي' 'پهريون' 'دفعو' 'ماڻهن' 'شهر' 'جي' 'ڪاروبار' 'کي' 'کليل'
 'ڏٺو' '،' 'ٽارگيٽ' 'ڪلنگ' '،' 'ڀتا' 'خوري' '،' 'کلون' 'ڦرڻ' 'جا' 'واقعا'
 'هڪ' 'ڳڻپ' 'جوڳي' 'گهٽتائي' 'جو' 'شڪار' 'ٿيا' '.']","[ 8  8  8  0  0  0  0  0  8  0  0  0  0  0  0  0  0 11  0  0  0  0  0  0
  8  0  0  0  0  0  0  0  0  0  0  0  0  0  0  0  0  0  0  0  0  0  0 11
  0  0  0  0  0  0  0  0  0  0  0  0  0  0  0  0  0  0  0 11  0  0  0  0
  0  0  0]"
886,"['شاديءَ' 'کان' 'پوءِ' 'ڏورانهين' 'ڳوٺ' 'جا' 'ماڻهو' 'مٿس' 'ته' 'اعتبار'
 'ڪن' 'ٿا' 'پر' 'سندس' 'زال' 'کي' 'شڪ' 'جي' 'نگاهن' 'سان' 'ڏسن' 'ٿا' '.']",[0 0 0 0 0 0 0 0 0 0 0 0 0 0 0 0 0 0 0 0 0 0 0]
887,"['انهيءَ' 'حڪمران' 'جي' 'زماني' '۾' 'کتري' 'قبيلي' 'جو' 'بيدي' 'نک' 'وارو'
 'قبيلو' 'هت' 'اچي' 'آباد' 'ٿيو' '.']",[0 0 0 0 0 8 8 0 8 8 8 8 0 0 0 0 0]
888,"['انهن' 'وڻن' 'جي' 'پوک' '۾' 'جيڪو' 'به' 'ماڻهو' 'ڪهاڙو' 'وجهي' 'ته'
 'اتان' 'جي' 'عام' 'ماڻهن' 'کي' 'کپي' 'ته' 'انهيءَ' 'ماڻهوءَ' 'راڄ' 'ڀاڳ'
 'مان' 'ڪڍي' 'ٻاهر' 'ڦٽو' 'ڪيو' 'وڃي' '،' 'يا' 'پوليس' 'جي' 'حوالي' 'ڪيو'
 'وڃي' '،' 'جيڪا' 'اهڙي' 'ماڻهوءَ' 'سان' 'پاڻيهي' 'اهڙي' 'جُٺ' 'ڪندي' 'جو'
 'اهڙو' 'ماڻهو' 'ٻيهر' 'انهيءَ' 'وڻڪار' 'کان' 'به' 'ميل' 'ڏيڍ' 'پري'
 'لنگهندو' '.']","[ 0  0  0  0  0  0  0  0  0  0  0  0  0  0  0  0  0  0  0  0  0  0  0  0
  0  0  0  0  0  0  0  0  0  0  0  0  0  0  0  0  0  0  0  0  0  0  0  0
  0  0  0  0  0 11  0  0  0]"
889,"['”' 'پڙاڏو' 'سوئي' 'سڏ' '“' 'ڇپجڻ' 'کانپوءِ' '،' 'سنڌ' 'جي' 'شهر' 'شهر'
 '،' '۽' 'ڳوٺ' 'ڳوٺ' '۾' 'سراج' 'نالي' 'هڪ' 'تخليقڪار' 'جو' 'نالو' 'هر'
 'پڙهيل' 'ڳڙهيل' 'سنڌيءَ' 'جي' 'واتان' 'ٻڌبو' 'هو' '،' 'نيو' 'چاليءَ' 'لڳ'
 'يوسف' 'پلازه' '۾' 'واقع' 'سندس' 'وڪالت' 'واري' 'آفيس' '۾' 'ٽائيم' 'وٺڻ'
 'بنا' 'پهتاسين' '.']","[ 0 10 10 10  0  0  0  0  7  0  0  0  0  0  0  0  0  3  0 11  0  0  0  0
  0  0  8  0  0  0  0  0  4  4  0  4  4  0  0  0  0  0  0  0  0  0  0  0
  0]"
890,"['جڏهن' 'سندن' 'تڪ' 'جو' 'ايم' 'اين' 'اي' 'ئي' 'انهيءَ' 'عرصي' 'دوران'
 'وٽن' 'لڙي' 'ڪونه' 'آيو' 'ته' 'پوءِ' 'ٻئي' 'ڪنهن' 'کي' 'ميار' 'ڪيئن'
 'ڏجي' '!' 'پوءِ' 'پنجاب' 'سان' 'واسطو' 'رکندڙ' 'رياض' 'فتيانه' 'جي'
 'انساني' 'حقن' 'جي' 'پارلياماني' 'ڪميٽي' 'کي' 'ڪهڙا' 'ڏوراپا' 'ڏجن' 'ته'
 'هن' 'جي' 'نوٽيس' 'وٺڻ' 'جي' 'حيثيت' '۽' 'اوقات' 'ڇا' 'آهي' '؟']","[ 0  0  0  0 11 11 11  0  0  0  0  0  0  0  0  0  0  0  0  0  0  0  0  0
  0  7  0  0  0  3  3  0  0  0  0  0  0  0  0  0  0  0  0  0  0  0  0  0
  0  0  0  0  0]"
891,"['تيونس' 'کانپوءِ' 'مصر' '۾' 'جاري' 'احتجاجن' 'جي' 'نتيجي' '۾' 'عرب'
 'دنيا' 'پنهنجي' 'موجوده' 'تاريخ' 'جي' 'انتهائي' 'سنگين' '۽' 'اهم' 'موڙ'
 'تي' 'اچي' 'پهتي' 'آهي' '.']",[7 0 7 0 0 0 0 0 0 8 0 0 0 0 0 0 0 0 0 0 0 0 0 0 0]
892,['اسان' 'هتي' 'ٻه' 'رڍون' 'ڳولي' 'لڌيون' 'آهن' '.'],[ 0  0 11  0  0  0  0  0]
893,"['تازو' 'ڪشمير' '۾' 'برهان' 'واني' 'جي' 'قتل' 'کانپوءِ' 'جيڪي' 'ڪجهه'
 'ٿيو' '،' 'اهو' 'داستان' 'دنيا' 'لاءِ' 'نئون' 'ناهي' '،' 'نه' 'ئي' 'ان'
 'کان' 'اهي' 'ملڪ' 'بي' 'خبر' 'آهن' 'جيڪي' 'ڀارت' 'جي' 'ڀر' 'جهليون'
 'بيٺا' 'آهن' 'پر' 'اهي' 'به' 'معاملن' 'کي' 'پنهنجي' 'مفادن' 'جي' 'عينڪ'
 'سان' 'ڏسن' 'ٿا' '.']","[0 7 0 0 0 0 0 0 0 0 0 0 0 0 0 0 0 0 0 0 0 0 0 0 0 0 0 0 0 7 0 0 0 0 0 0 0
 0 0 0 0 0 0 0 0 0 0 0]"
894,"['تاريخ' 'جا' 'طالب' 'ڄاڻن' 'ٿا' 'ته' '،' 'هن' 'قسم' 'جا' 'فيصلا' 'فقط'
 'اهڙا' 'دانشمند' 'سياسي' 'اڳواڻ' 'ڪري' 'سگهندا' 'آهن' '،' 'جن' 'جي'
 'دلين' '۾' 'ڌرتي' 'ماءُ' 'لاءِ' 'درد' '۽' 'تڙپ' 'هوندي' 'آهي' '۽' 'اهي'
 'اعلي' 'الاعلان' 'ورجائيندا' 'آهن' 'ته' '،' 'جيڪو' 'به' 'اسان' 'جي' 'وطن'
 'کي' 'ورهائڻ' 'جي' 'ڳالهه' 'ڪندو' '،' 'ان' 'لاءِ' 'اسان' 'جي' 'ڌرتيءَ'
 'تي' 'رهڻ' 'جي' 'ڪابه' 'گنجائش' 'ناهي' '،' 'پر' 'هتي' 'اهڙن' 'آدرشن' '۽'
 'وطن' 'دوستيءَ' 'جي' 'جذبن' 'جي' 'ايڏي' 'ته' 'اَڻاٺ' 'آهي' '،' 'جو'
 'هانءُ' 'سڙيو' 'وڃي' '،' 'ته' 'ڪيئن' 'نه' 'سنڌي' 'عوام' 'جا' 'وڏا' 'شهر'
 'پليٽ' '۾' 'رکي' 'اتحادين' 'حوالي' 'ڪريو' 'ڇڏين' '.']","[0 0 0 0 0 0 0 0 0 0 0 0 0 0 0 0 0 0 0 0 0 0 0 0 0 0 0 0 0 0 0 0 0 0 0 0 0
 0 0 0 0 0 0 0 0 0 0 0 0 0 0 0 0 0 0 0 0 0 0 0 0 0 0 0 0 0 0 0 0 0 0 0 0 0
 0 0 0 0 0 0 0 0 0 0 0 0 8 8 0 0 0 0 0 0 0 0 0 0 0]"
895,"['هائڊروجن' 'کي' 'ٻارڻ' 'واري' 'عمل' 'لاءِ' 'توهان' 'کي' 'اوتري' 'ئي'
 'مقدار' '۾' 'توانائي' 'جي' 'ضرورت' 'هوندي' 'آهي' '،' 'تنهنڪري' 'پاڻي'
 'مان' 'توانائي' 'حاصل' 'نٿي' 'ڪري' 'سگهجي' '.']","[11  0  0  0  0  0  0  0  0  0  0  0  0  0  0  0  0  0  0  0  0  0  0  0
  0  0  0]"
896,"['ٻين' 'شعبن' 'جي' 'ڀيٽ' '۾' 'منهنجو' 'خيال' 'اهو' 'آهي' 'ته' 'راندين' '۾'
 'ماڻهو' 'تڪڙي' 'شهرت' 'حاصل' 'ڪري' 'وٺي' 'ٿو' '،' 'پوءِ' 'اهي' 'اڻ'
 'گهڙيل' 'ڪاٺ' 'جهڙا' 'نوجوان' 'راند' 'جي' 'ميدان' 'تي' 'اچي' 'جيڪا'
 'پذيرائي' 'حاصل' 'ڪن' 'ٿا' 'ته' 'منجهانئن' 'اهي' 'اميدون' 'به' 'رکيون'
 'وڃن' 'ٿيون' 'ته' 'اهي' 'ميچوئرٽي' 'جو' 'مظاهرو' 'ڪندا' '.']","[0 0 0 0 0 0 0 0 0 0 0 0 0 0 0 0 0 0 0 0 0 0 0 0 0 0 0 0 0 0 0 0 0 0 0 0 0
 0 0 0 0 0 0 0 0 0 0 0 0 0 0 0]"
897,"['رهي' 'ڳالهه' 'ڪنهن' 'جواز' 'جي' 'ته' 'متحده' 'جي' 'لاءِ' 'اهو' 'ڪو'
 'مسئلو' 'ناهي' 'رهيو' '،' 'جڏهن' 'ڪو' 'سياسي' 'اشو' 'نه' 'به' 'هوندو'
 'آهي' 'ته' 'بجليءَ' 'جي' 'لوڊ' 'شيڊنگ' '۽' 'مهانگائي' 'وغيره' 'جهڙن'
 'معاملن' 'کي' 'بنياد' 'بڻائي' 'حڪومت' 'کان' 'عليحدگيءَ' 'جي' 'ڌمڪي' 'ڏيڻ'
 'هنن' 'لاءِ' 'ڪڏهن' 'به' 'مسئلو' 'ناهي' 'رهيو' '.']","[0 0 0 0 0 0 8 0 0 0 0 0 0 0 0 0 0 0 0 0 0 0 0 0 0 0 0 0 0 0 0 0 0 0 0 0 0
 0 0 0 0 0 0 0 0 0 0 0 0 0]"
898,"['ڇپون' 'ڪرڻ' 'جا' 'ڪيترائي' 'ننڍا' 'ننڍا' 'واقعا' 'رپورٽ' 'نه' 'ٿيا'
 'آهن' '،' 'جن' '۾' 'خبر' 'ناهي' 'ته' 'ڪيتريون' 'جانيون' 'ضايع' 'ٿي'
 'چڪيون' 'آهن' '.']",[0 0 0 0 0 0 0 0 0 0 0 0 0 0 0 0 0 0 0 0 0 0 0 0]
899,"['متان' 'وساريو' 'اوباما' 'جي' 'فتح' '۾' 'سرمائيدار' 'دشمن' 'تحريڪ' 'جو'
 'اهم' 'ڪردار' 'آهي' '.']",[0 0 3 0 0 0 0 0 0 0 0 0 0 0]
900,"['پرڏيهي' 'ميڊيا' '۾' 'ان' 'واقعي' 'کي' 'عدالتي' 'شب' 'خون' 'قرار' 'ڏنو'
 'ويو' '.']",[0 0 0 0 0 0 0 0 0 0 0 0 0]
901,['فطرت' 'جي' 'قانون' 'موجب' 'اهو' 'خال' 'ڀرجي' 'ويندو' 'آهي' '.'],[0 0 0 0 0 0 0 0 0 0]
902,"['ٻڌائڻ' 'وارا' 'ائين' 'به' 'ٻڌائي' 'رهيا' 'آهن' 'ته' 'اسد' 'عُمر' '،'
 'جهانگير' 'ترين' '۽' 'مخدوم' 'سائين' 'شاهه' 'محمود' 'قريشيءَ' 'جهڙن'
 'ڪلين' 'سياستدانن' '۽' 'اقتصادي' 'ماهرن' 'جي' 'فائنل' 'لسٽ' 'به' 'مرتب'
 'ٿي' 'چُڪي' 'آهي' '.']",[0 0 0 0 0 0 0 0 3 3 0 3 3 0 3 3 3 3 3 0 0 0 0 0 0 0 0 0 0 0 0 0 0 0]
903,"['ٻيو' 'اهي' 'سازشي' 'ٿيوريز' 'به' 'هلڻ' 'شروع' 'ٿيون' 'ته' 'ايم' 'ڪيو'
 'ايم' 'وانگر' 'پيپلز' 'پارٽي' '۾' 'به' 'مائنس' 'ون' 'فارمولو' 'اپلاءِ'
 'ڪيو' 'ويندو' '.']",[11  0  0  0  0  0  0  0  0  8  8  8  0  8  8  0  0  0  0  0  0  0  0  0]
904,"['آئون' 'ان' 'کان' 'وڌيڪ' 'ٻيو' 'ڇا' 'چوان' 'ته' 'هوءَ' 'سنڌو' 'هئي' '۽'
 'هن' 'سان' 'ڇا' 'ٿيو' 'ان' 'جو' 'تصور' 'ڪرڻ' 'به' 'محال' 'آهي' '!' 'اهي'
 'اکيون' '،' 'جن' 'کي' 'نه' 'رڳو' 'هن' 'نئين' 'سال' 'جو' 'پر' 'ايندڙ'
 'ڪيترن' 'ئي' 'سالن' 'جو' 'نئون' 'سج' 'ڏسڻو' 'هو' '،' 'سي' 'ته' 'پورجي'
 'چڪيون' 'پر' 'جن' 'اکين' 'هن' 'نئين' 'سال' 'جو' 'سج' 'نڪرندي' 'ڏٺو' 'آهي'
 'انهن' 'پنهنجي' 'اندر' 'جي' 'اونداهه' '۾' 'روشنيءَ' 'جا' 'ڪيترا' 'ڪرڻا'
 'محسوس' 'ڪيا' 'آهن' '،' 'ان' 'جو' 'جواب' 'ئي' 'شايد' 'هن' 'نئين' 'سال'
 'جي' 'حاصلات' 'ٿئي' 'پر' 'في' 'الحال' 'مٿيان' 'ٻئي' 'واقعا' 'اسان' 'جي'
 'سماج' 'جي' 'اهڙن' 'اونداهن' 'پاسن' 'جي' 'نشاندهي' 'ڪري' 'ويا' 'آهن' '،'
 'جن' 'کي' 'فقط' 'علامتي' 'طور' 'ميڻ' 'بتيون' 'يا' 'ڏيئا' 'ٻارڻ' 'سان'
 'گهٽائي' 'نٿو' 'سگهجي' '.']","[ 0  0  0  0 11  0  0  0  0  3  0  0  0  0  0  0  0  0  0  0  0  0  0  0
  0  0  0  0  0  0  0  0  0  0  0  0  0  0  0  0  0  0  0  0  0  0  0  0
  0  0  0  0  0  0  0  0  0  0  0  0  0  0  0  0  0  0  0  0  0  0  0  0
  0  0  0  0  0  0  0  0  0  0  0  0  0  0  0  0  0  0  0  0  0  0  0  0
  0  0  0  0  0  0  0  0  0  0  0  0  0  0  0  0  0  0  0  0  0  0  0  0]"
905,"['ٻي' 'صورت' 'اها' 'آهي' 'ته' 'الاخوان' '‘' 'جي' 'مولانا' 'اڪرم' 'اعواڻ'
 'به' 'پندرهن' 'سال' 'اڳ' 'اهڙو' 'تحرير' 'اسڪوائر' 'اسلام' 'آباد' '۾'
 'آباد' 'ڪيو' 'هو' '.']","[11  0  0  0  0  8  0  0  5  3  3  0 11 11  0  0  4  4  7  7  0  0  0  0
  0]"
906,"['ليکڪ' 'جو' 'اهو' 'خيال' 'آهي' 'ته' 'محترمه' 'کي' 'انهيءَ' 'لاءِ' 'چونڊن'
 'کانپوءِ' 'اچڻ' 'لاءِ' 'چيو' 'ويو' '،' 'ته' 'جيئن' 'جنرل' 'مشرف' 'پنهنجي'
 'پارٽي' '“' 'کي' 'کٽرائي' 'سگهي' '.']",[0 0 0 0 0 0 5 0 0 0 0 0 0 0 0 0 0 0 0 5 3 0 0 0 0 0 0 0]
907,"['ساڳين' 'ڏينهن' '۾' 'آءِ' 'ايس' 'آءِ' 'جي' 'اڳوڻي' 'سربراهه' '۽' 'سردار'
 'علي' 'محمد' 'مهر' 'لاءِ' 'سنڌ' 'جي' 'وڏ' 'وزارت' 'وٺرائي' 'ڏيندڙ' 'جنرل'
 'احسان' 'الحق' '۽' 'اڳوڻي' 'پرڏيهي' 'وزير' 'خورشيد' 'قصوريءَ' 'جي'
 'سرڪردگيءَ' '۾' 'قائم' '”' 'ريجنل' 'پيس' 'انسٽيٽيوٽ' '“' 'ساندهه' 'پنج'
 'ڏينهن' 'پاڪ' '-' 'ڀارت' 'ماهرن' 'جي' 'گڏجاڻي' 'گهرائي' '،' 'ٻنهي' 'ملڪن'
 'جي' 'وچ' '۾' 'مذاڪراتي' 'عمل' 'جي' 'بحاليءَ' 'لاءِ' 'راهه' 'هموار' 'ڪرڻ'
 'جي' 'تگ' 'و' 'دو' 'ڪندي' 'نظر' 'اچي' 'ٿو' '.']","[ 0  0  0  8  8  8  0  0  0  0  5  3  3  3  0  7  0  5  5  0  0  5  3  3
  0  0  0  5  3  3  0  0  0  0  0  0  0  0  0  0 11 11 11 11 11  0  0  0
  0  0  0  0  0  0  0  0  0  0  0  0  0  0  0  0  0  0  0  0  0  0  0  0]"
908,"['پر' 'انهيءَ' 'کان' 'وڌيڪ' 'تشويش' 'ناڪ' 'ڳالهه' 'اها' 'هئي' 'ته' 'سندس'
 'لاڙو' 'انڊيا' 'طرف' 'هو' '.']",[0 0 0 0 0 0 0 0 0 0 0 0 7 0 0 0]
909,"['سو' 'سنڌ' 'به' 'مونجهاري' 'مان' 'نڪري' 'هاڻي' 'جنگاڻ' '۾' 'اچي' 'پيئي'
 'آهي' '.']",[0 7 0 0 0 0 0 0 0 0 0 0 0]
910,"['“' 'مشرف' 'جو' 'چوڻ' 'هو' 'ته' 'هن' 'به' 'جيڪڏهن' 'آئين' 'سان' 'هٿ'
 'چراند' 'ڪئي' 'يا' 'غير' 'آئيني' 'قدم' 'کنيا' 'ته' 'اهي' 'ملڪ' 'بچائڻ'
 'خاطر' 'ئي' 'کنيا' 'ويا' 'هئا' '.']",[0 3 0 0 0 0 0 0 0 0 0 0 0 0 0 0 0 0 0 0 0 0 0 0 0 0 0 0 0]
911,"['هن' 'نئين' 'سال' '2013ع' 'جي' 'شروعات' 'تي' 'مان' 'تصوير' 'جو' 'هڪڙو'
 'ٻيو' 'پاسو' 'بيان' 'ڪنديس' '.']",[ 0  0  0 11  0  0  0  0  0  0  0 11  0  0  0  0]
912,"['حقدار' 'ماڻهن' 'جي' 'پروموشن' 'جا' 'بلڪه' 'پوسٽنگ' 'جا' 'به' 'رستا'
 'بند' 'ٿي' 'چڪا' 'آهن' '.']",[0 0 0 0 0 0 0 0 0 0 0 0 0 0 0]
913,"['آئون' 'پنهنجن' 'وڏن' 'جي' 'مُحبتن' '،' 'مونجهارن' '،' 'صدمن' '۽' 'ذهني'
 'ڇڪتاڻ' 'مان' 'آجو' 'ٿيڻ' 'ٿو' 'چاهيان' '.']",[0 0 0 0 0 0 0 0 0 0 0 0 0 0 0 0 0 0]
914,"['ايم' 'ڪيو' 'ايم' 'سان' 'اسان' 'لکين' 'اختلاف' '۽' 'نفرتون' 'ڪري' 'سگهون'
 'ٿا' '،' 'پر' 'ڇا' 'سنڌ' 'جا' 'سياستدان' 'ايم' 'ڪيو' 'ايم' 'کان' 'ايترو'
 'به' 'نٿا' 'سکي' 'سگهن' 'ته' 'هو' 'ڪيئن' 'پنهنجي' 'ووٽرن' 'جي' 'خدمت'
 'ڪن' 'ٿا' '؟']",[8 8 8 0 0 0 0 0 0 0 0 0 0 0 0 7 0 0 8 8 8 0 0 0 0 0 0 0 0 0 0 0 0 0 0 0 0]
915,"['اڄ' 'اسان' 'هن' 'ڪالم' '۾' 'آمريڪي' 'سي' 'آءِ' 'اي' 'جي' 'حوالي' 'سان'
 'پڙهندڙن' 'کي' 'ڪجهه' 'ٻڌائينداسين' 'ته' 'ان' 'جون' 'ماضيءَ' '۾' 'ڪهڙيون'
 'ڪار' 'گذاريون' 'رهيون' 'آهن' '،' 'جنهن' 'جي' 'نتيجي' '۾' 'اهي' 'ملڪ'
 'اڄ' 'به' 'غير' 'مستحڪم' '۽' 'عوام' 'پريشان' 'حال' 'آهن' '.']","[0 0 0 0 0 8 8 8 8 0 0 0 0 0 0 0 0 0 0 0 0 0 0 0 0 0 0 0 0 0 0 0 0 0 0 0 0
 0 0 0 0 0 0]"
916,"['ڪجهه' 'سال' 'اڳ' 'ماسڪو' 'آرٽ' 'گئلري' '،' 'جيڪا' 'پهرئين' 'لينن'
 'ميوزيم' 'جي' 'نالي' 'سان' 'سڃاتي' 'ويندي' 'هئي' '،' 'اتي' 'صحافين' '۽'
 'آرٽ' 'جي' 'پارکن' 'هڪ' 'دعوت' 'جو' 'اهتمام' 'ڪيو' '.']","[ 0  0  0  4  4  4  0  0 11  4  4  0  0  0  0  0  0  0  0  0  0  0  0  0
 11  0  0  0  0  0]"
917,"['بوتل' 'مان' 'نڪتل' 'انتهاپسندي' 'واري' 'ان' 'جن' 'هاڻي' 'اها' 'بوتل'
 'ئي' 'ڀڃي' 'ڇڏي' 'آهي' '،' 'جنهن' '۾' 'کيس' 'واپس' 'وجهڻ' 'جون' 'ڪوششون'
 'ڪيون' 'پيون' 'وڃن' '.']",[0 0 0 0 0 0 0 0 0 0 0 0 0 0 0 0 0 0 0 0 0 0 0 0 0 0]
918,"['جيڪڏهن' 'ڏسجي' 'ته' 'پورو' 'هڪ' 'دور' 'آهي' '،' 'جيڪو' 'انهن' 'ڏهن'
 'سالن' '۾' 'سمايل' 'آهي' '.']",[ 0  0  0  0 11  0  0  0  0  0  0  0  0  0  0  0]
919,"['هي' 'سرائيڪي' 'صوبو' 'بڻيو' 'به' 'سهي' 'ته' 'اهو' 'به' 'ٻه' 'اڌ' 'ٿي'
 'ويندو' '،' 'محمد' 'علي' 'دراني' '(' 'سابق' 'وزير' 'اطلاعات' ')' 'جهڙا'
 'سياستدان' 'هاڻي' 'کان' 'ئي' 'سراڻ' 'تي' 'چڙهيو' 'هلن' 'ته' 'بهاولپور'
 'رياست' 'قانوني' 'طور' 'تي' 'صوبو' 'آهي' '۽' 'ٻين' 'سرائيڪين' 'سان' 'ٻڌل'
 'ناهيون' '.']","[ 0  7  7  0  0  0  0  0  0 11 11  0  0  0  3  3  3  0  0  5  0  0  0  0
  0  0  0  0  0  0  0  0  7  0  0  0  0  0  0  0  0  0  0  0  0  0]"
920,"['جيڪڏهن' 'سينيئر' 'آفيسرن' 'سان' 'بي' 'انصافي' 'ختم' 'نه' 'ڪئي' 'وئي'
 'ته' 'هو' 'سپريم' 'ڪورٽ' '۾' 'فرياد' 'داخل' 'ڪندا' '.']",[0 0 0 0 0 0 0 0 0 0 0 0 6 6 0 0 0 0 0]
921,"['وفاقي' 'وزير' 'اطلاعات' 'پرويز' 'رشيد' 'به' 'ششدر' 'ٿيندي' 'چيو' 'ته'
 'جن' 'صحافين' 'اهو' 'ڪم' 'ڪيو' 'آهي' '،' 'تن' 'کي' 'بخش' 'نه' 'ڪبو' '.']",[0 5 0 3 3 0 0 0 0 0 0 0 0 0 0 0 0 0 0 0 0 0 0]
922,"['خير' 'چونڊن' '۾' 'ڌانڌلين' 'واري' 'معاملي' 'تي' 'ناڪامي' 'جو' 'ڌڪ' 'ته'
 'خان' 'صاحب' 'پچائي' 'ويو' 'پوءِ' 'ويٺي' 'ويٺي' 'قدرت' 'پاناما' 'ليڪس'
 'جي' 'شڪل' '۾' 'کيس' 'اهڙو' 'موقعو' 'فراهم' 'ڪيو' '،' 'جنهن' 'تي'
 'جيڪڏهن' 'خان' 'صاحب' 'چاهي' 'ها' 'ته' 'دٻاءُ' 'وڌائي' 'گهربل' 'نتيجا'
 'حاصل' 'ڪري' 'پئي' 'سگهيو' '.']","[0 0 0 0 0 0 0 0 0 0 0 3 3 0 0 0 0 0 0 9 9 0 0 0 0 0 0 0 0 0 0 0 0 3 3 0 0
 0 0 0 0 0 0 0 0 0 0]"
923,"['ڀلا' 'جي' 'ٻوڏ' 'گهٽ' 'به' 'اچي' 'ها' 'ته' 'وڌ' '۾' 'وڌ' 'اهو' 'ٿئي'
 'ها' 'ته' 'ماڻهو' '۽' 'مال' 'ڪچي' 'مان' 'نڪري' 'اچن' 'ها' '۽' 'جڏهين'
 'ڏسن' 'ها' 'ته' 'ڪا' 'ايتري' 'خاص' 'ٻوڏ' 'ناهي' 'ته' 'واپس' 'ڪچي' '۾'
 'موٽي' 'وڃن' 'ها' '.']","[0 0 0 0 0 0 0 0 0 0 0 0 0 0 0 0 0 0 0 0 0 0 0 0 0 0 0 0 0 0 0 0 0 0 0 0 0
 0 0 0 0]"
924,"['هونئن' 'ته' 'خراب' 'طرز' 'حڪمراني' 'جا' 'ڪيترائي' 'اهڃاڻ' 'آهن' 'پر'
 'جيڪڏهن' 'پاڻ' 'ٿلهي' 'ليکي' 'حساب' 'ڪيون' 'ته' 'ٻه' 'اهڃاڻ' 'سڀني' 'تي'
 'حاوي' 'هجن' 'ٿا' 'هڪ' 'ڪرپشن' '۽' 'ٻيو' 'ڪرائيم' 'ڪرائيم' 'جي' 'حوالي'
 'سان' 'جيترو' 'سنڌ' 'جا' 'ماڻهو' 'ستايل' 'رهيا' 'آهن' '،' 'ڇا' 'سنڌ' 'جا'
 'شهر' 'ڇا' 'ٻهراڙيون' 'ته' 'اتي' 'معاملو' 'هڪ' 'ڪرو' 'رهيو' 'آهي' 'پر'
 'ان' 'تي' 'به' 'اکيون' 'پوري' 'رکيون' 'ويون' '.']","[ 0  0  0  0  0  0  0  0  0  0  0  0  0  0  0  0  0 11  0  0  0  0  0  0
 11  0  0 11  0  0  0  0  0  0  7  0  0  0  0  0  0  0  7  0  0  0  0  0
  0  0 11  0  0  0  0  0  0  0  0  0  0  0  0]"
925,"['نواز' 'شريف' 'کي' '”' 'امن' 'جي' 'شهزادي' '“' 'وارو' 'ٽائيٽل' 'به'
 'عنايت' 'پيو' 'ڪري' 'ته' 'سيڪريٽري' 'سطح' 'جون' 'ڳالهيون' 'بحال' 'ڪرڻ'
 'وارو' 'به' 'خيال' 'ظاهر' 'ڪري' 'رهيو' 'آهي' '.']",[3 3 0 0 5 5 5 0 0 0 0 0 0 0 0 0 0 0 0 0 0 0 0 0 0 0 0 0 0]
926,"['محبتون' '،' 'روساما' '،' 'ڪاوڙيون' '،' 'لڙڪ' '،' 'ٽهڪ' '،' 'ڳالهيون' '،'
 'پچارون' '،' 'يادون' '،' 'جهونگارون' '،' 'اشارا' '،' 'آواز' '،' 'پَههَ'
 '،' 'ننڊون' '،' 'خواب' '۽' 'فئنٽسيون' 'سڀ' 'هڪڙي' 'ريلي' '۾' 'لڙهي' 'ويا'
 '.']",[0 0 0 0 0 0 0 0 0 0 0 0 0 0 0 0 0 0 0 0 0 0 0 0 0 0 0 0 0 0 0 0 0 0 0 0]
927,"['ننڍپڻ' '۾' 'گهٽي' 'يا' 'اسڪول' 'جي' 'ميدانن' 'تي' 'ڪرڪيٽ' 'ته' 'لڳ' 'ڀڳ'
 'هر' 'ڪوئي' 'کيڏندو' 'آهي' 'پر' 'ملڪي' 'توڙي' 'عالمي' 'سطح' 'تي' 'شهرت'
 'ٿورن' 'ئي' 'رانديگرن' 'کي' 'نصيب' 'ٿيندي' 'آهي' '.']","[ 0  0  0  0  0  0  0  0 11  0  0  0  0  0  0  0  0  0  0  0  0  0  0  0
  0  0  0  0  0  0  0]"
928,"['جيڪڏهن' 'انهيءَ' 'خبر' '۾' 'وزن' 'آهي' 'ته' 'دير' 'نه' 'ڪرڻ' 'گهرجي' '۽'
 'اهڙي' 'عمل' 'سان' 'سياسي' 'وايومنڊل' '۾' 'ٿڌائي' 'محسوس' 'ٿيندي' '۽'
 'اهو' 'ڪريڊٽ' 'صدر' 'آصف' 'علي' 'زرداري' 'کي' 'ملندو' '.']",[0 0 0 0 0 0 0 0 0 0 0 0 0 0 0 0 0 0 0 0 0 0 0 0 5 3 3 3 0 0 0]
929,"['هاڻي' 'ڳالهه' 'اها' 'آهي' 'ته' 'عوام' 'جي' 'اڪثريت' 'اهڙن' 'معاملن'
 'کان' 'مڪمل' 'طور' 'آگاهه' 'نٿي' 'هجي' '،' 'نتيجي' '۾' 'ڪا' 'اهڙي'
 'عوامي' 'راءِ' 'به' 'جڙي' 'نٿي' 'سگهي' '،' 'جيڪا' 'چونڊيل' 'نمائندن' 'کي'
 'مجبور' 'ڪري' 'ته' 'هو' 'موجوده' 'قانونن' 'جا' 'سقم' 'ختم' 'ڪن' 'يا'
 'نئين' 'سر' 'قانونسازي' 'ڪري' 'مني' 'لانڊرنگ' '،' 'ڪرپشن' 'جي' 'روڪ'
 'لاءِ' 'اپاءَ' 'وٺن' '.']","[0 0 0 0 0 0 0 0 0 0 0 0 0 0 0 0 0 0 0 0 0 0 0 0 0 0 0 0 0 0 0 0 0 0 0 0 0
 0 0 0 0 0 0 0 0 0 0 0 0 0 0 0 0 0 0 0 0]"
930,"['مٿان' 'وري' '،' 'ڪن' 'مبصرن' 'چواڻي' '،' 'جيڪڏهن' 'آمريڪا' '۾' 'هن'
 'ڀيري' 'ريپبليڪنس' 'بدران' 'ڊيموڪريٽس' 'ئي' 'کٽي' 'آيا' 'ته' 'ڪٿي'
 'اوباما' 'انتظاميا' 'افغان' 'طالبان' 'ڏانهن' 'سخت' 'گير' 'رويو' 'اختيار'
 'ڪندي' 'ماڳهين' '2014ع' '۾' 'فوجي' 'واپس' 'گهرائڻ' 'واري' 'معاملي' 'کي'
 'اينگهائي' 'نه' 'ڇڏي' '.']","[ 0  0  0  0  0  0  0  0  7  0  0  0  8  0  8  0  0  0  0  0  3  0  7  8
  0  0  0  0  0  0  0 11  0  0  0  0  0  0  0  0  0  0  0]"
931,"['ان' 'ڪري' 'منهنجي' 'خيال' '۾' 'ڀلي' 'ان' 'قسم' 'جا' 'ڪيترائي' 'عدالتي'
 'حڪم' 'ايندا' 'رهن' '،' 'پر' 'جيستائين' 'سمورا' 'اسٽيڪ' 'هولڊرس' 'ان'
 'هڪ' 'نقطي' 'تي' 'متفق' 'نٿا' 'ٿين' 'ته' 'هو' 'سمورن' 'سياسي' '۽' 'گروهي'
 'مفادن' 'کان' 'بالاتر' 'ٿي' 'اجتماعي' 'مفادن' 'پوري' 'شهر' '،' 'صوبي'
 'توڙي' 'ملڪ' 'جي' 'ڀلي' 'لاءِ' 'هڪ' 'هنڌ' 'گڏ' 'نٿا' 'ٿين' '،' 'تيستائين'
 'سنڌ' 'جي' 'انهيءَ' 'دل' 'مان' 'ايئن' 'ئي' 'رت' 'ڳڙندو' 'رهندو' '۽' 'هن'
 'شهر' 'جي' 'مالڪيءَ' 'جون' 'دعويدار' 'ڌريون' 'ساڳئي' 'نموني' 'انهيءَ'
 'شهر' 'جي' 'جسم' 'کي' 'جهير' 'ڏينديون' 'رهنديون' '!' 'هي' 'سٽون' 'ڇپجڻ'
 'تائين' 'اهو' 'واضح' 'ٿي' 'چڪو' 'هوندو' 'ته' 'سپر' 'پاور' 'آمريڪا' 'جو'
 '45هون' 'صدر' 'ڪير' 'آهي' '،' 'ڪالهه' 'اڱاري' 'ڏينهن' 'ٿيل' 'چونڊ' 'کان'
 'ڪيترو' 'ئي' 'وقت' 'ڊيموڪريٽس' 'جي' 'اوباما' '۽' 'ريپبليڪنس' 'جي' 'مٽ'
 'رومني' 'وچ' '۾' 'ان' 'حد' 'تائين' 'سخت' 'مقابلي' 'جي' 'توقع' 'ڪئي' 'پئي'
 'وئي' '،' 'جو' 'ڪنهن' 'جي' 'به' 'باري' '۾' 'اها' 'اڳڪٿي' 'ڪرڻ' 'مشڪل'
 'هئي' 'ته' 'صدارت' 'جو' 'تاج' 'ڪير' 'پائيندو' '؟']","[ 0  0  0  0  0  0  0  0  0  0  0  0  0  0  0  0  0  0  0  0  0 11  0  0
  0  0  0  0  0  0  0  0  0  0  0  0  0  0  0  0  0  0  0  0  0  0  0  0
 11  0  0  0  0  0  0  7  0  0  0  0  0  0  0  0  0  0  0  0  0  0  0  0
  0  0  0  0  0  0  0  0  0  0  0  0  0  0  0  0  0  0  0  0  0  0  0  0
  7  0 11  5  0  0  0  0 11  0  0  0  0  0  0  0  8  0  3  0  8  0  3  3
  0  0  0  0  0  0  0  0  0  0  0  0  0  0  0  0  0  0  0  0  0  0  0  0
  0  0  0  0  0  0  0]"
932,"['ڇاڪاڻ' 'ته' 'دهشتگردي' 'خلاف' 'فوج' 'اڳين' 'مورچن' 'تي' 'آهي' '،' 'اها'
 'ئي' 'پاليسي' 'ٺاهي' 'ٿي' '،' 'منصوبه' 'بندي' 'ڪري' 'ٿي' '،' 'اها' 'ئي'
 'ايڪشن' 'وٺي' 'ٿي' 'ان' 'ڪري' 'بي' 'عمل' 'سياسي' 'قيادت' 'وٽ' 'سندن'
 'فرمائش' 'کي' 'رد' 'ڪرڻ' 'جو' 'ڪو' 'جواز' 'ڪونه' 'هو' '.']","[0 0 0 0 0 0 0 0 0 0 0 0 0 0 0 0 0 0 0 0 0 0 0 0 0 0 0 0 0 0 0 0 0 0 0 0 0
 0 0 0 0 0 0 0]"
933,"['حبيب' 'بورگيبا' 'نوجواني' 'وارن' 'ڏينهن' '۾' 'فرانس' 'کان' 'تيونس' 'جي'
 'آزادي' 'لاءِ' 'جدوجهد' '۾' 'حصو' 'ورتو' '،' 'هو' 'ٻه' 'ڀيرا' 'جيل' 'پڻ'
 'ويو' '.']",[ 3  3  0  0  0  0  7  0  7  0  0  0  0  0  0  0  0  0 11  0  0  0  0  0]
934,"['انهيءَ' 'عرصي' 'دوران' 'ننڍن' 'صوبن' '۾' 'احساس' 'محرومي' 'وڌيو' '،'
 'جيڪو' 'اڄ' 'تائين' 'قائم' 'آهي' '.']",[0 0 0 0 0 0 0 0 0 0 0 0 0 0 0 0]
935,"['انتظاميه' 'محض' 'هڪ' 'تماشائي' 'آهي' '،' 'جنهن' 'کي' 'اهابه' 'خبر' 'آهي'
 'ته' 'ڪهڙو' 'گروپ' 'اسڪول' 'بند' 'يا' 'ميوزڪ' 'جا' 'دڪان' 'پيو' 'ساڙي'
 '،' 'پر' 'اها' 'ڪجهه' 'به' 'ڪرڻ' 'جي' 'پوزيشن' '۾' 'نه' 'آهي' '.']","[ 0  0 11  0  0  0  0  0  0  0  0  0  0  0  0  0  0  0  0  0  0  0  0  0
  0  0  0  0  0  0  0  0  0  0]"
936,"['گهر' 'هليو' 'وڃ' '،' 'تون' 'ويندين' 'هليو' 'ته' 'وڻ' 'پنهنجي' 'ڌرتي'
 'تي' 'وڌيڪ' 'تيزي' 'سان' 'واڌ' 'کائيندو' '۽' 'ڦلاربو' '.']",[0 0 0 0 0 0 0 0 0 0 0 0 0 0 0 0 0 0 0 0]
937,"['هڪ' 'آمريڪي' 'اداري' 'جي' '2016ع' 'جي' 'ڪاٿي' 'موجب' 'جيڪي' 'انگ' 'اکر'
 'ڏنا' 'ويا' 'هئا' '،' 'تن' 'موجب' 'گذريل' 'سال' 'تائين' 'هن' 'ملڪ' 'جي'
 'مجموعي' 'آبادي' 'جو' 'ڪاٿو' '20' 'ڪروڙ' '19' 'لک' 'جي' 'لڳ' 'ڀڳ' 'لڳايو'
 'ويو' 'هو' '،' 'جنهن' '۾' 'پنجابين' 'جي' 'شرح' '44' '.']","[11  8  0  0 11  0  0  0  0  0  0  0  0  0  0  0  0  0  0  0  0  0  0  0
  0  0  0 11 11 11 11  0  0  0  0  0  0  0  0  0  0  0  0 11 11]"
938,"['هليري' 'پنهنجين' 'ناڪامين' '۾' 'هڪ' 'وڌيڪ' 'اضافو' 'ڪيو' 'آهي' '،'
 'هيلري' 'تي' 'ڪوڙ' 'ڳالهائڻ' 'جي' 'حوالي' 'سان' 'قانوني' 'ڪارروائي' 'ٿيڻ'
 'گهرجي' '.']",[ 3  0  0  0 11  0  0  0  0  0  3  0  0  0  0  0  0  0  0  0  0  0]
939,"['ڪامورا' 'شاهي' 'کان' 'پڇا' 'ڪندا' 'ته' '،' 'هو' 'توهان' 'کي' 'ٻڌائيندا'
 'ته' 'حرام' 'جو' 'پنهنجي' 'پگهار' 'کانسواءِ' 'رپيو' 'به' 'کين' 'نصيب'
 'ٿيندو' 'هجي' '،' 'ڇاڪاڻ' 'ته' 'وزير' 'صاحبان' 'ٽڪي' 'پيسي' 'تي' 'ڪرڙي'
 'اک' 'رکي' 'ويٺا' 'آهن' '،' 'وزيرن' 'کان' 'حال' 'احوال' 'جو' 'موقعو'
 'مليو' 'ته' '،' 'هو' 'توهان' 'کي' 'اڳوڻين' 'حڪومتن' 'جي' 'ڪرپشن' 'جا'
 'اهڙا' 'ته' 'هوشربا' 'داستان' 'ٻڌائيندا' '،' 'جو' 'توهان' 'جا' 'هوش' 'ئي'
 'خطا' 'ٿي' 'ويندا' '،' 'جيڪڏهن' 'توهان' 'هنن' 'کان' 'غلطيءَ' 'سان' 'اهو'
 'پڇي' 'ورتو' 'ته' '،' 'پوءِ' 'هي' 'سمورو' 'مال' 'متاع' '،' 'گاڏيون'
 'بنگلا' 'ڪنهن' 'جا' 'آهن' '؟']","[ 0  0  0  0  0  0  0  0  0  0  0  0  0  0  0  0  0 11  0  0  0  0  0  0
  0  0  5  0  0  0  0  0  0  0  0  0  0  0  0  0  0  0  0  0  0  0  0  0
  0  0  0  0  0  0  0  0  0  0  0  0  0  0  0  0  0  0  0  0  0  0  0  0
  0  0  0  0  0  0  0  0  0  0  0  0  0  0  0  0  0  0  0  0]"
940,['شجاع' 'نواز' 'انهيءَ' 'ئي' 'جنرل' 'جو' 'ڀاءُ' 'آهي' '.'],[3 3 0 0 5 0 0 0 0]
941,"['جبل' 'جي' 'انهيءَ' 'انوکي' 'پنڌ' '۾' 'رستي' 'تي' 'ڪجهه' 'نوجوان'
 'ڇوڪريون' 'اڪيليون' 'اڪيليون' 'ايندي' 'ويندي' 'ڏٺيوسين' '.']",[0 0 0 0 0 0 0 0 0 0 0 0 0 0 0 0 0]
942,"['ٽن' 'سالن' 'جي' 'گمشدگيءَ' 'کانپوءِ' 'جڏهن' 'موصوف' 'لنڊن' '۾' 'نمودار'
 'ٿيو' 'هو' '،' 'تڏهن' 'پير' 'سائين' 'پاڳاري' 'چيو' 'هو' 'ته' '،' 'آصف'
 'نواز' 'جنجوعي' 'جي' 'اسپيشل' 'جهاز' '۾' 'عمران' 'فاروق' 'لنڊن' 'پهتو'
 'آهي' '.']",[0 0 0 0 0 0 3 7 0 0 0 0 0 0 3 3 3 0 0 0 0 3 3 3 0 0 0 0 3 3 7 0 0 0]
943,"['ڪلاڪ' 'کن' 'جي' 'جاکوڙ' 'کانپوءِ' 'جو' 'پهتاسين' 'ته' 'اها' 'بلڊنگ'
 'سمجهڻ' '۾' 'به' 'ڪجهه' 'وقت' 'لڳو' '.']",[11  0  0  0  0  0  0  0  0  0  0  0  0  0  0  0  0]
944,"['جن' 'کي' 'ٺڙڪ' 'ٺڳي' 'ايندي' 'هئي' '۽' 'اُهي' 'مال' 'پاڻي' 'ڪمائي' 'ارن'
 'مان' 'نڪري' 'ويا' '.']",[0 0 0 0 0 0 0 0 0 0 0 0 0 0 0 0]
945,"['اهو' 'ڏسجي' 'ٿو' 'ته' 'هن' 'جي' 'ڪنن' '۾' 'ڪيتريون' 'سونيون' 'واليون'
 'آهن' '،' 'جيڪڏهن' 'اهو' 'وار' 'خالي' 'وڃي' 'ٿو' 'ته' 'پوءِ' 'ٻي' 'نظر'
 'حوسناڪ' 'هجي' 'ٿي' '،' 'اهو' 'ڍو' 'ڪري' 'بس' 'ئي' 'نٿي' 'ڪجي' 'ته'
 'آخري' 'وار' 'کيس' 'زندگيءَ' 'کان' 'ئي' 'محروم' 'ڪرڻ' 'جو' 'هجي' 'ٿو' '،'
 'هي' 'انسانن' 'جي' 'ويس' '۾' 'اسان' 'ملڪ' 'الموت' 'ڪڏهن' 'کان' 'ٿي' 'ويا'
 'آهيون' '!' '؟']","[ 0  0  0  0  0  0  0  0  0  0  0  0  0  0  0  0  0  0  0  0  0 11  0  0
  0  0  0  0  0  0  0  0  0  0  0  0  0  0  0  0  0  0  0  0  0  0  0  0
  0  0  0  0  0 11 11  0  0  0  0  0  0  0]"
946,"['اهو' 'نه' 'وساريو' 'وڃي' 'ته' 'هي' 'فلم' 'ڪا' 'غير' 'حقيقي' 'آهي' '،'
 'جيڪا' 'ختم' 'ٿيڻ' 'تي' 'هر' 'ڪو' 'پنهنجي' 'گهر' 'هليو' 'ويندو' 'پر'
 'اها' 'حقيقت' 'تي' 'ٻڌل' 'آهي' '،' 'جنهن' 'جو' 'هر' 'جملو' '،' 'هر'
 'سِين' '۽' 'هر' 'موڙ' 'ڏسندڙن' 'جي' 'زندگي' 'تي' 'ڀرپور' 'اثر' 'ڇڏي' 'ٿو'
 '!' 'ڪراچيءَ' '۾' 'گذريل' 'ڪيترن' 'ئي' 'سالن' 'کان' 'شايد' 'ئي' 'ڪو'
 'اهڙو' 'مهينو' 'گذريو' 'هجي' '،' 'جنهن' 'رت' 'سان' 'غسل' 'نه' 'ڪيو' 'هجي'
 '.']","[0 0 0 0 0 0 0 0 0 0 0 0 0 0 0 0 0 0 0 0 0 0 0 0 0 0 0 0 0 0 0 0 0 0 0 0 0
 0 0 0 0 0 0 0 0 0 0 0 7 0 0 0 0 0 0 0 0 0 0 0 0 0 0 0 0 0 0 0 0 0 0]"
947,"['مون' 'کي' 'اهو' 'به' 'ياد' 'اچي' 'ويو' 'ته' 'ڪيئن' 'نه' 'فقط' 'سوا'
 'سال' 'اڳ' 'چونڊيل' 'جمهوري' 'حڪومت' 'هوندي' 'به' 'رمضان' 'جي' 'سڳوري'
 'مهيني' '۾' 'سليماني' 'ٽوپي' 'پهريل' 'ڪراچيءَ' 'جي' 'قاتلن' '۽'
 'دهشتگردن' 'جڏهن' 'ساڍا' 'ٽي' 'سئو' 'معصوم' 'بيگناهه' 'ماڻهو' 'ماري'
 'سندن' 'وارثن' '۽' 'ٻچن' 'جي' 'عيد' 'کي' 'ماتم' 'بڻائي' 'ڇڏيو' 'هو' '،'
 'تڏهن' 'پوليس' '۽' 'رينجرس' 'جي' 'ناڪاميءَ' 'بابت' 'مون' 'هنن' 'ئي'
 'ڪالمن' 'ذريعي' 'سنڌ' 'جي' 'وڏي' 'وزير' 'کي' 'صلاح' 'ڏني' 'هئي' 'ته'
 'ٿورڙي' 'همت' '۽' 'ڏاهپ' 'کان' 'ڪم' 'وٺي' 'سنڌ' '۾' 'رينجرس' 'جي' 'جاءِ'
 'تي' 'پڙهيل' 'ڳڙهيل' 'سنڌي' 'نوجوان' 'پوليس' '۾' 'ڀرتي' 'ڪري' 'مقرر'
 'ڪيا' 'وڃن' 'ته' 'ان' 'سان' 'هڪ' 'پاسي' 'هر' 'سال' 'خرچ' 'ٿيندڙ' 'اربين'
 'رپيا' 'سجايا' 'ٿي' 'سگهندا' '۽' 'هزارين' 'نوجوانن' 'کي' 'روزگار' 'به'
 'ملي' 'ويندو' '۽' 'پنهنجن' 'ماڻهن' 'جي' 'حفاظت' 'به' 'دل' 'جان' 'سان'
 'ڪندا' '.']","[ 0  0  0  0  0  0  0  0  0  0  0 11 11  0  0  0  0  0  0 11  0  0  0  0
  8  0  0  7  0  0  0  0  0 11 11 11  0  0  0  0  0  0  0  0  0  9  0  0
  0  0  0  0  0  0  0  0  0  0  0  0  0  0  0  0  7  0  5  5  0  0  0  0
  0  0  0  0  0  0  0  0  7  0  0  0  0  0  0  0  8  0  0  0  0  0  0  0
  0  0  0  0 11  0  0  0  0  0  0 11  0  0  0  0  0  0  0  0  0  0  0  0
  0  0  0  0  0  0  0  0  0  0]"
948,"['اهي' 'سوال' 'جيڪي' '2' 'مئي' 'واري' 'واقعي' 'کانپوءِ' 'هر' 'ماڻهوءَ'
 'جي' 'ذهن' '۾' 'اڀريا' 'هئا' '،' 'تن' 'جي' 'اطمينان' 'لاءِ' 'اهي' 'جواب'
 'دستياب' 'ڪونه' 'هوندا' '.']","[ 0  0  0 11 11  0  0  0  0  0  0  0  0  0  0  0  0  0  0  0  0  0  0  0
  0  0]"
949,['ساڳئي' 'عمران' 'فاروق' 'واري' 'آکاڻي' 'آهي' 'ڇا' '.'],[0 3 3 0 0 0 0 0]
950,"['جيڪڏهن' 'عشرت' 'العباد' 'ڪنهن' 'ٻئي' 'صوبي' 'جو' 'گورنر' 'هجي' 'ها' 'ته'
 'شايد' 'ايترو' 'اهم' 'نه' 'هجي' 'ها' '،' 'هن' 'جي' 'موجودگي' 'فقط' 'وفاق'
 'جي' 'هڪ' 'علامتي' 'نمائندي' 'طور' 'تصور' 'ڪئي' 'وڃي' 'ها' '،' 'جيڪو'
 'مختلف' 'سرڪاري' 'تقريبن' '۾' 'ويندو' 'آهي' '،' 'ڪٿي' 'ڪنهن' 'ايونٽ' '۾'
 'خاص' 'مهمان' 'طور' 'شريڪ' 'ٿيندو' 'آهي' '،' 'ڪٿي' 'سرڪاري' 'وفدن' 'سان'
 'رسمي' 'ملاقاتون' 'ڪندو' 'آهي' 'وغيره' '.']","[ 0  3  3  0  0  0  0  5  0  0  0  0  0  0  0  0  0  0  0  0  0  0  0  0
 11  0  0  0  0  0  0  0  0  0  0  0  0  0  0  0  0  0  0  0  0  0  0  0
  0  0  0  0  0  0  0  0  0  0  0  0  0  0]"
951,"['هي' 'گذريل' 'سال' 'مها' 'ٻوڏ' 'جهڙا' 'ئي' 'منظر' 'آهن' 'پر' 'هن' 'ڀيري'
 'ان' '۾' 'ڪي' 'تبديليون' 'ڏسڻ' '۾' 'اچي' 'رهيون' 'آهن' '.']",[0 0 0 0 0 0 0 0 0 0 0 0 0 0 0 0 0 0 0 0 0 0]
952,"['اهي' 'مسئلا' 'اسان' 'جي' 'مسئلن' 'کان' 'نوعيت' '۾' 'مختلف' 'ٿي' 'سگهن'
 'ٿا' '.']",[0 0 0 0 0 0 0 0 0 0 0 0 0]
953,"['ساراماگو' 'جو' 'ناول' 'انهن' 'جمهوري' 'حڪومتن' 'تي' 'هڪ' 'اهڙي' 'سياسي'
 'چٿر' 'آهي' '،' 'جيڪي' 'جمهوريت' 'جي' 'نالي' '۾' 'ماڻهن' 'جي' 'تذليل'
 'ڪن' 'ٿا' '،' 'کين' 'عزتِ' 'نفس' 'کان' 'محروم' 'ڪن' 'ٿا' '،' 'سندن'
 'ڪرپشن' '،' 'بدانتظامي' '۽' 'اهليت' 'کي' 'سنگين' 'نموني' 'سان' 'بيان'
 'ڪيو' 'ويو' 'آهي' '.']","[ 3  0  0  0  0  0  0 11  0  0  0  0  0  0  0  0  0  0  0  0  0  0  0  0
  0  0  0  0  0  0  0  0  0  0  0  0  0  0  0  0  0  0  0  0  0  0  0]"
954,"['حقيقت' '۾' 'هي' 'ڳالهيون' 'پاڻ' 'کي' 'اڳ' '۾' 'ئي' 'لکڻ' 'گهرجن' 'ها'
 '،' 'جڏهين' 'پاڻ' 'کي' 'کٽڪو' 'ٿي' 'بيٺو' 'هو' '.']",[0 0 0 0 0 0 0 0 0 0 0 0 0 0 0 0 0 0 0 0 0]
955,"['ڊي' 'جي' 'رينجرس' 'جي' 'هن' 'ڳالهه' 'تي' 'منهنجي' 'اکين' 'اڳيان' 'ڪجهه'
 'مهينا' 'اڳ' 'ڪلفٽن' 'واري' 'بينظير' 'پارڪ' '۾' 'نوجوان' 'اصغر' 'شاهه'
 'کي' 'رينجرس' 'جي' 'سپاهين' 'هٿان' 'تڙپندي' 'تڙپندي' 'گولين' 'جو' 'کاڄ'
 'بنجڻ' 'وارو' 'دردناڪ' 'منظر' 'تري' 'آيو' '.']","[5 5 0 0 0 0 0 0 0 0 0 0 0 4 0 4 4 0 0 3 3 0 0 0 0 0 0 0 0 0 0 0 0 0 0 0 0
 0]"
956,"['بلوچستان' 'اڃان' 'تائين' 'مذهبي' 'انتهاپسندي' 'جي' 'پليگ' 'کان' 'پري'
 'آهي' '۽' 'هتان' 'جي' 'ماڻهن' 'بابت' 'جيڪو' 'عام' 'تاثر' 'آهي' 'ته' 'اهي'
 'ايترا' 'باشعور' 'ناهن' 'ته' 'حقيقت' '۾' 'هو' 'وڌيڪ' 'گهرو' 'ذهن' 'رکندڙ'
 'آهن' '.']",[7 0 0 0 0 0 0 0 0 0 0 0 0 0 0 0 0 0 0 0 0 0 0 0 0 0 0 0 0 0 0 0 0 0]
957,"['سندس' 'هن' 'فيصلي' 'جي' 'نه' 'رڳو' 'مخالف' 'ڌر' 'جي' 'اڳواڻ' 'سيد'
 'خورشيد' 'شاهه' 'بروقت' 'آجيان' 'ڪئي' '۽' 'پورو' 'پورو' 'ساٿ' 'ڏيڻ' 'جي'
 'خاطري' 'ڏنائين' '،' 'بلڪه' 'عمران' 'خان' 'جي' 'جماعت' 'تحريڪ' 'انصاف'
 'پاران' 'شاهه' 'محمود' 'قريشي' '،' 'پختونخوا' 'ملي' 'عوامي' 'پارٽيءَ'
 'جي' 'اڳواڻ' 'محمود' 'خان' 'اچڪزئي' 'توڙي' 'ٻين' 'پارٽين' 'پڻ' 'حڪومت'
 'جي' 'هن' 'قدم' 'کي' 'ساراهيو' '.']","[0 0 0 0 0 0 0 0 0 0 3 3 3 0 0 0 0 0 0 0 0 0 0 0 0 0 3 3 0 8 8 8 0 3 3 3 0
 7 0 8 8 0 0 3 3 3 0 0 0 0 0 0 0 0 0 0 0]"
958,"['سوال' 'آهي' 'ته' 'پارليامينٽ' '16' 'مارچ' 'تي' 'پنهنجو' 'مدو' 'پورو'
 'ڪيو' '،' 'وزير' 'اعظم' '۽' 'سندس' 'وزير' 'به' 'گهر' 'ڀيڙا' 'ٿي' 'ويا'
 'ته' 'پوءِ' 'هي' 'اربين' 'رپين' 'جون' 'اسڪيمون' 'منظور' 'ڪندڙ' 'ڪو'
 'گهوسٽ' 'آهي' 'ڇا' '،' 'جيڪو' '18' 'هين' 'گريڊ' 'کان' '22' 'هين' 'گريڊ'
 'تائين' 'پنهنجي' 'دل' 'گهرين' 'آفيسرن' '۽' 'ڪامورن' 'جون' 'هاڻي' 'به'
 'پوسٽنگون' '۽' 'پروموشن' 'ڪندو' 'رهيو' '؟']","[ 0  0  0  0 11 11  0  0  0  0  0  0  5  5  0  0  5  0  0  0  0  0  0  0
  0  0  0  0  0  0  0  0  0  0  0  0  0 11 11  0  0 11 11  0  0  0  0  0
  0  0  0  0  0  0  0  0  0  0  0  0]"
959,"['ايم' 'ڪيو' 'ايم' '،' 'ق' 'ليگ' 'سميت' 'عمران' 'خان' 'جي' 'حمايت' 'ٻڌائي'
 'پئي' 'ته' 'ڊيمو' 'ڪريسيءَ' 'واري' 'ڪمبل' 'جي' 'چوريءَ' 'جو' 'اهتمام'
 'ٿي' 'چُڪو' 'آهي' '.']",[8 8 8 0 8 8 0 3 3 0 0 0 0 0 0 0 0 0 0 0 0 0 0 0 0 0]
960,"['سردار' 'سروور' 'ڊيم' 'جو' 'منصوبو' 'گجرات' 'جي' 'ڪڇ' 'توڙي' 'سوراشٽر'
 'علائقن' 'جي' 'غير' 'آباد' 'زمينن' 'کي' 'آباد' 'ڪرڻ' 'لاءِ' 'جوڙيو' 'ويو'
 'هو' '،' 'جنهن' 'وسيلي' 'ڪڇ' 'جي' 'ڏيڍ' 'سيڪڙو' '،' 'جڏهن' 'ته' 'سوراشٽر'
 'جي' '9' 'سيڪڙو' 'زمين' 'آباد' 'ٿيڻي' 'هئي' '،' 'باقي' 'پاڻيءَ' 'سان'
 'وڏن' 'زميندارن' 'جون' 'اڳ' 'ئي' 'آباد' 'ٻنيون' 'زرخيز' 'ٿيڻيون' 'هيون'
 '،' 'جيڪي' 'ڪمند' '۽' 'ٻيا' 'فصل' 'پوکيندا' 'هئا' '،' 'پر' 'انهيءَ'
 'منصوبي' 'ورهين' 'کان' 'گجرات' 'جي' 'بجيٽ' 'کي' 'سڪائي' 'سوڙهو' 'ڪري'
 'ڇڏيو' '،' 'جنهن' 'قيمت' 'تي' 'پاڻيءَ' 'جا' 'ڪيترائي' 'ننڍا' 'منصوبا'
 'شروع' 'ٿي' 'پئي' 'سگهيا' '.']","[ 4  4  4  0  0  7  0  4  0  4  0  0  0  0  0  0  0  0  0  0  0  0  0  0
  0  4  0 11 11  0  0  0  4  0 11 11  0  0  0  0  0  0  0  0  0  0  0  0
  0  0  0  0  0  0  0  0  0  0  0  0  0  0  0  0  0  0  0  0  7  0  0  0
  0  0  0  0  0  0  0  0  0  0  0  0  0  0  0  0  0  0]"
961,"['ماحوليات' 'تي' 'ٿيندڙ' 'نئين' 'ريسرچ' 'کان' 'هڪ' 'آبپاشيءَ' 'جو' 'ماهر'
 'ڪيترو' 'واقف' 'هوندو' '،' 'اها' 'به' 'هر' 'پڙهندڙ' 'کي' 'خبر' 'هئڻ'
 'گهرجي' '.']",[ 0  0  0  0  0  0 11  0  0  0  0  0  0  0  0  0  0  0  0  0  0  0  0]
962,"['روسي' 'صدر' 'جون' 'ڌمڪيون' 'هجن' 'يا' 'ماسڪو' 'جي' 'جهاز' 'ڪيرائڻ'
 'کانپوءِ' 'عراق' 'مان' 'پنهنجون' 'فوجون' 'پاهون' 'ورائڻ' 'لاءِ' 'بغداد'
 'جون' 'تقاضائون' '.']",[5 5 0 0 0 0 7 0 0 0 0 7 0 0 0 0 0 0 7 0 0 0]
963,"['حڪومت' 'پاران' 'بار' 'بار' 'دهشتگردن' 'آڏو' 'ڳالهين' 'جي' 'نماڻي' '،'
 'عاجزيءَ' 'سان' 'ڀريل' 'آڇ' 'رکڻ' 'جي' 'باوجود' 'به' 'ٻئي' 'پاسي' 'کان'
 'مسلسل' 'انڪار' 'پئي' 'ٿيندو' 'آيو' 'آهي' '۽' 'هاڻ' 'ته' 'اهو' 'انڪار'
 'هڪ' 'خطرناڪ' 'ڌمڪيءَ' 'سان' 'گڏ' 'انتهائي' 'واضح' 'لفظن' '۾' 'سامهون'
 'آيو' 'آهي' '،' 'پر' 'پوءِ' 'به' 'خبر' 'ناهي' 'ڇو' 'ڳالهين' 'جي' 'پچر'
 'نٿي' 'ڇڏي' 'وڃي' '؟']","[ 0  0  0  0  0  0  0  0  0  0  0  0  0  0  0  0  0  0  0  0  0  0  0  0
  0  0  0  0  0  0  0  0 11  0  0  0  0  0  0  0  0  0  0  0  0  0  0  0
  0  0  0  0  0  0  0  0  0  0]"
964,"['انهيءَ' 'جو' 'وڏو' 'سبب' 'اهو' 'هو' 'ته' 'پاڪستان' 'کي' 'ڪميونزم' 'خلاف'
 'ويڙهه' 'لاءِ' 'تيار' 'ڪجي' '.']",[0 0 0 0 0 0 0 7 0 0 0 0 0 0 0 0]
965,"['هر' 'ڪو' 'سمجهي' 'سگهي' 'ٿو' 'ته' 'هڪڙو' 'ارب' 'پتي' 'سرمائيدار'
 'ڪروڙين' 'مسڪين' 'ماڻهن' 'جيان' 'جنهن' 'ريت' 'پنهنجو' 'پگهر' 'پيو'
 'وهائي' '،' 'اهو' 'عوام' 'سان' 'همدردي' 'وارو' 'ڏيک' 'رڳو' 'ڊرامائي'
 'ڏيک' 'ئي' 'هو' '.']","[ 0  0  0  0  0  0  0 11  0  0  0  0  0  0  0  0  0  0  0  0  0  0  0  0
  0  0  0  0  0  0  0  0  0]"
966,"['عوام' 'جواب' 'ڏنو' 'ته' 'ساڳئي' 'طريقي' 'سان' 'جيئن' 'جنگ' 'کان'
 'پهريان' '.']",[0 0 0 0 0 0 0 0 0 0 0 0]
967,"['ٻئي' 'پاسي' 'اي' 'اين' 'پي' 'اڳواڻن' 'مان' 'سينيٽر' 'شاهي' 'سيد' 'کان'
 'وٺي' 'وفاقي' 'وزير' 'غلام' 'احمد' 'بلور' 'تائين' 'وڏي' 'واڪ' 'اهو'
 'اعلان' 'ڪيو' 'ويو' 'آهي' 'ته' 'دهشتگرد' 'اسان' 'جي' 'پٺاڻ' 'ڀائرن' 'جو'
 'قتلام' 'ڪري' 'اهو' 'ٿا' 'سمجهن' 'ته' 'اسين' 'هتان' 'لڏي' 'وينداسين' '،'
 'پر' 'اها' 'سندن' 'ڀُل' 'آهي' '.']","[0 0 8 8 8 0 0 0 3 3 0 0 0 5 3 3 3 0 0 0 0 0 0 0 0 0 0 0 0 8 0 0 0 0 0 0 0
 0 0 0 0 0 0 0 0 0 0 0 0]"
968,"['ڪارگل' '۽' 'عراق' 'فوج' 'موڪلڻ' 'کان' 'وٺي' 'اتي' 'هڪ' 'پاڪستانيءَ' 'جي'
 'مقرري' 'وارا' 'ٻه' 'الڳ' 'الڳ' 'قصا' 'آهن' '،' 'پر' 'اهي' 'اسان' 'جي'
 'سياسي' 'منظرنامي' 'سان' 'ڳنڍيل' 'آهن' '.']","[ 4  0  7  0  0  0  0  0 11  8  0  0  0 11  0  0  0  0  0  0  0  0  0  0
  0  0  0  0  0]"
969,"['جوليئان' 'کي' 'آمريڪا' '۽' 'برطانيه' 'جي' 'جوڙيوال' 'هئڻ' 'بابت' 'پڪ'
 'هئي' '،' 'تنهن' 'ڪري' 'گرفتاريءَ' 'کان' 'بچڻ' 'خاطر' 'هن' 'ڏکڻ' 'آمريڪا'
 'جي' 'هڪ' 'ننڍڙي' 'ملڪ' 'ايڪاڊور' 'جي' 'سفارتخاني' '۾' 'سياسي' 'پناهه'
 'وڃي' 'ورتي' 'آهي' '.']","[ 3  0  7  0  7  0  0  0  0  0  0  0  0  0  0  0  0  0  0  7  7  0 11  0
  0  0  0  0  0  0  0  0  0  0  0]"
970,['سندس' 'ميرٽ' 'ٻن' 'حوالن' 'سان' 'ٺهيو' 'هوندو' '.'],[0 0 0 0 0 0 0 0]
971,['اهو' 'مدو' 'ٻن' 'سالن' 'تائين' 'هو' '.'],[0 0 0 0 0 0 0]
972,"['ارباب' 'غلام' 'رحيم' 'جو' 'وڌيڪ' 'چوڻ' 'هو' 'ته' '،' 'جن' 'معاشرن' '۾'
 'عورت' 'کي' 'ٻاهر' 'نڪرڻ' 'جي' 'آزادي' 'مليل' 'آهي' '،' 'اتي' 'رڳو'
 'ناجائز' 'ٻار' '۽' 'بگاڙ' 'پئدا' 'ٿيو' 'آهي' '.']",[3 3 3 0 0 0 0 0 0 0 0 0 0 0 0 0 0 0 0 0 0 0 0 0 0 0 0 0 0 0 0]
973,"['اهو' 'ته' 'مان' 'به' 'چئي' 'سگهان' 'ٿي' '،' 'ڇا' 'ڪاڻ' 'جو' 'هن' 'ڀيري'
 'مون' 'به' 'ووٽ' 'ڏيڻ' 'جو' 'فيصلو' 'ڪيو' 'آهي' '.']",[0 0 0 0 0 0 0 0 0 0 0 0 0 0 0 0 0 0 0 0 0 0]
974,"['تصور' 'جي' 'اها' 'آزادي' 'کيس' 'تحرڪ' '۾' 'آڻيندي' 'آهي' '،' 'ٻار' 'جي'
 'تصور' '۾' 'ڪا' 'به' 'ڳالهه' 'اچي' 'سگهي' 'ٿي' '.']",[0 0 0 0 0 0 0 0 0 0 0 0 0 0 0 0 0 0 0 0 0]
975,"['پوءِ' 'نه' 'سچن' 'ٽنڊولڪر' 'لڀندو' '۽' 'نه' 'ئي' 'ڪو' 'وسيم' 'اڪرم' 'جو'
 'نالو' 'وڄندو' '.']",[0 0 3 3 0 0 0 0 0 3 3 0 0 0 0]
976,"['”' 'کودا' 'پهاڙ' 'نڪلاچوها' '“' 'واري' 'ڪهاوت' 'جيان' 'هتان' 'ته' 'ڪو'
 'ڪوئو' 'به' 'برآمد' 'ڪو' 'نه' 'ٿيو' 'آهي' '.']",[0 0 0 0 0 0 0 0 0 0 0 0 0 0 0 0 0 0 0]
977,"['هڪ' 'اهڙي' 'باهه' 'لڳائي' 'سگهي' 'ٿو' '،' 'جنهن' 'سان' 'لساني' 'فساد'
 'وري' 'ڀڙڪي' 'اٿندا' '.']",[11  0  0  0  0  0  0  0  0  0  0  0  0  0  0]
978,"['تنهنڪري' 'هن' 'ڀيري' 'اهو' 'سختي' 'سان' 'حڪم' 'جاري' 'ڪيو' 'ويو' 'آهي'
 'ته' 'اهڙن' 'بي' 'قدرن' 'کي' 'سبق' 'سيکارڻ' 'لاءِ' 'ضروري' 'آهي' 'ته'
 'کين' 'اهو' 'ياد' 'ڏيارجي' 'ته' 'توهان' 'جا' 'حڪمران' 'توهان' 'لاءِ'
 'قابل' 'عزت' 'آهن' '،' 'تنهن' 'ڪري' 'توهان' 'کي' 'انهن' 'لاءِ' 'هر' 'قسم'
 'جي' 'قرباني' 'ڏيڻي' 'پوندي' '.']","[0 0 0 0 0 0 0 0 0 0 0 0 0 0 0 0 0 0 0 0 0 0 0 0 0 0 0 0 0 0 0 0 0 0 0 0 0
 0 0 0 0 0 0 0 0 0 0 0 0]"
979,"['پاڪستان' 'جي' 'قيام' 'کانپوءِ' 'ان' 'کي' 'هڪ' 'اهڙي' 'مددگار' '“' 'ملڪ'
 'جي' 'ضرورت' 'هئي' '،' 'جيڪو' 'کين' 'معاشي' '۽' 'فوجي' 'طور' 'مستحڪم'
 'ڪرڻ' '۾' 'مدد' 'ڪري' '.']","[ 7  0  0  0  0  0 11  0  0  0  0  0  0  0  0  0  0  0  0  0  0  0  0  0
  0  0  0]"
980,['ننڍيون' 'ننڍيون' 'ڇنڊڻيون' 'انهن' 'کان' 'علاوه' 'هيون' '.'],[0 0 0 0 0 0 0 0]
981,"['منهنجيءَ' 'امان' 'کي' 'چوان' '“' 'جهونو' 'شيرين' 'پاشا' 'سان' 'مخاطب'
 'ٿيو' '”' 'درياءُ' 'شاهه' 'بادشاهه' 'آهي' 'عاشق' '،' 'سمونڊ' 'آهي'
 'معشوق' '.']",[0 0 0 0 0 0 3 3 0 0 0 0 0 0 0 0 0 0 0 0 0 0]
982,"['شيلي' 'جي' 'جڳ' 'مشهور' 'ناول' '“' '”' 'جو' 'هڪ' 'مک' 'ڪردار' 'وڪٽر' '“'
 'پڻ' 'آهي' '،' 'جيڪو' 'قدرت' 'جي' 'نظام' 'خلاف' '،' 'سائنسدانن' '،'
 'فلاسافرن' '،' 'ڪيمسٽري' 'جي' 'ماهر' 'ڊيوي' '“' 'انساني' 'عضون' 'تي'
 'تحقيق' 'ڪرڻ' 'واري' 'سائنسدان' 'گيلواني' '“' '۽' 'ارتقا' 'جي' 'ٿيوري'
 'ڏيندڙ' 'ڊارون' '“' 'جو' 'فلسفو' 'کڻي' 'انساني' 'مرده' 'ڍانچي' '۾'
 'پنهنجي' 'تجربن' 'وسيلي' 'روح' 'ڦوڪڻ' 'جو' 'تجربو' 'ڪري' 'ٿو' '،' 'جيڪو'
 'ڪامياب' 'وڃي' 'ٿو' '.']","[ 3  0  0  0  0  0  0  0 11  0  0  3  0  0  0  0  0  0  0  0  0  0  0  0
  0  0  0  0  0  3  0  0  0  0  0  0  0  0  3  0  0  0  0  0  0  3  0  0
  0  0  0  0  0  0  0  0  0  0  0  0  0  0  0  0  0  0  0  0  0]"
983,"['مون' 'کان' 'اوچتو' 'رڙ' 'نڪتي' '،' '”' 'هڻ' 'ته' 'سهي' '،' 'ابو' 'ماري'
 'وڌءِ' '“' 'تسمينه' 'کي' 'سنڌي' 'نه' 'اچي' '،' 'سو' 'سمڌائين' 'ته' 'آئون'
 'ڊڄي' 'ويو' 'آهيان' '،' 'سو' 'مون' 'کي' 'آٿت' 'ڏيندي' 'چيائين' 'ته' '،'
 '”' 'اسڪاٽ' 'ڀلا' 'ماڻهو' 'آهن' '،' 'تنهنجو' 'نالو' 'ڪونه' 'وٺندا' '.']","[0 0 0 0 0 0 0 0 0 0 0 0 0 0 0 3 0 1 0 0 0 0 0 0 0 0 0 0 0 0 0 0 0 0 0 0 0
 0 8 0 0 0 0 0 0 0 0 0]"
984,"['پاڻي' 'جي' 'اڻاٺ' 'سنڌ' 'کي' 'سڪائي' 'ڇڏيو' 'آهي' '،' 'معيشت' 'تباهه'
 'آهي' '.']",[0 0 0 7 0 0 0 0 0 0 0 0 0]
985,"['هڪڙي' 'حڪومت' 'هڪڙا' 'منصوبا' 'شروع' 'ڪري' 'ٿي' 'ته' 'ٻي' 'حڪومت' 'انهن'
 'تي' 'منڌيئڙو' 'ڦيري' 'پنهنجو' 'راڳ' 'آلاپي' 'ٿي' '،' 'عوام' 'جا' 'پئسا'
 'پنهنجين' 'شاهه' 'خرچين' '۾' 'اڏائي' 'عوام' 'کي' 'سادگي' 'سان' 'زندگي'
 'گذارڻ' 'جي' 'تلقين' 'ڪئي' 'وڃي' 'ٿي' '.']","[ 0  0  0  0  0  0  0  0 11  0  0  0  0  0  0  0  0  0  0  0  0  0  0  0
  0  0  0  0  0  0  0  0  0  0  0  0  0  0  0]"
986,"['هونئن' 'ته' 'هيلمند' '۽' 'جيحون' 'به' 'افغاني' 'درياهي' 'وهڪرن' 'جي'
 'حوالي' 'سان' 'توجهه' 'طلب' 'آهن' '.']",[0 0 7 0 4 0 8 0 0 0 0 0 0 0 0 0]
987,"['هينئر' 'آمريڪا' 'جون' 'اخبارون' '۽' 'ٽي' 'وي' 'چينل' 'وڏي' 'زور' 'شور'
 'سان' 'بينظير' 'جي' 'ساراهه' '۽' 'ڪردارڪشيءَ' 'جا' 'پل' 'ٻڌندي' 'مٿس'
 'اها' 'تنقيد' 'ڪري' 'رهيا' 'آهن' 'ته' 'بينظير' 'پنهنجي' 'چودگرد' 'پنهنجي'
 'سياسي' 'قد' 'اوري' 'ڪنهن' 'به' 'شخصيت' 'کي' 'اُڀرڻ' 'ڪو' 'نه' 'ڏنو' '،'
 'يا' 'اهو' 'ته' 'هن' 'پنهنجي' 'مڙس' 'کي' 'حڪومت' '۾' 'طاقت' 'جو' 'ناجائز'
 'استعمال' 'ڪندي' 'ذاتي' 'فائده' 'ڏنا' '،' 'يا' 'اهو' 'ته' 'هو' 'مصلحتن'
 'جو' 'شڪار' 'ٿي' 'ڀٽو' 'جا' 'خواب' 'وساري' 'ويٺي' '.']","[ 0  7  0  0  0 11 11  0  0  0  0  0  3  0  0  0  0  0  0  0  0  0  0  0
  0  0  0  3  0  0  0  0  0  0  0  0  0  0  0  0  0  0  0  0  0  0  0  0
  0  0  0  0  0  0  0  0  0  0  0  0  0  0  0  0  0  0  0  0  0  5  0  0
  0  0  0]"
988,"['اهو' 'سمجهي' 'ڇڏيو' 'ته' 'سنڌي' 'ٻولي' 'قومي' 'ٻولي' 'هئي' '،' 'آهي' '۽'
 'رهندي' '.']",[0 0 0 0 1 1 0 0 0 0 0 0 0 0]
989,"['‘' 'بائيڪاٽ' 'بابت' 'مبصر' 'اهي' 'تبصرا' 'پيا' 'ڪندا' 'هئا' '،' 'ته'
 'شيخ' 'مجيب' 'کي' 'ڪائونٽر' 'ڪرڻ' 'لاءِ' 'ڌُر' 'ڌڻي' 'کيس' 'هٿيار' 'طور'
 'استعمال' 'ڪري' 'رهيا' 'آهن' '.']",[0 0 0 0 0 0 0 0 0 0 0 3 3 0 0 0 0 0 0 0 0 0 0 0 0 0 0]
990,"['پاڻ' 'وٽ' 'جيڪو' 'ذوالفقار' 'آباد' 'جو' 'کٽراڳ' 'شروع' 'ڪيو' 'ويو' 'آهي'
 '،' 'اهو' 'چين' 'جي' 'ريس' 'ڪندي' 'شروع' 'ڪيو' 'ويو' 'آهي' '.']",[0 0 0 7 7 0 0 0 0 0 0 0 0 7 0 0 0 0 0 0 0 0]
991,"['ٻيو' 'آپشن' 'اهو' 'آهي' 'ته' 'طالبان' 'سان' 'سنجيده' 'ڳالهيون' 'ڪيون'
 'وڃن' '.']",[11  0  0  0  0  8  0  0  0  0  0  0]
992,"['نادر' 'شاهه' 'جو' '19' 'سالن' 'جو' 'سپوت' 'پٽ' 'ظاهر' 'شاهه' 'تخت' 'تي'
 'ويٺو' '۽' 'اڄ' 'به' 'افغانستان' 'جو' 'ماضي' '،' 'حال' '۽' 'مستقبل'
 'ابتر' 'ڏسي' 'نوي' 'سالن' 'کان' 'مٿي' 'ڄمار' 'هوندي' 'به' 'ملت' 'افغان'
 'جي' 'اصلاح' '۾' 'لڳو' 'پيو' 'آهي' '.']","[ 3  3  0 11  0  0  0  0  3  3  0  0  0  0  0  0  7  0  0  0  0  0  0  0
  0 11  0  0  0  0  0  0  8  8  0  0  0  0  0  0  0]"
993,"['ڏينهن' 'ڏٺي' 'کي' 'رات' 'ته' 'نه' 'چئو' '۽' 'ڪنهن' 'جو' 'ڍينگو' 'ڍيري'
 'ته' 'نه' 'ڪريو' '.']",[0 0 0 0 0 0 0 0 0 0 0 0 0 0 0 0]
994,"['انهن' 'ٻن' 'مضمونن' 'مان' 'هڪ' 'مضمون' '۾' 'مون' 'نقشا' 'ڪڍي' 'چڱيءَ'
 'طرح' 'ڄاڻايو' 'هو' 'ته' 'جيڪڏهن' 'انهيءَ' 'زلزلي' 'جو' 'مرڪز' 'ڪارونجهر'
 '/' 'ڪارو' 'جبل' 'جي' 'بدران' 'سمنڊ' 'جي' 'بنهين' 'ويجهو' 'يا' 'سمنڊ'
 'اندر' 'هجي' 'ها' 'ته' 'ڪر' 'ڪراچيءَ' 'کان' 'وٺي' 'ممبئي' 'تائين' 'جي'
 'سامونڊي' 'ڪناري' 'سان' 'لڳ' 'وڏي' 'ڀينگ' 'ٿئي' 'ها' '۽' 'راڄن' 'جا'
 'راڄ' 'رُلي' 'وڃن' 'ها' '،' 'جو' 'اک' 'نه' 'ڏسي' 'گوڏي' 'کي' '.']","[ 0  0  0  0 11  0  0  0  0  0  0  0  0  0  0  0  0  0  0  0  4  0  4  4
  0  0  0  0  0  0  0  0  0  0  0  0  0  7  0  0  7  0  0  0  0  0  0  0
  0  0  0  0  0  0  0  0  0  0  0  0  0  0  0  0  0  0]"
995,['“' 'واري' 'منهنجو' 'وهاڻو' 'آهي' '.'],[0 0 0 0 0 0]
996,"['بنگلا' '،' 'گاڏيون' '،' 'بينڪ' 'بيلنس' '،' 'پلاٽ' '،' 'ڪارخانا' '،'
 'شگر' 'ملون' 'اهو' 'جيڪڏهن' 'ماڻهو' 'ايمانداري' '،' 'اشرافت' '۽' 'محنت'
 'سان' 'ٺاهڻ' 'چاهي' 'ته' 'ان' 'لاءِ' 'نسل' 'لڳي' 'ويندا' 'آهن' 'پر' 'پاڻ'
 'وٽ' 'اهو' 'سڀ' 'ڪجهه' 'فقط' 'ڪجهه' 'سالن' 'جو' 'کيل' 'آهي' '۽' 'پوءِ'
 'هڪ' 'تپيدار' 'به' 'توهان' 'کي' 'ڪروڙن' '۾' 'کيڏندي' 'ملندو' '.']","[ 0  0  0  0  0  0  0  0  0  0  0  0  0  0  0  0  0  0  0  0  0  0  0  0
  0  0  0  0  0  0  0  0  0  0  0  0  0  0  0  0  0  0  0  0  0 11  0  0
  0  0  0  0  0  0  0]"
997,"['جمهوري' 'طور' 'طريقي' 'سان' '،' 'حڪومت' 'جي' 'مخالفت' 'ڪرڻ' 'کي' 'ڪير'
 'به' 'بلا' 'جواز' 'ايڪسرسائيز' 'قرار' 'ڪونه' 'ڏيندو' '،' 'پر' 'طاهر'
 'القادريءَ' 'جهڙي' 'طريقي' 'سان' 'سال' 'ڏيڍ' 'اڳ' 'سادهه' 'لوح' 'ماڻهن'
 'کي' 'اسلام' 'آباد' 'وٺي' 'ويو' 'هو' '۽' 'مسلسل' 'سخت' 'سرديءَ' '۽'
 'برساتن' 'جي' 'وچ' '۾' 'هزارين' 'ماڻهن' 'کي' 'حيران' '۽' 'پريشان' 'ڪندو'
 'رهيو' '،' 'تنهن' '”' 'ٽوپي' 'ڊرامي' '“' 'جو' 'ڊراپ' 'سين' 'به' 'حيرت'
 'انگيز' 'هو' '.']","[ 0  0  0  0  0  0  0  0  0  0  0  0  0  0  0  0  0  0  0  0  3  3  0  0
  0 11 11  0  0  0  0  0  7  7  0  0  0  0  0  0  0  0  0  0  0  0  0  0
  0  0  0  0  0  0  0  0  0  0  0  0  0  0  0  0  0  0  0  0]"
998,"['بدلي' '۾' 'رائيونڊ' 'جي' 'راڻي' 'به' '”' 'بخشش' '“' 'طور' 'رباني' '،'
 'اچڪزئي' '۽' 'حيدريءَ' 'کي' 'گورنري' '،' 'چيئرميني' '۽' 'ڊپٽي'
 'چيئرمينيءَ' 'جي' 'چاٻي' 'ڏئي' 'ڇڏي' '.']",[0 0 7 0 0 0 0 0 0 0 5 0 3 0 5 0 0 0 0 0 0 0 0 0 0 0 0]
999,"['ڪڏهن' 'وري' 'اها' 'تجويز' 'سامهون' 'ايندي' 'آهي' 'ته' 'گهڻي' 'بجلي'
 'ايئرڪنڊيشن' 'سبب' 'خرچ' 'ٿئي' 'ٿي' 'ته' 'ايئرڪنڊيشن' 'جي' 'درآمد' 'ئي'
 'گهٽائي' 'ڇڏجي' '،' 'نه' 'هوندا' 'نه' 'ئي' 'ماڻهو' 'لڳائيندا' '.']",[0 0 0 0 0 0 0 0 0 0 0 0 0 0 0 0 0 0 0 0 0 0 0 0 0 0 0 0 0 0]
