ID,Source,Country,Group,Subject,Level,Question,Context,Answer Key,Option 1,Option 2,Option 3,Option 4,Option 5,is_few_shot
3426,https://www.arabquest.net/trivia/%d8%a5%d8%ad%d8%b2%d8%b1-%d9%85%d8%a7-%d9%87%d9%8a-%d9%83%d9%85%d9%8a%d8%a9-%d8%a7%d9%84%d8%b3%d9%83%d8%b1-%d9%81%d9%8a-%d9%87%d8%b0%d9%87-%d8%a7%d9%84%d8%a3%d8%b7%d8%b9%d9%85%d8%a9/,,Other,General Knowledge,,ما هي كمية السكر في حصة من اللبن خالي الدسم؟,,C,2 ملاعق سكر صغيرة,3.5 ملاعق سكر صغيرة,6.5 ملاعق سكر صغيرة,,,0
3427,https://www.arabquest.net/trivia/%d8%a5%d8%ad%d8%b2%d8%b1-%d9%85%d8%a7-%d9%87%d9%8a-%d9%83%d9%85%d9%8a%d8%a9-%d8%a7%d9%84%d8%b3%d9%83%d8%b1-%d9%81%d9%8a-%d9%87%d8%b0%d9%87-%d8%a7%d9%84%d8%a3%d8%b7%d8%b9%d9%85%d8%a9/,,Other,General Knowledge,,ما هي كمية السكر في الفول المعلب؟,,C,7 ملاعق سكر صغيرة,10 ملاعق سكر صغيرة,5 ملاعق سكر صغيرة,,,0
3428,https://www.arabquest.net/trivia/%d8%a5%d8%ad%d8%b2%d8%b1-%d9%85%d8%a7-%d9%87%d9%8a-%d9%83%d9%85%d9%8a%d8%a9-%d8%a7%d9%84%d8%b3%d9%83%d8%b1-%d9%81%d9%8a-%d9%87%d8%b0%d9%87-%d8%a7%d9%84%d8%a3%d8%b7%d8%b9%d9%85%d8%a9/,,Other,General Knowledge,,ما هي كمية السكر في ملعقة طعام من بودرة الحساء الجاهز؟,,C,لا يوجد فيها سكر,3 ملاعق سكر صغيرة,1 ملعقة سكر صغيرة,,,0
3429,https://www.arabquest.net/trivia/%d8%a5%d8%ad%d8%b2%d8%b1-%d9%85%d8%a7-%d9%87%d9%8a-%d9%83%d9%85%d9%8a%d8%a9-%d8%a7%d9%84%d8%b3%d9%83%d8%b1-%d9%81%d9%8a-%d9%87%d8%b0%d9%87-%d8%a7%d9%84%d8%a3%d8%b7%d8%b9%d9%85%d8%a9/,,Other,General Knowledge,,ما هي كمية السكر في ملعقة طعام من الكاتشاب؟,,C,لا يحتوي الكاتشاب على سكر,0.5 ملعقة صغيرة من السكر,1 ملعقة سكر صغيرة,,,0
3430,https://www.arabquest.net/trivia/%d8%a5%d8%ad%d8%b2%d8%b1-%d9%85%d8%a7-%d9%87%d9%8a-%d9%83%d9%85%d9%8a%d8%a9-%d8%a7%d9%84%d8%b3%d9%83%d8%b1-%d9%81%d9%8a-%d9%87%d8%b0%d9%87-%d8%a7%d9%84%d8%a3%d8%b7%d8%b9%d9%85%d8%a9/,,Other,General Knowledge,,ما هي كمية السكر في قطعتين من البسكويت الدايجستف؟,,A,1 ملعقة سكر صغيرة,2 ملاعق سكر صغيرة,4 ملاعق سكر صغيرة,,,0
3431,https://www.arabquest.net/trivia/%d8%a5%d8%ad%d8%b2%d8%b1-%d9%85%d8%a7-%d9%87%d9%8a-%d9%83%d9%85%d9%8a%d8%a9-%d8%a7%d9%84%d8%b3%d9%83%d8%b1-%d9%81%d9%8a-%d9%87%d8%b0%d9%87-%d8%a7%d9%84%d8%a3%d8%b7%d8%b9%d9%85%d8%a9/,,Other,General Knowledge,,ما هي كمية السكر في ملعقة طعام من النوتيلا؟,,B,10 ملاعق سكر صغيرة,5 ملاعق سكر صغيرة,3 ملاعق سكر صغيرة,,,0
3432,https://www.arabquest.net/trivia/%d8%a5%d8%ad%d8%b2%d8%b1-%d9%85%d8%a7-%d9%87%d9%8a-%d9%83%d9%85%d9%8a%d8%a9-%d8%a7%d9%84%d8%b3%d9%83%d8%b1-%d9%81%d9%8a-%d9%87%d8%b0%d9%87-%d8%a7%d9%84%d8%a3%d8%b7%d8%b9%d9%85%d8%a9/,,Other,General Knowledge,,ما هي كمية السكر في حصة من الشاي المثلج؟,,C,12 ملعقة سكر صغيرة,10 ملاعق سكر صغيرة,8 ملاعق سكر صغيرة,,,0
3433,https://www.arabquest.net/trivia/%d8%a5%d8%ad%d8%b2%d8%b1-%d9%85%d8%a7-%d9%87%d9%8a-%d9%83%d9%85%d9%8a%d8%a9-%d8%a7%d9%84%d8%b3%d9%83%d8%b1-%d9%81%d9%8a-%d9%87%d8%b0%d9%87-%d8%a7%d9%84%d8%a3%d8%b7%d8%b9%d9%85%d8%a9/,,Other,General Knowledge,,ما هي كمية السكر في لوح بروتين؟,,C,3.5 ملاعق سكر صغيرة,5.5 ملاعق سكر صغيرة,7.5 ملاعق سكر صغيرة,,,0
3434,https://www.arabquest.net/trivia/%d8%a5%d8%ad%d8%b2%d8%b1-%d9%85%d8%a7-%d9%87%d9%8a-%d9%83%d9%85%d9%8a%d8%a9-%d8%a7%d9%84%d8%b3%d9%83%d8%b1-%d9%81%d9%8a-%d9%87%d8%b0%d9%87-%d8%a7%d9%84%d8%a3%d8%b7%d8%b9%d9%85%d8%a9/,,Other,General Knowledge,,ما هي كمية السكر في قطعتين متوسطتين من الخبز الأبيض؟,,C,5 ملاعق سكر صغيرة,3 ملاعق سكر صغيرة,1 ملعقة سكر صغيرة,,,0
3435,https://www.arabquest.net/trivia/%D9%85%D8%B9%D8%A7%D9%86%D9%8A-%D8%A7%D9%84%D9%83%D9%84%D9%85%D8%A7%D8%AA-%D9%81%D9%8A-%D8%A7%D9%84%D9%84%D8%BA%D8%A9-%D8%A7%D9%84%D8%B9%D8%B1%D8%A8%D9%8A%D8%A9-1/,,Other,General Knowledge,,ماذا تعني هذه الكلمة؟ شرارة:,,B,شعاع,ما يتطاير من النار,نظرة,ذكاء,,0
3436,https://www.arabquest.net/trivia/%D9%85%D8%B9%D8%A7%D9%86%D9%8A-%D8%A7%D9%84%D9%83%D9%84%D9%85%D8%A7%D8%AA-%D9%81%D9%8A-%D8%A7%D9%84%D9%84%D8%BA%D8%A9-%D8%A7%D9%84%D8%B9%D8%B1%D8%A8%D9%8A%D8%A9-1/,,Other,General Knowledge,,ماذا تعني هذه الكلمة؟ نفحة:,,C,خصلة شعر,ضمّة,هبّة,ضربة,,0
3437,https://www.arabquest.net/trivia/%D9%85%D8%B9%D8%A7%D9%86%D9%8A-%D8%A7%D9%84%D9%83%D9%84%D9%85%D8%A7%D8%AA-%D9%81%D9%8A-%D8%A7%D9%84%D9%84%D8%BA%D8%A9-%D8%A7%D9%84%D8%B9%D8%B1%D8%A8%D9%8A%D8%A9-1/,,Other,General Knowledge,,ماذا تعني هذه الكلمة؟ كرى:,,A,نعاس,كرم,دبيب النمل,مشي,,0
3438,https://www.arabquest.net/trivia/%D9%85%D8%B9%D8%A7%D9%86%D9%8A-%D8%A7%D9%84%D9%83%D9%84%D9%85%D8%A7%D8%AA-%D9%81%D9%8A-%D8%A7%D9%84%D9%84%D8%BA%D8%A9-%D8%A7%D9%84%D8%B9%D8%B1%D8%A8%D9%8A%D8%A9-1/,,Other,General Knowledge,,ماذا تعني هذه الكلمة؟ هباء:,,A,غبار,فراغ,ريح خفيفة,عطية,,0
3439,https://www.arabquest.net/trivia/%D9%85%D8%B9%D8%A7%D9%86%D9%8A-%D8%A7%D9%84%D9%83%D9%84%D9%85%D8%A7%D8%AA-%D9%81%D9%8A-%D8%A7%D9%84%D9%84%D8%BA%D8%A9-%D8%A7%D9%84%D8%B9%D8%B1%D8%A8%D9%8A%D8%A9-1/,,Other,General Knowledge,,ماذا تعني هذه الكلمة؟ هفّاف:,,C,سريع,نظيف,رقيق شفاف,عِطر,,0
3440,https://www.arabquest.net/trivia/%D9%85%D8%B9%D8%A7%D9%86%D9%8A-%D8%A7%D9%84%D9%83%D9%84%D9%85%D8%A7%D8%AA-%D9%81%D9%8A-%D8%A7%D9%84%D9%84%D8%BA%D8%A9-%D8%A7%D9%84%D8%B9%D8%B1%D8%A8%D9%8A%D8%A9-1/,,Other,General Knowledge,,ماذا تعني هذه الكلمة؟ أملود:,,E,أذن,عنق,سوار,غصن,لين,0
3441,https://www.arabquest.net/trivia/%D9%85%D8%B9%D8%A7%D9%86%D9%8A-%D8%A7%D9%84%D9%83%D9%84%D9%85%D8%A7%D8%AA-%D9%81%D9%8A-%D8%A7%D9%84%D9%84%D8%BA%D8%A9-%D8%A7%D9%84%D8%B9%D8%B1%D8%A8%D9%8A%D8%A9-1/,,Other,General Knowledge,,ماذا تعني هذه الكلمة؟ رَهْو:,,A,سير سهل,تلة,رغوة,رمل الصحراء,,0
3442,https://www.arabquest.net/trivia/%D9%85%D8%B9%D8%A7%D9%86%D9%8A-%D8%A7%D9%84%D9%83%D9%84%D9%85%D8%A7%D8%AA-%D9%81%D9%8A-%D8%A7%D9%84%D9%84%D8%BA%D8%A9-%D8%A7%D9%84%D8%B9%D8%B1%D8%A8%D9%8A%D8%A9-1/,,Other,General Knowledge,,ماذا تعني هذه الكلمة؟ زَغَبَ:,,C,برعم,قشور,صغار الشعر,ظفر,,0
3443,https://www.arabquest.net/trivia/%D9%85%D8%B9%D8%A7%D9%86%D9%8A-%D8%A7%D9%84%D9%83%D9%84%D9%85%D8%A7%D8%AA-%D9%81%D9%8A-%D8%A7%D9%84%D9%84%D8%BA%D8%A9-%D8%A7%D9%84%D8%B9%D8%B1%D8%A8%D9%8A%D8%A9-1/,,Other,General Knowledge,,ماذا تعني هذه الكلمة؟ أناة:,,D,ساقية,لحظة,أنين,تمهُّل,,0
3444,https://www.arabquest.net/trivia/%D9%85%D8%B9%D8%A7%D9%86%D9%8A-%D8%A7%D9%84%D9%83%D9%84%D9%85%D8%A7%D8%AA-%D9%81%D9%8A-%D8%A7%D9%84%D9%84%D8%BA%D8%A9-%D8%A7%D9%84%D8%B9%D8%B1%D8%A8%D9%8A%D8%A9-1/,,Other,General Knowledge,,ماذا تعني هذه الكلمة؟ بُلجة:,,B,عين,نقاوة ما بين الحاجبين,أنف,أمل,,0
3445,https://www.arabquest.net/trivia/%D9%85%D8%B9%D8%A7%D9%86%D9%8A-%D8%A7%D9%84%D9%83%D9%84%D9%85%D8%A7%D8%AA-%D9%81%D9%8A-%D8%A7%D9%84%D9%84%D8%BA%D8%A9-%D8%A7%D9%84%D8%B9%D8%B1%D8%A8%D9%8A%D8%A9-1/,,Other,General Knowledge,,ماذا تعني هذه الكلمة؟ رشْف:,,A,مصّ وشرب,رمش,إيماء,كتابة,,0
3446,https://www.arabquest.net/trivia/%D9%85%D8%B9%D8%A7%D9%86%D9%8A-%D8%A7%D9%84%D9%83%D9%84%D9%85%D8%A7%D8%AA-%D9%81%D9%8A-%D8%A7%D9%84%D9%84%D8%BA%D8%A9-%D8%A7%D9%84%D8%B9%D8%B1%D8%A8%D9%8A%D8%A9-1/,,Other,General Knowledge,,ماذا تعني هذه الكلمة؟ خَوْد:,,A,شابة ناعمة,خوف,وجه,زهرة,,0
3447,https://www.arabquest.net/trivia/%D9%85%D8%B9%D8%A7%D9%86%D9%8A-%D8%A7%D9%84%D9%83%D9%84%D9%85%D8%A7%D8%AA-%D9%81%D9%8A-%D8%A7%D9%84%D9%84%D8%BA%D8%A9-%D8%A7%D9%84%D8%B9%D8%B1%D8%A8%D9%8A%D8%A9-1/,,Other,General Knowledge,,ماذا تعني هذه الكلمة؟ نضْح:,,A,رشح,لطف,نضارة,كلام قليل,,0
3448,https://www.arabquest.net/trivia/%d9%85%d8%b9%d8%a7%d9%86%d9%8a-%d8%a7%d9%84%d9%83%d9%84%d9%85%d8%a7%d8%aa-%d9%81%d9%8a-%d8%a7%d9%84%d9%84%d8%ba%d8%a9-%d8%a7%d9%84%d8%b9%d8%b1%d8%a8%d9%8a%d8%a9-2/,,Other,General Knowledge,,ماذا تعني هذه الكلمة؟ هنيمة:,,A,صوت خفي,نوم خفيف,حلم,هناء,,0
3449,https://www.arabquest.net/trivia/%d9%85%d8%b9%d8%a7%d9%86%d9%8a-%d8%a7%d9%84%d9%83%d9%84%d9%85%d8%a7%d8%aa-%d9%81%d9%8a-%d8%a7%d9%84%d9%84%d8%ba%d8%a9-%d8%a7%d9%84%d8%b9%d8%b1%d8%a8%d9%8a%d8%a9-2/,,Other,General Knowledge,,ماذا تعني هذه الكلمة؟ لمحة:,,A,نظرة عاجلة,مسحة,فكرة,لمعة,,0
3450,https://www.arabquest.net/trivia/%d9%85%d8%b9%d8%a7%d9%86%d9%8a-%d8%a7%d9%84%d9%83%d9%84%d9%85%d8%a7%d8%aa-%d9%81%d9%8a-%d8%a7%d9%84%d9%84%d8%ba%d8%a9-%d8%a7%d9%84%d8%b9%d8%b1%d8%a8%d9%8a%d8%a9-2/,,Other,General Knowledge,,ماذا تعني هذه الكلمة؟ خَفَر:,,A,حياء,حمرة خفيفة,حسن,اختيال,,0
3451,https://www.arabquest.net/trivia/%d9%85%d8%b9%d8%a7%d9%86%d9%8a-%d8%a7%d9%84%d9%83%d9%84%d9%85%d8%a7%d8%aa-%d9%81%d9%8a-%d8%a7%d9%84%d9%84%d8%ba%d8%a9-%d8%a7%d9%84%d8%b9%d8%b1%d8%a8%d9%8a%d8%a9-2/,,Other,General Knowledge,,ماذا تعني هذه الكلمة؟ أسيل:,,B,سائل,أملس,رطب,ناحل,,0
3452,https://www.arabquest.net/trivia/%d9%85%d8%b9%d8%a7%d9%86%d9%8a-%d8%a7%d9%84%d9%83%d9%84%d9%85%d8%a7%d8%aa-%d9%81%d9%8a-%d8%a7%d9%84%d9%84%d8%ba%d8%a9-%d8%a7%d9%84%d8%b9%d8%b1%d8%a8%d9%8a%d8%a9-2/,,Other,General Knowledge,,ماذا تعني هذه الكلمة؟ رقراق:,,D,رقيق,ضعيف,متقطر,متلألئ,,0
3453,https://www.arabquest.net/trivia/%d9%85%d8%b9%d8%a7%d9%86%d9%8a-%d8%a7%d9%84%d9%83%d9%84%d9%85%d8%a7%d8%aa-%d9%81%d9%8a-%d8%a7%d9%84%d9%84%d8%ba%d8%a9-%d8%a7%d9%84%d8%b9%d8%b1%d8%a8%d9%8a%d8%a9-2/,,Other,General Knowledge,,ماذا تعني هذه الكلمة؟ طلّ:,,C,فراشة,نسمة,ندى,طفل,,0
3454,https://www.arabquest.net/trivia/%d9%85%d8%b9%d8%a7%d9%86%d9%8a-%d8%a7%d9%84%d9%83%d9%84%d9%85%d8%a7%d8%aa-%d9%81%d9%8a-%d8%a7%d9%84%d9%84%d8%ba%d8%a9-%d8%a7%d9%84%d8%b9%d8%b1%d8%a8%d9%8a%d8%a9-2/,,Other,General Knowledge,,ماذا تعني هذه الكلمة؟ دماثة:,,C,طفولة,بياض,سهولة الأخلاق,براءة,,0
3455,https://www.arabquest.net/trivia/%d9%85%d8%b9%d8%a7%d9%86%d9%8a-%d8%a7%d9%84%d9%83%d9%84%d9%85%d8%a7%d8%aa-%d9%81%d9%8a-%d8%a7%d9%84%d9%84%d8%ba%d8%a9-%d8%a7%d9%84%d8%b9%d8%b1%d8%a8%d9%8a%d8%a9-2/,,Other,General Knowledge,,ماذا تعني هذه الكلمة؟ وثير:,,C,بسيط,واسع,ليِّن,منثور,,0
3456,https://www.arabquest.net/trivia/%d9%85%d8%b9%d8%a7%d9%86%d9%8a-%d8%a7%d9%84%d9%83%d9%84%d9%85%d8%a7%d8%aa-%d9%81%d9%8a-%d8%a7%d9%84%d9%84%d8%ba%d8%a9-%d8%a7%d9%84%d8%b9%d8%b1%d8%a8%d9%8a%d8%a9-2/,,Other,General Knowledge,,ماذا تعني هذه الكلمة؟ لثمة:,,A,قبلة,شفة,نقاب,بسمة خفيفة,,0
3457,https://www.arabquest.net/trivia/%d9%85%d8%b9%d8%a7%d9%86%d9%8a-%d8%a7%d9%84%d9%83%d9%84%d9%85%d8%a7%d8%aa-%d9%81%d9%8a-%d8%a7%d9%84%d9%84%d8%ba%d8%a9-%d8%a7%d9%84%d8%b9%d8%b1%d8%a8%d9%8a%d8%a9-2/,,Other,General Knowledge,,ماذا تعني هذه الكلمة؟ قشعريرة:,,A,ارتعاد,قشة,شعرة رفيعة,خشية,,0
3458,https://www.arabquest.net/trivia/%d9%85%d8%b9%d8%a7%d9%86%d9%8a-%d8%a7%d9%84%d9%83%d9%84%d9%85%d8%a7%d8%aa-%d9%81%d9%8a-%d8%a7%d9%84%d9%84%d8%ba%d8%a9-%d8%a7%d9%84%d8%b9%d8%b1%d8%a8%d9%8a%d8%a9-2/,,Other,General Knowledge,,ماذا تعني هذه الكلمة؟ أنملة:,,B,لحظة,رأس الأصبع,حشرة صغيرة,خطوة,,0
3459,https://www.arabquest.net/trivia/%d9%85%d8%b9%d8%a7%d9%86%d9%8a-%d8%a7%d9%84%d9%83%d9%84%d9%85%d8%a7%d8%aa-%d9%81%d9%8a-%d8%a7%d9%84%d9%84%d8%ba%d8%a9-%d8%a7%d9%84%d8%b9%d8%b1%d8%a8%d9%8a%d8%a9-2/,,Other,General Knowledge,,ماذا تعني هذه الكلمة؟ تؤدة:,,C,هدوء,دودة,رزانة وتأنٍّ,ود,,0
3460,https://www.arabquest.net/trivia/%d9%85%d8%b9%d8%a7%d9%86%d9%8a-%d8%a7%d9%84%d9%83%d9%84%d9%85%d8%a7%d8%aa-%d9%81%d9%8a-%d8%a7%d9%84%d9%84%d8%ba%d8%a9-%d8%a7%d9%84%d8%b9%d8%b1%d8%a8%d9%8a%d8%a9-3-%d9%81%d9%8a-%d8%a7%d9%84%d8%a2/,,Other,General Knowledge,,ماذا تعني هذه الكلمة؟ مبضع::,,B,ميزان الذهب,أداة جراحية,مبرد,مفتاح,,0
3461,https://www.arabquest.net/trivia/%d9%85%d8%b9%d8%a7%d9%86%d9%8a-%d8%a7%d9%84%d9%83%d9%84%d9%85%d8%a7%d8%aa-%d9%81%d9%8a-%d8%a7%d9%84%d9%84%d8%ba%d8%a9-%d8%a7%d9%84%d8%b9%d8%b1%d8%a8%d9%8a%d8%a9-3-%d9%81%d9%8a-%d8%a7%d9%84%d8%a2/,,Other,General Knowledge,,ماذا تعني هذه الكلمة؟ ميسم:,,B,نعل الحافر,حديدة الوسم,سوار,مقص,,0
3462,https://www.arabquest.net/trivia/%d9%85%d8%b9%d8%a7%d9%86%d9%8a-%d8%a7%d9%84%d9%83%d9%84%d9%85%d8%a7%d8%aa-%d9%81%d9%8a-%d8%a7%d9%84%d9%84%d8%ba%d8%a9-%d8%a7%d9%84%d8%b9%d8%b1%d8%a8%d9%8a%d8%a9-3-%d9%81%d9%8a-%d8%a7%d9%84%d8%a2/,,Other,General Knowledge,,ماذا تعني هذه الكلمة؟ قارورة:,,B,قدر الطبخ,إناء شراب,كأس,غمد السيف,,0
3463,https://www.arabquest.net/trivia/%d9%85%d8%b9%d8%a7%d9%86%d9%8a-%d8%a7%d9%84%d9%83%d9%84%d9%85%d8%a7%d8%aa-%d9%81%d9%8a-%d8%a7%d9%84%d9%84%d8%ba%d8%a9-%d8%a7%d9%84%d8%b9%d8%b1%d8%a8%d9%8a%d8%a9-3-%d9%81%d9%8a-%d8%a7%d9%84%d8%a2/,,Other,General Knowledge,,ماذا تعني هذه الكلمة؟ شصّ:,,B,قصبة صيد,سنارة,نبلة,خيط رفيع متين,,0
3464,https://www.arabquest.net/trivia/%d9%85%d8%b9%d8%a7%d9%86%d9%8a-%d8%a7%d9%84%d9%83%d9%84%d9%85%d8%a7%d8%aa-%d9%81%d9%8a-%d8%a7%d9%84%d9%84%d8%ba%d8%a9-%d8%a7%d9%84%d8%b9%d8%b1%d8%a8%d9%8a%d8%a9-3-%d9%81%d9%8a-%d8%a7%d9%84%d8%a2/,,Other,General Knowledge,,ماذا تعني هذه الكلمة؟ سونار:,,A,جهاز يكشف ما تحت الماء,رافعة,بيكار,منظار,,0
3465,https://www.arabquest.net/trivia/%d9%85%d8%b9%d8%a7%d9%86%d9%8a-%d8%a7%d9%84%d9%83%d9%84%d9%85%d8%a7%d8%aa-%d9%81%d9%8a-%d8%a7%d9%84%d9%84%d8%ba%d8%a9-%d8%a7%d9%84%d8%b9%d8%b1%d8%a8%d9%8a%d8%a9-3-%d9%81%d9%8a-%d8%a7%d9%84%d8%a2/,,Other,General Knowledge,,ماذا تعني هذه الكلمة؟ نَوْل:,,C,إبرة,سرير الطفل,خشبة الحائك,شبكة,,0
3466,https://www.arabquest.net/trivia/%d9%85%d8%b9%d8%a7%d9%86%d9%8a-%d8%a7%d9%84%d9%83%d9%84%d9%85%d8%a7%d8%aa-%d9%81%d9%8a-%d8%a7%d9%84%d9%84%d8%ba%d8%a9-%d8%a7%d9%84%d8%b9%d8%b1%d8%a8%d9%8a%d8%a9-3-%d9%81%d9%8a-%d8%a7%d9%84%d8%a2/,,Other,General Knowledge,,ماذا تعني هذه الكلمة؟ نير:,,B,محراث,خشبة في عنقي ثورين,قيد,معول كبير,,0
3467,https://www.arabquest.net/trivia/%d9%85%d8%b9%d8%a7%d9%86%d9%8a-%d8%a7%d9%84%d9%83%d9%84%d9%85%d8%a7%d8%aa-%d9%81%d9%8a-%d8%a7%d9%84%d9%84%d8%ba%d8%a9-%d8%a7%d9%84%d8%b9%d8%b1%d8%a8%d9%8a%d8%a9-3-%d9%81%d9%8a-%d8%a7%d9%84%d8%a2/,,Other,General Knowledge,,ماذا تعني هذه الكلمة؟ غربال:,,C,ستار شفاف,قمع,ما يُنخل به,دولاب,,0
3468,https://www.arabquest.net/trivia/%d9%85%d8%b9%d8%a7%d9%86%d9%8a-%d8%a7%d9%84%d9%83%d9%84%d9%85%d8%a7%d8%aa-%d9%81%d9%8a-%d8%a7%d9%84%d9%84%d8%ba%d8%a9-%d8%a7%d9%84%d8%b9%d8%b1%d8%a8%d9%8a%d8%a9-3-%d9%81%d9%8a-%d8%a7%d9%84%d8%a2/,,Other,General Knowledge,,ماذا تعني هذه الكلمة؟ شاقول:,,C,طاحون,حبل,ميزان البنائين,سلسلة معدنية,,0
3469,https://www.arabquest.net/trivia/%d9%85%d8%b9%d8%a7%d9%86%d9%8a-%d8%a7%d9%84%d9%83%d9%84%d9%85%d8%a7%d8%aa-%d9%81%d9%8a-%d8%a7%d9%84%d9%84%d8%ba%d8%a9-%d8%a7%d9%84%d8%b9%d8%b1%d8%a8%d9%8a%d8%a9-3-%d9%81%d9%8a-%d8%a7%d9%84%d8%a2/,,Other,General Knowledge,,ماذا تعني هذه الكلمة؟ صنج:,,C,طبق,وعاء الخبز,صفيحة نحاس مدورة,دُرج,,0
3470,https://www.arabquest.net/trivia/%d9%85%d8%b9%d8%a7%d9%86%d9%8a-%d8%a7%d9%84%d9%83%d9%84%d9%85%d8%a7%d8%aa-%d9%81%d9%8a-%d8%a7%d9%84%d9%84%d8%ba%d8%a9-%d8%a7%d9%84%d8%b9%d8%b1%d8%a8%d9%8a%d8%a9-3-%d9%81%d9%8a-%d8%a7%d9%84%d8%a2/,,Other,General Knowledge,,ماذا تعني هذه الكلمة؟ مجهر:,,C,مشعل,بوق,آلة بصرية مكبرة,مكواة,,0
3471,https://www.arabquest.net/trivia/%d9%85%d8%b9%d8%a7%d9%86%d9%8a-%d8%a7%d9%84%d9%83%d9%84%d9%85%d8%a7%d8%aa-%d9%81%d9%8a-%d8%a7%d9%84%d9%84%d8%ba%d8%a9-%d8%a7%d9%84%d8%b9%d8%b1%d8%a8%d9%8a%d8%a9-3-%d9%81%d9%8a-%d8%a7%d9%84%d8%a2/,,Other,General Knowledge,,ماذا تعني هذه الكلمة؟ سندان:,,D,معول,سُلَّم,مطرقة,ما يُطرق عليه الحديد,,0
3472,https://www.arabquest.net/trivia/%d9%85%d8%b9%d8%a7%d9%86%d9%8a-%d8%a7%d9%84%d9%83%d9%84%d9%85%d8%a7%d8%aa-%d9%81%d9%8a-%d8%a7%d9%84%d9%84%d8%ba%d8%a9-%d8%a7%d9%84%d8%b9%d8%b1%d8%a8%d9%8a%d8%a9-3-%d9%81%d9%8a-%d8%a7%d9%84%d8%a2/,,Other,General Knowledge,,ماذا تعني هذه الكلمة؟ مخرز:,,D,مكحلة,خلخال,عقد من خرز,مثقب,,0
3473,https://www.arabquest.net/trivia/%d9%85%d8%b9%d8%a7%d9%86%d9%8a-%d8%a7%d9%84%d9%83%d9%84%d9%85%d8%a7%d8%aa-%d9%81%d9%8a-%d8%a7%d9%84%d9%84%d8%ba%d8%a9-%d8%a7%d9%84%d8%b9%d8%b1%d8%a8%d9%8a%d8%a9-4-%d9%81%d9%8a-%d8%a7%d9%84%d8%a2/,,Other,General Knowledge,,ماذا تعني هذه الكلمة؟ بارومتر:,,C,ميزان حرارة,مسطرة,مقياس الضغط الجوي,رادار,,0
3474,https://www.arabquest.net/trivia/%d9%85%d8%b9%d8%a7%d9%86%d9%8a-%d8%a7%d9%84%d9%83%d9%84%d9%85%d8%a7%d8%aa-%d9%81%d9%8a-%d8%a7%d9%84%d9%84%d8%ba%d8%a9-%d8%a7%d9%84%d8%b9%d8%b1%d8%a8%d9%8a%d8%a9-4-%d9%81%d9%8a-%d8%a7%d9%84%d8%a2/,,Other,General Knowledge,,ماذا تعني هذه الكلمة؟ مسنّ:,,B,سكين,مشحذ,منشار حديد,نصل حاد,,0
3475,https://www.arabquest.net/trivia/%d9%85%d8%b9%d8%a7%d9%86%d9%8a-%d8%a7%d9%84%d9%83%d9%84%d9%85%d8%a7%d8%aa-%d9%81%d9%8a-%d8%a7%d9%84%d9%84%d8%ba%d8%a9-%d8%a7%d9%84%d8%b9%d8%b1%d8%a8%d9%8a%d8%a9-4-%d9%81%d9%8a-%d8%a7%d9%84%d8%a2/,,Other,General Knowledge,,ماذا تعني هذه الكلمة؟ قربة:,,B,جعبة سهام,وعاء ماء,قمقم,جزازة صوف,,0
3476,https://www.arabquest.net/trivia/%d9%85%d8%b9%d8%a7%d9%86%d9%8a-%d8%a7%d9%84%d9%83%d9%84%d9%85%d8%a7%d8%aa-%d9%81%d9%8a-%d8%a7%d9%84%d9%84%d8%ba%d8%a9-%d8%a7%d9%84%d8%b9%d8%b1%d8%a8%d9%8a%d8%a9-4-%d9%81%d9%8a-%d8%a7%d9%84%d8%a2/,,Other,General Knowledge,,ماذا تعني هذه الكلمة؟ مكوك:,,A,آلة للحياكة,منشار,مغزل,كرة زجاجية,,0
3477,https://www.arabquest.net/trivia/%d9%85%d8%b9%d8%a7%d9%86%d9%8a-%d8%a7%d9%84%d9%83%d9%84%d9%85%d8%a7%d8%aa-%d9%81%d9%8a-%d8%a7%d9%84%d9%84%d8%ba%d8%a9-%d8%a7%d9%84%d8%b9%d8%b1%d8%a8%d9%8a%d8%a9-4-%d9%81%d9%8a-%d8%a7%d9%84%d8%a2/,,Other,General Knowledge,,ماذا تعني هذه الكلمة؟ منجل:,,B,جراب الراعي,أداة زراعية,رفش,برميل,,0
3478,https://www.arabquest.net/trivia/%d9%85%d8%b9%d8%a7%d9%86%d9%8a-%d8%a7%d9%84%d9%83%d9%84%d9%85%d8%a7%d8%aa-%d9%81%d9%8a-%d8%a7%d9%84%d9%84%d8%ba%d8%a9-%d8%a7%d9%84%d8%b9%d8%b1%d8%a8%d9%8a%d8%a9-4-%d9%81%d9%8a-%d8%a7%d9%84%d8%a2/,,Other,General Knowledge,,ماذا تعني هذه الكلمة؟ دفّة:,,D,منطاد,نورج,مرساة,آلة تميل السفينة,,0
3479,https://www.arabquest.net/trivia/%d9%85%d8%b9%d8%a7%d9%86%d9%8a-%d8%a7%d9%84%d9%83%d9%84%d9%85%d8%a7%d8%aa-%d9%81%d9%8a-%d8%a7%d9%84%d9%84%d8%ba%d8%a9-%d8%a7%d9%84%d8%b9%d8%b1%d8%a8%d9%8a%d8%a9-4-%d9%81%d9%8a-%d8%a7%d9%84%d8%a2/,,Other,General Knowledge,,ماذا تعني هذه الكلمة؟ سراج:,,C,هودج,خرج,قنديل زيت,ضماد للعينين,,0
3480,https://www.arabquest.net/trivia/%d9%85%d8%b9%d8%a7%d9%86%d9%8a-%d8%a7%d9%84%d9%83%d9%84%d9%85%d8%a7%d8%aa-%d9%81%d9%8a-%d8%a7%d9%84%d9%84%d8%ba%d8%a9-%d8%a7%d9%84%d8%b9%d8%b1%d8%a8%d9%8a%d8%a9-4-%d9%81%d9%8a-%d8%a7%d9%84%d8%a2/,,Other,General Knowledge,,ماذا تعني هذه الكلمة؟ مُخل:,,D,فأس,أسفين,رسن,حديدة لرفع الحجار,,0
3481,https://www.arabquest.net/trivia/%d9%85%d8%b9%d8%a7%d9%86%d9%8a-%d8%a7%d9%84%d9%83%d9%84%d9%85%d8%a7%d8%aa-%d9%81%d9%8a-%d8%a7%d9%84%d9%84%d8%ba%d8%a9-%d8%a7%d9%84%d8%b9%d8%b1%d8%a8%d9%8a%d8%a9-4-%d9%81%d9%8a-%d8%a7%d9%84%d8%a2/,,Other,General Knowledge,,ماذا تعني هذه الكلمة؟ ناقوس:,,C,قفل,دلو البئر,جرس,صفارة,,0
3482,https://www.arabquest.net/trivia/%d9%85%d8%b9%d8%a7%d9%86%d9%8a-%d8%a7%d9%84%d9%83%d9%84%d9%85%d8%a7%d8%aa-%d9%81%d9%8a-%d8%a7%d9%84%d9%84%d8%ba%d8%a9-%d8%a7%d9%84%d8%b9%d8%b1%d8%a8%d9%8a%d8%a9-4-%d9%81%d9%8a-%d8%a7%d9%84%d8%a2/,,Other,General Knowledge,,ماذا تعني هذه الكلمة؟ مهماز:,,A,ما ينخس به الفرس,قوس,سوط,سرج,,0
3483,https://www.arabquest.net/trivia/%d9%85%d8%b9%d8%a7%d9%86%d9%8a-%d8%a7%d9%84%d9%83%d9%84%d9%85%d8%a7%d8%aa-%d9%81%d9%8a-%d8%a7%d9%84%d9%84%d8%ba%d8%a9-%d8%a7%d9%84%d8%b9%d8%b1%d8%a8%d9%8a%d8%a9-4-%d9%81%d9%8a-%d8%a7%d9%84%d8%a2/,,Other,General Knowledge,,ماذا تعني هذه الكلمة؟ مدية:,,B,فرشاة رسم,شفرة كبيرة,مسمار,وتد,,0
3484,https://www.arabquest.net/trivia/%d9%85%d8%b9%d8%a7%d9%86%d9%8a-%d8%a7%d9%84%d9%83%d9%84%d9%85%d8%a7%d8%aa-%d9%81%d9%8a-%d8%a7%d9%84%d9%84%d8%ba%d8%a9-%d8%a7%d9%84%d8%b9%d8%b1%d8%a8%d9%8a%d8%a9-4-%d9%81%d9%8a-%d8%a7%d9%84%d8%a2/,,Other,General Knowledge,,ماذا تعني هذه الكلمة؟ قيثارة:,,B,ساعة حائط,آلة طرب,مشعل,أنبوبة صغيرة,,0
3485,https://www.arabquest.net/trivia/%D8%A5%D8%AE%D8%AA%D8%A8%D8%B1-%D9%85%D8%B9%D9%84%D9%88%D9%85%D8%A7%D8%AA%D9%83-%D8%B9%D9%86-%D8%A7%D9%84%D9%81%D8%B6%D8%A7%D8%A1-%D8%A7%D9%84%D8%AE%D8%A7%D8%B1%D8%AC%D9%8A/,,Other,General Knowledge,,إذا تمكنت من السفر في سفينة فضائية بسرعة الضوء بعيدا عن النظام الشمسي ، فكم من الوقت ستبقى قادرًا على رؤية الشمس؟,,B,3 سنوات,30 سنة,300 سنة,,,0
3486,https://www.arabquest.net/trivia/%D8%A5%D8%AE%D8%AA%D8%A8%D8%B1-%D9%85%D8%B9%D9%84%D9%88%D9%85%D8%A7%D8%AA%D9%83-%D8%B9%D9%86-%D8%A7%D9%84%D9%81%D8%B6%D8%A7%D8%A1-%D8%A7%D9%84%D8%AE%D8%A7%D8%B1%D8%AC%D9%8A/,,Other,General Knowledge,,إلى أي مدى سافر المركبات الفضائية من الأرض إلى الفضاء؟,,C,كثر من 10 سنوات ضوئية,أقل قليلا من سنة ضوئية واحدة,أقل إلى حد ما من يوم ضوئي واحد,,,0
3487,https://www.arabquest.net/trivia/%D8%A5%D8%AE%D8%AA%D8%A8%D8%B1-%D9%85%D8%B9%D9%84%D9%88%D9%85%D8%A7%D8%AA%D9%83-%D8%B9%D9%86-%D8%A7%D9%84%D9%81%D8%B6%D8%A7%D8%A1-%D8%A7%D9%84%D8%AE%D8%A7%D8%B1%D8%AC%D9%8A/,,Other,General Knowledge,,ما هو عمر كوكب الأرض؟,,C,500000 سنة,5000000 سنة,5000000000 سنة,,,0
3488,https://www.arabquest.net/trivia/%D8%A5%D8%AE%D8%AA%D8%A8%D8%B1-%D9%85%D8%B9%D9%84%D9%88%D9%85%D8%A7%D8%AA%D9%83-%D8%B9%D9%86-%D8%A7%D9%84%D9%81%D8%B6%D8%A7%D8%A1-%D8%A7%D9%84%D8%AE%D8%A7%D8%B1%D8%AC%D9%8A/,,Other,General Knowledge,,ما هي المسافة التي قطعها الضوء من أكثر المجرات البعيدة التي لاحظناها؟,,C,20000 سنة,20000000 سنة,20000000000 سنة,,,0
3489,https://www.arabquest.net/trivia/%D8%A5%D8%AE%D8%AA%D8%A8%D8%B1-%D9%85%D8%B9%D9%84%D9%88%D9%85%D8%A7%D8%AA%D9%83-%D8%B9%D9%86-%D8%A7%D9%84%D9%81%D8%B6%D8%A7%D8%A1-%D8%A7%D9%84%D8%AE%D8%A7%D8%B1%D8%AC%D9%8A/,,Other,General Knowledge,,ما مدى سرعة انتقال الشمس حول مركز المجرة؟,,A,230 كلم / الثانية,230 كلم / الدقيقة,230 كلم / الساعة,,,0
3490,https://www.arabquest.net/trivia/%D8%A5%D8%AE%D8%AA%D8%A8%D8%B1-%D9%85%D8%B9%D9%84%D9%88%D9%85%D8%A7%D8%AA%D9%83-%D8%B9%D9%86-%D8%A7%D9%84%D9%81%D8%B6%D8%A7%D8%A1-%D8%A7%D9%84%D8%AE%D8%A7%D8%B1%D8%AC%D9%8A/,,Other,General Knowledge,,أين تدور معظم الكويكبات المعروفة حول الشمس؟,,C,بين مدارات كوكبي الزهرة والأرض,بين مدارات كوكبي الأرض والمريخ,بين مدارات كوكبي المريخ والمشتري,,,0
3491,https://www.arabquest.net/trivia/%D8%A5%D8%AE%D8%AA%D8%A8%D8%B1-%D9%85%D8%B9%D9%84%D9%88%D9%85%D8%A7%D8%AA%D9%83-%D8%B9%D9%86-%D8%A7%D9%84%D9%81%D8%B6%D8%A7%D8%A1-%D8%A7%D9%84%D8%AE%D8%A7%D8%B1%D8%AC%D9%8A/,,Other,General Knowledge,,ما هو عدد النجوم التي يحتوي عليها سديم أندروميدا؟,,C,100000,100000000,100000000000,,,0
3492,https://www.arabquest.net/trivia/%D8%A5%D8%AE%D8%AA%D8%A8%D8%B1-%D9%85%D8%B9%D9%84%D9%88%D9%85%D8%A7%D8%AA%D9%83-%D8%B9%D9%86-%D8%A7%D9%84%D9%81%D8%B6%D8%A7%D8%A1-%D8%A7%D9%84%D8%AE%D8%A7%D8%B1%D8%AC%D9%8A/,,Other,General Knowledge,,كيف تعلم علماء الفلك معظم ما يعرفونه عن النجوم والمجرات والكون؟,,B,عن طريق إرسال مجسات فضاء روبوتية لاستكشاف أعماق الفضاء خارج نظامنا الشمسي,عن طريق تحليل الضوء والإشعاع الكهرومغناطيسي القادم من الفضاء الذي يصل إلى جوار الأرض,من خلال التجارب المختبرية,,,0
3493,https://www.arabquest.net/trivia/%D8%A5%D8%AE%D8%AA%D8%A8%D8%B1-%D9%85%D8%B9%D9%84%D9%88%D9%85%D8%A7%D8%AA%D9%83-%D8%B9%D9%86-%D8%A7%D9%84%D9%81%D8%B6%D8%A7%D8%A1-%D8%A7%D9%84%D8%AE%D8%A7%D8%B1%D8%AC%D9%8A/,,Other,General Knowledge,,للوصول إلى كوكب آخر ، يجب أن تستهدف المركبة الفضائية:,,B,الكوكب نفسه,المكان الذي سيكون الكوكب فيه عندما تصل المركبة الفضائية إليه,منتصف الطريق بين الاثنين,,,0
3494,https://www.arabquest.net/trivia/%d9%85%d8%b9%d9%84%d9%88%d9%85%d8%a7%d8%aa-%d8%b9%d9%86-%d8%ac%d8%b3%d9%85-%d8%a7%d9%84%d8%a7%d9%86%d8%b3%d8%a7%d9%86-1/,,Other,General Knowledge,,أي من هذه أقسى مادة في جسم الإنسان؟,,D,مسمار,عظم الفخذ,غضروف,مينا الأسنان,,0
3495,https://www.arabquest.net/trivia/%d9%85%d8%b9%d9%84%d9%88%d9%85%d8%a7%d8%aa-%d8%b9%d9%86-%d8%ac%d8%b3%d9%85-%d8%a7%d9%84%d8%a7%d9%86%d8%b3%d8%a7%d9%86-1/,,Other,General Knowledge,,ما هو عدد العظام الموجودة في يدك؟,,A,27,لا أعرف,24,30,,0
3496,https://www.arabquest.net/trivia/%d9%85%d8%b9%d9%84%d9%88%d9%85%d8%a7%d8%aa-%d8%b9%d9%86-%d8%ac%d8%b3%d9%85-%d8%a7%d9%84%d8%a7%d9%86%d8%b3%d8%a7%d9%86-1/,,Other,General Knowledge,,ما هي الخلايا التي تشارك في الدفاع عن الجسم؟,,B,خلايا الدم الزرقاء,خلايا الدم البيضاء,خلايا الدم الخضراء,خلايا الدم الحمراء,,0
3497,https://www.arabquest.net/trivia/%d9%85%d8%b9%d9%84%d9%88%d9%85%d8%a7%d8%aa-%d8%b9%d9%86-%d8%ac%d8%b3%d9%85-%d8%a7%d9%84%d8%a7%d9%86%d8%b3%d8%a7%d9%86-1/,,Other,General Knowledge,,في جسم الإنسان أي من الأصابع عادة ما يكون الأطول؟,,D,البنصر,إبهام اليد,السبابة,الاصبع الوسطى,,0
3498,https://www.arabquest.net/trivia/%d9%85%d8%b9%d9%84%d9%88%d9%85%d8%a7%d8%aa-%d8%b9%d9%86-%d8%ac%d8%b3%d9%85-%d8%a7%d9%84%d8%a7%d9%86%d8%b3%d8%a7%d9%86-1/,,Other,General Knowledge,,أي عظمة هي أطول عظمة في جسم الإنسان؟,,D,عظم العضد,عظم الساق,الركابي,عظم الفخذ,,0
3499,https://www.arabquest.net/trivia/%d9%85%d8%b9%d9%84%d9%88%d9%85%d8%a7%d8%aa-%d8%b9%d9%86-%d8%ac%d8%b3%d9%85-%d8%a7%d9%84%d8%a7%d9%86%d8%b3%d8%a7%d9%86-1/,,Other,General Knowledge,,ما هي أكثر فئات الدم البشري شيوعًا؟,,D,O+ و B+,O+ و AB+,A+ و B+,O+ و A+,,0
3500,https://www.arabquest.net/trivia/%d9%85%d8%b9%d9%84%d9%88%d9%85%d8%a7%d8%aa-%d8%b9%d9%86-%d8%ac%d8%b3%d9%85-%d8%a7%d9%84%d8%a7%d9%86%d8%b3%d8%a7%d9%86-1/,,Other,General Knowledge,,أي من هذه العلوم هي دراسة أعضاء جسم الحيوانات؟,,A,تشريح,مادة الاحياء,علم الوراثة,علم الأمراض,,0
3501,https://www.arabquest.net/trivia/%d9%85%d8%b9%d9%84%d9%88%d9%85%d8%a7%d8%aa-%d8%b9%d9%86-%d8%ac%d8%b3%d9%85-%d8%a7%d9%84%d8%a7%d9%86%d8%b3%d8%a7%d9%86-1/,,Other,General Knowledge,,ما هو أكبر وأثقل عضو داخلي في جسم الإنسان؟,,A,الكبد,الدماغ,الرئة اليمنى,المعدة,,0
3502,https://www.arabquest.net/trivia/%d8%a7%d8%ae%d8%aa%d8%a8%d8%b1-%d9%85%d8%b9%d9%84%d9%88%d9%85%d8%a7%d8%aa%d9%83-%d8%b9%d9%86-%d8%a7%d9%84%d9%83%d9%8a%d9%85%d9%8a%d8%a7%d8%a1/,,Other,General Knowledge,,أي من هذه العناصر هو صلب في درجة حرارة الغرفة؟,,C,الأرجون,الكلور,البزموت,,,0
3503,https://www.arabquest.net/trivia/%d8%a7%d8%ae%d8%aa%d8%a8%d8%b1-%d9%85%d8%b9%d9%84%d9%88%d9%85%d8%a7%d8%aa%d9%83-%d8%b9%d9%86-%d8%a7%d9%84%d9%83%d9%8a%d9%85%d9%8a%d8%a7%d8%a1/,,Other,General Knowledge,,أي من هذه العناصر هو غاز في درجة حرارة الغرفة؟,,B,اليود,زينون,الباريوم,,,0
3504,https://www.arabquest.net/trivia/%d8%a7%d8%ae%d8%aa%d8%a8%d8%b1-%d9%85%d8%b9%d9%84%d9%88%d9%85%d8%a7%d8%aa%d9%83-%d8%b9%d9%86-%d8%a7%d9%84%d9%83%d9%8a%d9%85%d9%8a%d8%a7%d8%a1/,,Other,General Knowledge,,أي من هذه العناصر هو غاز في درجة حرارة الغرفة؟,,A,الفلور,الكلسيوم,كبريت,,,0
3505,https://www.arabquest.net/trivia/%d8%a7%d8%ae%d8%aa%d8%a8%d8%b1-%d9%85%d8%b9%d9%84%d9%88%d9%85%d8%a7%d8%aa%d9%83-%d8%b9%d9%86-%d8%a7%d9%84%d9%83%d9%8a%d9%85%d9%8a%d8%a7%d8%a1/,,Other,General Knowledge,,أي من هذه العناصر هو غاز في درجة حرارة الغرفة؟,,C,صوديوم,فضة,الهيليوم,,,0
3506,https://www.arabquest.net/trivia/%d8%a7%d8%ae%d8%aa%d8%a8%d8%b1-%d9%85%d8%b9%d9%84%d9%88%d9%85%d8%a7%d8%aa%d9%83-%d8%b9%d9%86-%d8%a7%d9%84%d9%83%d9%8a%d9%85%d9%8a%d8%a7%d8%a1/,,Other,General Knowledge,,أي من هذه العناصر هو صلب في درجة حرارة الغرفة؟,,A,الليثيوم,الهيليوم,نتروجين,,,0
3507,https://www.arabquest.net/trivia/%d8%a7%d8%ae%d8%aa%d8%a8%d8%b1-%d9%85%d8%b9%d9%84%d9%88%d9%85%d8%a7%d8%aa%d9%83-%d8%b9%d9%86-%d8%a7%d9%84%d9%83%d9%8a%d9%85%d9%8a%d8%a7%d8%a1/,,Other,General Knowledge,,أي من هذه العناصر هو سائل في درجة حرارة الغرفة؟,,B,نيون,الزئبق,المغنيسيوم,,,0
3508,https://www.arabquest.net/trivia/%d8%a7%d8%ae%d8%aa%d8%a8%d8%b1-%d9%85%d8%b9%d9%84%d9%88%d9%85%d8%a7%d8%aa%d9%83-%d8%b9%d9%86-%d8%a7%d9%84%d9%83%d9%8a%d9%85%d9%8a%d8%a7%d8%a1/,,Other,General Knowledge,,أي من هذه العناصر هو غاز في درجة حرارة الغرفة؟,,C,الأمريسيوم,زرنيخ,الأرجون,,,0
3509,https://www.arabquest.net/trivia/%d8%a7%d8%ae%d8%aa%d8%a8%d8%b1-%d9%85%d8%b9%d9%84%d9%88%d9%85%d8%a7%d8%aa%d9%83-%d8%b9%d9%86-%d8%a7%d9%84%d9%83%d9%8a%d9%85%d9%8a%d8%a7%d8%a1/,,Other,General Knowledge,,أي من هذه العناصر هو صلب في درجة حرارة الغرفة؟,,A,البورون,هيدروجين,الكربتون,,,0
3510,https://www.arabquest.net/trivia/%d8%a7%d8%ae%d8%aa%d8%a8%d8%b1-%d9%85%d8%b9%d9%84%d9%88%d9%85%d8%a7%d8%aa%d9%83-%d8%b9%d9%86-%d8%a7%d9%84%d9%83%d9%8a%d9%85%d9%8a%d8%a7%d8%a1/,,Other,General Knowledge,,أي من هذه العناصر هو سائل عند 100 درجة مئوية / 212 درجة فهرنهايت؟,,B,بولونيوم,بوتاسيوم,البلوتونيوم,,,0
3511,https://www.arabquest.net/trivia/%d8%a7%d8%ae%d8%aa%d8%a8%d8%b1-%d9%85%d8%b9%d9%84%d9%88%d9%85%d8%a7%d8%aa%d9%83-%d8%b9%d9%86-%d8%a7%d9%84%d9%83%d9%8a%d9%85%d9%8a%d8%a7%d8%a1/,,Other,General Knowledge,,أي من هذه العناصر هو غاز في درجة حرارة الغرفة؟,,B,الزئبق,هيدروجين,هولميوم,,,0
3512,https://www.arabquest.net/trivia/%d8%a7%d8%ae%d8%aa%d8%a8%d8%b1-%d9%85%d8%b9%d9%84%d9%88%d9%85%d8%a7%d8%aa%d9%83-%d8%b9%d9%86-%d8%a7%d9%84%d9%83%d9%8a%d9%85%d9%8a%d8%a7%d8%a1-2/,,Other,General Knowledge,,عدد أفوجادرو هو:,,C,6.02214076×10^10,عدد كبير,6.02214076×10^23,5.03165931×10^20,,0
3513,https://www.arabquest.net/trivia/%d8%a7%d8%ae%d8%aa%d8%a8%d8%b1-%d9%85%d8%b9%d9%84%d9%88%d9%85%d8%a7%d8%aa%d9%83-%d8%b9%d9%86-%d8%a7%d9%84%d9%83%d9%8a%d9%85%d9%8a%d8%a7%d8%a1-2/,,Other,General Knowledge,,ما هو لون غاز الكلور في درجة حرارة الغرفة؟,,C,أحمر,أزرق,أصفر على أخضر,ذهبي,,0
3514,https://www.arabquest.net/trivia/%d8%a7%d8%ae%d8%aa%d8%a8%d8%b1-%d9%85%d8%b9%d9%84%d9%88%d9%85%d8%a7%d8%aa%d9%83-%d8%b9%d9%86-%d8%a7%d9%84%d9%83%d9%8a%d9%85%d9%8a%d8%a7%d8%a1-2/,,Other,General Knowledge,,أي من هذه المعادن هي الأغلى؟,,C,فضة,ذهب,الروديوم,بلاتين,,0
3515,https://www.arabquest.net/trivia/%d8%a7%d8%ae%d8%aa%d8%a8%d8%b1-%d9%85%d8%b9%d9%84%d9%88%d9%85%d8%a7%d8%aa%d9%83-%d8%b9%d9%86-%d8%a7%d9%84%d9%83%d9%8a%d9%85%d9%8a%d8%a7%d8%a1-2/,,Other,General Knowledge,,78٪ من الهواء ممتلئ بالـ:,,B,أكسجين,نتروجين,كبريت,هيدروجين,,0
3516,https://www.arabquest.net/trivia/%d8%a7%d8%ae%d8%aa%d8%a8%d8%b1-%d9%85%d8%b9%d9%84%d9%88%d9%85%d8%a7%d8%aa%d9%83-%d8%b9%d9%86-%d8%a7%d9%84%d9%83%d9%8a%d9%85%d9%8a%d8%a7%d8%a1-2/,,Other,General Knowledge,,أي من هذه العناصر يتفاعل كثير مع الماء؟,,C,هيدروجين,كربون,صوديوم,أكسجين,,0
3517,https://www.arabquest.net/trivia/%d8%a7%d8%ae%d8%aa%d8%a8%d8%b1-%d9%85%d8%b9%d9%84%d9%88%d9%85%d8%a7%d8%aa%d9%83-%d8%b9%d9%86-%d8%a7%d9%84%d9%83%d9%8a%d9%85%d9%8a%d8%a7%d8%a1-2/,,Other,General Knowledge,,CH4 + O2 --> CO2 + H2O,,B,هذا صحيح,هذا غير صحيح,,,,0
3518,https://www.arabquest.net/trivia/%d8%a7%d8%ae%d8%aa%d8%a8%d8%b1-%d9%85%d8%b9%d9%84%d9%88%d9%85%d8%a7%d8%aa%d9%83-%d8%b9%d9%86-%d8%a7%d9%84%d9%83%d9%8a%d9%85%d9%8a%d8%a7%d8%a1-2/,,Other,General Knowledge,,ما هو الوزن الجزيئي للأكسجين؟,,A,16,18,12,14,,0
3519,https://www.arabquest.net/trivia/%d8%a7%d9%84%d8%a3%d8%ae%d8%b7%d8%a7%d8%a1-%d8%a7%d9%84%d8%b4%d8%a7%d8%a6%d8%b9%d8%a9-%d9%81%d9%8a-%d8%a7%d9%84%d9%84%d8%ba%d8%a9-%d8%a7%d9%84%d8%b9%d8%b1%d8%a8%d9%8a%d8%a9-%d8%a5%d8%ae%d8%aa%d8%a8/,,Other,General Knowledge,,إختر العبارة الصحيحة:,,B,رجاءًا,رجاءً,,,,0
3520,https://www.arabquest.net/trivia/%d8%a7%d9%84%d8%a3%d8%ae%d8%b7%d8%a7%d8%a1-%d8%a7%d9%84%d8%b4%d8%a7%d8%a6%d8%b9%d8%a9-%d9%81%d9%8a-%d8%a7%d9%84%d9%84%d8%ba%d8%a9-%d8%a7%d9%84%d8%b9%d8%b1%d8%a8%d9%8a%d8%a9-%d8%a5%d8%ae%d8%aa%d8%a8/,,Other,General Knowledge,,إختر العبارة الصحيحة:,,B,باشر في الدوام,باشر الدوام,,,,0
3521,https://www.arabquest.net/trivia/%d8%a7%d9%84%d8%a3%d8%ae%d8%b7%d8%a7%d8%a1-%d8%a7%d9%84%d8%b4%d8%a7%d8%a6%d8%b9%d8%a9-%d9%81%d9%8a-%d8%a7%d9%84%d9%84%d8%ba%d8%a9-%d8%a7%d9%84%d8%b9%d8%b1%d8%a8%d9%8a%d8%a9-%d8%a5%d8%ae%d8%aa%d8%a8/,,Other,General Knowledge,,إختر العبارة الصحيحة:,,B,ذَهبتُ إلى أخِصَّائِيّ الأَسنانِ.,ذَهبتُ إلى اخْتصَاصيّ الأَسنانِ.,,,,0
3522,https://www.arabquest.net/trivia/%d8%a7%d9%84%d8%a3%d8%ae%d8%b7%d8%a7%d8%a1-%d8%a7%d9%84%d8%b4%d8%a7%d8%a6%d8%b9%d8%a9-%d9%81%d9%8a-%d8%a7%d9%84%d9%84%d8%ba%d8%a9-%d8%a7%d9%84%d8%b9%d8%b1%d8%a8%d9%8a%d8%a9-%d8%a5%d8%ae%d8%aa%d8%a8/,,Other,General Knowledge,,إختر العبارة الصحيحة:,,A,بعض,البعض,,,,0
3523,https://www.arabquest.net/trivia/%d8%a7%d9%84%d8%a3%d8%ae%d8%b7%d8%a7%d8%a1-%d8%a7%d9%84%d8%b4%d8%a7%d8%a6%d8%b9%d8%a9-%d9%81%d9%8a-%d8%a7%d9%84%d9%84%d8%ba%d8%a9-%d8%a7%d9%84%d8%b9%d8%b1%d8%a8%d9%8a%d8%a9-%d8%a5%d8%ae%d8%aa%d8%a8/,,Other,General Knowledge,,إختر العبارة الصحيحة:,,B,المُدرجة اسماءهم,المُدرجة اسماؤهم,المُدرجة اسمائهم,,,0
3524,https://www.arabquest.net/trivia/%d8%a7%d9%84%d8%a3%d8%ae%d8%b7%d8%a7%d8%a1-%d8%a7%d9%84%d8%b4%d8%a7%d8%a6%d8%b9%d8%a9-%d9%81%d9%8a-%d8%a7%d9%84%d9%84%d8%ba%d8%a9-%d8%a7%d9%84%d8%b9%d8%b1%d8%a8%d9%8a%d8%a9-%d8%a5%d8%ae%d8%aa%d8%a8/,,Other,General Knowledge,,إختر العبارة الصحيحة:,,A,عنوانات,عناوين,,,,0
3525,https://www.arabquest.net/trivia/%d8%a7%d9%84%d8%a3%d8%ae%d8%b7%d8%a7%d8%a1-%d8%a7%d9%84%d8%b4%d8%a7%d8%a6%d8%b9%d8%a9-%d9%81%d9%8a-%d8%a7%d9%84%d9%84%d8%ba%d8%a9-%d8%a7%d9%84%d8%b9%d8%b1%d8%a8%d9%8a%d8%a9-%d8%a5%d8%ae%d8%aa%d8%a8/,,Other,General Knowledge,,إختر العبارة الصحيحة:,,B,على الموظفين التواجد.,على الموظفين الحضور.,,,,0
3526,https://www.arabquest.net/trivia/%d8%a7%d9%84%d8%a3%d8%ae%d8%b7%d8%a7%d8%a1-%d8%a7%d9%84%d8%b4%d8%a7%d8%a6%d8%b9%d8%a9-%d9%81%d9%8a-%d8%a7%d9%84%d9%84%d8%ba%d8%a9-%d8%a7%d9%84%d8%b9%d8%b1%d8%a8%d9%8a%d8%a9-%d8%a5%d8%ae%d8%aa%d8%a8/,,Other,General Knowledge,,إختر العبارة الصحيحة:,,A,إعمام,تعميم,,,,0
3527,https://www.arabquest.net/trivia/%d8%a7%d9%84%d8%a3%d8%ae%d8%b7%d8%a7%d8%a1-%d8%a7%d9%84%d8%b4%d8%a7%d8%a6%d8%b9%d8%a9-%d9%81%d9%8a-%d8%a7%d9%84%d9%84%d8%ba%d8%a9-%d8%a7%d9%84%d8%b9%d8%b1%d8%a8%d9%8a%d8%a9-%d8%a5%d8%ae%d8%aa%d8%a8/,,Other,General Knowledge,,إختر العبارة الصحيحة:,,B,حاز على الشهادة,حاز الشهادة,,,,0
3528,https://www.arabquest.net/trivia/%d8%a7%d9%84%d8%a3%d8%ae%d8%b7%d8%a7%d8%a1-%d8%a7%d9%84%d8%b4%d8%a7%d8%a6%d8%b9%d8%a9-%d9%81%d9%8a-%d8%a7%d9%84%d9%84%d8%ba%d8%a9-%d8%a7%d9%84%d8%b9%d8%b1%d8%a8%d9%8a%d8%a9-%d8%a5%d8%ae%d8%aa%d8%a8/,,Other,General Knowledge,,إختر العبارة الصحيحة:,,A,نفاد الكمية,نفاذ الكمية,,,,0
3529,https://www.arabquest.net/trivia/%d8%a7%d9%84%d8%a3%d8%ae%d8%b7%d8%a7%d8%a1-%d8%a7%d9%84%d8%b4%d8%a7%d8%a6%d8%b9%d8%a9-%d9%81%d9%8a-%d8%a7%d9%84%d9%84%d8%ba%d8%a9-%d8%a7%d9%84%d8%b9%d8%b1%d8%a8%d9%8a%d8%a9-%d8%a5%d8%ae%d8%aa%d8%a8/,,Other,General Knowledge,,إختر العبارة الصحيحة:,,A,قسط,قصط,,,,0
3530,https://www.arabquest.net/trivia/%d8%a7%d9%84%d8%a3%d8%ae%d8%b7%d8%a7%d8%a1-%d8%a7%d9%84%d8%b4%d8%a7%d8%a6%d8%b9%d8%a9-%d9%81%d9%8a-%d8%a7%d9%84%d9%84%d8%ba%d8%a9-%d8%a7%d9%84%d8%b9%d8%b1%d8%a8%d9%8a%d8%a9-%d8%a5%d8%ae%d8%aa%d8%a8/,,Other,General Knowledge,,إختر العبارة الصحيحة:,,B,مدراء,مديرون,,,,0
3531,https://www.arabquest.net/trivia/%d8%a7%d9%84%d8%a3%d8%ae%d8%b7%d8%a7%d8%a1-%d8%a7%d9%84%d8%b4%d8%a7%d8%a6%d8%b9%d8%a9-%d9%81%d9%8a-%d8%a7%d9%84%d9%84%d8%ba%d8%a9-%d8%a7%d9%84%d8%b9%d8%b1%d8%a8%d9%8a%d8%a9-%d8%a5%d8%ae%d8%aa%d8%a8/,,Other,General Knowledge,,إختر العبارة الصحيحة:,,A,مساءً,مساءًا,,,,0
3532,https://www.arabquest.net/trivia/%d8%a7%d9%84%d8%a3%d8%ae%d8%b7%d8%a7%d8%a1-%d8%a7%d9%84%d8%b4%d8%a7%d8%a6%d8%b9%d8%a9-%d9%81%d9%8a-%d8%a7%d9%84%d9%84%d8%ba%d8%a9-%d8%a7%d9%84%d8%b9%d8%b1%d8%a8%d9%8a%d8%a9-%d8%a5%d8%ae%d8%aa%d8%a8/,,Other,General Knowledge,,إختر العبارة الصحيحة:,,A,مُبارك,مبروك,,,,0
3533,https://www.arabquest.net/trivia/%d9%85%d8%b9%d8%a7%d9%86%d9%8a-%d8%a7%d9%84%d8%a7%d8%b3%d9%85%d8%a7%d8%a1-%d8%a7%d9%84%d8%ac%d8%b2%d8%a1-1/,,Other,General Knowledge,,ماذا يعني هذا الاسم؟ سهاد:,,A,أرق,تأوه,موت بطيء,نوم عميق,,0
3534,https://www.arabquest.net/trivia/%d9%85%d8%b9%d8%a7%d9%86%d9%8a-%d8%a7%d9%84%d8%a7%d8%b3%d9%85%d8%a7%d8%a1-%d8%a7%d9%84%d8%ac%d8%b2%d8%a1-1/,,Other,General Knowledge,,ماذا يعني هذا الاسم؟ جابر:,,D,طاعن في السن,سهل القياد,صادق,محسن,,0
3535,https://www.arabquest.net/trivia/%d9%85%d8%b9%d8%a7%d9%86%d9%8a-%d8%a7%d9%84%d8%a7%d8%b3%d9%85%d8%a7%d8%a1-%d8%a7%d9%84%d8%ac%d8%b2%d8%a1-1/,,Other,General Knowledge,,ماذا يعني هذا الاسم؟ شهاب:,,D,بركان,نجم سيار,هلال,كوكب منقضّ,,0
3536,https://www.arabquest.net/trivia/%d9%85%d8%b9%d8%a7%d9%86%d9%8a-%d8%a7%d9%84%d8%a7%d8%b3%d9%85%d8%a7%d8%a1-%d8%a7%d9%84%d8%ac%d8%b2%d8%a1-1/,,Other,General Knowledge,,ماذا يعني هذا الاسم؟ همَّام:,,A,كثير الاهتمام,سحاب,جالب الهم,فرس أصيل,,0
3537,https://www.arabquest.net/trivia/%d9%85%d8%b9%d8%a7%d9%86%d9%8a-%d8%a7%d9%84%d8%a7%d8%b3%d9%85%d8%a7%d8%a1-%d8%a7%d9%84%d8%ac%d8%b2%d8%a1-1/,,Other,General Knowledge,,ماذا يعني هذا الاسم؟ هدى:,,B,طريق واسعة,رشاد,عطية,ضلال,,0
3538,https://www.arabquest.net/trivia/%d9%85%d8%b9%d8%a7%d9%86%d9%8a-%d8%a7%d9%84%d8%a7%d8%b3%d9%85%d8%a7%d8%a1-%d8%a7%d9%84%d8%ac%d8%b2%d8%a1-1/,,Other,General Knowledge,,ماذا يعني هذا الاسم؟ نوفل:,,C,حثالة,ثروة,رجل معطاء,كلام فارغ,,0
3539,https://www.arabquest.net/trivia/%d9%85%d8%b9%d8%a7%d9%86%d9%8a-%d8%a7%d9%84%d8%a7%d8%b3%d9%85%d8%a7%d8%a1-%d8%a7%d9%84%d8%ac%d8%b2%d8%a1-1/,,Other,General Knowledge,,ماذا يعني هذا الاسم؟ سَحَر:,,D,أول الليل,شروق,عصر,قبيل الصبح,,0
3540,https://www.arabquest.net/trivia/%d9%85%d8%b9%d8%a7%d9%86%d9%8a-%d8%a7%d9%84%d8%a7%d8%b3%d9%85%d8%a7%d8%a1-%d8%a7%d9%84%d8%ac%d8%b2%d8%a1-1/,,Other,General Knowledge,,ماذا يعني هذا الاسم؟ ريم:,,D,بقر وحشي,مهر,غاية,ظبي أبيض,,0
3541,https://www.arabquest.net/trivia/%d9%85%d8%b9%d8%a7%d9%86%d9%8a-%d8%a7%d9%84%d8%a7%d8%b3%d9%85%d8%a7%d8%a1-%d8%a7%d9%84%d8%ac%d8%b2%d8%a1-1/,,Other,General Knowledge,,ماذا يعني هذا الاسم؟ ميسون:,,C,مطر,فأل حسن,غلام حسن الوجه,زهر,,0
3542,https://www.arabquest.net/trivia/%d9%85%d8%b9%d8%a7%d9%86%d9%8a-%d8%a7%d9%84%d8%a7%d8%b3%d9%85%d8%a7%d8%a1-%d8%a7%d9%84%d8%ac%d8%b2%d8%a1-1/,,Other,General Knowledge,,ماذا يعني هذا الاسم؟ سناء:,,A,رفعة,مديح,زرقة صافية,جبهة عريضة,,0
3543,https://www.arabquest.net/trivia/%d9%85%d8%b9%d8%a7%d9%86%d9%8a-%d8%a7%d9%84%d8%a7%d8%b3%d9%85%d8%a7%d8%a1-%d8%a7%d9%84%d8%ac%d8%b2%d8%a1-1/,,Other,General Knowledge,,ماذا يعني هذا الاسم؟ لَمى:,,C,لمعان,نظرة,سمرة في باطن الشفة,إيماءة,,0
3544,https://www.arabquest.net/trivia/%d9%85%d8%b9%d8%a7%d9%86%d9%8a-%d8%a7%d9%84%d8%a7%d8%b3%d9%85%d8%a7%d8%a1-%d8%a7%d9%84%d8%ac%d8%b2%d8%a1-1/,,Other,General Knowledge,,ماذا يعني هذا الاسم؟ نازك:,,B,جميل الصوت,عائب,شاعر,حلو الرقص,,0
3545,https://www.arabquest.net/trivia/%d9%85%d8%b9%d8%a7%d9%86%d9%8a-%d8%a7%d9%84%d8%a7%d8%b3%d9%85%d8%a7%d8%a1-%d8%a7%d9%84%d8%b9%d8%b1%d8%a8%d9%8a%d8%a9-%d8%a7%d9%84%d8%ac%d8%b2%d8%a1-2/,,Other,General Knowledge,,ماذا يعني هذا الاسم؟ نهلى:,,B,ناصعة البياض,شاربة ريّا,عالية,مجهدة,,0
3546,https://www.arabquest.net/trivia/%d9%85%d8%b9%d8%a7%d9%86%d9%8a-%d8%a7%d9%84%d8%a7%d8%b3%d9%85%d8%a7%d8%a1-%d8%a7%d9%84%d8%b9%d8%b1%d8%a8%d9%8a%d8%a9-%d8%a7%d9%84%d8%ac%d8%b2%d8%a1-2/,,Other,General Knowledge,,ماذا يعني هذا الاسم؟ بَكْر:,,D,حرب,أول الفجر,أكبر الأولاد,صغير الإبل,,0
3547,https://www.arabquest.net/trivia/%d9%85%d8%b9%d8%a7%d9%86%d9%8a-%d8%a7%d9%84%d8%a7%d8%b3%d9%85%d8%a7%d8%a1-%d8%a7%d9%84%d8%b9%d8%b1%d8%a8%d9%8a%d8%a9-%d8%a7%d9%84%d8%ac%d8%b2%d8%a1-2/,,Other,General Knowledge,,ماذا يعني هذا الاسم؟ معضاد:,,C,مقدام,واسع الجود,سيف,مفتول العضلات,,0
3548,https://www.arabquest.net/trivia/%d9%85%d8%b9%d8%a7%d9%86%d9%8a-%d8%a7%d9%84%d8%a7%d8%b3%d9%85%d8%a7%d8%a1-%d8%a7%d9%84%d8%b9%d8%b1%d8%a8%d9%8a%d8%a9-%d8%a7%d9%84%d8%ac%d8%b2%d8%a1-2/,,Other,General Knowledge,,ماذا يعني هذا الاسم؟ مِيْسم:,,D,ثغر,أُصبع طفل,من الزهور,حسن وجمال,,0
3549,https://www.arabquest.net/trivia/%d9%85%d8%b9%d8%a7%d9%86%d9%8a-%d8%a7%d9%84%d8%a7%d8%b3%d9%85%d8%a7%d8%a1-%d8%a7%d9%84%d8%b9%d8%b1%d8%a8%d9%8a%d8%a9-%d8%a7%d9%84%d8%ac%d8%b2%d8%a1-2/,,Other,General Knowledge,,ماذا يعني هذا الاسم؟ جاسر:,,C,نسر عظيم,حليق الوجه,مقدام,خائف,,0
3550,https://www.arabquest.net/trivia/%d9%85%d8%b9%d8%a7%d9%86%d9%8a-%d8%a7%d9%84%d8%a7%d8%b3%d9%85%d8%a7%d8%a1-%d8%a7%d9%84%d8%b9%d8%b1%d8%a8%d9%8a%d8%a9-%d8%a7%d9%84%d8%ac%d8%b2%d8%a1-2/,,Other,General Knowledge,,ماذا يعني هذا الاسم؟ عاكف:,,A,مواظب,عاقد الجبين,مائل,غاضب عنيد,,0
3551,https://www.arabquest.net/trivia/%d9%85%d8%b9%d8%a7%d9%86%d9%8a-%d8%a7%d9%84%d8%a7%d8%b3%d9%85%d8%a7%d8%a1-%d8%a7%d9%84%d8%b9%d8%b1%d8%a8%d9%8a%d8%a9-%d8%a7%d9%84%d8%ac%d8%b2%d8%a1-2/,,Other,General Knowledge,,ماذا يعني هذا الاسم؟ هانىء:,,A,سعيد,جبل صغير,سهم صائب,كثير الأولاد,,0
3552,https://www.arabquest.net/trivia/%d9%85%d8%b9%d8%a7%d9%86%d9%8a-%d8%a7%d9%84%d8%a7%d8%b3%d9%85%d8%a7%d8%a1-%d8%a7%d9%84%d8%b9%d8%b1%d8%a8%d9%8a%d8%a9-%d8%a7%d9%84%d8%ac%d8%b2%d8%a1-2/,,Other,General Knowledge,,ماذا يعني هذا الاسم؟ رندة:,,D,ناقة,فتاة حسناء,ربوة,شجرة طيبة الرائحة,,0
3553,https://www.arabquest.net/trivia/%d9%85%d8%b9%d8%a7%d9%86%d9%8a-%d8%a7%d9%84%d8%a7%d8%b3%d9%85%d8%a7%d8%a1-%d8%a7%d9%84%d8%b9%d8%b1%d8%a8%d9%8a%d8%a9-%d8%a7%d9%84%d8%ac%d8%b2%d8%a1-2/,,Other,General Knowledge,,ماذا يعني هذا الاسم؟ ثريا:,,A,سبعة كواكب,ديار بعيدة,تراب,شمس الظهيرة,,0
3554,https://www.arabquest.net/trivia/%d9%85%d8%b9%d8%a7%d9%86%d9%8a-%d8%a7%d9%84%d8%a7%d8%b3%d9%85%d8%a7%d8%a1-%d8%a7%d9%84%d8%b9%d8%b1%d8%a8%d9%8a%d8%a9-%d8%a7%d9%84%d8%ac%d8%b2%d8%a1-2/,,Other,General Knowledge,,ماذا يعني هذا الاسم؟ جلنار:,,D,شرر,نجمة الصباح,فضة,زهر الرمان,,0
3555,https://www.arabquest.net/trivia/%d9%85%d8%b9%d8%a7%d9%86%d9%8a-%d8%a7%d9%84%d8%a7%d8%b3%d9%85%d8%a7%d8%a1-%d8%a7%d9%84%d8%b9%d8%b1%d8%a8%d9%8a%d8%a9-%d8%a7%d9%84%d8%ac%d8%b2%d8%a1-2/,,Other,General Knowledge,,ماذا يعني هذا الاسم؟ وطفاء:,,A,كثيرة شعر الحاجبين,بدينة,حوراء,قصيرة الأصابع,,0
3556,https://www.arabquest.net/trivia/%d9%85%d8%b9%d8%a7%d9%86%d9%8a-%d8%a7%d9%84%d8%a7%d8%b3%d9%85%d8%a7%d8%a1-%d8%a7%d9%84%d8%b9%d8%b1%d8%a8%d9%8a%d8%a9-%d8%a7%d9%84%d8%ac%d8%b2%d8%a1-2/,,Other,General Knowledge,,ماذا يعني هذا الاسم؟ رئبال:,,B,ثعبان,أسد,قائد العسكر,حبل غليظ,,0
3557,https://www.arabquest.net/trivia/%d8%a3%d9%85%d8%ab%d8%a7%d9%84-%d8%a7%d9%84%d8%b9%d8%b1%d8%a8-%d8%a7%d9%84%d8%ac%d8%b2%d8%a1-%d8%a7%d9%84%d8%a3%d9%88%d9%84/,,Other,General Knowledge,,ماذا يعني هذا المثل؟ خير الكلام:,,A,ما قل ودل,ما نمِّق,ما سُمع,ما كثر,,0
3558,https://www.arabquest.net/trivia/%d8%a3%d9%85%d8%ab%d8%a7%d9%84-%d8%a7%d9%84%d8%b9%d8%b1%d8%a8-%d8%a7%d9%84%d8%ac%d8%b2%d8%a1-%d8%a7%d9%84%d8%a3%d9%88%d9%84/,,Other,General Knowledge,,ماذا يعني هذا المثل؟ حيلة من لا حيلة له:,,C,الذل,الهرب,الصبر,الكذب,,0
3559,https://www.arabquest.net/trivia/%d8%a3%d9%85%d8%ab%d8%a7%d9%84-%d8%a7%d9%84%d8%b9%d8%b1%d8%a8-%d8%a7%d9%84%d8%ac%d8%b2%d8%a1-%d8%a7%d9%84%d8%a3%d9%88%d9%84/,,Other,General Knowledge,,ماذا يعني هذا المثل؟ شريك العمى:,,D,الصمم,الظلم,البكم,الهوى,,0
3560,https://www.arabquest.net/trivia/%d8%a3%d9%85%d8%ab%d8%a7%d9%84-%d8%a7%d9%84%d8%b9%d8%b1%d8%a8-%d8%a7%d9%84%d8%ac%d8%b2%d8%a1-%d8%a7%d9%84%d8%a3%d9%88%d9%84/,,Other,General Knowledge,,ماذا يعني هذا المثل؟ أخو الرضى:,,D,الجبن,الحب,الرفض,السكوت,,0
3561,https://www.arabquest.net/trivia/%d8%a3%d9%85%d8%ab%d8%a7%d9%84-%d8%a7%d9%84%d8%b9%d8%b1%d8%a8-%d8%a7%d9%84%d8%ac%d8%b2%d8%a1-%d8%a7%d9%84%d8%a3%d9%88%d9%84/,,Other,General Knowledge,,ماذا يعني هذا المثل؟ ضالة المؤمن:,,D,العدل,الكتاب,السكون,الحكمة,,0
3562,https://www.arabquest.net/trivia/%d8%a3%d9%85%d8%ab%d8%a7%d9%84-%d8%a7%d9%84%d8%b9%d8%b1%d8%a8-%d8%a7%d9%84%d8%ac%d8%b2%d8%a1-%d8%a7%d9%84%d8%a3%d9%88%d9%84/,,Other,General Knowledge,,ماذا يعني هذا المثل؟ مطيّة الجهل:,,B,السلطة,الشباب,الغنى,الشيخوخة,,0
3563,https://www.arabquest.net/trivia/%d8%a3%d9%85%d8%ab%d8%a7%d9%84-%d8%a7%d9%84%d8%b9%d8%b1%d8%a8-%d8%a7%d9%84%d8%ac%d8%b2%d8%a1-%d8%a7%d9%84%d8%a3%d9%88%d9%84/,,Other,General Knowledge,,ماذا يعني هذا المثل؟ جليس المرء:,,C,الغضب,فكره,مثله,أخوه,,0
3564,https://www.arabquest.net/trivia/%d8%a3%d9%85%d8%ab%d8%a7%d9%84-%d8%a7%d9%84%d8%b9%d8%b1%d8%a8-%d8%a7%d9%84%d8%ac%d8%b2%d8%a1-%d8%a7%d9%84%d8%a3%d9%88%d9%84/,,Other,General Knowledge,,ماذا يعني هذا المثل؟ شرّ البليّة:,,D,ما يسقم,ما يخفى,ما يبكي,ما يضحك,,0
3565,https://www.arabquest.net/trivia/%d8%a3%d9%85%d8%ab%d8%a7%d9%84-%d8%a7%d9%84%d8%b9%d8%b1%d8%a8-%d8%a7%d9%84%d8%ac%d8%b2%d8%a1-%d8%a7%d9%84%d8%a3%d9%88%d9%84/,,Other,General Knowledge,,ماذا يعني هذا المثل؟ قَبْل العقاب:,,B,الثواب,العتاب,الصواب,الحساب,,0
3566,https://www.arabquest.net/trivia/%d8%a3%d9%85%d8%ab%d8%a7%d9%84-%d8%a7%d9%84%d8%b9%d8%b1%d8%a8-%d8%a7%d9%84%d8%ac%d8%b2%d8%a1-%d8%a7%d9%84%d8%a3%d9%88%d9%84/,,Other,General Knowledge,,ماذا يعني هذا المثل؟ تاج المروءة:,,B,الكرم,التواضع,الصدق,النصر,,0
3567,https://www.arabquest.net/trivia/%d8%a3%d9%85%d8%ab%d8%a7%d9%84-%d8%a7%d9%84%d8%b9%d8%b1%d8%a8-%d8%a7%d9%84%d8%ac%d8%b2%d8%a1-%d8%a7%d9%84%d8%a3%d9%88%d9%84/,,Other,General Knowledge,,ماذا يعني هذا المثل؟ آخر الداء:,,D,الدواء,الحمى,الموت,الكي,,0
3568,https://www.arabquest.net/trivia/%d8%a3%d9%85%d8%ab%d8%a7%d9%84-%d8%a7%d9%84%d8%b9%d8%b1%d8%a8-%d8%a7%d9%84%d8%ac%d8%b2%d8%a1-%d8%a7%d9%84%d8%a3%d9%88%d9%84/,,Other,General Knowledge,,ماذا يعني هذا المثل؟ سلاح الضعفاء:,,C,الغدر,الحقد,الشكاية,الخجل,,0
3569,https://www.arabquest.net/trivia/%d8%a3%d9%85%d8%ab%d8%a7%d9%84-%d8%a7%d9%84%d8%b9%d8%b1%d8%a8-%d8%a7%d9%84%d8%ac%d8%b2%d8%a1-%d8%a7%d9%84%d8%a3%d9%88%d9%84/,,Other,General Knowledge,,ماذا يعني هذا المثل؟ أول الغيث:,,B,غمام,قطرة,خصب,سيل,,0
3570,https://www.arabquest.net/trivia/%d8%a3%d9%85%d8%ab%d8%a7%d9%84-%d8%a7%d9%84%d8%b9%d8%b1%d8%a8-%d8%a7%d9%84%d8%ac%d8%b2%d8%a1-2/,,Other,General Knowledge,,ماذا يعني هذا المثل؟ تمّام الربيع:,,A,الصيف,الحر,الزرع,الشتاء,,0
3571,https://www.arabquest.net/trivia/%d8%a3%d9%85%d8%ab%d8%a7%d9%84-%d8%a7%d9%84%d8%b9%d8%b1%d8%a8-%d8%a7%d9%84%d8%ac%d8%b2%d8%a1-2/,,Other,General Knowledge,,ماذا يعني هذا المثل؟ شر الأصحاب:,,D,الفقراء,الضمير,الأقرباء,الجهل,,0
3572,https://www.arabquest.net/trivia/%d8%a3%d9%85%d8%ab%d8%a7%d9%84-%d8%a7%d9%84%d8%b9%d8%b1%d8%a8-%d8%a7%d9%84%d8%ac%d8%b2%d8%a1-2/,,Other,General Knowledge,,ماذا يعني هذا المثل؟ مطيّة التعب:,,B,الكسل,الحسد,الرضوخ,الاجتهاد,,0
3573,https://www.arabquest.net/trivia/%d8%a3%d9%85%d8%ab%d8%a7%d9%84-%d8%a7%d9%84%d8%b9%d8%b1%d8%a8-%d8%a7%d9%84%d8%ac%d8%b2%d8%a1-2/,,Other,General Knowledge,,ماذا يعني هذا المثل؟ أخو القاتل:,,A,الخاذل,الجاهل,العاذل,الهازل,,0
3574,https://www.arabquest.net/trivia/%d8%a3%d9%85%d8%ab%d8%a7%d9%84-%d8%a7%d9%84%d8%b9%d8%b1%d8%a8-%d8%a7%d9%84%d8%ac%d8%b2%d8%a1-2/,,Other,General Knowledge,,ماذا يعني هذا المثل؟ قَيْدُ القلوب:,,A,ليِّن الكلام,الشعر,الحب,المال,,0
3575,https://www.arabquest.net/trivia/%d8%a3%d9%85%d8%ab%d8%a7%d9%84-%d8%a7%d9%84%d8%b9%d8%b1%d8%a8-%d8%a7%d9%84%d8%ac%d8%b2%d8%a1-2/,,Other,General Knowledge,,ماذا يعني هذا المثل؟ زاد العجول:,,A,الخطأ,الطمع,الغضب,الخوف,,0
3576,https://www.arabquest.net/trivia/%d8%a3%d9%85%d8%ab%d8%a7%d9%84-%d8%a7%d9%84%d8%b9%d8%b1%d8%a8-%d8%a7%d9%84%d8%ac%d8%b2%d8%a1-2/,,Other,General Knowledge,,ماذا يعني هذا المثل؟ بيت الداء:,,B,الكبد,المعدة,الرأس,القلب,,0
3577,https://www.arabquest.net/trivia/%d8%a3%d9%85%d8%ab%d8%a7%d9%84-%d8%a7%d9%84%d8%b9%d8%b1%d8%a8-%d8%a7%d9%84%d8%ac%d8%b2%d8%a1-2/,,Other,General Knowledge,,ماذا يعني هذا المثل؟ مفتاح الفَرَج:,,A,الصبر,الصباح,الموت,الحظ,,0
3578,https://www.arabquest.net/trivia/%d8%a3%d9%85%d8%ab%d8%a7%d9%84-%d8%a7%d9%84%d8%b9%d8%b1%d8%a8-%d8%a7%d9%84%d8%ac%d8%b2%d8%a1-2/,,Other,General Knowledge,,ماذا يعني هذا المثل؟ خيرٌ من جليس السوء:,,A,الوحدة,النوم,المجنون,الأخرس,,0
3579,https://www.arabquest.net/trivia/%d8%a3%d9%85%d8%ab%d8%a7%d9%84-%d8%a7%d9%84%d8%b9%d8%b1%d8%a8-%d8%a7%d9%84%d8%ac%d8%b2%d8%a1-2/,,Other,General Knowledge,,ماذا يعني هذا المثل؟ نِعمَ المُؤدّب:,,D,الأب,السفر,المعلم,الدهر,,0
3580,https://www.arabquest.net/trivia/%d8%a3%d9%85%d8%ab%d8%a7%d9%84-%d8%a7%d9%84%d8%b9%d8%b1%d8%a8-%d8%a7%d9%84%d8%ac%d8%b2%d8%a1-2/,,Other,General Knowledge,,ماذا يعني هذا المثل؟ بئس الردف:,,D,الشتيمة,نعم بَعدَ لا,الحلفان,لا بَعْدَ نعم,,0
3581,https://www.arabquest.net/trivia/%d8%a8%d9%84%d8%a7%d8%af-%d9%88%d9%82%d8%a7%d8%b1%d9%91%d8%a7%d8%aa-1/,,Other,General Knowledge,,في أي قارة تجد الدولة التالية: الأرجنتين,,A,جنوب امريكا,شمال امريكا,أوروبا,آسيا,,0
3582,https://www.arabquest.net/trivia/%d8%a8%d9%84%d8%a7%d8%af-%d9%88%d9%82%d8%a7%d8%b1%d9%91%d8%a7%d8%aa-1/,,Other,General Knowledge,,في أي قارة تجد الدولة التالية: إيران,,A,آسيا,جنوب امريكا,أوروبا,أفريقيا,,0
3583,https://www.arabquest.net/trivia/%d8%a8%d9%84%d8%a7%d8%af-%d9%88%d9%82%d8%a7%d8%b1%d9%91%d8%a7%d8%aa-1/,,Other,General Knowledge,,في أي قارة تجد الدولة التالية: أندونيسيا,,C,جنوب امريكا,أوقيانوسيا,آسيا,أفريقيا,,0
3584,https://www.arabquest.net/trivia/%d8%a8%d9%84%d8%a7%d8%af-%d9%88%d9%82%d8%a7%d8%b1%d9%91%d8%a7%d8%aa-1/,,Other,General Knowledge,,في أي قارة تجد الدولة التالية: المغرب,,A,أفريقيا,آسيا,جنوب امريكا,أوروبا,,0
3585,https://www.arabquest.net/trivia/%d8%a8%d9%84%d8%a7%d8%af-%d9%88%d9%82%d8%a7%d8%b1%d9%91%d8%a7%d8%aa-1/,,Other,General Knowledge,,في أي قارة تجد الدولة التالية: الهند,,D,جنوب امريكا,أوقيانوسيا,أفريقيا,آسيا,,0
3586,https://www.arabquest.net/trivia/%d8%a8%d9%84%d8%a7%d8%af-%d9%88%d9%82%d8%a7%d8%b1%d9%91%d8%a7%d8%aa-1/,,Other,General Knowledge,,في أي قارة تجد الدولة التالية: السويد,,B,آسيا,أوروبا,أوقيانوسيا,أفريقيا,,0
3587,https://www.arabquest.net/trivia/%d8%a8%d9%84%d8%a7%d8%af-%d9%88%d9%82%d8%a7%d8%b1%d9%91%d8%a7%d8%aa-1/,,Other,General Knowledge,,في أي قارة تجد الدولة التالية: النمسا,,C,شمال امريكا,أوقيانوسيا,أوروبا,أفريقي,,0
3588,https://www.arabquest.net/trivia/%d8%a8%d9%84%d8%a7%d8%af-%d9%88%d9%82%d8%a7%d8%b1%d9%91%d8%a7%d8%aa-1/,,Other,General Knowledge,,في أي قارة تجد الدولة التالية: مصر,,B,آسيا,أفريقيا,شمال امريكا,جنوب امريكا,,0
3589,https://www.arabquest.net/trivia/%d8%a8%d9%84%d8%a7%d8%af-%d9%88%d9%82%d8%a7%d8%b1%d9%91%d8%a7%d8%aa-1/,,Other,General Knowledge,,في أي قارة تجد الدولة التالية: الصومال,,D,آسيا,أوروبا,أوقيانوسيا,أفريقيا,,0
3590,https://www.arabquest.net/trivia/%d8%a8%d9%84%d8%a7%d8%af-%d9%88%d9%82%d8%a7%d8%b1%d9%91%d8%a7%d8%aa-1/,,Other,General Knowledge,,في أي قارة تجد الدولة التالية: تايلاند,,C,جنوب امريكا,أفريقيا,آسيا,شمال امريكا,,0
3591,https://m7et.com/questions-and-answers-with-options,,Other,General Knowledge,,أول صحابي حيّا الرسول صلى الله عليه وسلم بتحية الإسلام هو…؟,,C,أبو بكر الصديق,أبو أيوب الأنصاري,أبو ذر الغفاري,أبو موسى الأشعري,,0
3592,https://m7et.com/questions-and-answers-with-options,,Other,General Knowledge,,ما هو البحر الذي يسمى بحر القلزم؟,,A,البحر العربي,البحر الأحمر,بحر قزوين,البحر الأسود,,0
3593,https://m7et.com/questions-and-answers-with-options,,Other,General Knowledge,,اسماء بنت عمرو بن عدي ونسيبة بنت كعب بايعتا الرسول صلى الله عليه وسلم في بيعة العقبة الثانية في بيعة…؟,,B,العقبة الأولى,العقبة الثانية,بيعة الرضوان,,,0
3594,https://m7et.com/questions-and-answers-with-options,,Other,General Knowledge,,النحلة ترفرف بجناحيها في الثانية الواحدة بمعدل….؟,,C,150مرة,250مرة,350 مرة,550مرة,,0
3595,https://m7et.com/questions-and-answers-with-options,,Other,General Knowledge,,العالم الذي أخترع التلفون هو…؟,,A,الكسندر غراهام بيل,جوزف برستلي,بجوار سيكو رسكي,فلهلم رونتفن,,0
3596,https://m7et.com/questions-and-answers-with-options,,Other,General Knowledge,,من مؤ لفات الطبيب العربي أبو بكر الرازي كتاب ..؟,,D,الطب والحكمة,فردوس الحكمة,الأدوية والعلل,هيئة الكبد,,0
3597,https://m7et.com/questions-and-answers-with-options,,Other,General Knowledge,,قال تعالى(وزرابي مبثوثة)سورة الغاشية(16) المقصود بـ(زرابي) هي …؟,,A,الطنافس,الأسرة,الوسائد,الفرش,,0
3598,https://m7et.com/questions-and-answers-with-options,,Other,General Knowledge,,اذا قطع المسلم إحدى شفتي أخيه المسلم فيجب عليه أن يسلم له…؟,,B,دية النفس كاملة,نصف الدية,ثلث الدية,ربع الدية,,0
3599,https://m7et.com/questions-and-answers-with-options,,Other,General Knowledge,,تصل مده حمل أنثى الفيل إلى…؟,,B,12شهر 2– 18 شهر,22 شهراً,32 شهر,,,0
3600,https://m7et.com/questions-and-answers-with-options,,Other,General Knowledge,,ما المقصود بيوم الفرقان الذي ذكره الله تعالى في القرآن؟,,A,غزوة بدر,غزوة أحد,فتح مكة,غزوة تبوك,,0
3601,https://m7et.com/questions-and-answers-with-options,,Other,General Knowledge,,من شعراء العصر الأموي ..؟,,D,أبو الطيب المتنبي,ابن خفاجي الأندلسي,ابن هانئ الأندلسي,الكميت,,0
3602,https://m7et.com/questions-and-answers-with-options,,Other,General Knowledge,,يضرب به المثل في الحلم فيقال أحلم من …؟,,B,الأحنف بن حسان,الأحنف بن قيس,المهلب بن صفرة,المهلب بن حاتم,,0
3603,https://m7et.com/questions-and-answers-with-options,,Other,General Knowledge,,اكبر دولة افريقية من حيث المساحة هي دولة …؟,,D,الجزائر,مورتانيا,مصر,السودان,,0
3604,https://m7et.com/questions-and-answers-with-options,,Other,General Knowledge,,الغاز الذي يشكل حوالي 75 %من اجمالي كتلة الشمس هو…؟,,C,النتروجين,الأوكسجين,الهيدروجين,الكالسيوم,,0
3605,https://m7et.com/questions-and-answers-with-options,,Other,General Knowledge,,صاحب كتاب (حي إبن يقظان) هو..؟,,D,إبن رشد,ابن خلدون,إبن عربي,إبن طفيل,,0
3606,https://m7et.com/questions-and-answers-with-options,,Other,General Knowledge,,المد في قوله تعالى(ويزداد الذينَ ءامنوا إيماناً) مد..؟,,C,مد اللين,مد العوض,مد البدل,مد الصلة القصيرة,,0
3607,https://m7et.com/questions-and-answers-with-options,,Other,General Knowledge,,ما العاصمة الأوربية التي تقع على ضفاف نهر التيبر؟,,D,مدينة باريس,مدينة مدريد,مدينة لندن,مدينة روما,,0
3608,https://m7et.com/questions-and-answers-with-options,,Other,General Knowledge,,ما نظام الحكم في جزر القمر الاتحادية الإسلامية؟,,A,جمهوري,ملكي,فدرالي,أماراة,,0
3609,https://m7et.com/questions-and-answers-with-options,,Other,General Knowledge,,أقسم الله عزوجل بالتين والزيتون كناية عن الأرض التي تزرع فيها ومهبط الرسالات السماوية وهي أرض …؟,,C,مصر,الحجاز,فلسطين,اليمن,,0
3610,https://m7et.com/questions-and-answers-with-options,,Other,General Knowledge,,الماء الذي يتجمد على نحو أسرع عند وضعه في داخل الفريزرهو…؟,,C,الماء البارد,الماء المعتدل,الماء الساخن,كلها في وقت واحد,,0
3611,https://m7et.com/questions-and-answers-with-options,,Other,General Knowledge,,بدأت سورة الشعراء بعد البسملة بثلاثة حروف هي..؟,,A,طسم,الم,الر,كهع,,0
3612,https://m7et.com/questions-and-answers-with-options,,Other,General Knowledge,,اذا ضرب المسلم أخاه المسلم ونتج عن ذلك فقدانه للنطق فمقدار الدية التي يجب عليه دفعها في الشريعة الإسلامية هي…؟,,A,دية النفس كاملة,نصف الدية,ثلث الدية,عشر الدية,,0
3613,https://m7et.com/questions-and-answers-with-options,,Other,General Knowledge,,الطائر الوحيد الذي يستطيع تمييز اللون الأزرق هو ….؟,,C,الهدهد,الغراب,البومة,الضقر,,0
3614,https://m7et.com/questions-and-answers-with-options,,Other,General Knowledge,,يضرب به المثل في الحفظ فيقال أحفظ من ….؟,,B,الشافعي,الشعبي,ابن عباس,شريح,,0
3615,https://m7et.com/questions-and-answers-with-options,,Other,General Knowledge,,قال تعالى(وفرعون ذي الأوتاد)سورة الفجر (10) المقصود بـ (الأوتاد) هي…؟,,C,القصور,الجبال,الأهرام,,,0
3616,https://m7et.com/questions-and-answers-with-options,,Other,General Knowledge,,الغزوة التي تسمى غزوة أوطاس أيضاَ هي غزوة..؟,,D,بدر,بني قينقاع,مؤته,حنين,,0
3617,https://m7et.com/questions-and-answers-with-options,,Other,General Knowledge,,البردة قصيدة في مدح الرسول صلى الله عليه وسلم للشاعر…؟,,A,كعب بن زهير,حسان بن ثابت,لبيد بن ربيعة,عمرو بن معد يكرب الزبيدي,,0
3618,https://m7et.com/questions-and-answers-with-options,,Other,General Knowledge,,يعرف علم دراسة أنشطة أعضاء الجسم ووظائفها بـ..؟,,B,علم الطب البيولوجي,علم الطب الفسيولوجي,علم الطب الايثلوجي,علم الطب الحيوي,,0
3619,https://m7et.com/questions-and-answers-with-options,,Other,General Knowledge,,من مؤلفات أبو حامد الغزالي كتاب..؟,,C,نيل الأوطار,فتح الباري,المنقذ من الضلال,سماحة الإسلام,,0
3620,https://m7et.com/questions-and-answers-with-options,,Other,General Knowledge,,اللون الذي لا يمكن للنحل رؤيته هو اللون…؟,,A,الأبيض,الأسود,الأزرق,البرتقالي,,0
3621,https://m7et.com/questions-and-answers-with-options,,Other,General Knowledge,,في أي دولة تم أفتتاح أول مترو أنفاق في العالم؟,,B,فرنسا,أنجلترا,روسيا,الصين,,0
3622,https://m7et.com/questions-and-answers-with-options,,Other,General Knowledge,,حيوان يضرب به المثل في الخيانة فيقال أخون من ….؟,,D,ضبع,نمر,ثعلب,ذئب,,0
3623,https://m7et.com/questions-and-answers-with-options,,Other,General Knowledge,,معركة وقعت في 28 يونيو 1815م بين نابليون ودول التحالف أنتهت بهزيمة نابليون وأسره فما هي؟,,D,معركة باريس,معركة اثينا,معركة لندن,معركة واترلو,,0
3624,https://m7et.com/questions-and-answers-with-options,,Other,General Knowledge,,من شعراء العصر العباسي..؟,,A,ابو اسماعيل الحسين بن محمد الطغرائي,عمرو بن كلثوم,الحارث بن حلزة اليشكري,لبيد بن ربيعة العامري,,0
3625,https://m7et.com/questions-and-answers-with-options,,Other,General Knowledge,,أول دول العالم إنتاجاً للصمغ هي…؟,,B,نيجيريا,السودان,مصر,الهند,,0
3626,https://m7et.com/questions-and-answers-with-options,,Other,General Knowledge,,صاحب كتاب (الجدري والحصبة) هو..؟,,A,أبو بكر محمد بن زكريا الرازي,ابو الحسن الطبري,الزهراوي,ابن سين,,0
3627,https://m7et.com/questions-and-answers-with-options,,Other,General Knowledge,,قال تعالى(ماودعك ربك وما قلى)سورة الضحى… المقصود بـ (ما قلى)…؟,,C,ما هجرك,ما جفاك,ما ابغضك,ما عذلك,,0
3628,https://m7et.com/questions-and-answers-with-options,,Other,General Knowledge,,اذا ضرب المسلم أخاه المسلم ونتج عن ذلك فقدانه للعقل فيجب عليه أن يسلم له…؟,,A,دية النفس كاملة,نصف الدية,ثلث الدية,عشر الدية,,0
3629,https://m7et.com/questions-and-answers-with-options,,Other,General Knowledge,,حيوان يضرب به في الروى فيقال أروى من …؟,,B,ضبع,ضب,أرنب,جمل,,0
3630,https://m7et.com/questions-and-answers-with-options,,Other,General Knowledge,,أنزل الله القرآن الكريم جملة واحدة من اللوح المحفوظ إلى السماء الدنيا ثم كان ينزل على النبي صلى الله عليه وسلم منجماً على حسب الحاجة وذلك خلال فترة….؟,,B,20سنة,23 سنة,25سنة,27سنة,,0
3631,https://m7et.com/questions-and-answers-with-options,,Other,General Knowledge,,ولد في قرطبة عام 860هـ وتوفي عام 940هـ من مؤلفاته (كتاب العقد الفريد) فمن هو؟,,D,محمد بن أحمد القرطبي,أبو عبدالله محمد الأندلسي,الحسين بن محمد القرطبي,أبو عمر أحمد بن عبد ربه القرطبي,,0
3632,https://m7et.com/questions-and-answers-with-options,,Other,General Knowledge,,قال تعالى(عاليهم ثياب سندس خضرٌ واستبرق)سورة الإنسان (21) المقصود بـ(استبرق) هو ما غلظ من …؟,,C,الصوف,الحرير,الديباج,القطن,,0
3633,https://m7et.com/questions-and-answers-with-options,,Other,General Knowledge,,ما هي جنسية العالم الفيزيائي جورج أوهم الذي أكتشف القوانين الأساسية للتيار الكهربائي؟,,D,أمريكي,هولندي,صيني,ألماني,,0
3634,https://m7et.com/questions-and-answers-with-options,,Other,General Knowledge,,يعرف علم دراسة طبيعة الأمراض وأسبابها بـ..؟,,A,علم الباثولوجيا,علم الجولوجيا,علم البولوجيا,علم الايثولوجي,,0
3635,https://m7et.com/questions-and-answers-with-options,,Other,General Knowledge,,ما هو الهرمون الذي يفتقر إليه مرضى السكر؟,,D,الانثولين,البوتاسيوم,الانثولين,الأنسولين,,0
3636,https://m7et.com/questions-and-answers-with-options,,Other,General Knowledge,,من مؤ لفات الطبيب العربي أبو بكر الرازي كتاب ..؟,,B,العلل والأمراض,الحصى في الكلى والمثانة,العلل والأدوية,النباتات الطبية,,0
3637,https://m7et.com/questions-and-answers-with-options,,Other,General Knowledge,,من الولاة الذين حكموا الدول العربية في القرن العشرين منصف باي بن الناصر باي فقد حكم من عام 1942م وحتى عام 1943م دولة …؟,,C,الجزائر,ليبيا,تونس,المغرب,,0
3638,https://m7et.com/questions-and-answers-with-options,,Other,General Knowledge,,يعتبرروبرت توماس مالتوس أول من نادى بتحديد النسل بين البشر فما هي جنسيته؟,,D,أمريكي,ألماني,هولندي,بريطاني,,0
3639,https://m7et.com/questions-and-answers-with-options,,Other,General Knowledge,,اذا ضرب المسلم أخيه المسلم ونتج عن ذلك فقدانه لحاسة اللمس فيجب عليه أن يدفع له…؟,,A,دية النفس كاملة,نصف دية النفس,ثلث دية النفس,عشر دية النفس,,0
3640,https://m7et.com/questions-and-answers-with-options,,Other,General Knowledge,,ما أول دولة في العالم في إنتاج القطن؟,,D,الصين,روسيا,استراليا,الولايات المتحدة الأمريكية,,0
3641,https://m7et.com/questions-and-answers-with-options,,Other,General Knowledge,,قال تعالى(يوم تكون السماء كالمهل)سورة المعارج( المقصود بـ(المهل)…؟,,A,المعدن المذاب,الصوف المبعثر,القطن المتطاير,الحرير المنفوش,,0
3642,https://m7et.com/questions-and-answers-with-options,,Other,General Knowledge,,متى تم أفتتاح أول مترو أنفاق في العالم؟,,D,عام 1570م,عام 1683م,عام 1750م,عام 1863م,,0
3643,https://m7et.com/questions-and-answers-with-options,,Other,General Knowledge,,ما أطول مطار في الوطن العربي؟,,B,مطار الشيخ زايد,مطار الملك خالد,مطار السلطان قابوس,مطار الملكة علياء,,0
3644,https://m7et.com/questions-and-answers-with-options,,Other,General Knowledge,,في أي عام وقعت معركة صفين؟,,C,عام 32هـ,عام 35هـ,عام 37هـ,عام 39ه,,0
3645,https://m7et.com/questions-and-answers-with-options,,Other,General Knowledge,,ما أكثر سورة تكرر فيها أسم الرحمن؟,,A,سورة مريم,سورة الرحمن,سورة البقرة,سورة آل عمران,,0
3646,https://m7et.com/questions-and-answers-with-options,,Other,General Knowledge,,ما هو البحر الذي تحيط به أربع دول هي روسيا ورمانيا وبلغاريا وتركيا؟,,B,البحر الأبيض المتوسط,البحر الأسود,بحر البلطيق,بحر قزوين,,0
3647,https://m7et.com/questions-and-answers-with-options,,Other,General Knowledge,,ماذا يطلق على أشد الليالي ظلمة؟,,A,الليل اللائل,الليل العتيم,الليل الأسود,الليل الكئيب,,0
3648,https://m7et.com/questions-and-answers-with-options,,Other,General Knowledge,,انتهت الدولة الأموية على يد …؟,,B,الدولة المغولية,الدولة العباسية,الدولة المملوكية,الدولة العثمانية,,0
3649,https://m7et.com/questions-and-answers-with-options,,Other,General Knowledge,,من أول من نادى بتحديد النسل بين البشر؟,,D,الكسندر غراهام بيل,جورج أوهم,روبرت هوك,روبرت توماس مالتوس,,0
3650,https://m7et.com/questions-and-answers-with-options,,Other,General Knowledge,,قرية أخبر الرسول صلى الله عليه وسلم أنها(آخر قرية من قرى الإسلام خراباً) فما هي؟,,B,مكة المكرمة,المدينة المنورة,جدة,القدس,,0
3651,https://m7et.com/questions-and-answers-with-options,,Other,General Knowledge,,ثاني إمرأة دخلت الإسلام هي…؟,,A,أم الفضل زوجة العباس,سمية بنت خياط,فاطمة بنت أسد,أم أيمن,,0
3652,https://m7et.com/questions-and-answers-with-options,,Other,General Knowledge,,ما هي عاصمة السنجال أو السينغال؟,,A,داكار,ابيدجان,سكوبيا,سان جوزيه,,0
3653,https://m7et.com/questions-and-answers-with-options,,Other,General Knowledge,,حيوان يضرب به المثل في الشكر فيقال أشكر من….؟,,C,قط,ذئب,كلب,جمل,,0
3654,https://m7et.com/questions-and-answers-with-options,,Other,General Knowledge,,ما هو أعلى صرح أثري في مصر؟,,A,هرم خوفو في الجيزة,منارة الأسكندرية,هرم فرعون,هرم خفرع,,0
3655,https://m7et.com/questions-and-answers-with-options,,Other,General Knowledge,,صحابي قال له النبي صلى الله عليه وسلم (أن الله مقمصمك قميصاً فإن أرادك المنافقون على خلعه فلا تخلعه) فمن هو؟,,C,أبو بكر الصديق,عمر بن الخطاب,عثمان بن عفان,علي بن أبي طالب,,0
3656,https://m7et.com/questions-and-answers-with-options,,Other,General Knowledge,,من مخضرمي العصر الجاهلي والإسلامي..؟,,B,علقمة الفحل بن عبدة التميمي,الخنساء,البحتري,الكميت,,0
3657,https://m7et.com/questions-and-answers-with-options,,Other,General Knowledge,,النهر الذي يبلغ طوله 6648كم هو ….؟,,B,نهر الفرات,نهر النيل,نهر الأمازون,نهر تاجة,,0
3658,https://m7et.com/questions-and-answers-with-options,,Other,General Knowledge,,من هوالعالم الفيزيائي الذي أكتشف القوانين الأساسية للتيار الكهربائي؟,,A,جورج أوهم,الكسندر غراهام بيل,روبرت توماس مالتوس,جوزف برستلي,,0
3659,https://m7et.com/questions-and-answers-with-options,,Other,General Knowledge,,الأمين باي بن محمد الحبيب أحد حكام الدول العربية فقد حكم من عام 1943م وحتى عام 1956م دولة …؟,,C,المغرب,ليبيا,تونس,الجزائر,,0
3660,https://m7et.com/questions-and-answers-with-options,,Other,General Knowledge,,ينبع نهر تاجه من جبال كونكا فأين توجد؟,,B,فرنسا,أسبانيا,الدنمارك,فرنس,,0
3661,https://m7et.com/questions-and-answers-with-options,,Other,General Knowledge,,إحدى هذه الدول من دول قارة أمريكا الجنوبية؟,,C,زامبيا,بولندا,بوليفيا,الفتنام,,0
3662,https://m7et.com/questions-and-answers-with-options,,Other,General Knowledge,,الحبيب بو رقيبة تولى منصب الرئاسة عام 1951م في دولة …؟,,A,تونس,الجزائر,المغرب,ليبي,,0
3663,https://m7et.com/questions-and-answers-with-options,,Other,General Knowledge,,ما هي الجزيرة التي توجد في أعالي الخليج العربي بين العراق والكويت؟,,C,جزيرة هوندو,جزيرة بورنيو,جزيرة بوبيان,جزيرة حنيش الكبرى,,0
3664,https://m7et.com/questions-and-answers-with-options,,Other,General Knowledge,,كم ورد لفظ(لؤلؤ واللؤلؤ)في القرآن الكريم؟,,D,مرة واحدة,مرتان,أربع مرات,ست مرات,,0
3665,https://m7et.com/questions-and-answers-with-options,,Other,General Knowledge,,القوم الذين تنسب إليهم إنشاء مدينة البتراء الأردنية الأثرية هم …؟,,B,المناذرة,الأنباط,الاشموريين,الاغريق,,0
3666,https://m7et.com/questions-and-answers-with-options,,Other,General Knowledge,,اذا ضرب المسلم أخيه المسلم ونتج عن ذلك فقدان للبصر لأحدى عينيه فيجب عليه أن يسلم له…؟,,B,الدية كاملة,نصف الدية,ثلث الدية,ربع الدية,,0
3667,https://m7et.com/questions-and-answers-with-options,,Other,General Knowledge,,"الدعاء(بسم الله والصلاة والسلام على رسول الله وعلى آله,اللهم اغفر ذنوبي وافتح لي أبواب رحمتك)يستحب للمسلم أن يدعو به عند…؟",,A,دخول المسجد,الخروج من المسجد,دخول المنزل,الخروج من المنزل,,0
3668,https://m7et.com/questions-and-answers-with-options,,Other,General Knowledge,,ما هي شبه جزيرة في شبه جزيرة بجوارها جزر؟,,C,البحرين,الأمارات,قطر,الكويت,,0
3669,https://m7et.com/questions-and-answers-with-options,,Other,General Knowledge,,كم مرة وردت كلمة(تلاوة) في القرآن الكريم؟,,A,مرة واحدة,ثلاث مرات,خمس مرات,سبع مرات,,0
3670,https://m7et.com/questions-and-answers-with-options,,Other,General Knowledge,,إحدى هذه الدول فقط من الدول المؤسسة للجامعة العربية..؟,,A,العراق,المغرب,ليبيا,الجزائر,,0
3671,https://m7et.com/questions-and-answers-with-options,,Other,General Knowledge,,من هو الشاعر العربي الذي أسمه همام إبن غالب بن صعصعة؟,,C,جرير,الأخطل,الفرزدق,أبو نواس,,0
3672,https://m7et.com/questions-and-answers-with-options,,Other,General Knowledge,,كم عدد عظام الهيكل العظمي في الإنسان؟,,B,98عظمة,198عظمة,298عظمة,398عظمة,,0
3673,https://m7et.com/questions-and-answers-with-options,,Other,General Knowledge,,ما أكبر دولة منتجة للكاكو في أفريقيا؟,,D,السودان,تشاد,نيجيريا,غانا,,0
3674,https://m7et.com/questions-and-answers-with-options,,Other,General Knowledge,,كم مكث المسلمون في صقلية؟,,B,150سنة,250 عام,350سنة 4 450سنة,,,0
3675,https://m7et.com/questions-and-answers-with-options,,Other,General Knowledge,,ما هي الطاقة التي يولدها البرق؟,,B,مغناطيسية,كهربائية,كهرومغناطيسية,حرارية,,0
3676,https://m7et.com/questions-and-answers-with-options,,Other,General Knowledge,,صاحب كتاب( الأعصاب) هو..؟,,D,ابن سينا,الزهراوي,ابن زهر,أبو بكر محمد بن زكريا الرازي,,0
3677,https://m7et.com/questions-and-answers-with-options,,Other,General Knowledge,,ماذا يقاس بمقياس رختر أو السسموجراف؟,,C,سرعة الرياح,الضغط الجوي,الزلازل,سرعة السفن,,0
3678,https://m7et.com/questions-and-answers-with-options,,Other,General Knowledge,,أكبر أستاد كرة قدم في العالم هو أستاد ماركانا ففي أي دولة يوجد؟,,B,الارجنتين,البرازيل,الولايات المتحدة الأمريكية,فرنس,,0
3679,https://m7et.com/questions-and-answers-with-options,,Other,General Knowledge,,كم ورد لفظ(صوامع)في القرآن الكريم؟,,A,مرة واحدة,ثلاث مرات,خمس مرات,سبع مرات,,0
3680,https://m7et.com/questions-and-answers-with-options,,Other,General Knowledge,,ما هو أطول نهر في العالم؟,,C,نهر النيل,نهرالفرات,نهر الأمازون,نهر تاجة,,0
3681,https://m7et.com/questions-and-answers-with-options,,Other,General Knowledge,,من أول من عني بنقل الكيمياء والطب إلى العربية في عهد الأمويين؟,,A,الإمام أحمد بن عبدالنور المالقي,شهاب الدين أبو العباسي التيفاشي,أبو الريحان محمد بن أحمد البيروني,محمد بن إبراهيم بن ساعد السنجاري,,0
3682,https://m7et.com/questions-and-answers-with-options,,Other,General Knowledge,,أين توجد أعلى نافورة في العالم؟,,D,دبي,نيويورك,باريس,جدة,,0
3683,https://m7et.com/questions-and-answers-with-options,,Other,General Knowledge,,هذا الدعاء(اللهم إني أعوذ بك من الخبث والخبائث)هو دعاء..؟,,A,دخول الحمام,الخروج من الحمام,دخول السوق,دخول القرية,,0
3684,https://m7et.com/questions-and-answers-with-options,,Other,General Knowledge,,اين توجد أكبر غابة في العالم؟,,B,استراليا,روسيا,الهند,باكستان,,0
3685,https://m7et.com/questions-and-answers-with-options,,Other,General Knowledge,,متى أنشئت محكمة العدل الدولية؟,,B,عام 1910م,عام1920م,عام 1930م,عام1950م,,0
3686,https://m7et.com/questions-and-answers-with-options,,Other,General Knowledge,,من أول من أخترع بارود البنادق؟,,A,العرب,الصينيون,الروم,الفرس,,0
3687,https://m7et.com/questions-and-answers-with-options,,Other,General Knowledge,,صاحب كتاب (إلى من لا يحضره طبيب)هو..؟,,A,أبو بكر محمد بن زكريا الرازي,أبو علي الحسين بن سينأ,ابو جرير الطبري,محمد بن طرخان الفاراني,,0
3688,https://m7et.com/questions-and-answers-with-options,,Other,General Knowledge,,من القائل:لعمرك بالموت عار على الفتى *** إذا لم تصبه في الحياة المعابر؟,,A,ليلى الأخليلية,رابعة العدوية,عائشة هانم التيمورية,ملك حفني ناصف,,0
3689,https://m7et.com/questions-and-answers-with-options,,Other,General Knowledge,,ما هي المدينة التي كانت حاضرة الدولة الأموية؟,,C,المدينة المنورة,بغداد,دمشق,القاهرة,,0
3690,https://m7et.com/questions-and-answers-with-options,,Other,General Knowledge,,من الذي شيد قبة الصخرة المشرفة في القدس؟,,A,عبد الملك بن مروان,سليمان بن عبدالملك,هشام بن عبدالملك,يزيد بن عبدالملك,,0
3691,https://m7et.com/questions-and-answers-with-options,,Other,General Knowledge,,ما هي عاصمة كوستاريكا؟,,D,رانغون,أولان باتور,كتمندو,سان جوزيه,,0
3692,https://m7et.com/questions-and-answers-with-options,,Other,General Knowledge,,قال تعالى(ننزل الملائكة والروح فيها بإذن ربهم)سورة القدر(4) المقصود بـ(الروح) هو…؟,,A,جبريل,ميكائيل,اسرافيل,عزرائيل,,0
3693,https://m7et.com/questions-and-answers-with-options,,Other,General Knowledge,,يقاس سرعة الرياح بجهاز…؟,,B,بوفورت,الانيمومتر,الترمومتر,الايثرومتر,,0
3694,https://m7et.com/questions-and-answers-with-options,,Other,General Knowledge,,من هو الشاعر الذي ينتمي إلى أسرة من الشعراء؟,,D,أبو تمام حبيب بن أوس,الكميت بن زيد الأسدي,الوليدبن عبيد البختري,زهير بن أبي سلمى,,0
3695,https://m7et.com/questions-and-answers-with-options,,Other,General Knowledge,,صاحب كتاب( الفصول) هو..؟,,A,أبو بكر الرازي,يحيى بن شرف النووي,محمد بن موسى الخوارزمي,أبو بكر بن دريد,,0
3696,https://m7et.com/questions-and-answers-with-options,,Other,General Knowledge,,قال تعالى(عاليهم ثياب سندس خضرٌ واستبرق)سورة الإنسان (21) المقصود بـ(سندس) هو…؟,,B,الصوف,الحرير,الديباج,القطن,,0
3697,https://m7et.com/questions-and-answers-with-options,,Other,General Knowledge,,طائر يضرب به المثل في الزهو والخيلاء فيقال أزهى من…؟,,A,طاووس,ديك,هدهد,بغبغاء,,0
3698,https://m7et.com/questions-and-answers-with-options,,Other,General Knowledge,,من هو صاحب كتاب(معجم البلدان)؟,,A,ياقوت الحموي,الفيومي,ابن سيده الأندلسي,السكاكي,,0
3699,https://m7et.com/questions-and-answers-with-options,,Other,General Knowledge,,ما هي عاصمة دولة مقدونيا؟,,B,تايبه,سكوبيا,برازافيل,ثيمفو,,0
3700,https://m7et.com/questions-and-answers-with-options,,Other,General Knowledge,,هل يحل للمسلمة أن تتزوج برجل نصراني؟,,C,يحل لها مطلقا,يحل لها مع الكراهة,لا يحل لها مطلقاً,,,0
3701,https://m7et.com/questions-and-answers-with-options,,Other,General Knowledge,,أين توجد سوق عكاظ؟,,B,الحجاز,أعلى نجد,اليمن,عمان,,0
3702,https://m7et.com/questions-and-answers-with-options,,Other,General Knowledge,,من أخترع أول حاسبة؟,,D,ديكارت,ليبنتز,غاليليه,باسكال,,0
3703,https://m7et.com/questions-and-answers-with-options,,Other,General Knowledge,,طائر يضرب به المثل في الصدق فيقال أصدق من …؟,,C,اليمامة,الحمامة,قطاة,هدهد,,0
3704,https://m7et.com/questions-and-answers-with-options,,Other,General Knowledge,,من هو صاحب كتاب(البيان والتبيان)؟,,A,الجاحظ,ابن المقفع,ابن عبد ربه,عبدالقاهر الجرجاني,,0
3705,https://m7et.com/questions-and-answers-with-options,,Other,General Knowledge,,من أشهر سلاطين المماليك هزم الصليبيين والمغول في معركة عين جالوت… فمن هو؟,,A,بيبرس,عزالدين أيبك,قطز,,,0
3706,https://m7et.com/questions-and-answers-with-options,,Other,General Knowledge,,من القائل:تحفظ من لسانك فهو عضو***أأشد عليك من وقع السهام؟,,A,الحسين بن محمد القرطبي,الحسين بن أحمد بن خالويه,الخليل بن أحمد الجزي,أبو الحسن التهامي,,0
3707,https://m7et.com/questions-and-answers-with-options,,Other,General Knowledge,,من أول من أستخدم مدفع الإفطار؟,,D,عبدالملك بن مروان,أبو جعفر المنصور,عثمان بن محمد باشا,محمد علي باشا,,0
3708,https://m7et.com/questions-and-answers-with-options,,Other,General Knowledge,,قال تعالى(والليل إذا عسعس)سورة التكوير(17) المقصود بـ(عسعس)…؟,,C,أقبل بظلمته,أشتدت ظلمته,أدبر وانتهت ظلمته,,,0
3709,https://m7et.com/questions-and-answers-with-options,,Other,General Knowledge,,الحيوان الذي لديه أكبر قلب هو….؟,,A,الزرافة,الفيل,الجمل,الأسد,,0
3710,https://m7et.com/questions-and-answers-with-options,,Other,General Knowledge,,ما هي أغنى الدول في العالم تنوعاً بالطيور؟,,D,أندونسيا,ماليزيا,الصين,الهند,,0
3711,https://m7et.com/questions-and-answers-with-options,,Other,General Knowledge,,قال تعالى (فإذا هم بالساهرة)فما معنى الساهرة؟,,D,القيامة,الأخرة,السماء,الأرض,,0
3712,https://m7et.com/questions-and-answers-with-options,,Other,General Knowledge,,ماذا يقاس بالترمومتر المئوي والترمومتر الفهر نهايتي؟,,A,درجة حرارة الجسم,الزلازل,سرعة الرياح,الضغط الجوي,,0
3713,https://m7et.com/questions-and-answers-with-options,,Other,General Knowledge,,"الكوكب الذي يبعد عن الشمس 57,9 مليون كم هو كوكب..؟",,C,الزهرة,الأرض,عطارد,زحل,,0
3714,https://m7et.com/questions-and-answers-with-options,,Other,General Knowledge,,من هو صاحب كتاب (تهافت التهافت)؟,,D,إبن خلدون,إبن قتيبة,إبن البيطار,إبن رشد,,0
3715,https://m7et.com/questions-and-answers-with-options,,Other,General Knowledge,,ما هو الجهاز الذي يستخدم لقياس مقدار مقاومة المعدن للخدش؟,,A,جهاز مومس,جهاز بوفورت,جهاز غاليليه,جهاز,,0
3716,https://m7et.com/questions-and-answers-with-options,,Other,General Knowledge,,ما معنى أسم جعفر؟,,D,ابن النمر,إبن الصقر,الجبل الصغير,النهر الصغير,,0
3717,https://m7et.com/questions-and-answers-with-options,,Other,General Knowledge,,من هو صاحب كتاب(عيون الأخبار)؟,,A,ابن قتيبة,إبن رشد,إبن خلدون,إبن منظور,,0
3718,https://m7et.com/questions-and-answers-with-options,,Other,General Knowledge,,ما أخر سورة نزلت في مكة؟,,C,النصر,القارعة,المرسلات,الزلزلة,,0
3719,https://m7et.com/questions-and-answers-with-options,,Other,General Knowledge,,يضرب به المثل في الركانة فيقال أركن من…؟,,B,باقل,إياس,مادر,نواس,,0
3721,https://m7et.com/questions-and-answers-with-options,,Other,General Knowledge,,ما نظام الحكم في دولة زامبيا؟,,A,جمهوري,ملكي,فدرالي,أماراة,,0
3722,https://m7et.com/questions-and-answers-with-options,,Other,General Knowledge,,"الكوكب الذي طول اليوم فيه 6,39 يوماً أرضياً هو كوكب..؟",,C,أورانوس,زحل,بلوتو,المريخ,,0
3723,https://m7et.com/questions-and-answers-with-options,,Other,General Knowledge,,أين توجد جزيرة هوندو؟,,B,ماليزيا,اليابان,أندونسيا,إيران,,0
3724,https://m7et.com/questions-and-answers-with-options,,Other,General Knowledge,,كم ورد لفظ(الصمد)في القرآن الكريم؟,,A,مرة واحدة,مرتان,أربع مرات,ست مرات,,0
3725,https://m7et.com/questions-and-answers-with-options,,Other,General Knowledge,,ما هي الدولة التي تحوز أكبر عدد من البحيرات العذبة ضمن حدود أراضيها؟,,D,أسبانيا,الدنمارك,بلجيكا,فلندا,,0
3726,https://m7et.com/questions-and-answers-with-options,,Other,General Knowledge,,اذا قطع المسلم إحدى أرجل أخيه المسلم فمقدار الدية التي يجب عليه دفعها التي حددتها الشريعة الإسلامية هي…؟,,B,الدية كاملة,نصف الدية,ثلث الدية,ربع الدية,,0
3727,https://m7et.com/questions-and-answers-with-options,,Other,General Knowledge,,من القائد الذي فتح كاوزبكستان؟,,B,محمد بن مسلمة,قتيبة بن مسلم الباهلي,عقبة بن نافع,طارق بن زياد,,0
3728,https://m7et.com/questions-and-answers-with-options,,Other,General Knowledge,,أين يقع وأدي برهوت؟,,D,المغرب,ليبيا,الاسكندرية,حضرموت,,0
3729,https://m7et.com/questions-and-answers-with-options,,Other,General Knowledge,,يطلق على علم أحوال الهيئة الإجتماعية؟,,A,علم السوسيولوجيا,علم الفيسولوجيا,علم الثيولوجيا,علم الجولوجي,,0
3730,https://m7et.com/questions-and-answers-with-options,,Other,General Knowledge,,يضرب به المثل في الاعياء فيقال أعيى من…؟,,A,باقل,هيقنة,أياس,مادر,,0
3731,https://m7et.com/questions-and-answers-with-options,,Other,General Knowledge,,من القائل:ومكلف الأيام ضد طباعها متطلب في الماء جذوة نار؟,,D,أبو العلاء المعري,أبو جندل الهوازني,أبو الحسن بن زنباع,أبو الحسن التهامي,,0
3732,https://m7et.com/questions-and-answers-with-options,,Other,General Knowledge,,السفاح لقب إطلق على مؤسس….؟,,A,الدولة العباسية,الدولة المغولية,الدولة الصليحية,دولة المماليك,,0
3733,https://m7et.com/questions-and-answers-with-options,,Other,General Knowledge,,أين يوجد المقر الرسمي لمكتب العمل الدولي؟,,B,باريس,جنيف,لندن,نيويورك,,0
3734,https://m7et.com/questions-and-answers-with-options,,Other,General Knowledge,,ما أكبر العناصر التي تتألف منها القشرة الأرضية والذي يؤلف 25% من القشرة الأرضية؟,,B,الحديد,السليكون,الماغنسيوم,الكلور,,0
3735,https://m7et.com/questions-and-answers-with-options,,Other,General Knowledge,,متى توفيت أم المؤمنين زينب بنت جحش رضى الله عنها؟,,B,سنة 15هجرية,سنة 20 هجرية,سنة 25هجرية,سنة 30هجرية,,0
3736,https://m7et.com/questions-and-answers-with-options,,Other,General Knowledge,,من هو الصحابي صاحب الهجرتين؟,,D,أبو موسى الأشعري,جعفربن أبي طالب,القعقاع بن عمرو,عثمان بن عفان,,0
3737,https://m7et.com/questions-and-answers-with-options,,Other,General Knowledge,,كم عدد الجزر التي تتكون منها جمهورية جزر القمر؟,,A,أربع جزر,ست جزر,تسع جزر,ثلاثة عشر جزيرة,,0
3738,https://m7et.com/questions-and-answers-with-options,,Other,General Knowledge,,أين يقع خليج مرتابان؟,,A,بورما,غينيا,منغوليا,المالديف,,0
3739,https://m7et.com/questions-and-answers-with-options,,Other,General Knowledge,,يقع مقر المحكمة الدولية في مدينة …؟,,B,واشنطن بأمريكا,لاهاي بهولندا,باريس بفرنسا,لندن بانجلتر,,0
3740,https://m7et.com/questions-and-answers-with-options,,Other,General Knowledge,,كم تبلغ حرارة جسم الإنسان العادية؟,,B,32درجة,37 درجة,35 درجة,39درجة,,0
3741,https://m7et.com/questions-and-answers-with-options,,Other,General Knowledge,,من الشاعر الذي لقب(البغبغاء)؟,,A,أبو الفرج عبدالواحد بن نصر النصيبني,أبو جندل الهوازني,الخليل بن أحمد الجزي,الحسين بن أحمد بن خالويه,,0
3742,https://m7et.com/questions-and-answers-with-options,,Other,General Knowledge,,أصغر عظمة في جسم الإنسان هي العظم الركابي فأين توجد؟,,C,في الأنف,في اليد,في الإذن,في القدم,,0
3743,https://m7et.com/questions-and-answers-with-options,,Other,General Knowledge,,في أي عام فرضت زكاة الفطر؟,,B,عام 1هجرية,عام 2 هجرية,عام 3هجرية,عام 4هجرية,,0
3744,https://m7et.com/questions-and-answers-with-options,,Other,General Knowledge,,هل يحل للمسلمة أن تتزوج برجل وثني؟,,A,لا يحل لها مطلقاً,يحل لها مطلقا,يحل لها مع الكراهة,,,0
3745,https://m7et.com/questions-and-answers-with-options,,Other,General Knowledge,,الشاعر الذي لقب بـ(الراعي) هو..؟,,D,الخليل بن أحمد الجزي,الحسين بن أحمد بن خالويه,أبو الفرج عبدالواحد بن نصر النصيبني,أبو جندل الهوازني,,0
3746,https://m7et.com/questions-and-answers-with-options,,Other,General Knowledge,,كم عدد أجنحة النحلة؟,,B,جناحان,4 أجنحة,6أجنحة,8 أجنحة,,0
3747,https://m7et.com/questions-and-answers-with-options,,Other,General Knowledge,,ماذا يقاس بالبارومتر العادي والبارمتر المعدني والباروجراف؟,,C,سرعة الرياح,البراكين,الضغط الجوي,الزلازل,,0
3748,https://m7et.com/questions-and-answers-with-options,,Other,General Knowledge,,الدولة العربية الأولى في إنتاج التمر هي…؟,,A,العراق,السعودية,السودان,الامارات العربية المتحدة,,0
3750,https://m7et.com/questions-and-answers-with-options,,Other,General Knowledge,,طائر يضرب به المثل في الإبكارفيقال أبكر من..؟,,D,صافر,شاهين,حمامة,غراب,,0
3751,https://m7et.com/questions-and-answers-with-options,,Other,General Knowledge,,قال تعالى(ولا طعام إلا من غسلين)سورة الحاقة (36) المقصود بـ(غسلين)…؟,,C,ماء شديد الحرارة,شجرة الزقوم,القيح والصديد,شجرة شوكية,,0
3752,https://m7et.com/questions-and-answers-with-options,,Other,General Knowledge,,أكبر مدينة في قارة افريقيا هي …؟,,A,القاهرة,الخرطوم,الجزائر,أديس اباب,,0
3753,https://m7et.com/questions-and-answers-with-options,,Other,General Knowledge,,المعدن الوحيد الذي يكون سائلا في درجات الحرارة العادية؟,,C,اليرانيوم,النشادر,الزئبق,الماغنسيوم,,0
3754,https://m7et.com/questions-and-answers-with-options,,Other,General Knowledge,,هل يحل للمسلم أن يتزوج بـأمرأة تعبد البقر؟,,B,يحل له مطلقاً,لا يحل له مطلقاً,يحل له مع الكراهة,,,0
3755,https://m7et.com/questions-and-answers-with-options,,Other,General Knowledge,,أول شهيد في غزوة أحد هو..؟,,A,عبدالله بن حرام,عمير بن أبي وقاص,عبدالله بن جحش,أبو دجانة,,0
3756,https://m7et.com/questions-and-answers-with-options,,Other,General Knowledge,,المضيق الذي يفصل بين البحر الأسود وبحر مرمرة هومضيق البسفور فأين يوجد؟,,C,المغرب,فرنسا,تركيا,الماني,,0
3757,https://m7et.com/questions-and-answers-with-options,,Other,General Knowledge,,عرفه علماء الكيمياء بأنه أصغر جزء في العنصر يمكن أن يدخل في التفاعل الكيميائي دون أن ينقسم .. فما هو؟,,B,العنصر,الذرة,الجزئ,الأيون,,0
3758,https://m7et.com/questions-and-answers-with-options,,Other,General Knowledge,,ما هي عاصمة ساحل العاج؟,,D,رانغون,فيانثيان,أولان باتور,ابيدجان,,0
3759,https://m7et.com/questions-and-answers-with-options,,Other,General Knowledge,,كم ورد لفظ(الكعبة)في القرآن الكريم؟,,B,مرة,مرتان,أربع مرات,سبع مرات,,0
3760,https://m7et.com/questions-and-answers-with-options,,Other,General Knowledge,,من الشاعر العربي الذي أسمه الحقيقي أحمد بن الحسين؟,,A,أبو الطيب المتنبي,أبو فراس الحمداني,الفرزدق,الأخطل,,0
3761,https://m7et.com/questions-and-answers-with-options,,Other,General Knowledge,,يضرب به المثل في الوضوح فيقال أبين من …؟,,C,شعاع الشمس,ضوء القمر,فلق الصبح,مطر الصيف,,0
3762,https://m7et.com/questions-and-answers-with-options,,Other,General Knowledge,,ما هو الغاز الذي يستعمل في إطفاء الحرائق؟,,D,غاز الأوكسجين,غاز النيتروجين,غاز كلوريد الصوديوم,غاز ثاني أكسيد الكربون,,0
3763,https://m7et.com/questions-and-answers-with-options,,Other,General Knowledge,,اذا ضرب المسلم أخيه المسلم ونتج عن ذلك فقدانه لحاسة الشم فيجب عليه أن يدفع للمجني عليه…؟,,A,دية النفس كاملة,نصف دية النفس,ثلث دية النفس,عشر دية النفس,,0
3764,https://m7et.com/questions-and-answers-with-options,,Other,General Knowledge,,أحد هذه الاسماء معناه(العجين)؟,,B,الأخطل,الفرزدق,الاخفش,جرير,,0
3765,https://m7et.com/questions-and-answers-with-options,,Other,General Knowledge,,ما هي الدولة التي تعد أغنى دول العالم بمعدن اليورانيوم؟,,C,ايران,البرازيل,كندا,استرالي,,0
3766,https://m7et.com/questions-and-answers-with-options,,Other,General Knowledge,,ماذا تسمى وحدة الدينامية الحرارية حسب النظام الدولي للمقايس؟,,D,وحدة نيوتن,وحدة هاس,وحدة فراداي,وحدة كلفن,,0
3767,https://m7et.com/questions-and-answers-with-options,,Other,General Knowledge,,من مؤ لفات الطبيب العربي أبو بكر الرازي كتاب ..؟,,A,الجدري والحصبة,الأدوية والأمراض,الأعشاب الطبية في كل مكان,الوقاية والعلاج,,0
3768,https://m7et.com/questions-and-answers-with-options,,Other,General Knowledge,,من هو مكتشف الدورة الدموية الصغرى؟,,D,ابن رشد,ابوبكر الرازي,ابن سيناء,ابن النفيس,,0
3769,https://m7et.com/questions-and-answers-with-options,,Other,General Knowledge,,كم يبلغ أرتفاع قمة إفرست والتي تعتبر أعلى قمة في العالم؟,,C,4480متر,6650متر,8845 متراً,9850متر,,0
3770,https://m7et.com/questions-and-answers-with-options,,Other,General Knowledge,,كم تبلغ فترة الحمل عند حيوان الكنغر؟,,B,حوالي 30يوم,حوالي 40 يوماً,حوالي 60يوم,حوالي 80يوم,,0
3771,https://m7et.com/questions-and-answers-with-options,,Other,General Knowledge,,الكوكب الذي يدور حوله 16قمراً هو كوكب..؟,,D,زحل,المريخ,أورانوس,المشتري,,0
3772,https://m7et.com/questions-and-answers-with-options,,Other,General Knowledge,,كم عدد جزر أرخبيل البحرين؟,,B,22جزيرة,33جزيرة,44جزيرة,55جزيرة,,0
3773,https://m7et.com/questions-and-answers-with-options,,Other,General Knowledge,,كم عظمة في القدم؟,,A,26 عظمة,36 عظمة,46 عظمة,56عظمة,,0
3774,https://m7et.com/questions-and-answers-with-options,,Other,General Knowledge,,قبرص أخذت أسمها من اللاتينية(كيبروس) وهي تعني ؟,,D,الفضة,الذهب,الحديد,النحاس,,0
3775,https://m7et.com/questions-and-answers-with-options,,Other,General Knowledge,,كم ورد لفظ(الكهف)في القرآن الكريم؟,,D,مرة واحدة,مرتان,أربع مرات,ست مرات,,0
3776,https://m7et.com/questions-and-answers-with-options,,Other,General Knowledge,,أين توجد جزيرة فورموزا؟,,D,شرق المحيط الاطلنطي,غرب المحيط الأطلنطي,شرق المحيط الهادئ,غرب المحيط الهادئ,,0
3777,https://m7et.com/questions-and-answers-with-options,,Other,General Knowledge,,يعتبرزوالد أموندسون أول أنسان يصل إلى القطب الجنوبي فما هي جنسيته؟,,B,أمريكي,نرويجي,الماني,هولندي,,0
3778,https://m7et.com/questions-and-answers-with-options,,Other,General Knowledge,,ماهي الحرفة التي عمل بها جميع الأنبياء؟,,D,التجارة,الزراعة,النجارة,رعي الغنم,,0
3779,https://m7et.com/questions-and-answers-with-options,,Other,General Knowledge,,أخر مدينة ظل العرب محتفظين بها في البرتغال هي مدينة فارو عاصمة إقليم الغرب ففي أي عام أجبروا على التخلي عنها؟,,A,عام 1247م,عام 1284م,عام 1307م,عام 1347م,,0
3780,https://m7et.com/questions-and-answers-with-options,,Other,General Knowledge,,كم ورد لفظ(سقر)في القرآن الكريم؟,,B,مرتان,أربع مرات,ثمان مرات,عشر مرات,,0
3781,https://m7et.com/questions-and-answers-with-options,,Other,General Knowledge,,في أي دولة يقع وادي المخازن؟,,B,تونس,المملكة المغربية,الجزائر,ليبي,,0
3782,https://m7et.com/questions-and-answers-with-options,,Other,General Knowledge,,يقف رجل على الدرجة الثالثة من السلم وهناك ثلاث درجات أخرى ليبلغ منتصف السلم كم درجة في السلم؟,,C,7درجات,9درجات,11 درجة,13درجة,,0
3783,https://m7et.com/questions-and-answers-with-options,,Other,General Knowledge,,ما هو الشي الذي يسمى (الجليد الجاف)؟,,B,ثاني أكسيد الماغنسيوم,ثاني أكسيد الكربون الصلب,ثاني أكسيد الكالسيوم,ثاني أكسيد البوتاسيوم,,0
3784,https://m7et.com/questions-and-answers-with-options,,Other,General Knowledge,,يعتبر ميناء روتردام أكبر الموانئ في القارة الأوربية ففي أي دولة يوجد؟,,D,المانيا,بريطانيا,اسبانيا,هولندا,,0
3785,https://m7et.com/questions-and-answers-with-options,,Other,General Knowledge,,أين يقع مقر منظمة الأمم المتحدة للأغذية؟,,A,في روما,في نيويورك,في باريس,في لندن,,0
3786,https://m7et.com/questions-and-answers-with-options,,Other,General Knowledge,,كم ورد لفظ(السلوى)في القرآن الكريم؟,,B,مرة واحدة,ثلاث مرات,خمس مرات,ثمان مرات,,0
3787,https://m7et.com/questions-and-answers-with-options,,Other,General Knowledge,,من هو مخترع قضيب الصاعقة؟,,D,الكسندر غراهام بيل,روبرت توماس مالتوس,جورج أوهم,بنيامين فرانكلين,,0
3788,https://m7et.com/questions-and-answers-with-options,,Other,General Knowledge,,بماذا لقب الشاعر عبدالسلام بن رغبات المولود في مدينة حمص عام 778م؟,,A,ديك الجن,الأخطل,الفرزدق,الأخفش,,0
3789,https://m7et.com/questions-and-answers-with-options,,Other,General Knowledge,,كم عدد الأقمار التي تدور حول كوكب المريخ؟,,B,قمر واحد,قمران,أربعة أقمار,ثمانية أقمار,,0
3790,https://m7et.com/questions-and-answers-with-options,,Other,General Knowledge,,ماهي جنسية هنري الملاح؟,,D,اسباني,الماني,روسي,برتغالي,,0
3791,https://m7et.com/questions-and-answers-with-options,,Other,General Knowledge,,كم عدد خلفاء الدولة العباسية؟,,B,32خليفة,37 خليفة,39خليفة,42خليفة,,0
3792,https://m7et.com/questions-and-answers-with-options,,Other,General Knowledge,,ماذا يقاس بمقياس بوفورت؟,,A,سرعة الريح,الزلازل,الضغط الجوي,البراكين,,0
3793,https://m7et.com/questions-and-answers-with-options,,Other,General Knowledge,,ماهي السورة التي قال عنها الرسول صلى الله عليه وسلم أنها ثلث القرآن ؟,,C,سورة البقرة,سورة الرحمن,سورة الإخلاص,سورة ال عمران,,0
3794,https://m7et.com/questions-and-answers-with-options,,Other,General Knowledge,,ما هو المعدن الذي يحوي على موصلة حرارية؟,,A,الماس,الذهب,الفضة,المرجان,,0
3795,https://m7et.com/questions-and-answers-with-options,,Other,General Knowledge,,دولة سان لوسيا من دول قارة….؟,,D,أوقيانوسيا,أوربا,أمريكا الجنوبية,أمريكا الشمالية,,0
3796,https://m7et.com/questions-and-answers-with-options,,Other,General Knowledge,,يطلق في مجال الأعمال المصرفية على الحالة المالية التي تمكن المؤسسات من تدبير إلتزاماتها لأجل قصير ومتوسط بالنقد المتوفر لها أسم..؟,,A,السيولة,العرض,الطلب,,,0
3797,https://m7et.com/questions-and-answers-with-options,,Other,General Knowledge,,من هو الرجل الكرى؟,,C,الرجل الكسول,الرجل الجبان,الرجل النعسان,الرجل المريض,,0
3798,https://m7et.com/questions-and-answers-with-options,,Other,General Knowledge,,العلم الذي سماه العرب(علم الحجر) هو علم ….؟,,A,الكيمياء,الفيزياء,الصيدلة,الطب,,0
3799,https://m7et.com/questions-and-answers-with-options,,Other,General Knowledge,,ماهي جنسية العالم اتوفون جريكي مخترع المضخة الهوائية التي تعرف بـ(المنفاخ)؟,,D,دنماركي,بريطاني,هولندي,ألماني,,0
3800,https://m7et.com/questions-and-answers-with-options,,Other,General Knowledge,,العالم العربي المسلم أبو عبدالله محمد بن أحمد المقدسي يعتبر من علماء المسلمين في علم..؟,,D,الطب,الفقه,التاريخ,الجغرافيا,,0
3801,https://m7et.com/questions-and-answers-with-options,,Other,General Knowledge,,هذا الدعاء(سبحان الذي سخر لنا هذا وما كنا له مقرنين وإنا إلى ربنا لمنقلبون) هو دعاء ….؟,,A,الركوب,السفر,لبس الثوب,دخول المنزل,,0
3802,https://m7et.com/questions-and-answers-with-options,,Other,General Knowledge,,ما هو الإسم الأخر التي تسمى به سورة الزمر؟,,B,سورة الموازين,سور ة الغرف,سورة البعث,سورة الشفاعة,,0
3803,https://m7et.com/questions-and-answers-with-options,,Other,General Knowledge,,من أول من ركب الخيل؟,,D,قابيل بن أدم,نوح عليه السلام,سليمان بن داوود,اسما عيل عليه السلام,,0
3804,https://m7et.com/questions-and-answers-with-options,,Other,General Knowledge,,أين أنشئت دولة الصليحيين؟,,B,مصر,اليمن,المغرب,سوري,,0
3805,https://m7et.com/questions-and-answers-with-options,,Other,General Knowledge,,ما هي جنسية بنيامين فرانكلين مخترع قضيب الصاعقة؟,,A,أمريكي,هولندي,الماني,انجليزي,,0
3806,https://m7et.com/questions-and-answers-with-options,,Other,General Knowledge,,لغوي ونحوي مسلم ولد في نيسابور عام 350هجرية وتوفى عام 429هجرية له العديد من المؤلفات منها كتاب(فقه اللغة) و(يتيمة الدهر) و(الإعجاز العلمي)و(سر البراعة وسحر البلاغة)؟,,C,الخليل بن أحمد الفراهيدي,سيبويه,منصور بن عبدالملك الثعالبي,أبو الأسود الدؤلي,,0
3807,https://m7et.com/questions-and-answers-with-options,,Other,General Knowledge,,ما نظام الحكم في دولة الكونغو(زائير)؟,,A,جمهوري,ملكي,فدرالي,أماراة,,0
3808,https://m7et.com/questions-and-answers-with-options,,Other,General Knowledge,,يطلق على تحريك الحيوانات ولاسيما الكلاب والضباء لأذنابها أسم..؟,,C,الهزهزة,الحصحة,البصبصة,الوصوصة,,0
3809,https://m7et.com/questions-and-answers-with-options,,Other,General Knowledge,,من الذي أكتشف الأوكسجين؟,,D,لويس باستر,فلهلم رونتفن,بجوار سيكو رسكي,جوزف برستلي,,0
3810,https://m7et.com/questions-and-answers-with-options,,Other,General Knowledge,,من أول مَنَ سعى بين الصفا والمروة؟,,B,إبراهيم,هاجر,إسماعيل,سارة,,0
3811,https://m7et.com/questions-and-answers-with-options,,Other,General Knowledge,,البوسنة والهرسك إحدى الدول الأوربية المطلة على…؟,,A,البحر المتوسط,البحر الأسود,بحر المالطي,البحر الأحمر,,0
3812,https://m7et.com/questions-and-answers-with-options,,Other,General Knowledge,,من أول من برهن على أن الكرة الأرضية تدور حول ذاتها وحول الشمس في آن واحد؟,,A,كوبر نيوكوس,الكسندر غراهام بيل,روبرت توماس مالتوس,بجوار سيكو رسكي,,0
3813,https://m7et.com/questions-and-answers-with-options,,Other,General Knowledge,,ما هو نظام الحكم في دولة بنغلادش؟,,A,جمهوري,ملكي,فدرالي,أماراة,,0
3814,https://m7et.com/questions-and-answers-with-options,,Other,General Knowledge,,كم ورد لفظ(يونس)في القرآن الكريم؟,,B,مرتان,أربع مرات,ثمان مرات,عشر مرات,,0
3815,https://m7et.com/questions-and-answers-with-options,,Other,General Knowledge,,يطلق على أصوات الثيران عند الفزع والأبطال عند القتال أسم…؟,,D,الهزيم,النفير,الهمهمة,الغمغمة,,0
3816,https://m7et.com/questions-and-answers-with-options,,Other,General Knowledge,,كم عدد الدول التي لها حق النقص(الفيتو) في مجلس الأمن؟,,B,4دول,5 دول,6دول,7دول,,0
3817,https://m7et.com/questions-and-answers-with-options,,Other,General Knowledge,,أين يقع نهر ماكتري؟,,C,في المكسيك,في البرازيل,في كندا,في أمريك,,0
3818,https://m7et.com/questions-and-answers-with-options,,Other,General Knowledge,,متى تم تأسيس صندوق النقد الدولي رسمياً؟,,B,في 27سبتمبر 1940م,في 27 ديسمبر 1945م,في 22فبراير 1950م,في 29 يوليو 1955م,,0
3819,https://m7et.com/questions-and-answers-with-options,,Other,General Knowledge,,من هو صاحب كتاب (أسد الغابة في معرفة الصحابة)؟,,B,ابن قيم الجوزية,إبن الأثير,ابن الجوزي,ابن مكرم,,0
3820,https://m7et.com/questions-and-answers-with-options,,Other,General Knowledge,,من أي خام يستخرج الألومنيوم؟,,D,خام الصوديوم,خام البوتاسيوم,خام الماغنيسوم,خام البوكسيت,,0
3821,https://m7et.com/questions-and-answers-with-options,,Other,General Knowledge,,العالم العربي الفلكي الذي أثبت أن كوكبي المريخ والزهرة هما أقرب إلى الأرض من الشمس هو؟,,A,جابر بن أفلح,إبن خلدون,ابن البيطار,ابن بطوطة,,0
3822,https://m7et.com/questions-and-answers-with-options,,Other,General Knowledge,,الداء الذي يتسبب في تساقط الشعر يسمى..؟,,C,داء الذئب,داء القرد,داء الثعلب,داء القط,,0
3823,https://m7et.com/questions-and-answers-with-options,,Other,General Knowledge,,"الكوكب الذي طول العام فيه11,86 سنة أرضية… هو كوكب..؟",,D,زحل,المريخ,أورانوس,المشتري,,0
3824,https://m7et.com/questions-and-answers-with-options,,Other,General Knowledge,,ماذ يعني أسم(لوس أنجلوس)؟,,D,مدينة الحدائق,مدينة النور,مدينة الكنوز,مدينة الملائكة,,0
3825,https://m7et.com/questions-and-answers-with-options,,Other,General Knowledge,,من هي زوجة الخليفتين وصاحبة الهجرتين ومصلية القبلتين وزوجة الشهيدين؟,,B,أم سليم بنت ملحان,اسماء بنت عميس,عفراء بنت عبيد,أم سليم بنت ملحان,,0
3826,https://m7et.com/questions-and-answers-with-options,,Other,General Knowledge,,من الذي أكتشف دواء الكلب بالتلقيح؟,,A,لويس باستر,جورج أوهم,الكسندر غراهام بيل,روبرت توماس,,0
3827,https://m7et.com/questions-and-answers-with-options,,Other,General Knowledge,,ما الدولة التي تنتج معظم أصناف الأجبان المختلفة بين جميع دول العالم؟,,C,الدنمارك,استراليا,فرنسا,فنلند,,0
3828,https://m7et.com/questions-and-answers-with-options,,Other,General Knowledge,,كم ورد أسم(هارون)في القرآن الكريم؟,,B,12مرة,20مرة,30مرة,40مرة,,0
3829,https://m7et.com/questions-and-answers-with-options,,Other,General Knowledge,,في أي قارة يوجد جبل ماكينلي؟,,B,قارة أستراليا,قارة أمريكا الشمالية,قارة أسيا,قارة أورب,,0
3830,https://m7et.com/questions-and-answers-with-options,,Other,General Knowledge,,يطلق على السحاب الكثير الرعد القليل الماء أسم..؟,,A,السحاب الصلب,السحاب الأسود,السحاب المتراخي,السحاب الأبيض,,0
3831,https://m7et.com/questions-and-answers-with-options,,Other,General Knowledge,,من هو صاحب كتاب(إحصاء العلوم)؟,,C,الغزالي,الخوارزمي,الفارابي,ابن سيناء,,0
3832,https://m7et.com/questions-and-answers-with-options,,Other,General Knowledge,,ما نظام الحكم في دولة كولومبيا؟,,A,جمهوري,ملكي,فدرالي,أماراة,,0
3833,https://m7et.com/questions-and-answers-with-options,,Other,General Knowledge,,ما المقصود بالثرى في المثل الذي يقال(بعد الثريا عن الثرى)؟,,A,الأرض,المشتري,زحل,عطارد,,0
3834,https://m7et.com/questions-and-answers-with-options,,Other,General Knowledge,,ما جنسية العالم جوزف برستلي مكتشف الأوكسجين؟,,B,أمريكي,بريطاني,الماني,هولندي,,0
3835,https://m7et.com/questions-and-answers-with-options,,Other,General Knowledge,,في أي عام تم جلاء أخر جندي بريطاني من اليمن؟,,C,عام 1963م,عام 1965م,عام 1967م,عام 1969م,,0
3836,https://m7et.com/questions-and-answers-with-options,,Other,General Knowledge,,تقع الصحراء الرملية الكبرى في …؟,,A,أستراليا,أمريكا الجنوبية,أمريكا الشمالية,روسي,,0
3837,https://m7et.com/questions-and-answers-with-options,,Other,General Knowledge,,فيمن نزلت سورة الحشر؟,,D,بني المصطلق,بني قريظة,بني قينقاع,بني النضير,,0
3838,https://m7et.com/questions-and-answers-with-options,,Other,General Knowledge,,ما هو الكوكب الذي يدور في فلكه قمران أحدهما فوبوس والأخر دايموس؟,,C,المشتري,زحل,المريخ,عطارد,,0
3839,https://m7et.com/questions-and-answers-with-options,,Other,General Knowledge,,ما نظام الحكم في دولة عمان؟,,C,جمهوري,ملكي,سلطنة,أماراة,,0
3840,https://m7et.com/questions-and-answers-with-options,,Other,General Knowledge,,جمهورية لاتفيا من دول قارة؟,,C,أمريكا الشمالية,أمريكا الجنوبية,أوربا,أوقيانوسي,,0
3841,https://m7et.com/questions-and-answers-with-options,,Other,General Knowledge,,أين أقيمت دورة المباريات الأولى لكأس العالم في كرة القدم عام 1930م؟,,A,في الأرجواي,في البرازيل,في الصين,في روسي,,0
3842,https://m7et.com/questions-and-answers-with-options,,Other,General Knowledge,,ما معنى التناوش؟,,D,التناجش,الإختلاف,التحاور,التوبة,,0
3843,https://m7et.com/questions-and-answers-with-options,,Other,General Knowledge,,ما هو الاسم الثاني الذي سمى به نبي الله يونس بن متى عليه السلام في القرآن الكريم؟,,C,ذو الكفل,ذو القرنين,ذو النون,أياس,,0
3844,https://m7et.com/questions-and-answers-with-options,,Other,General Knowledge,,في أي قارة يوجد جبل إفرست؟,,A,قارة أسيا,قارة استراليا,قارة أوربا,قارة أفريقي,,0
3845,https://m7et.com/questions-and-answers-with-options,,Other,General Knowledge,,أين توجد جامعة القروين؟,,B,تونس,المغرب,الجزائر,ليبي,,0
3846,https://m7et.com/questions-and-answers-with-options,,Other,General Knowledge,,أكمل المثل العربي القائل: مقتل الرجل بين….؟,,C,رجليه,نعليه,فكيه,أذنيه,,0
3847,https://m7et.com/questions-and-answers-with-options,,Other,General Knowledge,,ما هي عاصمة البانيا؟,,D,كتمندو,أميابان,ساوتومي,تيرانا,,0
3848,https://m7et.com/questions-and-answers-with-options,,Other,General Knowledge,,كم ورد لفظ(الفردوس)في القرآن الكريم؟,,B,مرة,مرتان,أربع مرات,سبع مرات,,0
3849,https://m7et.com/questions-and-answers-with-options,,Other,General Knowledge,,من الذي أخترع الطائرة النافورية(الهيلوكبتر)؟,,A,بجوار سيكو رسكي,الكسندر غراهام بيل,روبرت توماس مالتوس,اتوفون جريكي,,0
3850,https://m7et.com/questions-and-answers-with-options,,Other,General Knowledge,,ما هي الوظيفة الأساسية للكليتين في الجسم؟,,C,تنقية الأوكسجين من الدم,تنقية السوائل,إفراز البول من الدم,طرد السوائل خارج الجسم,,0
3851,https://m7et.com/questions-and-answers-with-options,,Other,General Knowledge,,ما نظام الحكم في دولة تشيلي؟,,A,جمهوري,ملكي,فدرالي,أماراة,,0
3852,https://m7et.com/questions-and-answers-with-options,,Other,General Knowledge,,من الصحابي الذي لقبه الرسول صلى الله عليه وسلم بـ (الطيب المطيب)؟,,C,أسامة بن زيد,الحسن بن علي,عمار بن ياسر,الحسين بن علي,,0
3853,https://m7et.com/questions-and-answers-with-options,,Other,General Knowledge,,من هو النبي الذي سمي في القرآن الكريم (ذا الكفل)؟,,A,إدريس عليه السلام,سليمان عليه السلام,يونس عليه السلام,إلياس عليه السلام,,0
3854,https://m7et.com/questions-and-answers-with-options,,Other,General Knowledge,,ما هو الغاز الذي يعد المقوم الرئيسي في الجو المحيط بكوكب المريخ؟,,D,غاز الهيدروجين,غاز النيتروجين,غاز البوتاسيوم,غاز ثاني أكسيد الكربون,,0
3855,https://m7et.com/questions-and-answers-with-options,,Other,General Knowledge,,ما نظام الحكم في السعودية؟,,B,جمهوري,ملكي,فدرالي,أمارة,,0
3856,https://m7et.com/questions-and-answers-with-options,,Other,General Knowledge,,من هو صاحب كتاب(الأثار الباقية عن القرون الخالية)؟,,A,البيروني,الغزالي,الخوارزمي,ابن الجوزي,,0
3857,https://m7et.com/questions-and-answers-with-options,,Other,General Knowledge,,ما هو أكبر بحر داخلي في العالم؟,,B,بحر المالطيق,بحر قزوين,البحر المتوسط,البحر الكاريبي,,0
3858,https://m7et.com/questions-and-answers-with-options,,Other,General Knowledge,,صحابي قتله صفوان بن أمية بأبيه في ماسات الرجيع وأراد المشركين أن يمثلوا بجثته فحمته جثته ظل من الدبابير فلم يستطيع المشركين ذلك.. فمن هو؟,,C,عاصم بن ثابت,خبيب بن عدي,زيد بن الدثنة,مرثد بن أبي مرثد الغنوي,,0
3859,https://m7et.com/questions-and-answers-with-options,,Other,General Knowledge,,ما أقرب الكواكب إلى الشمس؟,,A,عطارد,الزهرة,بلوتو,أورانوس,,0
3860,https://m7et.com/questions-and-answers-with-options,,Other,General Knowledge,,ما هي المدينة العربية التي تكنى بـ (الحدباء)؟,,D,بغداد,الدوحة,حلب,الموصل,,0
3861,https://m7et.com/questions-and-answers-with-options,,Other,General Knowledge,,كم عدد اللترات التي يحتاجها الدماغ البشري من الدماء يوميا لكي يعمل؟,,C,10لترات,100لتر,1000 لتر,10000لتر,,0
3862,https://m7et.com/questions-and-answers-with-options,,Other,General Knowledge,,ما هو الطير الذي يكنى (أبو زاجر)؟,,D,النسر,الصقر,العقاب,الغراب,,0
3863,https://m7et.com/questions-and-answers-with-options,,Other,General Knowledge,,أكمل المثل العربي القائل: لولا الوثام لهلك…؟,,B,اللئام,الأنام,الأغنام,الحمام,,0
3864,https://m7et.com/questions-and-answers-with-options,,Other,General Knowledge,,من الدول المطلة على البحر العربي دولة…؟,,A,سلطنة عمان,المملكة العربية السعودية,الاردن,ليبي,,0
3865,https://m7et.com/questions-and-answers-with-options,,Other,General Knowledge,,من هو باني مدينة مراكش؟,,D,موسى بن نصير,طارق بن زياد,عقبة بن نافع,موسى بن كشمير,,0
3866,https://m7et.com/questions-and-answers-with-options,,Other,General Knowledge,,ما هو الإسم العلمي الذي يطلق على أبعد نقطة في مدار القمر عن الأرض؟,,A,الأوج,الموج,الروج,الفوج,,0
3867,https://m7et.com/questions-and-answers-with-options,,Other,General Knowledge,,عاصمة عربية كانت تسمى قديما(فيلادليفيا) فما هي؟,,B,بغداد,عمان,دمشق,بيروت,,0
3868,https://m7et.com/questions-and-answers-with-options,,Other,General Knowledge,,كم يبلغ معدل بعد الشمس عن الأرض؟,,B,49مليون كم,149 مليون كم,249مليون كم,349مليون كم,,0
3869,https://m7et.com/questions-and-answers-with-options,,Other,General Knowledge,,من أول من أنشأ محكمة المظالم؟,,C,هارون الرشيد,يزيد بن عبدالملك,عبدالملك بن مروان,عمر بن عبد العزيز,,0
3870,https://m7et.com/questions-and-answers-with-options,,Other,General Knowledge,,ما هي الدولة التي تحضى أراضيها بأطول السواحل في العالم؟,,D,المكسيك,البرازيل,أندونسيا,كندا,,0
3871,https://m7et.com/questions-and-answers-with-options,,Other,General Knowledge,,أول خليفة أقام حلبات السباق لسباق الخيول هو..؟,,A,سليمان بن عبدالملك,الوليد بن عبدالملك,هشام بن عبدالملك,يزيد بن عبدالملك,,0
3872,https://m7et.com/questions-and-answers-with-options,,Other,General Knowledge,,صخرة إيرس تعتبر أكبر صخرة في العالم فأين توجد؟,,D,في السودان,في البرازيل,في روسيا,في أستراليا,,0
3873,https://m7et.com/questions-and-answers-with-options,,Other,General Knowledge,,"من المآسي التي وقعت للمسلمين في حياة الرسول صلى الله عليه وسلم, مأساة وقعت في شهر صفر سنة 4هـ قتل فيها حوالي تسعة وستين أو سبعين من الصحابة … فما هي؟",,A,مآساة بئر معونة,مآساة الرجيع,مآساة دومة الجندل,مآساة حمراء الأسد,,0
3874,https://m7et.com/questions-and-answers-with-options,,Other,General Knowledge,,أين يقع كهف العهود؟,,A,المغرب,تونس,الجزائر,ليبي,,0
3875,https://m7et.com/questions-and-answers-with-options,,Other,General Knowledge,,أمر الرسول صلى الله عليه وسلم المسلمين أن يجعلوا ظهورهم للجبل ووجوهم للمدينة أثناء القتال في غزوة..؟,,B,بدر,أحد,بني النضير,بني قينقاع,,0
3876,https://m7et.com/questions-and-answers-with-options,,Other,General Knowledge,,ما معنى كلمة ختار؟,,C,مختال,كذاب,غدار,منافق,,0
3877,https://m7et.com/questions-and-answers-with-options,,Other,General Knowledge,,أول خليفة أتخذ جهاز الشرطة وجعله مستقلاً بحفظ الأمن في الإسلام هو..؟,,A,عثمان بن عفان,علي بن أبي طالب,معاوية بن أبي سفيان,عبد الملك بن مروان,,0
3878,https://m7et.com/questions-and-answers-with-options,,Other,General Knowledge,,ما هو أكبر المحيطات وأعمقها؟,,B,المحيط الهندي,المحيط الهادي,المحيط الأطلنطي,المحيط الأطلسي,,0
3879,https://m7et.com/questions-and-answers-with-options,,Other,General Knowledge,,كم ورد لفظ(هامان)في القرآن الكريم؟,,D,مرة واحدة,مرتان,أربع مرات,ست مرات,,0
3880,https://m7et.com/questions-and-answers-with-options,,Other,General Knowledge,,من هو مؤلف كتاب(اللباب في علم الإعراب)؟,,A,إبن الوردي,الفراهيدي,سيبويه,الاصمعي,,0
3881,https://m7et.com/questions-and-answers-with-options,,Other,General Knowledge,,يسمى البيع الذي فيه تساهل في بخس الثمن؟,,C,بيع التساهل,بيع السلم,بيع السماح,بيع الغبن,,0
3882,https://m7et.com/questions-and-answers-with-options,,Other,General Knowledge,,أين ولد العالم ابن تيمية؟,,B,دمشق,بحران,بغداد,القاهرة,,0
3883,https://m7et.com/questions-and-answers-with-options,,Other,General Knowledge,,من هو مؤسس وباني مدينة العسكر في مصر؟,,D,عمرو بن العاص,أحمد بن طولون,أبو جعفر المنصور,صالح بن علي العباسي,,0
3884,https://m7et.com/questions-and-answers-with-options,,Other,General Knowledge,,الصحابي الجليل الذي ظن المسلمون أنه قد قتل في مكة وقت صلح الحديبية هو..؟,,C,أبو بكر الصديق,علي بن أبي طالب,عثمان بن عفان,العباس بن عبدالمطلب,,0
3885,https://m7et.com/questions-and-answers-with-options,,Other,General Knowledge,,ما هي عاصمة النمسا؟,,B,كانبيرا,فينا,ريغا,صوفي,,0
3886,https://m7et.com/questions-and-answers-with-options,,Other,General Knowledge,,الصحابي الجليل الذي حمى بجسده الرسول صلى الله عليه وسلم من النبال في غزوة أحد.. هو؟,,D,حنظلة بن أبي عامر,علي بن أبي طالب,أبو بصير,أبو دجانة,,0
3887,https://m7et.com/questions-and-answers-with-options,,Other,General Knowledge,,كم عدد العصب التي توجد في شبكة العين؟,,C,1000شبكة,100000شبكة,100000 شبكة,1000000شبكة,,0
3888,https://m7et.com/questions-and-answers-with-options,,Other,General Knowledge,,عاصمة عربية أسمها يعني(عطية الله) فما هي؟,,C,دمشق,بيروت,بغداد,الرباط,,0
3889,https://m7et.com/questions-and-answers-with-options,,Other,General Knowledge,,كم وردة كلمة(شفاء) في القرآن الكريم؟,,B,مرتان,4مرات,6مرات,8مرات,,0
3890,https://m7et.com/questions-and-answers-with-options,,Other,General Knowledge,,"الكوكب الذي يبعد عن الشمس 778,4مليون كم هو كوكب..؟",,D,زحل,المريخ,أورانوس,المشتري,,0
3891,https://m7et.com/questions-and-answers-with-options,,Other,General Knowledge,,ماذا يسمى الحلف الدفاعي الذي يوحد استراليا ونينوزيلندا والولايات المتحدة الأمريكية؟,,C,حلف الأطلنطي,حلف النيتو,حلف الأنزاس,حلف ال,,0
3892,https://m7et.com/questions-and-answers-with-options,,Other,General Knowledge,,من أي خام أرضي يستخرج معدن الالومنيوم؟,,B,خام النتريك,خام البوكسايت,خام الصوديوم,خام البوتاسيوم,,0
3893,https://m7et.com/questions-and-answers-with-options,,Other,General Knowledge,,من الخليفة الأموي الذي لقب بصقر قريش؟,,D,عبدالملك بن مروان,معاوية بن أبي سفيان,هشام بن عبدالملك,عبد الرحمن الداخل,,0
3894,https://m7et.com/questions-and-answers-with-options,,Other,General Knowledge,,كم يبلغ طول نهر النيل؟,,C,4444كم,5586كم,6648كم,7756كم,,0
3895,https://m7et.com/questions-and-answers-with-options,,Other,General Knowledge,,من هو مؤسس وباني جامع الأزهر الشريف؟,,A,جوهر الصقلي,أبو العباس السفاح,هارون الرشيد,أحمد بن طولون,,0
3896,https://m7et.com/questions-and-answers-with-options,,Other,General Knowledge,,هل يحل للمسلم أن يتزوج بأمرأة نصرانية؟,,C,يحل له مطلقاً,لا يحل له مطلقاً,يحل له مع الكراهة,,,0
3897,https://m7et.com/questions-and-answers-with-options,,Other,General Knowledge,,من هو الخليفة الذي أتم بناء المسجد الأقصى على صورته القائمة سنة 66هـ؟,,C,عبدالملك بن مروان,سليمان بن عبدالملك,الوليد بن عبد الملك,هشام بن عبدالملك,,0
3898,https://m7et.com/questions-and-answers-with-options,,Other,General Knowledge,,من هو شاعر الرسالة؟,,D,أحمد شوقي,محمود سامي البارودي,أحمد امين,محمد إقبال,,0
3899,https://m7et.com/questions-and-answers-with-options,,Other,General Knowledge,,إحدى أمهات المؤمنين كانت تسمى أم المساكين؟,,A,زينب بنت خزيمة,حفصة بنت عمر,رملة بنت أبي سفيان,أم سلمة,,0
3900,https://m7et.com/questions-and-answers-with-options,,Other,General Knowledge,,أستشهد من المسلمين في غزوة بدر؟,,B,12 شهيداً,24 شهيدا,36 شهيداً,72 شهيداً,,0
3901,https://m7et.com/questions-and-answers-with-options,,Other,General Knowledge,,من هو مؤلف كتاب(نزهة المشتاق في إختراق الأفاق)؟,,D,أبو عبدالله محمد المقدسي,أبو محمد الحسن الهمداني,أبو الحسن علي المسعودي,أبو عبدالله محمد الإدريسي,,0
3902,https://m7et.com/questions-and-answers-with-options,,Other,General Knowledge,,أين توجد مدينة حضرموت؟,,A,اليمن,عمان,السعودية,العراق,,0
3903,https://m7et.com/questions-and-answers-with-options,,Other,General Knowledge,,أكثر سورة ورد فيها أسم مريم هي سورة…؟,,C,مريم,آل عمران,المائدة,القصص,,0
3904,https://m7et.com/questions-and-answers-with-options,,Other,General Knowledge,,من أول من بايع الرسول صلى الله عليه وسلم في بيعة الرضوان؟,,D,أبو أمامة الباهلي,أبو بكر الصديق,أبو الدحداح ثابت بن الدحداح,أبو سنان الإسدي,,0
3905,https://m7et.com/questions-and-answers-with-options,,Other,General Knowledge,,كم عدد الدول التي يتألف منها حلف شمال الأطلسي؟,,C,5دول,10دول,15 دولة,25دولة,,0
3906,https://m7et.com/questions-and-answers-with-options,,Other,General Knowledge,,ما العاصمة الأوربية التي تقع على ضفاف نهر التيبر؟,,C,مدينة باريس,مدينة أمستردام,مدينة روما,مدينة لاهاي,,0
3907,https://m7et.com/questions-and-answers-with-options,,Other,General Knowledge,,ما نظام الحكم في دولة غينيا؟,,A,جمهوري,ملكي,فدرالي,أماراة,,0
3908,https://m7et.com/questions-and-answers-with-options,,Other,General Knowledge,,يبدأ الحاج بالطواف من …؟,,A,الحجر الأسود,الركن اليماني,الركن الشامي,باب الكعبة,,0
3909,https://m7et.com/questions-and-answers-with-options,,Other,General Knowledge,,الصحابي الذي بايع عنه الرسول صلى الله عليه وسلم في بيعة الرضوان هو..؟,,B,علي بن أبي طالب,عثمان بن عفان,أبو بكر الصديق,الزبير بن العوام,,0
3910,https://m7et.com/questions-and-answers-with-options,,Other,General Knowledge,,من أول من ألف كتاباً في الأنغام والموسيقى سماهما(ترتيب الأنغام) و(المدخل إلى الموسيقى)؟,,D,الخوارزمي,الأصمعي,زرياب,الكندي,,0
3911,https://m7et.com/questions-and-answers-with-options,,Other,General Knowledge,,من هو ثاني خلفاء الدولة العباسية؟,,B,أبو العباس السفاح,أبو جعفر المنصور,الأمين بن المنصور,المامون بن المنصور,,0
3912,https://m7et.com/questions-and-answers-with-options,,Other,General Knowledge,,في أي عام تم الجلاء العثماني الثاني من اليمن؟,,B,عام 1535م,عام 1635م,عام 1670م,عام 1770م,,0
3913,https://m7et.com/questions-and-answers-with-options,,Other,General Knowledge,,أين يوجد جبل الرحمة؟,,D,في صنعاء,في مسقط,في المدينة المنورة,في مكة المكرمة,,0
3914,https://m7et.com/questions-and-answers-with-options,,Other,General Knowledge,,من القائد الذي فتح تركمان وجورجيا؟,,C,طريف بن مالك,عبدالله بن عامر,قتيبة بن مسلم الباهلي,المفضل بن أبي صفرة,,0
3915,https://m7et.com/questions-and-answers-with-options,,Other,General Knowledge,,أين يوجد مقر حلف شمال الأطلنطي؟,,A,بلجيكا,هولندا,الدنمارك,الماني,,0
3916,https://m7et.com/questions-and-answers-with-options,,Other,General Knowledge,,كم عدد أعضاء السجود؟,,B,5أعضاء,7 أعضاء,9 أعضاء,11عضو,,0
3917,https://m7et.com/questions-and-answers-with-options,,Other,General Knowledge,,في أي عام إلقيت القنبلة الذرية على هيروشيما؟,,C,عام 1936م,عام 1940م,عام 1945م,عام 1948م,,0
3918,https://m7et.com/questions-and-answers-with-options,,Other,General Knowledge,,جوهر الصقلي هو مؤسس..؟,,C,مدينة بغداد,مدينة الرباط,مدينة القاهرة,مدينة الكوفة,,0
3919,https://m7et.com/questions-and-answers-with-options,,Other,General Knowledge,,ما أكبردولة منتجة للبن في العالم؟,,A,البرازيل,الارجنتين,اليمن,ماليزي,,0
3920,https://m7et.com/questions-and-answers-with-options,,Other,General Knowledge,,من أول زوجة تزوجها الرسول صلى الله عليه وسلم بعد وفاة خديجة بنت خويلد؟,,A,أم المؤمنين سؤدة بنت زمعة,أم المؤمنين عائشة بنت أبي بكر,زينب بنت جحش,أم سلمة,,0
3921,https://m7et.com/questions-and-answers-with-options,,Other,General Knowledge,,توجد مقبرة أمنا حوى في؟,,B,نيودلهي بالهند,جدة بالسعودية,القاهرة بمصر,صنعاء باليمن,,0
3922,https://m7et.com/questions-and-answers-with-options,,Other,General Knowledge,,تحرك الغاز تحت تأثير الضغط من خلال ثقب صغير يسمي في المجال العلمي بإسم الإنسكاب الغازي أو….؟,,B,الانحباس,الإنبجاس,الانصهار,الالتباس,,0
3923,https://m7et.com/questions-and-answers-with-options,,Other,General Knowledge,,كم ورد لفظ(مناص)في القرآن الكريم؟,,A,مرة واحدة,ثلاث مرات,خمس مرات,سبع مرات,,0
3924,https://m7et.com/questions-and-answers-with-options,,Other,General Knowledge,,أين يوجد أكبر سوق للتمور؟,,A,بريدة,المدينة المنورة,عجمان,عنيزة,,0
3925,https://m7et.com/questions-and-answers-with-options,,Other,General Knowledge,,لقب علي بن ابي طالب رضى الله عنه بـ…؟,,D,الصادق البار,الطيار,ذي الشهادتين,أبي تراب,,0
3926,https://m7et.com/questions-and-answers-with-options,,Other,General Knowledge,,ما هي المدينة التي تقع عند ملتقي النيلين الأبيض والأزرق؟,,D,القاهرة,الاسكندرية,بور سعيد,الخرطوم,,0
3927,https://m7et.com/questions-and-answers-with-options,,Other,General Knowledge,,من هو مكتشف الأشعة السينية التي تسمى بـ( أشعة أكس)؟,,A,فلهلم رونتفن,اتوفون جريكي,بنيامين فرانكلين,لويس باستر,,0
