id,question,question_concept,choices,answerKey,pashto_question,pashto_choices
1afa02df02c908a558b4036e80242fac,"A revolving door is convenient for two direction travel, but it also serves as a security measure at a what?",revolving door,"{'label': array(['A', 'B', 'C', 'D', 'E'], dtype=object), 'text': array(['bank', 'library', 'department store', 'mall', 'new york'],
      dtype=object)}",A,څرخېدونکې  دروازه د دوه اړخیز تګ راتګ لپاره ښه وي خو له دغه د امنیت کار هم اخیستل کېږي، په کوم ځای کښې؟ ,"{""label"": [""A"", ""B"", ""C"", ""D"", ""E""], ""text"": [""بانک"", ""کتابتون"", ""د څانګې پلورنځی"", ""مال"", ""نیویارک""]}"
a7ab086045575bb497933726e4e6ad28,What do people aim to do at work?,people,"{'label': array(['A', 'B', 'C', 'D', 'E'], dtype=object), 'text': array(['complete job', 'learn from each other', 'kill animals',
       'wear hats', 'talk to each other'], dtype=object)}",A,خلک په کار کولو کښې څه هدف لري؟ ,"{""label"": [""A"", ""B"", ""C"", ""D"", ""E""], ""text"": [""کار بشپړول"", ""یو له بل څخه زده کړه"", ""حیوانات وژنه"", ""توپکونه اغوستل"", ""یو له بل سره خبرې کول""]}"
b8c0a4703079cf661d7261a60a1bcbff,Where would you find magazines along side many other printed works?,magazines,"{'label': array(['A', 'B', 'C', 'D', 'E'], dtype=object), 'text': array(['doctor', 'bookstore', 'market', 'train station', 'mortuary'],
      dtype=object)}",B,تاسو به مجلې نور د ګڼ چهاپ اثارو در څنګ چرته در لاسَ کوئ,"{""label"": [""A"", ""B"", ""C"", ""D"", ""E""], ""text"": [""ډاکټر"", ""کتاب پلورنځی"", ""بازار"", ""ریل ګاډي سټېشن"", ""مړینې خونه""]}"
e68fb2448fd74e402aae9982aa76e527,Where are  you likely to find a hamburger?,hamburger,"{'label': array(['A', 'B', 'C', 'D', 'E'], dtype=object), 'text': array(['fast food restaurant', 'pizza', 'ground up dead cows', 'mouth',
       'cow carcus'], dtype=object)}",A,تاسو به په ممکنه ډول همبرګر چرته لټوئ؟ ,"{""label"": [""A"", ""B"", ""C"", ""D"", ""E""], ""text"": [""فاسټ فوډ رستوران"", ""پیزا"", ""مړه شوې غواګانې"", ""خوله"", ""غوا""]}"
2435de612dd69f2012b9e40d6af4ce38,James was looking for a good place to buy farmland.  Where might he look?,farmland,"{'label': array(['A', 'B', 'C', 'D', 'E'], dtype=object), 'text': array(['midwest', 'countryside', 'estate', 'farming areas', 'illinois'],
      dtype=object)}",A,جیمز د کرنیز فارم لپاره ښه ځای لټوي،  هغه به یه چرته ګوري؟ ,"{""label"": [""A"", ""B"", ""C"", ""D"", ""E""], ""text"": [""منځنۍ لویدیځ"", ""کلیوالي سیمه"", ""جایداد"", ""کرنیزې سیمې"", ""ایلی نوئس""]}"
a4892551cb4beb279653ae52d0de4c89,What island country is ferret popular?,ferret,"{'label': array(['A', 'B', 'C', 'D', 'E'], dtype=object), 'text': array(['own home', 'north carolina', 'great britain', 'hutch', 'outdoors'],
      dtype=object)}",C,کوم ایزلېنډ هیواد په نولی مشهوره ده؟ ,"{""label"": [""A"", ""B"", ""C"", ""D"", ""E""], ""text"": [""خپل کور"", ""شمالي کارولینا"", ""لوی بریتانیا"", ""هچ"", ""بهر""]}"
118a9093a30695622363455e4d911866,In what Spanish speaking North American country can you get a great cup of coffee?,cup of coffee,"{'label': array(['A', 'B', 'C', 'D', 'E'], dtype=object), 'text': array([""mildred's coffee shop"", 'mexico', 'diner', 'kitchen', 'canteen'],
      dtype=object)}",B,په کوم هسپانوي ژبي ویونکي هیواد کښې ښه کافي موندل کېدائ شي، کوم چې په شمالي امریکا کښې دئ؟ ,"{""label"": [""A"", ""B"", ""C"", ""D"", ""E""], ""text"": [""میلدریډ د قهوې پلورنځی"", ""مکسیکو"", ""ډاینر"", ""پخلنځی"", ""کینټین""]}"
05ea49b82e8ec519e82d6633936ab8bf,What do animals do when an enemy is approaching?,animals,"{'label': array(['A', 'B', 'C', 'D', 'E'], dtype=object), 'text': array(['feel pleasure', 'procreate', 'pass water', 'listen to each other',
       'sing'], dtype=object)}",D,ځناور څه کوي چې یو دښمن دوی وڅاري؟ ,"{""label"": [""A"", ""B"", ""C"", ""D"", ""E""], ""text"": [""خوشحالي احساسول"", ""تولید"", ""اوښکې تویول"", ""یو له بل سره غوږ نیول"", ""غږول""]}"
c0c07ce781653b2a2c01871ba2bcba93,Reading newspaper one of many ways to practice your what?,reading newspaper,"{'label': array(['A', 'B', 'C', 'D', 'E'], dtype=object), 'text': array(['literacy', 'knowing how to read', 'money', 'buying', 'money bank'],
      dtype=object)}",A,ورځپاڼې وئیل په ډېرو حوالو د تاسو د څه تمرین وي؟ ,"{""label"": [""A"", ""B"", ""C"", ""D"", ""E""], ""text"": [""لوستلو وړتیا"", ""لوستل زده کول"", ""پیسې"", ""پیرودل"", ""د پیسو بانک""]}"
1d24f406b6828492040b405d3f35119c,What do people typically do while playing guitar?,playing guitar,"{'label': array(['A', 'B', 'C', 'D', 'E'], dtype=object), 'text': array(['cry', 'hear sounds', 'singing', 'arthritis', 'making music'],
      dtype=object)}",C,په ځانګړې توګه خلک څه کوي چي ګيټار ږغوي؟ ,"{""label"": [""A"", ""B"", ""C"", ""D"", ""E""], ""text"": [""ژړل"", ""غږونه اوریدل"", ""غږول"", ""آرتریت"", ""موسیقي جوړول""]}"
57f92025d860e32c4e780c0d51c1c20c,What would vinyl be an odd thing to replace?,vinyl,"{'label': array(['A', 'B', 'C', 'D', 'E'], dtype=object), 'text': array(['pants', 'record albums', 'record store', 'cheese', 'wallpaper'],
      dtype=object)}",E,وینیل بدلول عجیبه څيز ولي ښکاري؟ ,"{""label"": [""A"", ""B"", ""C"", ""D"", ""E""], ""text"": [""پتلون"", ""ریکارډ البمونه"", ""ریکارډ پلورنځی"", ""پنیر"", ""دیوال پوښ""]}"
81eb4b2ee66edd8bc91ee944697c4e9f,"If you want harmony, what is something you should try to do with the world?",something you,"{'label': array(['A', 'B', 'C', 'D', 'E'], dtype=object), 'text': array(['take time', 'make noise', 'make war', 'make peace', 'make haste'],
      dtype=object)}",D,که تاسو همږغي غواړئ هغه به کوم څيز وي چې تاسو یه د نړۍ سره د کولو هڅه وکړئ؟ ,"{""label"": [""A"", ""B"", ""C"", ""D"", ""E""], ""text"": [""وخت واخلئ"", ""غوغا وکړئ"", ""جګړه وکړئ"", ""سوله وکړئ"", ""تندۍ وکړئ""]}"
d807e7ae60976324920c8d29eb42dad6,Where does a heifer's master live?,heifer,"{'label': array(['A', 'B', 'C', 'D', 'E'], dtype=object), 'text': array(['farm house', 'barnyard', 'stockyard', 'slaughter house',
       'eat cake'], dtype=object)}",A,ګوالڼ چرته اوسېږي؟ د سخوندرې مالک چرته اوسېږي؟ ,"{""label"": [""A"", ""B"", ""C"", ""D"", ""E""], ""text"": [""کرنیز کور"", ""ګودام"", ""مالدارۍ"", ""ذبح خانه"", ""کیک وخورئ""]}"
7ea9f721ffc662918bb0c0937a487f04,Aside from water and nourishment what does your dog need?,dog,"{'label': array(['A', 'B', 'C', 'D', 'E'], dtype=object), 'text': array(['bone', 'charm', 'petted', 'lots of attention', 'walked'],
      dtype=object)}",D,له اوبو او غذا پرته، ستاسو سپی بل څه ته اړتیا لري؟ ,"{""label"": [""A"", ""B"", ""C"", ""D"", ""E""], ""text"": [""هډه"", ""جاذبه"", ""پام"", ""ډیر پام"", ""مزل""]}"
fc1d33a2301a30214523c12573f81aba,Janet was watching the film because she liked what?,watching film,"{'label': array(['A', 'B', 'C', 'D', 'E'], dtype=object), 'text': array(['erection', 'laughter', 'being entertained', 'fear', 'bordem'],
      dtype=object)}",C,جینټ فلم ګوري ځکه چې د هغې څه خوښ دي؟ ,"{""label"": [""A"", ""B"", ""C"", ""D"", ""E""], ""text"": [""د جنسي تحریک"", ""خندا"", ""تفریح"", ""ډار"", ""خستګي""]}"
3b8e1d236f5169b6c833a994d6d9c39a,What are you waiting alongside with when you're in a reception area?,reception area,"{'label': array(['A', 'B', 'C', 'D', 'E'], dtype=object), 'text': array(['motel', 'chair', 'hospital', 'people', 'hotels'], dtype=object)}",D,تاسو د اتنظار تر څنګ نور څه کوئ چې د هرکلي په ځای کښې یاست؟ ,"{""label"": [""A"", ""B"", ""C"", ""D"", ""E""], ""text"": [""موټل"", ""چوکۍ"", ""بیمارستان"", ""خلک"", ""هوټلونه""]}"
c5c4166f2ed3c2b3517b79e6848e9ae2,When drinking booze what can you do to stay busy?,booze,"{'label': array(['A', 'B', 'C', 'D', 'E'], dtype=object), 'text': array(['reach tentative agreement', 'stay in bed', 'stop bicycle',
       'examine thing', 'suicide'], dtype=object)}",D,کله چې الکول څښئ، تاسو داسي څه کوئ چې ځان بوخت وساتئ؟ ,"{""label"": [""A"", ""B"", ""C"", ""D"", ""E""], ""text"": [""موقتي توافق ته رسیدل"", ""په بستر کې پاتې کیدل"", ""بایسکل ودروئ"", ""شیان معاینه کړئ"", ""خودکشي""]}"
6dc5b2884737e66543ce65f8dc40c992,A fencing thrust with a sharp sword towards a person would result in what?,fencing,"{'label': array(['A', 'B', 'C', 'D', 'E'], dtype=object), 'text': array(['injury', 'small cuts', 'fever', 'competition', 'puncture wound'],
      dtype=object)}",E,د يوې تېزي توري په یو کس برید به پایله څه کوي؟ ,"{""label"": [""A"", ""B"", ""C"", ""D"", ""E""], ""text"": [""زخمي"", ""کوچني زخمونه"", ""تبې"", ""سیالي"", ""سوریدل""]}"
8af63d58cc35061dec38e5448c325988,"Unlike a spider and his many sight seers, people only have what?",people,"{'label': array(['A', 'B', 'C', 'D', 'E'], dtype=object), 'text': array(['tongues', 'names', 'brains', 'feelings', 'two eyes'], dtype=object)}",E,د غڼې او د هغې د ډېرو لیدونکو نه سېوا خلک يوازې څه لري؟ ,"{""label"": [""A"", ""B"", ""C"", ""D"", ""E""], ""text"": [""ژبې"", ""نومونه"", ""مغزونه"", ""احساسات"", ""دوې سترګې""]}"
768fb09deab56046e1565b6a2556ad5c,Where do adults use glue sticks?,glue stick,"{'label': array(['A', 'B', 'C', 'D', 'E'], dtype=object), 'text': array(['classroom', 'desk drawer', 'at school', 'office',
       'kitchen drawer'], dtype=object)}",D,ځوانان د سرېښ لرګۍ چرته کاروي؟ ,"{""label"": [""A"", ""B"", ""C"", ""D"", ""E""], ""text"": [""درسي خونه"", ""د میز دراز"", ""په ښوونځي کې"", ""دفتر"", ""د پخلنځي دراز""]}"
cd639cf3ff82f825ace7dd2b087562bd,What could go on top of wood?,wood,"{'label': array(['A', 'B', 'C', 'D', 'E'], dtype=object), 'text': array(['lumberyard', 'synagogue', 'floor', 'carpet', 'hardware store'],
      dtype=object)}",D,به لرګي باندې څه شای مزل کولئ شي؟ ,"{""label"": [""A"", ""B"", ""C"", ""D"", ""E""], ""text"": [""لرګي پلورنځی"", ""سیناګوګ"", ""فرش"", ""غالیه"", ""اوزار پلورنځی""]}"
8d79cc5e4eea11f50fab18fdea20fd4f,"The artist was sitting quietly pondering, then suddenly he began to paint when what struck him?",sitting quietly,"{'label': array(['A', 'B', 'C', 'D', 'E'], dtype=object), 'text': array(['sadness', 'anxiety', 'inspiration', 'discomfort', 'insights'],
      dtype=object)}",C,هنرمند ناست و په خاموشۍ یه فکر کاوو، ناڅاپه هغه رنګول شروع کړو، هغه کوم خیال و چې ده ته راغئ؟ ,"{""label"": [""A"", ""B"", ""C"", ""D"", ""E""], ""text"": [""خفګان"", ""اضطراب"", ""الهام"", ""نا آرامي"", ""فهمونه""]}"
e5ad2184e37ae88b2bf46bf6bc0ed2f4,"Though the thin film seemed fragile, for it's intended purpose it was actually nearly what?",fragile,"{'label': array(['A', 'B', 'C', 'D', 'E'], dtype=object), 'text': array(['indestructible', 'durable', 'undestroyable', 'indestructible',
       'unbreakable'], dtype=object)}",D,باوجود د دې چې یو څيز به ډېر نازک وي، خو په اصل کښې د خپل مقصد لپاره کوم شي ته نږدې وي؟ ,"{""label"": [""A"", ""B"", ""C"", ""D"", ""E""], ""text"": [""نابودیدونکی"", ""د دوامدار"", ""نابودیدونکی"", ""نابودیدونکی"", ""نشتون""]}"
b8b287b6277fccd4b7c9c72577177328,Where could you find a toilet that only friends can use?,toilet,"{'label': array(['A', 'B', 'C', 'D', 'E'], dtype=object), 'text': array(['rest area', 'school', 'stadium', 'apartment', 'hospital'],
      dtype=object)}",D,تاسو به چرته داسي غولتون پېدا کړئ چې یوازي یه یاران کاروي؟ ,"{""label"": [""A"", ""B"", ""C"", ""D"", ""E""], ""text"": [""استراحت ځای"", ""ښوونځی"", ""ورزشګاه"", ""اپارتمان"", ""بیمارستان""]}"
f646f3e064f06423fc25b98500796cf0,"What is someone who isn't clever, bright, or competent called?",clever,"{'label': array(['A', 'B', 'C', 'D', 'E'], dtype=object), 'text': array(['clumsy', 'ineffectual', 'dull', 'clumsy', 'stupid'], dtype=object)}",E,څه به وي هغه څوک چې نه بهادر وي نه هوشیار او نه باصلاحیته؟ ,"{""label"": [""A"", ""B"", ""C"", ""D"", ""E""], ""text"": [""ناچاره"", ""بې اغیزه"", ""بې خوند"", ""ناچاره"", ""احمق""]}"
b0f7d7978ac41c465108a92660d70e84,When wildlife reproduce we often refer to what comes out as what?,reproduce,"{'label': array(['A', 'B', 'C', 'D', 'E'], dtype=object), 'text': array(['raise children', 'have children', 'photo copy', 'offspring',
       'accidently got pregnant somehow'], dtype=object)}",D,کله چې وحشي ژوند نور تولید وکړي پایله به یه څه وي؟ ,"{""label"": [""A"", ""B"", ""C"", ""D"", ""E""], ""text"": [""ماشومان روزل"", ""ماشومان درلودل"", ""عکس کاپي"", ""نسل"", ""په تصادفي توګه حامله شوې""]}"
54075de8b8b89ecef2e4eb4eaee2713d,"The weasel was becoming a problem, it kept getting into the chicken eggs kept in the what?",weasel,"{'label': array(['A', 'B', 'C', 'D', 'E'], dtype=object), 'text': array(['forrest', 'barn', 'public office', 'out of doors', 'freezer'],
      dtype=object)}",B,ویزل ځناور یو ستونځه لري هغه د چرګو هګیو ته ننوځي، چېرته ساتل کېدل؟,"{""label"": [""A"", ""B"", ""C"", ""D"", ""E""], ""text"": [""جنگل"", ""ګودام"", ""عامه اداره"", ""بهر"", ""فریزر""]}"
65435b996ce9d1685bebb74b49c1ba7f,Blue read material outside of his comfort zone because he wanted to gain what?,reading,"{'label': array(['A', 'B', 'C', 'D', 'E'], dtype=object), 'text': array(['new perspective', 'entertained', 'understanding', 'hunger',
       'tired eyes'], dtype=object)}",A,شین موادي توکی د خپل آرام زون نه بهر ولولل ترڅو څه ترلاسه کړي؟,"{""label"": [""A"", ""B"", ""C"", ""D"", ""E""], ""text"": [""نوې لید"", ""تفریح"", ""فهم"", ""لوږه"", ""ستړي سترګې""]}"
9889e5389917d812c09d6e5d382d333d,After he got hired he hoped for success at his what?,success,"{'label': array(['A', 'B', 'C', 'D', 'E'], dtype=object), 'text': array(['vocation', 'new job', 'michigan', 'working hard', 'manual'],
      dtype=object)}",B,له ګمارنې وروسته، هغه د څه په برخه کې د بریا هیله لرله؟,"{""label"": [""A"", ""B"", ""C"", ""D"", ""E""], ""text"": [""مسلک"", ""نوې دنده"", ""میشیګان"", ""سخت کار کول"", ""د لارښود""]}"
a651ffa44ac5febf0aede6748899b981,Committing perjury is a serious what?,committing perjury,"{'label': array(['A', 'B', 'C', 'D', 'E'], dtype=object), 'text': array(['indictment', 'crime', 'violence', 'lie', 'go to jail'],
      dtype=object)}",B,د دروغو قسم ورکول یو احساساتي څه دي؟,"{""label"": [""A"", ""B"", ""C"", ""D"", ""E""], ""text"": [""تور"", ""جرم"", ""تاوتریخوالی"", ""دروغ"", ""زندان ته تلل""]}"
bdcfbe2132295d437e4c5701085f19c0,If you are prone to postpone work what will you have to do in order to finish on time?,postpone,"{'label': array(['A', 'B', 'C', 'D', 'E'], dtype=object), 'text': array(['eat', 'hasten', 'antedate', 'bring forward', 'advance'],
      dtype=object)}",B,که تاسو کار ځنډوئ، نو د وخت پر ختمولو د څه غوښتنه وکړئ؟,"{""label"": [""A"", ""B"", ""C"", ""D"", ""E""], ""text"": [""خوړل"", ""چټک کول"", ""مخکې نیول"", ""مخکې راوستل"", ""پیشرفت""]}"
8d3dc21a53523850ec80771daaa5ff20,James wanted to find an old underground map from the 50s.  Where might he look for one?,underground map,"{'label': array(['A', 'B', 'C', 'D', 'E'], dtype=object), 'text': array(['library', 'subway station', ""county engineer's office"",
       'super market', 'home'], dtype=object)}",A,جېمز د پنځوستمي لسیزي د زړې ځمکنۍ نقشې لپاره  چرته لټه وکړي؟ ,"{""label"": [""A"", ""B"", ""C"", ""D"", ""E""], ""text"": [""کتابتون"", ""زیرزمینی تمځای"", ""د ولسوالۍ انجنیر دفتر"", ""سپر مارکېټ"", ""کور""]}"
a80ee7775e934c423012fe98e20ba28b,"Sean was in a rush to get home, but the light turned yellow and he was forced to do what?",rush,"{'label': array(['A', 'B', 'C', 'D', 'E'], dtype=object), 'text': array(['take time', 'dawdle', 'go slowly', 'ocean', 'slow down'],
      dtype=object)}",E,سین بیړه درلوده، خو اشاره ژیړه شو، نو څه یې وکړل؟,"{""label"": [""A"", ""B"", ""C"", ""D"", ""E""], ""text"": [""وخت نیول"", ""سستیدل"", ""ورو ورو تلل"", ""سمندر"", ""ورو کول""]}"
48a315cfa3ce11f7a9d615bc854331d5,Where would a person be doing when having to wait their turn?,wait turn,"{'label': array(['A', 'B', 'C', 'D', 'E'], dtype=object), 'text': array(['have patience', 'get in line', 'sing', 'stand in line',
       'turn left'], dtype=object)}",D,چيري چې یو کس د خپل وار انتظار کوي، هغه هلته څه کوي؟,"{""label"": [""A"", ""B"", ""C"", ""D"", ""E""], ""text"": [""صبر کول"", ""په قطار کې ولاړیدل"", ""غږیدل"", ""په قطار کې ولاړیدل"", ""چپ ته تلل""]}"
4acd496cc78d96c2431279a5fd87de7c,"She was always helping at the senior center, it brought her what?",helping,"{'label': array(['A', 'B', 'C', 'D', 'E'], dtype=object), 'text': array(['satisfaction', 'heart', 'feel better', 'pay', 'happiness'],
      dtype=object)}",E,د زړو خلکو مرکز کښې مرسته کول هغې ته څه راوړل؟,"{""label"": [""A"", ""B"", ""C"", ""D"", ""E""], ""text"": [""رضایت"", ""زړه"", ""ښه احساس کول"", ""تنخوا"", ""خوشحالي""]}"
91e0f4ab62c9d2fd440d73a3f5308d96,"The lock kept the steering wheel from moving, but the thief still took his chances and began to work on the what?",lock,"{'label': array(['A', 'B', 'C', 'D', 'E'], dtype=object), 'text': array(['keep cloesd', 'train', 'ignition switch', 'drawer', 'firearm'],
      dtype=object)}",C,تلالې څرخېدونکې پایه د تلو ونیوله، خو غله بیا هم جانس وکارو او خپل کار شروع کړو، د څه کار؟ ,"{""label"": [""A"", ""B"", ""C"", ""D"", ""E""], ""text"": [""بند ساتل"", ""قطار"", ""د اور اچولو سویچ"", ""دروازه"", ""تیر""]}"
b61e849e44db16a581f0b65e28ab95dc,Who is a police officer likely to work for?,police officer,"{'label': array(['A', 'B', 'C', 'D', 'E'], dtype=object), 'text': array(['beat', 'direct traffic', 'city', 'street', 'president'],
      dtype=object)}",C,یو پولیس افسر عموما د څه لپاره کار کوي؟,"{""label"": [""A"", ""B"", ""C"", ""D"", ""E""], ""text"": [""منطقه"", ""ټرافیک تنظیمول"", ""ښار"", ""کوڅه"", ""ولسمشر""]}"
ba6bd1bdef02d0ebfe5370f92365ae18,"If you have leftover cake, where would you put it?",cake,"{'label': array(['A', 'B', 'C', 'D', 'E'], dtype=object), 'text': array(['quandry', 'refrigerator', 'oven', 'night stand', 'bakery'],
      dtype=object)}",B,که تاسو کېک راواخلئ چرته به یه ږدئ؟ ,"{""label"": [""A"", ""B"", ""C"", ""D"", ""E""], ""text"": [""مشکل"", ""یخچال"", ""اوون"", ""شپه د سټنډ"", ""بیکري""]}"
dc55d473c22b04877b11d584f9548194,"A human wants to submerge himself in water, what should he use?",water,"{'label': array(['A', 'B', 'C', 'D', 'E'], dtype=object), 'text': array(['whirlpool bath', 'coffee cup', 'cup', 'soft drink', 'puddle'],
      dtype=object)}",A,یو څوک باید څه وکاروي چې په اوبو کې ډوب شي؟,"{""label"": [""A"", ""B"", ""C"", ""D"", ""E""], ""text"": [""د اوبو چورلکه"", ""کافي پیاله"", ""پیاله"", ""نرم مشروبات"", ""پول""]}"
113aaea2b1a27a976547f54e531d99bb,Where is a doormat likely to be in front of?,doormat,"{'label': array(['A', 'B', 'C', 'D', 'E'], dtype=object), 'text': array(['facade', 'front door', 'doorway', 'entrance porch', 'hallway'],
      dtype=object)}",B,د دروازې قالین عموماً چیرته ایښودل کېږي؟,"{""label"": [""A"", ""B"", ""C"", ""D"", ""E""], ""text"": [""مخ"", ""مخکینی دروازه"", ""دروازه"", ""د ننوتلو پله"", ""هال""]}"
ba640b9634ad6b4ad98b17b4f152e562,Bob the lizard lives in a warm place with lots of water.  Where does he probably live?,lizard,"{'label': array(['A', 'B', 'C', 'D', 'E'], dtype=object), 'text': array(['rock', 'tropical rainforest', 'jazz club', 'new mexico',
       'rocky places'], dtype=object)}",B,یو کربوړی چې په تود او لمده د اوبو په  ځای کې ژوند کوي،غالباً چیرته به وي؟,"{""label"": [""A"", ""B"", ""C"", ""D"", ""E""], ""text"": [""ډبره"", ""استوګنځی ځنګل"", ""جاز کلب"", ""نوې مکسیکو"", ""ډبرو ځایونه""]}"
750ebdf36a0b3b407be0fe2163e3700b,August needed  money because he was afraid that he'd be kicked out of his house.  What did he need money to do?,money,"{'label': array(['A', 'B', 'C', 'D', 'E'], dtype=object), 'text': array(['control people', 'pay bills', 'hurt people', 'buy food',
       'get things'], dtype=object)}",B,اګیست میاشتي ځکه پیسو ته اړتیا لرله چې هغه ډارېدو چې کور باندې خالي نه کړي، هغه به د څه پیسو ته ضرورت و؟ ,"{""label"": [""A"", ""B"", ""C"", ""D"", ""E""], ""text"": [""خلک کنټرول کړي"", ""بلونه ورکړي"", ""خلک زیانمن کړي"", ""خواړه واخلي"", ""شیان ترلاسه کړي""]}"
8f01273422a370a8dbda6bf473a395a0,"He needed more information to fix it, so he consulted the what?",information,"{'label': array(['A', 'B', 'C', 'D', 'E'], dtype=object), 'text': array(['chickens', 'google', 'newspaper', 'online', 'manual'],
      dtype=object)}",E,هغه ډېرو زیاتو معلوماتو ته اړتیا لرله، چې هغه مشاهده کړي هغه څه ته مراجعه وکړي؟ ,"{""label"": [""A"", ""B"", ""C"", ""D"", ""E""], ""text"": [""چرګان"", ""ګوګل"", ""اخبار"", ""انلاین"", ""لارښود""]}"
e6586bba9fe96d38792e6e6d4f2703dc,Where can you put a picture frame when it's not hung vertically?,picture,"{'label': array(['A', 'B', 'C', 'D', 'E'], dtype=object), 'text': array(['art show', 'wall', 'newspaper', 'car', 'table'], dtype=object)}",E,که عکس په دیوال نه ځړول کېږي، چیرته یې کېښودلائ شي؟,"{""label"": [""A"", ""B"", ""C"", ""D"", ""E""], ""text"": [""هنري نندارتون"", ""دیوال"", ""اخبار"", ""موټر"", ""میز""]}"
6e433471d0e2590b8c73ceef275022b1,James knew that he shouldn't have been buying beer for minors.  He didn't even get paid for it.  Why was this bad?,buying beer,"{'label': array(['A', 'B', 'C', 'D', 'E'], dtype=object), 'text': array(['lose money', 'fun', 'have no money', 'broken law', 'relaxation'],
      dtype=object)}",D,جیمز پوهېدو چې دی بيئر د نابالغه هلکانو لپاره نه شي اخستلئ ځکه هغه پیسې جمع نه کړې،  دا ولې بد وو؟ ,"{""label"": [""A"", ""B"", ""C"", ""D"", ""E""], ""text"": [""پیسې له لاسه ورکول"", ""خوند"", ""پیسې نلري"", ""قانون ماتول"", ""آرامي""]}"
1bc986f8aea88d6927d8a45367855a94,What is the result of applying for  job?,applying for job,"{'label': array(['A', 'B', 'C', 'D', 'E'], dtype=object), 'text': array(['anxiety and fear', 'increased workload', 'praise', 'less sleep',
       'being employed'], dtype=object)}",E,د کار لپاره غوښتنه کولو پایله څه ده؟,"{""label"": [""A"", ""B"", ""C"", ""D"", ""E""], ""text"": [""اضطراب او وېره"", ""کار بار زیاتیدل"", ""ستاینه"", ""کم خوب"", ""استخدام کیدل""]}"
8d1563697d751a364d688d6701ebdb39,What must someone do before they shop?,shop,"{'label': array(['A', 'B', 'C', 'D', 'E'], dtype=object), 'text': array(['get money', 'have money', 'bring cash', 'go to market',
       'bring cash'], dtype=object)}",A,د پیرودلو مخکې څه باید وشي؟,"{""label"": [""A"", ""B"", ""C"", ""D"", ""E""], ""text"": [""پیسې ترلاسه کړي"", ""پیسې ولري"", ""نغدي راوړل"", ""بازار ته لاړ شي"", ""نغدي راوړل""]}"
91f512273a2da7ae796919069b20d6cf,"Because John was first violin, he had to bring something important to work ever day. What did he need to bring to work?",first violin,"{'label': array(['A', 'B', 'C', 'D', 'E'], dtype=object), 'text': array(['music store', 'obesity', 'symphony orchestra', 'ochestra',
       'violin case'], dtype=object)}",E,ځکه جیمز اول ویلوین ږغونکی و، چې هره ورځ به یه کار ته څه مهم راوړو، آیا د ته د څه راوړلو اړتیا وه؟ ,"{""label"": [""A"", ""B"", ""C"", ""D"", ""E""], ""text"": [""موسیقي پلورنځی"", ""چاغوالی"", ""سمفوني ارکستر"", ""ارکستر"", ""ویولن کیس""]}"
49cda7eedbf63b3f38e59ba72f1ee1f9,What is a place that usually does not have an elevator and that sometimes has a telephone book?,telephone book,"{'label': array(['A', 'B', 'C', 'D', 'E'], dtype=object), 'text': array(['at hotel', 'kitchen', 'library', 'telephone booth', 'house'],
      dtype=object)}",E,هغه څنګه ځای وي، چې د ختلو لفټ نه وي، خو د ټیلېفون ډائرۍ پرته وي؟ ,"{""label"": [""A"", ""B"", ""C"", ""D"", ""E""], ""text"": [""په هوټل کې"", ""پخلنځی"", ""کتابتون"", ""ټلیفون بوت"", ""کور""]}"
a588407ecaecf0f30c2241c30b470fe2,Who is likely to be excited about a crab?,crab,"{'label': array(['A', 'B', 'C', 'D', 'E'], dtype=object), 'text': array(['fish market', 'pet shop', 'fishmongers', 'intertidal zone',
       'obesity'], dtype=object)}",C,څوک به د کوني کبر په لیدو خوشحاله شي؟,"{""label"": [""A"", ""B"", ""C"", ""D"", ""E""], ""text"": [""ماهی پلورنځی"", ""د پالتو حیواناتو پلورنځی"", ""ماهی پلورونکي"", ""د اوبو او ځمکې سیمه"", ""چاغوالی""]}"
011096bcfff30fd38046cf9db3a411c5,Where can a human find clothes that aren't pants?,human,"{'label': array(['A', 'B', 'C', 'D', 'E'], dtype=object), 'text': array(['pants shop', 'on planet earth', 'dress shop', 'school',
       'train wreck'], dtype=object)}",C,انسان چیرته کولی شي داسې جامې ومومي چې پتلون نه وي؟,"{""label"": [""A"", ""B"", ""C"", ""D"", ""E""], ""text"": [""پتلون پلورنځی"", ""د ځمکې په سیاره"", ""د لباس پلورنځی"", ""ښوونځی"", ""د ریل د خرابیدو ځای""]}"
435a728f45d32faa4b3c4553c966fd6b,"If I was getting drunk, and people couldn't understand me, what might I be having?",getting drunk,"{'label': array(['A', 'B', 'C', 'D', 'E'], dtype=object), 'text': array(['a seizure', 'slurred speech', 'death', 'forgetfulness',
       'pass out'], dtype=object)}",B,که زه نشه یم او خلک زما خبرې نه شي درک کولی، نو زه څه کوم؟ ,"{""label"": [""A"", ""B"", ""C"", ""D"", ""E""], ""text"": [""د نیولو حمله"", ""غږ کې خنډ"", ""مرګ"", ""هیرول"", ""بې هوشه کیدل""]}"
e953dee48c70159ad879143a319ec607,"When a person is beginning work, what are they building?",beginning work,"{'label': array(['A', 'B', 'C', 'D', 'E'], dtype=object), 'text': array(['time', 'accomplishing', 'working', 'momentum', 'tiredness'],
      dtype=object)}",D,کله چې یو څوک کار پیلوي، هغه څه سازه وي؟ ,"{""label"": [""A"", ""B"", ""C"", ""D"", ""E""], ""text"": [""وخت"", ""لاسته راوړنې"", ""کار کول"", ""مومینټم"", ""ستړیا""]}"
9c784727afd7176b54764055df7a7927,"A child wants to play, what would they likely want?",child,"{'label': array(['A', 'B', 'C', 'D', 'E'], dtype=object), 'text': array(['fall down', 'breathe', 'play tag', 'be dismembered by a chainsaw',
       'become adult'], dtype=object)}",C,که یو ماشوم لوبې کول غواړي، هغه به څه خوښه وي چې وکړي؟ ,"{""label"": [""A"", ""B"", ""C"", ""D"", ""E""], ""text"": [""پرېوتل"", ""ساه اخیستل"", ""ټاګ لوبه"", ""د زنجیر د تیغ لخوا ټوټه ټوټه کیدل"", ""بالغ کیدل""]}"
b47d912136e3304cb5e5890b6b879551,Talking to the same person about the same thing over and over again is something someone can what?,talking to,"{'label': array(['A', 'B', 'C', 'D', 'E'], dtype=object), 'text': array(['social life', 'friendship', 'eye contact', 'get tired of',
       'learn lessons from'], dtype=object)}",D,له یوه کس سره په یوه موضع په بیا بیا خبري کول به څه پایله ولري؟ ,"{""label"": [""A"", ""B"", ""C"", ""D"", ""E""], ""text"": [""اجتماعي ژوند"", ""دوستی"", ""د سترګو اړیکه"", ""ستړی کیدل"", ""له درسونو زده کړه""]}"
49b4c9e1bd7946a819e173ce8fa4c7c9,The teacher doesn't tolerate noise during a test in their what?,noise,"{'label': array(['A', 'B', 'C', 'D', 'E'], dtype=object), 'text': array(['movie theatre', 'bowling alley', 'factory', 'store', 'classroom'],
      dtype=object)}",E,استاد د ازموینې پر مهال چيري شور نه زغمي؟ ,"{""label"": [""A"", ""B"", ""C"", ""D"", ""E""], ""text"": [""د فلم تیاتر"", ""د بولینګ ځای"", ""کارخانه"", ""دوکان"", ""ښوونځی""]}"
950af0b765c298960ce3dada66df8db1,"The freeway had no traffic and few buildings, where is it?",freeway,"{'label': array(['A', 'B', 'C', 'D', 'E'], dtype=object), 'text': array(['california', 'countryside', 'big town', 'florida', 'america'],
      dtype=object)}",B,د فری وے ترافیک نه درلود او لږې ودانۍ وې، دا چیرته دی؟,"{""label"": [""A"", ""B"", ""C"", ""D"", ""E""], ""text"": [""کالیفورنیا"", ""کلیوالي سیمه"", ""لوی ښار"", ""فلوریډا"", ""امریکا""]}"
63cf1adb5fe302b9867ead8bc8103d0b,Where would you go if you wanted to have fun with a few people?,fun,"{'label': array(['A', 'B', 'C', 'D', 'E'], dtype=object), 'text': array(['watching television', 'good', 'cinema', ""friend's house"",
       'fairgrounds'], dtype=object)}",D,که تاسو غواړئ د څو خلکو سره خوند واخلئ، نو چیرته به لاړ شئ؟,"{""label"": [""A"", ""B"", ""C"", ""D"", ""E""], ""text"": [""تلویزیون کتل"", ""ښه"", ""سینما"", ""د ملګري کور"", ""د میلې میدان""]}"
ede4d302fc2ffe07703158f83c1493f2,"If there is a place that is hot and arid, what could it be?",hot,"{'label': array(['A', 'B', 'C', 'D', 'E'], dtype=object), 'text': array(['bland', 'lifeless', 'sandy', 'neutral', 'freezing'], dtype=object)}",B,که یوه سیمه ګرمه او وچه وي، نو دا چيری کیدی شي؟,"{""label"": [""A"", ""B"", ""C"", ""D"", ""E""], ""text"": [""بې خوند"", ""بې ژوند"", ""ریت لرونکې"", ""خنثی"", ""یخ""]}"
74ad13a03634e79c85382f1b90969b74,What is likely to satisfy someone's curiosity?,curiosity,"{'label': array(['A', 'B', 'C', 'D', 'E'], dtype=object), 'text': array(['hear news', 'read book', 'see favorite show', 'comedy show',
       'go somewhere'], dtype=object)}",A,څه شی د چا د تجسس قناعت کولو احتمال لري؟,"{""label"": [""A"", ""B"", ""C"", ""D"", ""E""], ""text"": [""خبرونه اوریدل"", ""کتاب لوستل"", ""خپل خوښ شوی شو لیدل"", ""کامیډي شو"", ""چیرته تلل""]}"
49e466b1782aa4837dae53ff891fcdee,If you are in a bar in a glove shaped state where are you?,bar,"{'label': array(['A', 'B', 'C', 'D', 'E'], dtype=object), 'text': array(['in my pocket', 'michigan', 'new york city', 'restaurant',
       'public house'], dtype=object)}",B,که تاسو په یوه د ګلوف په شکل ایالت کې یاست ، نو تاسو چیرته یاست؟,"{""label"": [""A"", ""B"", ""C"", ""D"", ""E""], ""text"": [""زما په جیب کې"", ""میشیګان"", ""نیو یارک ښار"", ""رستوران"", ""عامه کور""]}"
a8a8ae7792901c7179ff5538c701af1f,Where would a computer user be using their own computer?,computer user,"{'label': array(['A', 'B', 'C', 'D', 'E'], dtype=object), 'text': array(['hell', 'school', 'indoors', 'internet cafe', 'house'],
      dtype=object)}",E,یو کمپیوټر کاروونکی به چیرته خپل کمپیوټر وکاروي؟,"{""label"": [""A"", ""B"", ""C"", ""D"", ""E""], ""text"": [""دوزخ"", ""ښوونه"", ""کور دننه"", ""انټرنیټ کافه"", ""کور""]}"
2ffa3808ce26181926990b454e429c85,Crabs live in what sort of environment?,crab,"{'label': array(['A', 'B', 'C', 'D', 'E'], dtype=object), 'text': array(['maritime', 'bodies of water', 'saltwater', 'galapagos',
       'fish market'], dtype=object)}",C,کوني کمبر په کوم ډول چاپیریال کې ژوند کوي؟,"{""label"": [""A"", ""B"", ""C"", ""D"", ""E""], ""text"": [""سمندري"", ""اوبه"", ""مالګینې اوبه"", ""ګالاپاګوس"", ""ماهی پلور""]}"
4319eaa36d256a92b72445c0392f9c94,Where can you find a snake in tall grass?,snake,"{'label': array(['A', 'B', 'C', 'D', 'E'], dtype=object), 'text': array(['tree', 'in a jar', 'pet shops', 'feild', 'tropical forest'],
      dtype=object)}",D,چیرته تاسو کولی شئ په لوړو واښو کې یوه مار ومومئ؟,"{""label"": [""A"", ""B"", ""C"", ""D"", ""E""], ""text"": [""درخت"", ""په یوه جار کې"", ""پالتو دکانونه"", ""میدان"", ""استوایی ځنګل""]}"
ec79ef747bb89281923edb89ba26786d,What is a place that has a bench nestled in trees?,bench,"{'label': array(['A', 'B', 'C', 'D', 'E'], dtype=object), 'text': array(['state park', 'bus stop', 'bus depot', 'statue', 'train station'],
      dtype=object)}",A,کوم ځای دی چې په ونو په منځ کې یوه بنچ پروت وي؟ ,"{""label"": [""A"", ""B"", ""C"", ""D"", ""E""], ""text"": [""ایالت پارک"", ""بس تمځای"", ""بس ډیپو"", ""مجسمه"", ""ریل ګاډي تمځای""]}"
2d33cde5e3987adc8fa2bca0af4dd3dd,Where is a human likely to go as a result of being hungry?,being hungry,"{'label': array(['A', 'B', 'C', 'D', 'E'], dtype=object), 'text': array(['eat in restaurant', 'make bread', 'have lunch', 'cook dinner',
       'friends house'], dtype=object)}",A,یو انسان به د لوږې له امله چیرته لاړ شي؟,"{""label"": [""A"", ""B"", ""C"", ""D"", ""E""], ""text"": [""په رستوران کې خواړه"", ""ډوډۍ جوړول"", ""ناشتې کول"", ""ماښام ډوډۍ پخلی"", ""دوست کور""]}"
cc46d936bf69d69a3863b0cb85d75c17,He was beginning to regret taking the fight when he saw how what his opponent was?,regret,"{'label': array(['A', 'B', 'C', 'D', 'E'], dtype=object), 'text': array(['fun', 'joy', 'satisfaction', 'confident', 'pride'], dtype=object)}",D,هغه د جګړې د کولو په شروع کښې  پښېمانه شو کله چې یې ولیدل چې د هغه سیال څنګه دی؟,"{""label"": [""A"", ""B"", ""C"", ""D"", ""E""], ""text"": [""خوشحالي"", ""خوښي"", ""رضایت"", ""باور"", ""فخر""]}"
46bc1a50eeead10509a43a048e01194e,Where would you find a single shower curtain being used?,shower curtain,"{'label': array(['A', 'B', 'C', 'D', 'E'], dtype=object), 'text': array(['bathtub', 'washing area', 'hotel', 'shower stall',
       'department store'], dtype=object)}",A,چیرته تاسو کولی شئ یوه یواځې د لمبېدو په محال تپرده وکاروئ؟,"{""label"": [""A"", ""B"", ""C"", ""D"", ""E""], ""text"": [""بات tub"", ""د مینځلو سیمه"", ""هوټل"", ""شاور سټال"", ""د څانګې پلورنځی""]}"
4336a8c55b7cb17275d1c60206cd2f18,Where is a good idea but not required to have a fire extinguisher?,fire extinguisher,"{'label': array(['A', 'B', 'C', 'D', 'E'], dtype=object), 'text': array(['school bus', 'boat', 'house', 'hospital', 'school'], dtype=object)}",C,چیرته د اور د مړ کولو ماشین درلودل ښه نظر دی مګر اړین نه دی؟,"{""label"": [""A"", ""B"", ""C"", ""D"", ""E""], ""text"": [""د ښوونځي بس"", ""کشتي"", ""کور"", ""بیمارستان"", ""ښوونځی""]}"
a287575d3ba4b9f958536fc14a1f5b5a,What continent has the most castles?,castle,"{'label': array(['A', 'B', 'C', 'D', 'E'], dtype=object), 'text': array(['fairy tale', 'edinburgh', 'germany', 'europe', 'antarctica'],
      dtype=object)}",D,کوم براعظم تر ټولو ډیر قلعې لري؟,"{""label"": [""A"", ""B"", ""C"", ""D"", ""E""], ""text"": [""افسانوي"", ""ادینبرګ"", ""جرمني"", ""اروپا"", ""انټارکتیکا""]}"
f481dc35b0a97a20dc5cdfe1a59746e2,If you have to read a book that is very dry and long you may become what?,read book,"{'label': array(['A', 'B', 'C', 'D', 'E'], dtype=object), 'text': array(['have time', 'boring', 'learn new', 'enjoyable', 'bored'],
      dtype=object)}",E,که تاسو یو کتاب لولئ چې ډیر خسته کوونکی او اوږد وي، نو تاسو څه کوئ؟ ,"{""label"": [""A"", ""B"", ""C"", ""D"", ""E""], ""text"": [""وخت لرل"", ""خسته"", ""نوې زده کړه"", ""خوندور"", ""خسته شوی""]}"
c1c7a9efa379b8a7024a71cf364a144c,Sally used a clipboard to hold her papers while she read off names at the beginning of the day.  Where might she work?,clipboard,"{'label': array(['A', 'B', 'C', 'D', 'E'], dtype=object), 'text': array(['desk', 'windows 95', 'office supply store', 'see work', 'school'],
      dtype=object)}",E,سالي د ورځې په پیل کې د نومونو لوستلو پر مهال د خپلو کاغذونو د ساتلو لپاره یوه کلپ بورډ وکاروه. هغې چیرته کار کولی شو؟ ,"{""label"": [""A"", ""B"", ""C"", ""D"", ""E""], ""text"": [""میز"", ""ونډوز 95"", ""د دفتر د توکو پلورنځی"", ""کار ته کتنه"", ""ښوونه""]}"
821b32d39f57396979069b948030afe9,The kids didn't clean up after they had done what?,kids,"{'label': array(['A', 'B', 'C', 'D', 'E'], dtype=object), 'text': array(['learn things', 'play games', 'disneyland', 'play with toys',
       'talking'], dtype=object)}",D,ماشومان وروسته له دې چې څه وکړل، چې ځان نه شي پاکولئ؟ ,"{""label"": [""A"", ""B"", ""C"", ""D"", ""E""], ""text"": [""شیان زده کول"", ""لوبې کول"", ""ډیزني لینډ"", ""د لوبو سره لوبې کول"", ""خبرې کول""]}"
c68b4082a6872cf8198502651d0f3352,"Despite the name a pawn can be quite versatile, all the parts are important in a what?",pawn,"{'label': array(['A', 'B', 'C', 'D', 'E'], dtype=object), 'text': array(['chess game', 'scheme', 'chess set', 'checkers', 'north carolina'],
      dtype=object)}",A,د نوم سره سره، یوه پیاده کولی شي ډیر متنوع وي، ټولې برخې په څه کې مهمې دي؟,"{""label"": [""A"", ""B"", ""C"", ""D"", ""E""], ""text"": [""شطرنج لوبه"", ""پلان"", ""شطرنج سیټ"", ""چیکر"", ""شمالي کارولینا""]}"
dd11fea36d89aa09f9a6069545ba4c9c,What would not be true about a basketball if it had a hole in it but it did not lose its general shape?,basketball,"{'label': array(['A', 'B', 'C', 'D', 'E'], dtype=object), 'text': array(['punctured', 'popular in america', 'full of air', 'gone', 'round'],
      dtype=object)}",C,که چیرې د باسکټبال په یوه توپ کې یوه سوري وي، مګر دا خپل عمومي شکل له لاسه نه ورکوي، نو څه به غلط وي؟,"{""label"": [""A"", ""B"", ""C"", ""D"", ""E""], ""text"": [""سوري شوی"", ""په امریکا کې مشهور"", ""د هوا سره ډک"", ""تېر شوی"", ""ګرد""]}"
7792b2c6518ecf9775efba6d41253312,"If you are awaking multiple times throughout the night because a lot is on your mind, what is a likely cause?",awaking,"{'label': array(['A', 'B', 'C', 'D', 'E'], dtype=object), 'text': array(['irritability', 'depression', 'getting out of bed', 'happiness',
       'discomfort'], dtype=object)}",B,که تاسو د شپې په اوږدو کې څو ځله ویښ شئ ځکه چې ستاسو په ذهن کې ډیر څه وي، نو د دې څه لامل کېدائ شي؟ ,"{""label"": [""A"", ""B"", ""C"", ""D"", ""E""], ""text"": [""ناراحتي"", ""ډپریشن"", ""د بستر نه راوتل"", ""خوشالي"", ""نا آرامي""]}"
1feb4c2a0e8ed638259f5d27b16eae9a,Where does a wild bird usually live?,bird,"{'label': array(['A', 'B', 'C', 'D', 'E'], dtype=object), 'text': array(['cage', 'sky', 'countryside', 'desert', 'windowsill'], dtype=object)}",C,یو وحشي مرغی عموماً چیرته ژوند کوي؟,"{""label"": [""A"", ""B"", ""C"", ""D"", ""E""], ""text"": [""قفس"", ""اسمان"", ""کلی"", ""دښت"", ""د کړکۍ سر""]}"
2de08c7a518b7c226e19bdc8fc10ef1d,Where would you expect to find white mice?,mice,"{'label': array(['A', 'B', 'C', 'D', 'E'], dtype=object), 'text': array(['bell cat', 'bush', 'attic', 'countryside', 'laboratory'],
      dtype=object)}",E,تاسو چیرته د سپینو مږیو موندلو تمه لرئ؟,"{""label"": [""A"", ""B"", ""C"", ""D"", ""E""], ""text"": [""زنگي پیشو"", ""بوته"", ""چت"", ""کلی"", ""لبراتور""]}"
ea8664e77205224154f8519f922220e1,John felt that his actions were fate.   Harry said that he could have always made a different what?,fate,"{'label': array(['A', 'B', 'C', 'D', 'E'], dtype=object), 'text': array(['free will', 'choice', 'will', 'alcohol', 'freedom'], dtype=object)}",B,جان احساس کاوه چې د هغه عملونه مقدر دي. هري وویل چې هغه تل کولی شي یو مختلف څه وکړي؟,"{""label"": [""A"", ""B"", ""C"", ""D"", ""E""], ""text"": [""ازاد اراده"", ""انتخاب"", ""اراده"", ""الکول"", ""ازادي""]}"
a64d45cecde84fdcf5f0a79805a0c6fe,What could committing murder prevent someone from doing?,committing murder,"{'label': array(['A', 'B', 'C', 'D', 'E'], dtype=object), 'text': array(['go to jail', 'cry', 'find god', 'guilty conscience', 'problems'],
      dtype=object)}",C,د قتل کولو سره څه شی د چا د کولو مخه نیسي؟,"{""label"": [""A"", ""B"", ""C"", ""D"", ""E""], ""text"": [""زندان ته تلل"", ""ژړل"", ""خدای موندل"", ""ګناه احساس"", ""ستونزې""]}"
60e92cd2f35c345872d1a898e1718d55,"George didn't have a car, but he still had his two feet.   His socks were smelly and his soles were blistered, but that didn't matter.  He could still do what?",feet,"{'label': array(['A', 'B', 'C', 'D', 'E'], dtype=object), 'text': array(['michigan', 'walk', 'stay still', 'stink', 'hands'], dtype=object)}",B,جورج موټر نه درلود، خو لا هم یې خپلې دوه پښې درلودې. د هغه جرابې بد بوی وې او د هغه پښې د پړسوب سره وې، خو دا مهم نه و. هغه لا اوس هم څه کولای شو؟,"{""label"": [""A"", ""B"", ""C"", ""D"", ""E""], ""text"": [""میشیګان"", ""مزل"", ""په ځای پاتې کېدل"", ""بد بوی"", ""لاسونه""]}"
08f3c187908646997b9080c7e9ea7da4,A crane uses many a steel cable when working a what?,steel cable,"{'label': array(['A', 'B', 'C', 'D', 'E'], dtype=object), 'text': array(['abaft', 'ship', 'winch', 'construction site', 'building'],
      dtype=object)}",D,یو کرین د څه کار کولو پر مهال ډیری فولادي کیبلونه کاروي؟,"{""label"": [""A"", ""B"", ""C"", ""D"", ""E""], ""text"": [""د شاته"", ""کښتۍ"", ""وینچ"", ""د جوړونې ځای"", ""بنا""]}"
9aff72f0c480c2b4edde45bd2e7e4870,What is the main purpose of farmers?,farmers,"{'label': array(['A', 'B', 'C', 'D', 'E'], dtype=object), 'text': array(['raise cattle', 'grow corn', 'farm land', 'drive tractors',
       'supply food'], dtype=object)}",E,د بزګرانو اصلي هدف څه دی؟,"{""label"": [""A"", ""B"", ""C"", ""D"", ""E""], ""text"": [""مالونه روزل"", ""ذرت کرل"", ""کرنیزه ځمکه"", ""ټراکټر چلول"", ""خواړه چمتو کول""]}"
fd243c96edec5b1b8520d5bfeddc6622,Where can I put this penny to save for later?,penny,"{'label': array(['A', 'B', 'C', 'D', 'E'], dtype=object), 'text': array(['piggy bank', 'wallet', 'toy', 'ground', 'pocket'], dtype=object)}",A,زه دا پیسې چیرته کیښودم چې وروسته یه بیا وساتم؟,"{""label"": [""A"", ""B"", ""C"", ""D"", ""E""], ""text"": [""خرگوش بانک"", ""والټ"", ""لوبه"", ""ځمکه"", ""جیب""]}"
f5ec4fdfd0e37e733bfc1606b986f1e2,Where would you put uncooked crab meat?,crab,"{'label': array(['A', 'B', 'C', 'D', 'E'], dtype=object), 'text': array(['wharf', 'red lobster', 'tidepools', ""boss's office"", 'stew pot'],
      dtype=object)}",E,تاسو اوم کوني کمبر چیرته کیښودل غواړئ؟,"{""label"": [""A"", ""B"", ""C"", ""D"", ""E""], ""text"": [""بندر"", ""سرخ لابستر"", ""د سمندر څنډې"", ""د رئیس دفتر"", ""د پخلي کاسه""]}"
e3c6d147f8a727d314046e70e9579ba0,"The man had a fear of illness, so he never visited friends who were a what?",illness,"{'label': array(['A', 'B', 'C', 'D', 'E'], dtype=object), 'text': array(['sick person', 'hospital', 'elderly person', 'graveyard',
       ""doctor's office""], dtype=object)}",A,مرد د ناروغۍ څخه ویره درلوده، نو هغه هیڅکله هغو ملګرو ته نه تلل چې څه وو؟,"{""label"": [""A"", ""B"", ""C"", ""D"", ""E""], ""text"": [""ناروغ شخص"", ""بیمارستان"", ""زوړ شخص"", ""قبرستان"", ""د ډاکټر دفتر""]}"
8ce13c6e08bf38d4cd4af756b661e47c,Where would you put pans if you want to bring them with you?,pans,"{'label': array(['A', 'B', 'C', 'D', 'E'], dtype=object), 'text': array(['cooking', 'cook food', 'kitchen', 'backpack', 'drawer'],
      dtype=object)}",D,که تاسو غواړئ چې قلمونه له ځان سره یوسئ، نو تاسو به هغوی چیرته کیښودئ؟,"{""label"": [""A"", ""B"", ""C"", ""D"", ""E""], ""text"": [""پخلی"", ""خواړه پخول"", ""پخلنځی"", ""بیک پیک"", ""دروازه""]}"
0f4159e80f8dbf682819215bbf0f5b5a_1,"If you're remembering something, it's because of your what of it to begin with?",remembering,"{'label': array(['A', 'B', 'C', 'D', 'E'], dtype=object), 'text': array(['knowledge', 'knowing', 'forgetful', 'pleasure', 'depression'],
      dtype=object)}",B,که تاسو څه یادوئ، نو دا له څه امله دی؟,"{""label"": [""A"", ""B"", ""C"", ""D"", ""E""], ""text"": [""پوهه"", ""پوهیدل"", ""هیرونکی"", ""خوشحالي"", ""ډیپریشن""]}"
1a8b3c2a46efabcbd506f9cf70886ed0,Which large land mass is home to the most monkeys?,monkey,"{'label': array(['A', 'B', 'C', 'D', 'E'], dtype=object), 'text': array(['amazon basin', ""friend's house"", 'lift number 3',
       'research laboratory', 'african continent'], dtype=object)}",E,کومه لویه ځمکه د ډېرو بیزوګیانو کور دی؟,"{""label"": [""A"", ""B"", ""C"", ""D"", ""E""], ""text"": [""امازون حوض"", ""د ملګري کور"", ""لپاره ۳"", ""تحقیقي لابراتور"", ""افریقا قاره""]}"
db0cfd52ca6b2bbfcf26d1a898fd929b,Friday was James's 5th Anniversary.  They planned on going to bed early so that they could spend a long time doing what?,going to bed,"{'label': array(['A', 'B', 'C', 'D', 'E'], dtype=object), 'text': array(['rest', 'insomnia', 'making love', 'sleeping in', 'texting'],
      dtype=object)}",C,جمعه د جیمز پنځم کلیزه وه. هغه پلان درلود چې ژر ویده شي ترڅو اوږد وخت څه وکړي؟,"{""label"": [""A"", ""B"", ""C"", ""D"", ""E""], ""text"": [""استراحت"", ""بې خوبۍ"", ""مینه کول"", ""ویده کیدل"", ""پیغام لیږل""]}"
400fb2e196e71abb70e5b3f9aab4b9ee,"The teens were trying to hide that they get drink, but when they walked in the door their what gave it away?",get drunk,"{'label': array(['A', 'B', 'C', 'D', 'E'], dtype=object), 'text': array(['health', 'fall down', 'stagger', 'get arrested', 'vomit'],
      dtype=object)}",C,ځوانانو هڅه کوله چې پټ کړي چې دوی څښاک کوي، مګر کله چې دوی دروازې ته ننووتل، د دوی څه شی دا څرګند کړ؟,"{""label"": [""A"", ""B"", ""C"", ""D"", ""E""], ""text"": [""صحت"", ""لاندې کېدل"", ""لرزه"", ""نیول کېدل"", ""استفراغ""]}"
3fb36127a61903029a363911a1d2b1e9_1,You'll find a landing at the top of what?,landing,"{'label': array(['A', 'B', 'C', 'D', 'E'], dtype=object), 'text': array(['ocean', 'apartment building', 'stairwell', 'airport', 'room'],
      dtype=object)}",C,تاسو به د څه په سر کې یوه کښته ومومئ؟,"{""label"": [""A"", ""B"", ""C"", ""D"", ""E""], ""text"": [""سمندر"", ""اپارتمان"", ""پله"", ""هوایي ډګر"", ""کوټه""]}"
8494b0b95533dcedbd76ae2916c481d4,"Anybody could be hired in the kitchen, what was needed of them?",anybody,"{'label': array(['A', 'B', 'C', 'D', 'E'], dtype=object), 'text': array(['forget', 'oil squeaky hinge', 'question authority', 'wash dishes',
       'oik squeaky hinge'], dtype=object)}",D,هر څوک کولی شي په پخلنځي کې استخدام شي، دوی ته څه اړتیا وه؟,"{""label"": [""A"", ""B"", ""C"", ""D"", ""E""], ""text"": [""هیرول"", ""تیل squeaky hinge"", ""مقاماتو ته پوښتنه کول"", ""پلاستیکونه مینځل"", ""oik squeaky hinge""]}"
1531f1523f5fd24bbdb42c311dbf90e8,Where can you find a number of wind instruments together in public?,wind instrument,"{'label': array(['A', 'B', 'C', 'D', 'E'], dtype=object), 'text': array(['music store', 'create music', 'zoo', 'music room', 'symphony'],
      dtype=object)}",E,چیرته تاسو کولی شئ د عامه ځای کې د هوا الاتو یوه شمیره ومومئ؟,"{""label"": [""A"", ""B"", ""C"", ""D"", ""E""], ""text"": [""موسیقي پلورنځی"", ""موسیقي جوړول"", ""زoo"", ""موسیقي خونه"", ""سمفوني""]}"
716ce4404a84b42dd64e561390c4b53b,A mountie got off at a subway stop.  What city might he be in?,subway stop,"{'label': array(['A', 'B', 'C', 'D', 'E'], dtype=object), 'text': array(['urban area', 'metropolis', 'chicago', 'new york city', 'toronto'],
      dtype=object)}",E,یو پولیس د مترو په تمځای کې ښکته شو. هغه ممکن په کوم ښار کې وي؟,"{""label"": [""A"", ""B"", ""C"", ""D"", ""E""], ""text"": [""ښاري سیمه"", ""مېټروپولیس"", ""شیکاګو"", ""نیو یارک ښار"", ""تورونټو""]}"
5169f7ae0781b15161551de3a189ebef,What do you want someone to do when you illustrate point?,illustrate point,"{'label': array(['A', 'B', 'C', 'D', 'E'], dtype=object), 'text': array(['did not understand', 'accepting', 'make clear', 'understood',
       'understanding'], dtype=object)}",E,کله چې خپل وار ته انتظار کوئ، څه کوئ؟,"{""label"": [""A"", ""B"", ""C"", ""D"", ""E""], ""text"": [""نه پوهیدل"", ""منل"", ""روښانه کول"", ""پوهیدل"", ""پوهیدنه""]}"
ef22ef7aeec70aaa688720f805c1cf38,Billy set aside a block of time for having fun after work. Why might he do this?,having fun,"{'label': array(['A', 'B', 'C', 'D', 'E'], dtype=object), 'text': array(['happiness', 'stress relief', 'pleasure', 'ocean', 'may laugh'],
      dtype=object)}",B,بیلي د کار وروسته د تفریح لپاره د وخت یوه بلاک ځانګړی کړی. هغه ممکن دا ولې وکړي؟,"{""label"": [""A"", ""B"", ""C"", ""D"", ""E""], ""text"": [""خوشحالي"", ""ذهنی فشار کمول"", ""خوشي"", ""سمندر"", ""مېخندل""]}"
514310637fb43a252bfadc8cbf79b277,"The man in the white suit was very lazy.  He did nothing useful.  Meanwhile, the ban in the blue had put in effort and was very what?",lazy,"{'label': array(['A', 'B', 'C', 'D', 'E'], dtype=object), 'text': array(['restless', 'active', 'lazybutt', 'productive', 'hard work'],
      dtype=object)}",D,سپین سوټ کې سړی ډیر سست و. هغه هیڅ ګټور کار نه کاوه. په ورته وخت کې، نیلي سوټ کې سړی هڅه کړې وه او ډیر څه و؟,"{""label"": [""A"", ""B"", ""C"", ""D"", ""E""], ""text"": [""بې قراره"", ""فعال"", ""سست"", ""محصولي"", ""سخت کار""]}"
9370b2b0897b796dec4a40f107854c8d,What would you be unable to do if you have too much greed?,greed,"{'label': array(['A', 'B', 'C', 'D', 'E'], dtype=object), 'text': array(['keep things', 'make friends', 'play poker', 'conquer opponent',
       'lie'], dtype=object)}",B,که تاسو ډیر طمع ولرئ، تاسو به څه نشئ کولی؟,"{""label"": [""A"", ""B"", ""C"", ""D"", ""E""], ""text"": [""شیان ساتل"", ""دوستان جوړول"", ""پوکرو لوبول"", ""سیالۍ ته تسلط"", ""درغلي""]}"
49902e768c45aa41a0f9f95be81114e5,"It was a long trip from the farm, so he stayed in a hotel when he arrived at the what?",hotel,"{'label': array(['A', 'B', 'C', 'D', 'E'], dtype=object), 'text': array(['bed away from home', 'wwii bunker', 'resort', 'las vegas', 'city'],
      dtype=object)}",E,دا د فارم څخه اوږده سفر و، نو هغه په هوټل کې پاته شو، کله کوم ځای ته ورسېدو؟ ,"{""label"": [""A"", ""B"", ""C"", ""D"", ""E""], ""text"": [""د کور نه لرونکی بستر"", ""WWII پناه ځای"", ""ریsort"", ""لاس ویګاس"", ""ښار""]}"
e1f90cd664a6b150291e6d8444d85c54,I did not need a servant.  I was not a what?,servant,"{'label': array(['A', 'B', 'C', 'D', 'E'], dtype=object), 'text': array(['freedom', 'rich person', 'hired help', 'in charge', 'busy'],
      dtype=object)}",B,هغه خدمتګار ته اړتیا نه لري، زه یه څه ته نه لرم؟,"{""label"": [""A"", ""B"", ""C"", ""D"", ""E""], ""text"": [""ازادي"", ""شتمند"", ""استخدام شوی مرسته"", ""مسئول"", ""مصروف""]}"
320ec9b68fdefe13d59cc8b628083790,How would you get from one side of a canal to another?,canal,"{'label': array(['A', 'B', 'C', 'D', 'E'], dtype=object), 'text': array(['michigan', 'amsterdam', 'venice', 'bridge', 'barges to travel on'],
      dtype=object)}",D,تاسو څنګه کولی شئ چې د کاریز د یوې غاړې نه بلې غاړې ته ولاړ شئ؟ ,"{""label"": [""A"", ""B"", ""C"", ""D"", ""E""], ""text"": [""میشیګان"", ""امستردام"", ""وینس"", ""پل"", ""د سفر لپاره بارجونه""]}"
964185aed0e381853332bca1a4d91f46,"When learning about the world and different cultures, what is important if you are committed to eliminating preconceived notions",learning about world,"{'label': array(['A', 'B', 'C', 'D', 'E'], dtype=object), 'text': array(['newness', 'loss of innocence', 'enlightenment', 'open mind',
       'smartness'], dtype=object)}",D,کله چې د نړۍ او مختلفو کلتورونو په اړه زده کړه کوئ، څه مهم دي که تاسو د مخکې نه موجود نظریاتو له منځه وړلو ته ژمن یاست؟,"{""label"": [""A"", ""B"", ""C"", ""D"", ""E""], ""text"": [""نوښت"", ""بې ګناهۍ له لاسه ورکول"", ""روشنفکري"", ""پرانیستې ذهن"", ""هوښیاري""]}"
db8e010754c532d78635e5b7cf81a147,"An underrated thing about computers is how they manage workflow, at one time it was a big deal when they could first do what?",computers,"{'label': array(['A', 'B', 'C', 'D', 'E'], dtype=object), 'text': array(['share files', 'do arithmetic', 'turn on', 'cost money',
       'multitask'], dtype=object)}",E,د کمپیوټرونو په اړه یوه کم ارزښته موضوع دا ده چې څنګه د کار بهیر اداره کوي، په یوه وخت کې دا یوه لویه خبره وه کله چې دوی لومړی څه کولی شول؟,"{""label"": [""A"", ""B"", ""C"", ""D"", ""E""], ""text"": [""فایلونه شریکول"", ""حساب کول"", ""چالانیدل"", ""پیسې لګول"", ""یوځای کار کول""]}"
998381f854f51da2a6ccde45909e5168,Obstructing justice is sometimes an excuse used for police brutality which causes what in people?,obstructing justice,"{'label': array(['A', 'B', 'C', 'D', 'E'], dtype=object), 'text': array(['committing perjury', 'prosecution', 'attack', 'getting hurt',
       'riot'], dtype=object)}",D,عدالت ته خنډ اچول کله ناکله د پولیسو د ظلم لپاره یوه بهانه وي چې په خلکو کې څه رامنځته کوي؟,"{""label"": [""A"", ""B"", ""C"", ""D"", ""E""], ""text"": [""د درغلي کولو مرتکب کیدل"", ""محاکمه"", ""حمله"", ""زخمي کیدل"", ""شور""]}"
bc38ad28e99cff7a65771233f734a007,While washing clothes they became what when caught on the sharp object?,washing clothes,"{'label': array(['A', 'B', 'C', 'D', 'E'], dtype=object), 'text': array(['damaged', 'wet clothes', 'wear out', 'torn', 'have fun'],
      dtype=object)}",D,د جامو د مینځلو پر مهال کله چې د تیز څيز سره نیول کیږي، په دوی څه کیږي؟,"{""label"": [""A"", ""B"", ""C"", ""D"", ""E""], ""text"": [""زیانمن"", ""لوند جامې"", ""پیرودل"", ""پاره شوي"", ""خوشحاله کیدل""]}"
e3949997bf9d02048cfa5d8dd0f287aa,Seafood restaurants are used to draw tourists where?,seafood restaurant,"{'label': array(['A', 'B', 'C', 'D', 'E'], dtype=object), 'text': array(['maine', 'shoe shop', 'city', 'boston', 'coastal cities'],
      dtype=object)}",E,د سمندري خواړو رستورانتونه د سیلانیانو د جذب لپاره چیرته کارول کیږي؟,"{""label"": [""A"", ""B"", ""C"", ""D"", ""E""], ""text"": [""مین"", ""د بوټانو دوکان"", ""ښار"", ""بوسټن"", ""ساحلي ښارونه""]}"
a7d51b753c2113d8b2dbd0ebb5375855,James's nice asked him about her grandfather. She was interested in learning about what?,niece,"{'label': array(['A', 'B', 'C', 'D', 'E'], dtype=object), 'text': array(['family tree', 'family reunion', 'babysitting', ""brother's house"",
       'heirlooms'], dtype=object)}",A,د جیمز خاله له هغه څخه د خپل نیکه په اړه پوښتنه وکړه. هغې د څه په اړه زده کړه کولو کې دلچسپي درلوده؟,"{""label"": [""A"", ""B"", ""C"", ""D"", ""E""], ""text"": [""د کورنۍ ونې"", ""د کورنۍ غونډه"", ""بچۍ ساتل"", ""د ورور کور"", ""وراثتي شیان""]}"
3e4b326aff96e9adbb52ba18cfa877b2,James looked up and saw the start twinkling in the black yonder.  He marveled the sheer number of them and the size of what?,stars,"{'label': array(['A', 'B', 'C', 'D', 'E'], dtype=object), 'text': array(['universe', 'orbit', 'night sky', 'outer space', 'his wallet'],
      dtype=object)}",A,جیمز پورته وکتل او په تور آسمان کې یه ستوري ولیدل. هغه د هغوی د شمېر او د څه اندازې په اړه حیران شو؟,"{""label"": [""A"", ""B"", ""C"", ""D"", ""E""], ""text"": [""کائنات"", ""مدار"", ""شپه آسمان"", ""بهرنی فضا"", ""د هغه بوجی""]}"
5ac83e9e6fa9851ad3cccb0d57c1d88f,What would encourage someone to continue playing tennis?,playing tennis,"{'label': array(['A', 'B', 'C', 'D', 'E'], dtype=object), 'text': array(['becoming tired', 'tennis elbow', 'exercise', 'hunger', 'victory'],
      dtype=object)}",E,څه څيز به یو څوک د ټینس لوبه کولو ته هڅوي؟,"{""label"": [""A"", ""B"", ""C"", ""D"", ""E""], ""text"": [""ستړی کیدل"", ""ټینس مرفق"", ""ورزش"", ""لوږه"", ""بریا""]}"
2c0030cc14a27be2401dcfdaa501f0fc,James found the sound relaxing.   It was so relaxing he almost did what despite his efforts?,relaxing,"{'label': array(['A', 'B', 'C', 'D', 'E'], dtype=object), 'text': array(['deep breathing', 'worried', 'fall asleep', 'invigorating',
       'feeling good'], dtype=object)}",C,جیمز د غږ د آرامۍ احساس وکړ. دا دومره آرام و چې هغه تقریباً څه وکړل، سره له دې چې هڅه یې کوله؟,"{""label"": [""A"", ""B"", ""C"", ""D"", ""E""], ""text"": [""ژور تنفس"", ""اندیښنه"", ""خواب ته تلل"", ""انرژي بخښونکی"", ""ښه احساس کول""]}"
feb83263e6be392351db0794004efc3f,What regions of a town would you have found a dime store?,dime store,"{'label': array(['A', 'B', 'C', 'D', 'E'], dtype=object), 'text': array(['commercial building', 'old movie', 'small neighborhood', 'past',
       'mall'], dtype=object)}",C,د ښار کومې سیمې کې به تاسو د یوه دایم سټور موندلئ شئ؟ ,"{""label"": [""A"", ""B"", ""C"", ""D"", ""E""], ""text"": [""تجارتي ودانۍ"", ""زړې فلم"", ""کوچنی ګاونډ"", ""تاریخ"", ""مال""]}"
80697d599280d994d8a584c95824ef1f,Where might an unused chess set be stored?,chess set,"{'label': array(['A', 'B', 'C', 'D', 'E'], dtype=object), 'text': array(['toy store', 'michigan', 'living room', 'attic', 'cupboard'],
      dtype=object)}",E,چیرته ممکنه ده چې یوه نه کارول شوې شطرنج سیټ وساتل شي؟,"{""label"": [""A"", ""B"", ""C"", ""D"", ""E""], ""text"": [""د لوبو دوکان"", ""میشیګان"", ""د اوسیدو خونه"", ""چت"", ""کابینه""]}"
3c1800e7dd96d37fdd3c51b9fe502342,"james told his son to settle down and be careful.  There were many frogs mating in the area, and James didn't want his son to do what to them?",settle,"{'label': array(['A', 'B', 'C', 'D', 'E'], dtype=object), 'text': array(['wander', 'migrate', 'scare', 'disturb', 'agitate'], dtype=object)}",D,جیمز خپل زوی ته وویل چې آرام شي او احتیاط وکړي. په دې سیمه کې ډیرې چونګښکي د زنا کولو په حال کې وې، او جیمز نه غوښتل چې زوی یې څه ورسره وکړي؟,"{""label"": [""A"", ""B"", ""C"", ""D"", ""E""], ""text"": [""لیدل"", ""مهاجرت"", ""ویریدل"", ""خلل"", ""خوشې کول""]}"
4da33e6f4b789776acb1bc10195baa83,"A man wants air conditioning while we watches the game on Saturday, where will it likely be installed?",air conditioning,"{'label': array(['A', 'B', 'C', 'D', 'E'], dtype=object), 'text': array(['car', 'house', 'offices', 'park', 'movie theatre'], dtype=object)}",B,یو سړی غواړي چې د لوبې په لیدو کې د هوا یخونکی ولري، ځکه مونږ د خالي په ورځ لوبه ګورو دا به چیرته نصب شي؟,"{""label"": [""A"", ""B"", ""C"", ""D"", ""E""], ""text"": [""موټر"", ""کور"", ""دفترونه"", ""پارک"", ""فلم تیاتر""]}"
ae038e9af9d5a511ada7456b5e73b15e,What could be playing a balailaika?,balalaika,"{'label': array(['A', 'B', 'C', 'D', 'E'], dtype=object), 'text': array(['movie dr', 'orchestra', 'music store', 'cat', 'symphony'],
      dtype=object)}",B,څه شی به ممکنه وي چې بالایلايکا الات وږغوي؟ ,"{""label"": [""A"", ""B"", ""C"", ""D"", ""E""], ""text"": [""فلم ډاکټر"", ""اوریسترا"", ""موسیقي دوکان"", ""پیشو"", ""سمفوني""]}"
a400b9fd1e319f901471c4b42d401c52,"Sailors drive many different types of boats, what type of boat involves their namesake.",sailor,"{'label': array(['A', 'B', 'C', 'D', 'E'], dtype=object), 'text': array(['coming home', 'row boat', 'board ship', 'inflatable raft',
       'sail boat'], dtype=object)}",E,سمندري جالاوان مختلف ډولونو کښتۍ چلوي، کوم ډول کښتۍ د دوی نوم سره تړاو لري؟,"{""label"": [""A"", ""B"", ""C"", ""D"", ""E""], ""text"": [""کور ته راتلل"", ""د کښتۍ کښت"", ""کشتي ته ختل"", ""نفوذی رافت"", ""بادبان کښتۍ""]}"
9dffd2021771e0ecddb19031acf3701b,Where could a person avoid the rain?,person,"{'label': array(['A', 'B', 'C', 'D', 'E'], dtype=object), 'text': array(['bus stop', 'tunnel', 'synagogue', 'fairy tale', 'street corner'],
      dtype=object)}",C,چیرته ممکنه ده چې یو کس د باران څخه مخنیوی وکړي؟,"{""label"": [""A"", ""B"", ""C"", ""D"", ""E""], ""text"": [""بس تمځای"", ""تونل"", ""سیناګوګ"", ""افسانه"", ""کوڅه""]}"
3730c646fdf54472ab873aac9ff7852e,Why would a person like to have a large house?,person,"{'label': array(['A', 'B', 'C', 'D', 'E'], dtype=object), 'text': array(['have choice', 'mentally challenged', 'own house', 'obesity',
       'lots of space'], dtype=object)}",E,ولې یو سړی غواړي چې لوی کور ولري؟,"{""label"": [""A"", ""B"", ""C"", ""D"", ""E""], ""text"": [""اختیار ولري"", ""ذهنی چلنج"", ""خپل کور"", ""چاقي"", ""ډیر ځای""]}"
175e7dcdded13d5adafaebf2264c3abd,Where will a cheap book be found?,book,"{'label': array(['A', 'B', 'C', 'D', 'E'], dtype=object), 'text': array(['bookstore', 'classroom', 'discount store', 'school room',
       'bedside table'], dtype=object)}",C,چیرته به یو ارزانه کتاب پيدا شي؟,"{""label"": [""A"", ""B"", ""C"", ""D"", ""E""], ""text"": [""کتاب پلورنځی"", ""درسي خونه"", ""تخفیف سټور"", ""ښوونځي"", ""د بستر میز""]}"
11d7db1d8e1cff2f40d4184f15cf7ae7,John and James are idiots. They bought two tickets to the Falcons vs the Jets even though neither wanted to see the what?,idiots,"{'label': array(['A', 'B', 'C', 'D', 'E'], dtype=object), 'text': array(['internet cafe', 'sporting event', 'pressing wrong buttons',
       'obesity', 'hockey game'], dtype=object)}",B,جان او جیمز احمق دي. دوی د فالکنز او جیټس ترمنځ دوه ټکټونه اخیستي، سره له دې چې هیڅ یو یې نه غوښتل چې وه یه وګوري؟,"{""label"": [""A"", ""B"", ""C"", ""D"", ""E""], ""text"": [""انټرنیټ کافه"", ""ورزشي پیښه"", ""غلط تڼۍ فشارول"", ""چاغوالی"", ""هاکي لوبه""]}"
08db69edf0ec5848c1a53dca8fc1601a,James noticed that his penis was bigger. .  How might he act toward his plastic surgeon?,bigger,"{'label': array(['A', 'B', 'C', 'D', 'E'], dtype=object), 'text': array(['accidental', 'detestable', 'effusive', 'enabled', 'apathetic'],
      dtype=object)}",C,جیمز ولیدل چې د هغه غېڼ در اندازې نه لوی شوې. هغه ممکن د خپل پلاستیک جراح په وړاندې څنګه عمل وکړي؟,"{""label"": [""A"", ""B"", ""C"", ""D"", ""E""], ""text"": [""تصادفي"", ""نفرت انگیز"", ""شوقي"", ""توانمند"", ""بې پروا""]}"
855ab6ba47f6311104c4d29e24ef0234,Who do professors work with?,professors,"{'label': array(['A', 'B', 'C', 'D', 'E'], dtype=object), 'text': array(['methods of facts', 'teach courses', 'wear wrinkled tweed jackets',
       'school students', 'state facts'], dtype=object)}",D,پروفېسران له چا سره کار کوي؟,"{""label"": [""A"", ""B"", ""C"", ""D"", ""E""], ""text"": [""د حقایقو میتودونه"", ""درسونه ورکول"", ""د چینج شوي ټوکرۍ جاکټونه اغوستل"", ""ښوونځي زده کوونکي"", ""حقایق بیانول""]}"
7ec11eeca4221795c117943ca2639e86,Colorful anemone look somewhat like what object you find on window sills?,anemone,"{'label': array(['A', 'B', 'C', 'D', 'E'], dtype=object), 'text': array(['intertidal zone', 'coral sea', 'under water', 'flower bed',
       'florida keys'], dtype=object)}",D,رنګین انیمون د کوم شی سره ورته ښکاري چې تاسو یې د کړکیو په سلو کې مومئ؟,"{""label"": [""A"", ""B"", ""C"", ""D"", ""E""], ""text"": [""د سمندر ساحه"", ""مرجان سمندر"", ""د اوبو لاندې"", ""ګلونه"", ""فلوریډا کیز""]}"
e9389b08fdd17f14b148d498d6ff4dfe,From where do aliens arrive?,aliens,"{'label': array(['A', 'B', 'C', 'D', 'E'], dtype=object), 'text': array(['outer space', 'weekly world news', 'roswell', 'universe', 'mars'],
      dtype=object)}",A,پردي له کوم ځایه راځي؟,"{""label"": [""A"", ""B"", ""C"", ""D"", ""E""], ""text"": [""بهرنی فضا"", ""هفتېنۍ نړیوالې خبرونه"", ""روزویل"", ""کائنات"", ""مریخ""]}"
afa2899cc21e204fa64e63e7839e8c1e,"The hikers stopped to have a drink, simply put they what?",drink,"{'label': array(['A', 'B', 'C', 'D', 'E'], dtype=object), 'text': array(['had a party', 'were thirsty', 'refreshment', 'getting drunk',
       'celebrating'], dtype=object)}",B,د غرو کتونکي د څښاک لپاره ودریدل، په ساده ډول دوی څه وکړل؟,"{""label"": [""A"", ""B"", ""C"", ""D"", ""E""], ""text"": [""جشن ولمانځل"", ""تږی وو"", ""تازه کول"", ""شراب څښل"", ""جشن نیول""]}"
f898eb5b789d2dc6804edba269f051f0,When you get up in the morning before you begin work you should do what?,begin work,"{'label': array(['A', 'B', 'C', 'D', 'E'], dtype=object), 'text': array(['apply for job', 'sleep', 'concentrate', 'shower', 'just do'],
      dtype=object)}",D,کله چې تاسو سهار له بستر څخه پورته شئ، مخکې له دې چې کار پیل کړئ، تاسو باید څه وکړئ؟,"{""label"": [""A"", ""B"", ""C"", ""D"", ""E""], ""text"": [""دندې ته غوښتنه وکړئ"", ""خواب"", ""تمرکز وکړئ"", ""شاور وکړئ"", ""یوازې وکړئ""]}"
7ed7379fc51fd35a47be022f6c56ce51,"The kitten had nothing to dig it's claws into, so when it tried to stop it slid across what?",kitten,"{'label': array(['A', 'B', 'C', 'D', 'E'], dtype=object), 'text': array(['living room', 'floor', 'warm place', 'carpet', 'farmhouse'],
      dtype=object)}",B,پشوګۍ هیڅ شی نه درلود چې خپلې پښې پرې ونیسي، نو کله چې یې هڅه وکړه چې ودریږي، دا په څه باندې سرخلاصه شوه؟,"{""label"": [""A"", ""B"", ""C"", ""D"", ""E""], ""text"": [""د اوسیدو خونه"", ""فرش"", ""تود ځای"", ""کالین"", ""کرنیز کور""]}"
15798a23ee6952fedd6d202064069126,If a person is trying to keep something in their hand what should they do?,person,"{'label': array(['A', 'B', 'C', 'D', 'E'], dtype=object), 'text': array(['complete collection', 'own house', 'procrastinate', 'explode',
       'have to hold'], dtype=object)}",E,که یو کس هڅه کوي چې څه شی په خپل لاس کې وساتي، نو باید څه وکړي؟,"{""label"": [""A"", ""B"", ""C"", ""D"", ""E""], ""text"": [""مکمل ټولګه"", ""خپل کور"", ""پرته له ځنډ"", ""انفجار"", ""نیول اړین دي""]}"
273d0134e8ce53d4ebcf41ca7fde02af,Where could you find hundreds of thousands of home?,home,"{'label': array(['A', 'B', 'C', 'D', 'E'], dtype=object), 'text': array(['field', 'neighborhood', 'star can', 'city or town',
       'apartment building'], dtype=object)}",D,تاسو چیرته کولی شئ چې لګونه زره کور ومومئ؟,"{""label"": [""A"", ""B"", ""C"", ""D"", ""E""], ""text"": [""کروندې"", ""ناحیه"", ""ستاره کین"", ""ښار یا کلي"", ""اپارتمان ودانۍ""]}"
2f0931adc3d0d422d9ab6264395e89d8,"Playing baseball is a lot like any other sport, there is always a risk of what?",playing baseball,"{'label': array(['A', 'B', 'C', 'D', 'E'], dtype=object), 'text': array(['sore muscles', 'errors', 'happiness', 'injury', 'fun'],
      dtype=object)}",D,بیس بال لوبول د نورو سپورټونو په څیر دی، تل د څه خطر شته؟,"{""label"": [""A"", ""B"", ""C"", ""D"", ""E""], ""text"": [""د عضلاتو درد"", ""غلطۍ"", ""خوشحالي"", ""زخمي کېدل"", ""خوند""]}"
d00d3ba777cb3889a45799d72fca0a50,If I want to watch a movie without leaving my home what might I use?,movie,"{'label': array(['A', 'B', 'C', 'D', 'E'], dtype=object), 'text': array(['drive in movie', 'drive in movie', 'television', 'video store',
       'show'], dtype=object)}",C,که زه غواړم چې د خپل کور نه بهر لاړ شم پرته له دې چې فلم وګورم، څه شی کاروم؟,"{""label"": [""A"", ""B"", ""C"", ""D"", ""E""], ""text"": [""د موټر په واسطه فلم"", ""د موټر په واسطه فلم"", ""تلویزیون"", ""ویډیو پلورنځی"", ""شوی""]}"
b1f36d1c8ab7e5a28783cb38e8709c27,"The victim was to take stand today, they were going to do what?",take stand,"{'label': array(['A', 'B', 'C', 'D', 'E'], dtype=object), 'text': array(['testify', 'runaway', 'witness', 'tell truth', 'go home'],
      dtype=object)}",A,پېشه نن شوې وه دوی چرته روان وو او څه یه کول؟ ,"{""label"": [""A"", ""B"", ""C"", ""D"", ""E""], ""text"": [""شهادت ورکول"", ""تښتیدل"", ""شاهد"", ""ریښتیا ویل"", ""کور ته تلل""]}"
a5e76dd088aab4f89e2fe93f6de6e46d,What does a successful dog grooming session likely to make a owner feel?,grooming,"{'label': array(['A', 'B', 'C', 'D', 'E'], dtype=object), 'text': array(['cleanliness', 'mistakes', 'growth', 'satisfaction', 'late'],
      dtype=object)}",D,د سپي د ښه پالنې پایله د مالک لپاره څه احساسات رامنځته کوي؟,"{""label"": [""A"", ""B"", ""C"", ""D"", ""E""], ""text"": [""پاکوالی"", ""غلطۍ"", ""پرمختګ"", ""رضایت"", ""وروستی""]}"
ac6f0e24dd6203cda43e1089dcf081d6,"The runner was in third place, but he pushed harder and thought he might be able to reach second.  What was beginning to do?",runner,"{'label': array(['A', 'B', 'C', 'D', 'E'], dtype=object), 'text': array(['near finish line', 'finish', 'get tired', 'gain ground',
       'trip over'], dtype=object)}",D,د منډې وهونکی په درېیم ځای کې و، مګر هغه لا ډیر زور وکړ او فکر یې وکړ چې شاید دویم ځای ته ورسیږي. هغه څه پیل کړی و؟,"{""label"": [""A"", ""B"", ""C"", ""D"", ""E""], ""text"": [""د پای کرښې ته نږدې"", ""پای ته رسیدل"", ""ستړی کیدل"", ""ځمکه ترلاسه کول"", ""لږیدل""]}"
1ab746bcd100ccf513055fe93c61010b,"The tourist entered Mammoth cave, what state were they in?",cave,"{'label': array(['A', 'B', 'C', 'D', 'E'], dtype=object), 'text': array(['west virginia', 'kentucky', 'rocky hills', 'scotland', 'canyon'],
      dtype=object)}",B,سیاح د مموث غار ته ننوت، دوی په کوم حالت کې وو؟,"{""label"": [""A"", ""B"", ""C"", ""D"", ""E""], ""text"": [""لویدیځ ویرجینیا"", ""کینټکي"", ""راکی غرونه"", ""سکاټلند"", ""کانین""]}"
af836abc58e0daf36df1d8d6830b70c5,What does someone typically feel when applying for a job?,applying for job,"{'label': array(['A', 'B', 'C', 'D', 'E'], dtype=object), 'text': array(['horror', 'anxiety and fear', 'rejection', 'increased workload',
       'being employed'], dtype=object)}",B,کله چې څوک د کار لپاره غوښتنه کوي، عموماً څه احساس کوي؟,"{""label"": [""A"", ""B"", ""C"", ""D"", ""E""], ""text"": [""ډار"", ""اضطراب او ویره"", ""رد"", ""د کار بار زیاتیدل"", ""استخدام""]}"
2ed66cfd206723a006b37599b516ad6e,"He was on trial for obstructing justice, during which he made a questionable comment and was also found guilty of what?",obstructing justice,"{'label': array(['A', 'B', 'C', 'D', 'E'], dtype=object), 'text': array(['prosecution', 'getting hurt', 'sweat', 'steam',
       'committing perjury'], dtype=object)}",E,هغه د عدالت خنډ کولو په تور محاکمه کې و، په دې ترڅ کې یې یوه مشکوکه تبصره وکړه او همدارنګه د څه لپاره قصور واره وموندل شو؟,"{""label"": [""A"", ""B"", ""C"", ""D"", ""E""], ""text"": [""د تور لګول"", ""زخمي کیدل"", ""پیشاب"", ""بخار"", ""د دروغو شهادت ورکول""]}"
e89a2762d578cb7bc2cc0a5b2a16d933,What kind of feelings does buying presents for others create?,buy presents for others,"{'label': array(['A', 'B', 'C', 'D', 'E'], dtype=object), 'text': array(['tears', 'please', 'like', 'thank', 'make happy'], dtype=object)}",E,د نورو لپاره د سوغات اخیستل څه ډول احساسات رامنځته کوي؟,"{""label"": [""A"", ""B"", ""C"", ""D"", ""E""], ""text"": [""اوښکې"", ""خوښي"", ""خوښول"", ""مننه"", ""خوشحاله کول""]}"
43cec0fff43a976fade9112d02b66021,What green area is a marmot likely to be found in?,marmot,"{'label': array(['A', 'B', 'C', 'D', 'E'], dtype=object), 'text': array(['countryside', 'great plains', 'encyclopedia', 'jungle',
       'north america'], dtype=object)}",A,کوم شنه سیمه کې د مارتوت ځناور موندل کیدی شي؟,"{""label"": [""A"", ""B"", ""C"", ""D"", ""E""], ""text"": [""کلیوالي سیمه"", ""لوی دشت"", ""انسیلکلپیدیا"", ""جنگل"", ""شمالي امریکا""]}"
30e66db11e0257a14a17108b90cd69fb,"Jan tested the current, and noticed that it was high.  He thought that the wires might have too much what?",current,"{'label': array(['A', 'B', 'C', 'D', 'E'], dtype=object), 'text': array(['later', 'updated', 'still', 'resistance', 'now'], dtype=object)}",D,جان د اوسني جریان ازموینه وکړه او ولیدل چې دا لوړ دی. هغه فکر وکړ چې ممکن تارونه ډیر څه ولري؟,"{""label"": [""A"", ""B"", ""C"", ""D"", ""E""], ""text"": [""وروسته"", ""نوښت"", ""لاهم"", ""مقاومت"", ""اوس""]}"
f21ef67b31bd36a3174b6b4c7b4bbc7b,What does a kindergarten teacher do before nap time?,teacher,"{'label': array(['A', 'B', 'C', 'D', 'E'], dtype=object), 'text': array(['lower expectations', 'encourage', 'fear', 'time test',
       'tell story'], dtype=object)}",E,یو د ماشومانو ښوونکی د خوب وخت نه وړاندې څه کوي؟,"{""label"": [""A"", ""B"", ""C"", ""D"", ""E""], ""text"": [""تمه کمه کړي"", ""تشویق وکړي"", ""ډار"", ""وخت ازموینه"", ""کیسه ووایی""]}"
e476e2c8c278eaecfe1a8b884b6aeb8e,"Sam was a stranger.  Even so, Mark treated him like what?",stranger,"{'label': array(['A', 'B', 'C', 'D', 'E'], dtype=object), 'text': array(['friend', 'family', 'known person', 'park', 'outsider'],
      dtype=object)}",B,سام یوه نااشنا وه. سره له دې، مارک له هغه سره څنګه چلند وکړ؟,"{""label"": [""A"", ""B"", ""C"", ""D"", ""E""], ""text"": [""دوست"", ""کورنۍ"", ""پیژندل شوی شخص"", ""پارک"", ""بهرنی""]}"
191e3c676f05a11d6b2565d8c27d2001,"Bob's only light source was a small bulb.  There were four walls, if there was a door he couldn't see it.  What was Bob in?",light source,"{'label': array(['A', 'B', 'C', 'D', 'E'], dtype=object), 'text': array(['closed room', 'sky', 'dard', 'his grave', 'house'], dtype=object)}",A,د باب یوازینی رڼا سرچینه یوه کوچنۍ بلب وه. څلور دیوالونه وو، که چیرې دروازه وه، هغه نه لیدله. باب په څه کې و؟,"{""label"": [""A"", ""B"", ""C"", ""D"", ""E""], ""text"": [""بند خونه"", ""اسمان"", ""درد"", ""خاک"", ""کور""]}"
99098375c7b651d524eebac72e358238,James thought of criminal justice like a computer program.  It need to work right.   What ideas might James not like?,computer,"{'label': array(['A', 'B', 'C', 'D', 'E'], dtype=object), 'text': array(['manual', 'process information', 'power down', 'control model',
       'reason exists'], dtype=object)}",D,جیمز د جنایي عدالت په اړه د کمپیوټر پروګرام په څیر فکر کاوه. دا باید سم کار وکړي. کوم نظریات ممکن جیمز ته خوښ نه وي؟,"{""label"": [""A"", ""B"", ""C"", ""D"", ""E""], ""text"": [""لارښود"", ""معلومات پروسس کول"", ""برق بندول"", ""کنټرول ماډل"", ""دلیل شتون لري""]}"
290fac9f881a83d8bfb34355f8e71044,With the card slot lit up he knew how to get started finding his balance with what?,card slot,"{'label': array(['A', 'B', 'C', 'D', 'E'], dtype=object), 'text': array(['slot machine', 'ticket machine', 'bank machine', 'telephone',
       'automated teller'], dtype=object)}",E,د کارت سلاټ روښانه شوی و، هغه پوهیده چې څنګه د څه سره خپل توازن پیدا کړي؟,"{""label"": [""A"", ""B"", ""C"", ""D"", ""E""], ""text"": [""سلاټ ماشین"", ""ټیکټ ماشین"", ""بانک ماشین"", ""تلیفون"", ""خودکار تیلر""]}"
6c36226b23377a0dd0188bf56840e22a,To play sports professionally you must do what very often?,play sports,"{'label': array(['A', 'B', 'C', 'D', 'E'], dtype=object), 'text': array(['wash your clothes', 'get in shape', 'practice',
       'take off uniform', 'stretch'], dtype=object)}",C,د مسلکي لوبو لپاره لوبه کول تاسو باید څه ډیر ځله وکړئ؟,"{""label"": [""A"", ""B"", ""C"", ""D"", ""E""], ""text"": [""خپل کالي ومینځئ"", ""فزیکي حالت ته لاړ شئ"", ""تمرین وکړئ"", ""یونیفورم لرې کړئ"", ""غځول""]}"
aa5aa36557a5fbb93391506182f1025c,Some people prefer releasing energy through work while others prefer to release it through what?,releasing energy,"{'label': array(['A', 'B', 'C', 'D', 'E'], dtype=object), 'text': array(['motion', 'stretch', 'exercise', 'movement', 'muscles'],
      dtype=object)}",C,ځینې خلک د کار له لارې انرژي لګول غوره کوي، پداسې حال کې چې نور خلک د څه له لارې یه لګول غوره کوي؟,"{""label"": [""A"", ""B"", ""C"", ""D"", ""E""], ""text"": [""حرکت"", ""غځول"", ""ورزش"", ""خوځښت"", ""پښتورګان""]}"
a38df3e750b1edd30f905e17af803c61,What will a person going for a jog likely be wearing?,person,"{'label': array(['A', 'B', 'C', 'D', 'E'], dtype=object), 'text': array(['grope', 'acknowledgment', 'comfortable clothes', 'ipod',
       'passionate kisses'], dtype=object)}",C,یو کس چې د منډې لپاره ځي، عموماََ څه شای اغوندي؟ ,"{""label"": [""A"", ""B"", ""C"", ""D"", ""E""], ""text"": [""لاس نیول"", ""منل"", ""راحت کالي"", ""آیپاد"", ""جذباتي مچ""]}"
dba51270f789c75a2e38a5201b124d99,"The child pretended he was reading newspaper, he couldn't actually do it without what?",reading newspaper,"{'label': array(['A', 'B', 'C', 'D', 'E'], dtype=object), 'text': array(['patience', 'falling down', 'literacy', 'buying',
       'knowing how to read'], dtype=object)}",E,ماشوم د ورځپاڼې لوستلو تظاهر وکړ، هغه واقعاً دا پرته له څه نه شي کولی؟,"{""label"": [""A"", ""B"", ""C"", ""D"", ""E""], ""text"": [""صبر"", ""لرې کېدل"", ""لوستلو وړتیا"", ""پېرودل"", ""لوستل زده کول""]}"
1be8ec824eb0c7218b6bc160fd191428,Jenny enjoyed helping people.  It brought her a great deal of what?,helping,"{'label': array(['A', 'B', 'C', 'D', 'E'], dtype=object), 'text': array(['satisfaction', 'complications', 'train',
       'feel good about yourself', 'enjoyment'], dtype=object)}",A,جیني د خلکو سره مرسته کولو څخه خوند اخیست، دا هغې ته څه ډیر څه راوړل؟,"{""label"": [""A"", ""B"", ""C"", ""D"", ""E""], ""text"": [""رضایت"", ""پیچلتیاوې"", ""روزنه"", ""د ځان په اړه ښه احساس"", ""خوند""]}"
0e80f2afe5c4f652e8720b52d7c06c87,What might someone believe in if they are cleaning clothes?,cleaning clothes,"{'label': array(['A', 'B', 'C', 'D', 'E'], dtype=object), 'text': array(['feminism', 'sanitation', 'ruined', 'wrinkles',
       'buttons to fall off'], dtype=object)}",B,که څوک د جامو پاکولو سره مصروف وي، نو دوی په څه باور لري؟,"{""label"": [""A"", ""B"", ""C"", ""D"", ""E""], ""text"": [""فیمینیزم"", ""پاکوالی"", ""خراب"", ""چینجونه"", ""تڼۍ لویدل""]}"
b67971747e95ba425a5b81e0ba8d0b28,Where would you find a basement that can be accessed with an elevator?,basement,"{'label': array(['A', 'B', 'C', 'D', 'E'], dtype=object), 'text': array(['eat cake', 'closet', 'church', 'office building', 'own house'],
      dtype=object)}",D,تاسو چیرته د یوه زیر خانه موندلی شئ چې د لفټ سره لاس رسی لري؟,"{""label"": [""A"", ""B"", ""C"", ""D"", ""E""], ""text"": [""کیک خوړل"", ""کلازټ"", ""کلیسا"", ""د دفتر ودانۍ"", ""خپل کور""]}"
fcd39cfa321728fea069a6ae4285b06f,In order to learn to program from another person you can do what?,program,"{'label': array(['A', 'B', 'C', 'D', 'E'], dtype=object), 'text': array(['learn how to', 'have a friend', 'knowledge', 'take class',
       'have computer'], dtype=object)}",D,د بل چا څخه د پروګرام کولو زده کولو لپاره تاسو څه کولی شئ؟,"{""label"": [""A"", ""B"", ""C"", ""D"", ""E""], ""text"": [""زده کړه چې څنګه"", ""یو ملګری ولرئ"", ""پوهه"", ""کلاس واخلئ"", ""کمپیوټر ولرئ""]}"
cb6766fb25daee911fc8e9816b98938c,"He was at the gym trying to build muscle, what is it called that he is trying to build muscle on?",muscle,"{'label': array(['A', 'B', 'C', 'D', 'E'], dtype=object), 'text': array(['body of animal', 'arm', 'bodybuilder', 'body of dog',
       'human body'], dtype=object)}",E,هغه په جیم کې و چې د عضلاتو جوړولو هڅه کوي، هغه څه ته ویل کیږي چې هغه د عضلاتو جوړولو هڅه کوي؟,"{""label"": [""A"", ""B"", ""C"", ""D"", ""E""], ""text"": [""د حیوان بدن"", ""لاس"", ""بدن جوړونکی"", ""د سپي بدن"", ""انسان بدن""]}"
54231f875bb7fe4d3e4afb6eae64387c,What part of plants is pretty?,plants,"{'label': array(['A', 'B', 'C', 'D', 'E'], dtype=object), 'text': array(['dirt', 'no neurons in', 'millions of cells', 'flowers on',
       'roots'], dtype=object)}",D,د ونو کومه برخه ښکلا لري؟,"{""label"": [""A"", ""B"", ""C"", ""D"", ""E""], ""text"": [""خاک"", ""هیڅ نیورون نه لري"", ""میلیونونه حجرات"", ""ګلونه"", ""ریښې""]}"
7d7f7d7a8ae3b20ca9fc0da6efe467b4,"The man was going fishing instead of work, what is he seeking?",going fishing,"{'label': array(['A', 'B', 'C', 'D', 'E'], dtype=object), 'text': array(['food', 'relaxation', 'killing', 'missing morning cartoons',
       'boredom'], dtype=object)}",B,مرد د کار پر ځای کبانو نیولو ته تللی و، هغه څه لټوي؟,"{""label"": [""A"", ""B"", ""C"", ""D"", ""E""], ""text"": [""خواړه"", ""آرام"", ""قتل"", ""د سهار کارتونونه له لاسه ورکول"", ""خستګي""]}"
31b72d4e4ae7c672c20e27e42499ec79,What could you get an unsmooth pit from?,pit,"{'label': array(['A', 'B', 'C', 'D', 'E'], dtype=object), 'text': array(['backyard', 'rock', 'mine', 'cherry', 'peach'], dtype=object)}",E,تاسو د کوم عیر هموار غار موندلی شئ؟,"{""label"": [""A"", ""B"", ""C"", ""D"", ""E""], ""text"": [""شاته حویلي"", ""ډبره"", ""کان"", ""چیری"", ""مېوه""]}"
26ce83b8e9a263079aa8cdbd5258d667,"The man tried to reply to the woman, but he had difficulty keeping track of conversations that he didn't do what to?",reply,"{'label': array(['A', 'B', 'C', 'D', 'E'], dtype=object), 'text': array(['initiate', 'ignore', 'question', 'answer', 'ask'], dtype=object)}",A,یو سړي ښځې ته د ځواب ویلو هڅه وکړه، مګر هغه د خبرو اترو په تعقیب کې ستونزه درلوده چې هغه څه نه کړي؟,"{""label"": [""A"", ""B"", ""C"", ""D"", ""E""], ""text"": [""پیلول"", ""پام نه کول"", ""پوښتنه"", ""ځواب"", ""پوښتنه کول""]}"
30138608d4934a75cf0911a06b021374,"I couldn't find anybody who recalled the event, what were they adroit at doing?",anybody,"{'label': array(['A', 'B', 'C', 'D', 'E'], dtype=object), 'text': array(['question authority', 'act fool', 'wash dishes', 'act innocent',
       'forget'], dtype=object)}",E,زه هیڅوک ونه موندل چې پیښه یې یادوي، دوی په څه کې ماهر وو؟,"{""label"": [""A"", ""B"", ""C"", ""D"", ""E""], ""text"": [""د واک پوښتنه"", ""احمق عمل کول"", ""د لوښو مینځل"", ""معصوم عمل کول"", ""هیرول""]}"
01abce8c4964371d85a5be2019f75827,Where would you find a large dining room containing a fancy chandelier?,dining room,"{'label': array(['A', 'B', 'C', 'D', 'E'], dtype=object), 'text': array(['mansion', 'every house', 'own home', 'table', 'restaurant'],
      dtype=object)}",A,چیرته به تاسو د یوې لویې ډوډۍ خوري خونه ومومئ چې په کې یو ښکلی پانوس لري؟ ,"{""label"": [""A"", ""B"", ""C"", ""D"", ""E""], ""text"": [""شاهي ماڼۍ"", ""هره کور"", ""خپل کور"", ""میز"", ""ریستوران""]}"
3e2222c99e11fca2ad4af2d470eb8ea2_1,"The extremely large cargo plane could only land at a specialized runway, these were only located at a what?",runway,"{'label': array(['A', 'B', 'C', 'D', 'E'], dtype=object), 'text': array(['back yard', 'bowling alley', 'city', 'military base',
       'fashion show'], dtype=object)}",D,دا خورا لوی بار وړونکی الوتکه یوازې په ځانګړي رن وې کې ناستې ته اړتیا لري، دا یوازې په کوم ځای کې موندل کیږي؟,"{""label"": [""A"", ""B"", ""C"", ""D"", ""E""], ""text"": [""شاته حیاط"", ""بولینګ الی"", ""ښار"", ""پوځي اډه"", ""فیشن شو""]}"
847dbf5b73c3e8d49bb9a36491d95e79,"The carpet was smelly and discouraged the league from playing there, where was this smelly carpet installed?",carpet,"{'label': array(['A', 'B', 'C', 'D', 'E'], dtype=object), 'text': array(['bedroom', 'movie theater', 'bowling alley', 'church', 'office'],
      dtype=object)}",C,فرش بد بوی و او د لیګ د لوبیدو مخه نیوله، دا بد بوی فرش چیرته نصب شوی و؟,"{""label"": [""A"", ""B"", ""C"", ""D"", ""E""], ""text"": [""خوابګاه"", ""فلم تیاتر"", ""بولینګ الی"", ""کلیسا"", ""دفتر""]}"
fa031cff8e11e75c68d6a99ef0e5ca3a,How can someone be let into a brownstone?,brownstone,"{'label': array(['A', 'B', 'C', 'D', 'E'], dtype=object), 'text': array(['brooklyn', 'ring', 'subdivision', 'bricks', 'new york city'],
      dtype=object)}",B,څنګه کولی شي یو څوک په براؤن سټون کې داخل شي؟,"{""label"": [""A"", ""B"", ""C"", ""D"", ""E""], ""text"": [""بروکلین"", ""زنگ"", ""سب ډویژن"", ""خښتې"", ""نیو یارک ښار""]}"
c592258c88295756833e9796e881057b,Where would someone purchase an upright piano?,upright piano,"{'label': array(['A', 'B', 'C', 'D', 'E'], dtype=object), 'text': array(['music class', 'college', 'music store', 'music room',
       'music band'], dtype=object)}",C,چیرته به یو څوک د عمودي پیانو پیرود وکړي؟,"{""label"": [""A"", ""B"", ""C"", ""D"", ""E""], ""text"": [""موسیقي ټولګي"", ""کالج"", ""موسیقي پلورنځی"", ""موسیقي خونه"", ""موسیقي ډله""]}"
e1403a7c581bc263aea2ed8d179826d1,Where would you keep an ottoman near your front door?,ottoman,"{'label': array(['A', 'B', 'C', 'D', 'E'], dtype=object), 'text': array(['living room', 'parlor', 'furniture store', 'basement', 'kitchen'],
      dtype=object)}",A,چیرته به تاسو د خپلې مخې دروازې سره یو اوتومان وساتئ؟,"{""label"": [""A"", ""B"", ""C"", ""D"", ""E""], ""text"": [""د اوسیدو خونه"", ""پالور"", ""فرنیچر پلورنځی"", ""زیرمې"", ""پخلنځی""]}"
15c38f66e811d6ed68cde931bc31d93c,Diving into backyard pools can be very dangerous and can lead to serious head and what?,diving,"{'label': array(['A', 'B', 'C', 'D', 'E'], dtype=object), 'text': array(['going somewhere', 'splats', 'cancer', 'getting wet',
       'spinal injuries'], dtype=object)}",E,په شاته حیاط کې د حوضونو ته ټوپ وهل خورا خطرناک کیدی شي او د جدي سر او څه ته لاره هواروي؟,"{""label"": [""A"", ""B"", ""C"", ""D"", ""E""], ""text"": [""چیرته تلل"", ""سپلاټونه"", ""سرطان"", ""اوښتي کیدل"", ""د ریښې ټپونه""]}"
1ac54dbf6b67f27daa3d456416047584,Where would one find a snake in a cage?,snake,"{'label': array(['A', 'B', 'C', 'D', 'E'], dtype=object), 'text': array(['tropical forest', 'oregon', 'woods', 'pet store', 'louisiana'],
      dtype=object)}",D,چیرته به یو څوک په قفس کې مار ومومي؟,"{""label"": [""A"", ""B"", ""C"", ""D"", ""E""], ""text"": [""استوګنځی ځنګل"", ""اوریګون"", ""جنگل"", ""پالتو حیواناتو پلورنځی"", ""لوئیزیانا""]}"
21763a65765b5405c9a54484c2e54a72,Where are people likely to become impatient?,people,"{'label': array(['A', 'B', 'C', 'D', 'E'], dtype=object), 'text': array(['end of line', 'buildings', 'apartment', ""neighbor's house"",
       'address'], dtype=object)}",A,عموماََ کوم خلک ځای کښې خلک صبر له لاسه ورکړي؟,"{""label"": [""A"", ""B"", ""C"", ""D"", ""E""], ""text"": [""د کرښې پای"", ""بناوې"", ""اپارتمان"", ""ګاونډي کور"", ""پته""]}"
c492b8b9754a181c924c1df19998cbc7,"When you fail to finish something, you failed at doing what to it",fail,"{'label': array(['A', 'B', 'C', 'D', 'E'], dtype=object), 'text': array(['winning', 'passing', 'completing', 'do well', 'succeeding'],
      dtype=object)}",C,کله چې تاسو د څه شی بشپړولو کې ناکام شئ، تاسو په دې کې د څه کولو کې ناکام شوي یاست؟,"{""label"": [""A"", ""B"", ""C"", ""D"", ""E""], ""text"": [""ګټل"", ""تېرول"", ""بشپړول"", ""ښه کول"", ""بریالیتوب""]}"
fff554fffa1a0adc64b8d1e21d55534b,John didn't care about style.  He felt that form was less important than what?,form,"{'label': array(['A', 'B', 'C', 'D', 'E'], dtype=object), 'text': array(['shapeless', 'quality', 'function', 'change shape', 'chaos'],
      dtype=object)}",C,جان د جوړښت په اړه فکر نه کاوه. هغه احساس کاوه چې بڼه د څه په پرتله کم اهمیت لري؟,"{""label"": [""A"", ""B"", ""C"", ""D"", ""E""], ""text"": [""بې شکل"", ""کیفیت"", ""دنده"", ""شکل بدلول"", ""هرج و مرج""]}"
8ea5720718c0e122efa6277edb511569,"When you get together with friends to watch film, you might do plenty of this?",watch film,"{'label': array(['A', 'B', 'C', 'D', 'E'], dtype=object), 'text': array(['see what happens', 'enjoy stories', 'pass time', 'have fun',
       'interesting'], dtype=object)}",D,کله چې تاسو د خپلو ملګرو سره د فلم د لیدو لپاره راټول شئ، تاسو ممکن د دې ډیر څه وکړئ؟,"{""label"": [""A"", ""B"", ""C"", ""D"", ""E""], ""text"": [""وګورئ چې څه پیښیږي"", ""کیسې خوند واخلئ"", ""وخت تېر کړئ"", ""خوشحاله اوسئ"", ""دلچسپ""]}"
23e4257a49972efd8a97672f060be1c1,A supermarket is uncommon in what type of collection of shops?,supermarket,"{'label': array(['A', 'B', 'C', 'D', 'E'], dtype=object), 'text': array(['strip mall', 'city or town', 'shoppingcentre', 'boutique',
       'vermont'], dtype=object)}",A,یو سوپر مارکیټ په کوم ډول د دوکانونو ټولګه کې غیر معمولي دی؟,"{""label"": [""A"", ""B"", ""C"", ""D"", ""E""], ""text"": [""سټریپ مال"", ""ښار یا کلي"", ""خریداری مرکز"", ""بوتیک"", ""ورمونت""]}"
a018d65a74b9e77d81014fd8f6d78f77,"Bill puts meat on the scale, where does Bill work?",scale,"{'label': array(['A', 'B', 'C', 'D', 'E'], dtype=object), 'text': array(['music store', 'assay office', 'tidal wave', 'butcher shop',
       'bathroom'], dtype=object)}",D,بیل غوښه په ترازوي کې ږدي، بیل چیرته کار کوي؟,"{""label"": [""A"", ""B"", ""C"", ""D"", ""E""], ""text"": [""موسیقي پلورنځی"", ""تحلیل دفتر"", ""د طوفان څپې"", ""قصابۍ"", ""تشناب""]}"
24ceaf5c10863e73919b5f1b0f2db38e,"I'm having some food at my party, what will I need to serve it?",food,"{'label': array(['A', 'B', 'C', 'D', 'E'], dtype=object), 'text': array(['zoo', 'pan', 'bowl', 'kitchen', 'spoon'], dtype=object)}",E,زه په خپل پارټي کې څه خواړه لرم، زه به د دې د وړاندې کولو لپاره څه ته اړتیا ولرم؟,"{""label"": [""A"", ""B"", ""C"", ""D"", ""E""], ""text"": [""زoo"", ""تابه"", ""کاسه"", ""پخلنځی"", ""چمچ""]}"
900492bd731f8f615ed7c08155737d44,Before racers start to run they must do what at the starting line?,run,"{'label': array(['A', 'B', 'C', 'D', 'E'], dtype=object), 'text': array(['learn to walk', 'walking', 'walk slowly', 'breathe',
       'stand still'], dtype=object)}",E,مخکې له دې چې سیالان د منډې لپاره پیل وکړي، هغوی باید په پیل کرښه کې څه وکړي؟,"{""label"": [""A"", ""B"", ""C"", ""D"", ""E""], ""text"": [""د تګ زده کړه"", ""تګ"", ""آهسته تګ"", ""ساه اخیستل"", ""په ځای کې ودریږئ""]}"
4e3f85dc92eaad4ae6bc6529d62e382c,What does an actor do when they are bored of their roles?,actor,"{'label': array(['A', 'B', 'C', 'D', 'E'], dtype=object), 'text': array(['mask', 'branch out', 'wear costume', 'pretend', 'sing songs'],
      dtype=object)}",B,یو اداکار څه کوي کله چې د خپلو رولونو څخه دیغ شي؟,"{""label"": [""A"", ""B"", ""C"", ""D"", ""E""], ""text"": [""ماسک"", ""پراخیدل"", ""کالۍ اغوستل"", ""ادعا کول"", ""غږیزې سندرې ویل""]}"
fa1f17ca535c7e875f4f58510dc2f430,What is a person called who doesn't have immortality?,immortality,"{'label': array(['A', 'B', 'C', 'D', 'E'], dtype=object), 'text': array(['mortal', 'dying', 'death', 'dead', 'mortal'], dtype=object)}",E,هغه کس چې د جاودانۍ نه لري، څه نومیږي؟,"{""label"": [""A"", ""B"", ""C"", ""D"", ""E""], ""text"": [""مړ"", ""مړیدل"", ""مرګ"", ""مړ"", ""مړ""]}"
76b6f0765a3b2fba71021f902142edc0,Why would you be watching tv instead of doing something else?,watching tv,"{'label': array(['A', 'B', 'C', 'D', 'E'], dtype=object), 'text': array(['headache', 'laughter', 'laziness', 'erections', 'wasting time'],
      dtype=object)}",C,ولې تاسو تلویزیون ګورئ پر ځای د دې چې بل څه وکړئ؟,"{""label"": [""A"", ""B"", ""C"", ""D"", ""E""], ""text"": [""سر درد"", ""خندا"", ""سستۍ"", ""د جنسي اړیکو"", ""وخت ضایع کول""]}"
f1368ab1d4ee05d72d555474fcd737d7,"If chewing food is difficult for you, what is a possible reason?",chewing food,"{'label': array(['A', 'B', 'C', 'D', 'E'], dtype=object), 'text': array(['broken jaw', 'sore mouth', 'eating', 'good digestion',
       'avoiding choking'], dtype=object)}",B,که د خوړو ژوولو کې تاسو ته ستونزه وي، نو کوم ممکنه دلیل دی؟,"{""label"": [""A"", ""B"", ""C"", ""D"", ""E""], ""text"": [""شکسته ژبه"", ""د خولې درد"", ""خوړل"", ""ښه هضم"", ""د خنثی کیدو مخنیوی""]}"
3dee8fc7f0a3fbf4de111b6686fca157,"He had to wear a tuxedo while playing the keyboard instrument, so did the other hundred members of the what?",keyboard instrument,"{'label': array(['A', 'B', 'C', 'D', 'E'], dtype=object), 'text': array(['music store', 'band', 'medium', 'orchestra', 'piano store'],
      dtype=object)}",D,هغه باید د کیبورد آلې غږولو پر مهال د ټکسیدو واغوندي، نو د کومو نورو سل غړو هم باید همداسې وکړي؟,"{""label"": [""A"", ""B"", ""C"", ""D"", ""E""], ""text"": [""موسیقي پلورنځی"", ""بینډ"", ""منځنۍ"", ""سمفوني"", ""پیانو پلورنځی""]}"
ea0e7771afd86a59fd9f7764b77e3fa4,Where do you find the most amount of leafs?,leaf,"{'label': array(['A', 'B', 'C', 'D', 'E'], dtype=object), 'text': array(['floral arrangement', 'ground', 'forrest', 'field', 'compost pile'],
      dtype=object)}",C,چیرته تاسو د پاڼو تر ټولو زیات مقدار مومئ؟,"{""label"": [""A"", ""B"", ""C"", ""D"", ""E""], ""text"": [""ګلونه ترتیب"", ""ځمکه"", ""جنگل"", ""کرنیز میدان"", ""کمپوست""]}"
2c845646032bbf27fb3904330d59d324,Where can children play with animals?,animals,"{'label': array(['A', 'B', 'C', 'D', 'E'], dtype=object), 'text': array(['meadow', 'play room', 'surface of earth', 'zoos', 'fairgrounds'],
      dtype=object)}",E,چیرته ماشومان د حیواناتو سره لوبې کولی شي؟,"{""label"": [""A"", ""B"", ""C"", ""D"", ""E""], ""text"": [""چمن"", ""لوبو خونه"", ""ځمکې سطحه"", ""زoo"", ""میله""]}"
bc08c354e5bead6863ea4a29cb8fa359,What kind of tale might feature a talking weasel?,weasel,"{'label': array(['A', 'B', 'C', 'D', 'E'], dtype=object), 'text': array(['mulberry bush', 'animated film', 'chicken coop', 'history book',
       ""children's story""], dtype=object)}",E,کوم ډول کیسه کې ممکن د خبرو کوونکي ویسل شتون ولري؟,"{""label"": [""A"", ""B"", ""C"", ""D"", ""E""], ""text"": [""توته بوټی"", ""انیمیشن فلم"", ""چرګانو قفس"", ""تاریخي کتاب"", ""د ماشومانو کیسه""]}"
fb35c7aa5694bab2cde4b7257bfae003,What kind of status is the bald eagle given?,bald eagle,"{'label': array(['A', 'B', 'C', 'D', 'E'], dtype=object), 'text': array(['outside', 'world', 'protection', 'colorado', 'america'],
      dtype=object)}",C,د سپین وزر طوطی ته کوم ډول حیثیت ورکول کیږي؟,"{""label"": [""A"", ""B"", ""C"", ""D"", ""E""], ""text"": [""بهر"", ""دنیا"", ""خونديتوب"", ""کولوراډو"", ""امریکا""]}"
e2a9f0041d17a9944377a91bef5e0d0d,Why do most people take a quick rest during the day?,rest,"{'label': array(['A', 'B', 'C', 'D', 'E'], dtype=object), 'text': array(['need to', 'hungry', 'feel more energetic', 'weak', 'regenerate'],
      dtype=object)}",C,ولې اکثره خلک د ورځې په اوږدو کې یوه چټکه استراحت کوي؟,"{""label"": [""A"", ""B"", ""C"", ""D"", ""E""], ""text"": [""ضرورت لري"", ""ګرسنه"", ""زیات انرژي احساسول"", ""کمزوری"", ""نوې انرژي ترلاسه کول""]}"
ae56eff01d05422ddbcb26be7181356a,What could suddenly stop someone when he or she is running?,running,"{'label': array(['A', 'B', 'C', 'D', 'E'], dtype=object), 'text': array(['mushroom', 'falling down', 'sweating', 'exhaustion',
       'getting tired'], dtype=object)}",B,څه شی کولی شي ناڅاپه یو څوک ودروي کله چې هغه یا هغې روان وي؟,"{""label"": [""A"", ""B"", ""C"", ""D"", ""E""], ""text"": [""مشروم"", ""لاندې کېدل"", ""پخلی"", ""ستړیا"", ""ستړی کېدل""]}"
895aa97bb84d874d71b2aed572cebfdd,Where would you find a monkey in the wild?,monkey,"{'label': array(['A', 'B', 'C', 'D', 'E'], dtype=object), 'text': array(['zoo', 'barrel', 'research laboratory', 'captivity', 'thailand'],
      dtype=object)}",E,چیرته تاسو کولی شئ په طبیعت کې میمون ومومئ؟,"{""label"": [""A"", ""B"", ""C"", ""D"", ""E""], ""text"": [""زoo"", ""ډرم"", ""تحقیقاتي لابراتور"", ""بندیز"", ""تایلنډ""]}"
9d625e948e9c3777e7cc54ed8ffea135,Where could a sloth live?,sloth,"{'label': array(['A', 'B', 'C', 'D', 'E'], dtype=object), 'text': array(['tropical jungle', 'manual', 'work', 'transit', 'countryside'],
      dtype=object)}",A,یو لمحه چیرته ژوند کولی شي؟,"{""label"": [""A"", ""B"", ""C"", ""D"", ""E""], ""text"": [""تروپیکي جنگل"", ""لارښود"", ""کار"", ""انتقال"", ""کلی""]}"
d107d67d525a686fbd8282314d2ea33c,"A gentleman is carrying equipment for golf, what is he likely to have?",gentleman,"{'label': array(['A', 'B', 'C', 'D', 'E'], dtype=object), 'text': array(['club', 'assembly hall', 'meditation center', 'meeting', 'church'],
      dtype=object)}",A,یو سړی د ګالف لپاره تجهیزات لري، هغه څه لري؟,"{""label"": [""A"", ""B"", ""C"", ""D"", ""E""], ""text"": [""کلب"", ""اجتماعي تالار"", ""مراقبت مرکز"", ""ملاقات"", ""کلیسا""]}"
fee5ff19811750ad019665af7b36b3c4,"If you have a home with a courtyard, what's one thing you probably don't have to care for any longer?",courtyard,"{'label': array(['A', 'B', 'C', 'D', 'E'], dtype=object), 'text': array(['lawn', 'kids', 'asshole', 'spain', 'office complex'], dtype=object)}",A,که تاسو یو کور ولرئ چې حیاط لري، نو یوه شی چې تاسو یې نور خیال نه لرئ څه دی؟,"{""label"": [""A"", ""B"", ""C"", ""D"", ""E""], ""text"": [""چمن"", ""ماشومان"", ""بد اخلاق"", ""سپین"", ""اداري کمپلکس""]}"
e69da59cbcf2a302e4523571eba8186b,"The computer was difficult for he to understand at the store, so what did she sign up for to learn more?",computer,"{'label': array(['A', 'B', 'C', 'D', 'E'], dtype=object), 'text': array(['classroom', 'facebook', 'school', 'apartment', 'demonstration'],
      dtype=object)}",E,کمپیوټر د هغې لپاره په دوکان کې پوهیدل سخت و، نو هغې څه ته لاسلیک وکړ چې نور زده کړي؟,"{""label"": [""A"", ""B"", ""C"", ""D"", ""E""], ""text"": [""درسي خونه"", ""فیس بک"", ""ښوونځی"", ""اپارتمان"", ""ننداره""]}"
2dd138a63b5895cf737ced793cc668e7,"If you take the risk buying a used car, you still hope it can what?",car,"{'label': array(['A', 'B', 'C', 'D', 'E'], dtype=object), 'text': array(['go fast', 'start running', 'going too fast', 'look good',
       'last several years'], dtype=object)}",E,که تاسو د کارول شوي موټر اخیستلو خطر ومنئ، نو تاسو لاهم هیله لرئ چې دا څه وکړي؟,"{""label"": [""A"", ""B"", ""C"", ""D"", ""E""], ""text"": [""چټک ځي"", ""چالان شي"", ""ډیر چټک ځي"", ""ښه ښکاري"", ""چند کاله دوام وکړي""]}"
b33047f46db680a9b630c13e8ca115cc,"Dan was ditting quietly on the couch with a book in his hand.  Laurie thought that he was just focused on what he was doing, but he actually did what?",sitting quietly,"{'label': array(['A', 'B', 'C', 'D', 'E'], dtype=object), 'text': array(['eat', 'think', 'reading', 'meditate', 'fall asleep'], dtype=object)}",E,ډان په کناپه کې په ارامه سره د کتاب سره ناست و. لوری فکر کاوه چې هغه یوازې په هغه څه تمرکز لري چې هغه یې کوي، مګر هغه په حقیقت کې څه وکړل؟,"{""label"": [""A"", ""B"", ""C"", ""D"", ""E""], ""text"": [""خوړل"", ""فکر کول"", ""لول"", ""مراقبه"", ""خواب ته تلل""]}"
f20d40bc4af588223e880e0bb58b27b8,What is the primary purpose of cars?,cars,"{'label': array(['A', 'B', 'C', 'D', 'E'], dtype=object), 'text': array(['cost money', 'slow down', 'move people', 'turn right',
       'get girls'], dtype=object)}",C,د موټرو اصلي هدف څه دی؟,"{""label"": [""A"", ""B"", ""C"", ""D"", ""E""], ""text"": [""پیسې لګوي"", ""وروستۍ"", ""خلک لیږدوي"", ""ښي خواته ګرځي"", ""جینکو ته رسوي""]}"
b6b66d4519a84b8331ea55f84767e9df,"Alabama is full of different people, but they are all citizens of what?",alabama,"{'label': array(['A', 'B', 'C', 'D', 'E'], dtype=object), 'text': array(['united states', 'deep south', 'floribama', 'gulf states',
       'florabama'], dtype=object)}",A,الاباما د مختلفو خلکو سره ډک دی، مګر دوی ټول د څه تابعیت لري؟,"{""label"": [""A"", ""B"", ""C"", ""D"", ""E""], ""text"": [""متحده ایالات"", ""ژور جنوب"", ""فلوریباما"", ""خلیج ایالتونه"", ""فلوراباما""]}"
952cf4b2f7a434b2eeae9f4c7ed89c0a,They were hoping their campaign would create a rise in awareness of the problem and hopefully do what to its effect?,rise,"{'label': array(['A', 'B', 'C', 'D', 'E'], dtype=object), 'text': array(['set', 'fall', 'park', 'descend', 'reduce'], dtype=object)}",E,هغوی هیله درلوده چې د دوی کمپاین به د دې ستونزې په اړه د پوهاوي زیاتوالی رامنځته کړي او هیله لري چې څه وکړي؟,"{""label"": [""A"", ""B"", ""C"", ""D"", ""E""], ""text"": [""ټاکل"", ""راښکته"", ""پارک"", ""کموالی"", ""کموالی""]}"
b63e5cd88bfe75d29ff9fdc6dd97fed6,What do airplanes do as they are arriving at the gate?,airplanes,"{'label': array(['A', 'B', 'C', 'D', 'E'], dtype=object), 'text': array(['slow down', 'crash', 'speed up', 'land', 'carry people'],
      dtype=object)}",A,هوایي الوتکې څه کوي کله چې دوی د دروازې ته رسي؟,"{""label"": [""A"", ""B"", ""C"", ""D"", ""E""], ""text"": [""وروستۍ"", ""تصادف"", ""چټک شي"", ""نازک شي"", ""خلک لیږدوي""]}"
ec5a336080e37fbe95d72ad5f9c65ba7,If a person with mental illness stops treatment what will likely happen?,mental illness,"{'label': array(['A', 'B', 'C', 'D', 'E'], dtype=object), 'text': array(['managed', 'dancing', 'recur', 'effectively treated',
       'cause suffering'], dtype=object)}",C,که یو شخص چې رواني ناروغي لري درملنه ودروي، نو څه به پیښ شي؟,"{""label"": [""A"", ""B"", ""C"", ""D"", ""E""], ""text"": [""مدیریت شوی"", ""رقص"", ""بیا پیښیدل"", ""موثره درملنه"", ""رنجول""]}"
6386bcf080633bc3eeb3317a5435b7b7,The gimmicky low brow TV show was about animals when they what?,animals,"{'label': array(['A', 'B', 'C', 'D', 'E'], dtype=object), 'text': array(['sick', 'mammals', 'males', 'bite', 'attack'], dtype=object)}",E,د ټلویزیوني شو چې د حیواناتو په اړه و کله چې دوی څه کوي؟,"{""label"": [""A"", ""B"", ""C"", ""D"", ""E""], ""text"": [""بیمار"", ""ممالیک"", ""نر"", ""کاږل"", ""حمله""]}"
43ab0ff711e60d51f943bbd2cdd6515a,"A loud machine is irritating, but many are expected where?",machine,"{'label': array(['A', 'B', 'C', 'D', 'E'], dtype=object), 'text': array(['museum', 'house', 'laboratory', 'library', 'industrial area'],
      dtype=object)}",E,یو غږېدونکی ماشین به اغیز کوي ، مګر چیرته د دې ډول ماشینونو تمه کیږي؟,"{""label"": [""A"", ""B"", ""C"", ""D"", ""E""], ""text"": [""موزیم"", ""کور"", ""لابراتور"", ""کتابخانه"", ""صنعتی سیمه""]}"
11c4c78d61e8212f0984fd07eb22b669,What part of a table would you put a ruler in?,ruler,"{'label': array(['A', 'B', 'C', 'D', 'E'], dtype=object), 'text': array(['drawer', 'desk', 'the backside', 'office', 'measure distance'],
      dtype=object)}",A,د یوې مېز کومه برخه کې به تاسو رېلر واچوئ؟,"{""label"": [""A"", ""B"", ""C"", ""D"", ""E""], ""text"": [""دروازه"", ""میز"", ""شاته"", ""دفتر"", ""فاصله اندازه کول""]}"
e61891746aa94ab57aaa754614034aef,What happens if someone kisses too long?,kissing,"{'label': array(['A', 'B', 'C', 'D', 'E'], dtype=object), 'text': array(['strong feelings', 'herpes', 'shortness of breath', 'excitement',
       'arousal'], dtype=object)}",C,که چیرې څوک ډیر وخت مچ کړي، څه پیښیږي؟,"{""label"": [""A"", ""B"", ""C"", ""D"", ""E""], ""text"": [""قوي احساسات"", ""هرپس"", ""د تنفس لنډوالی"", ""هیجان"", ""جنسي تحریک""]}"
97da9aa4ea4b22744ec51cba49f35bfc,"If I have a modern light source in my living room, what is it likely to be?",light source,"{'label': array(['A', 'B', 'C', 'D', 'E'], dtype=object), 'text': array(['sky', 'house', 'lamp', 'match', 'candle'], dtype=object)}",C,که زه په خپل اوسیدونکي خونه کې یوه عصري رڼا ولرم، نو دا څه کیدی شي؟,"{""label"": [""A"", ""B"", ""C"", ""D"", ""E""], ""text"": [""اسمان"", ""کور"", ""لامپ"", ""مچ"", ""شمعه""]}"
46241bc83e8d81196ae5783b2b9854a4,"The person saw the mess his children made, what was his following reaction?",person,"{'label': array(['A', 'B', 'C', 'D', 'E'], dtype=object), 'text': array(['smell smoke', 'cross street', 'cry', 'bank savings', 'look angry'],
      dtype=object)}",E,یو کس د خپلو ماشومانو لخوا جوړ شوي ګډوډي ولیدله، د هغه وروسته څه غبرګون وښود؟,"{""label"": [""A"", ""B"", ""C"", ""D"", ""E""], ""text"": [""د سګرټو بوی"", ""کوڅه تیری"", ""ژړل"", ""بانک سپما"", ""غصه ښکاره کول""]}"
18844d3aa4e52b331b5382c8244cf4db,Who might wear dark glasses indoors?,dark glasses,"{'label': array(['A', 'B', 'C', 'D', 'E'], dtype=object), 'text': array(['blind person', 'glove box', 'movie studio', 'ray charles',
       'glove compartment'], dtype=object)}",A,څوک ممکن په کور دننه کې توره عینکې واغوندي؟,"{""label"": [""A"", ""B"", ""C"", ""D"", ""E""], ""text"": [""نابینا شخص"", ""د دستکشې بکس"", ""فلم سټوډیو"", ""ری چارلز"", ""د دستکشې خونه""]}"
056b33c7050c167b0d4348d40d169358,Where would stones not be arranged in a path?,stones,"{'label': array(['A', 'B', 'C', 'D', 'E'], dtype=object), 'text': array(['quarries', 'field', 'park', 'bridge', 'made from rocks'],
      dtype=object)}",B,چیرته به ډبرې په یوه لاره کې نه وي ترتیب شوې؟,"{""label"": [""A"", ""B"", ""C"", ""D"", ""E""], ""text"": [""کانونه"", ""کروندې"", ""پارک"", ""پل"", ""د ډبرو څخه جوړ شوی""]}"
31d7dd1d00aabe411568df3e72d5b5e0,A bald eagle is likely to be found on what kind of work?,bald eagle,"{'label': array(['A', 'B', 'C', 'D', 'E'], dtype=object), 'text': array(['rural area', 'book', 'canada', 'painting', 'aviary'], dtype=object)}",D,یو بې وزنه عقاب ممکن په کوم ډول کار کې وموندل شي؟,"{""label"": [""A"", ""B"", ""C"", ""D"", ""E""], ""text"": [""کلي سیمه"", ""کتاب"", ""کینیډا"", ""رنګول"", ""پرندګان""]}"
cbf3dd48b4d591fc872a53cd4b9dd3af,"The hostess was good at her job, she always had a smile when she would what?",hostess,"{'label': array(['A', 'B', 'C', 'D', 'E'], dtype=object), 'text': array(['group people', 'ready parlor for guests', 'welcome guests',
       'work room', 'park'], dtype=object)}",C,میزبان د خپلې دندې کې ښه وه، هغه تل مسکا درلوده کله چې څه؟,"{""label"": [""A"", ""B"", ""C"", ""D"", ""E""], ""text"": [""خلک ګروپ کول"", ""د مېلمنو لپاره د پارلور چمتو کول"", ""مېلمنو ته ښه راغلاست ویل"", ""کار خونه"", ""پارک""]}"
60e8f1a86d4063895f340cd1e3c55f50,What is likely to happen to someone who is learning?,learning,"{'label': array(['A', 'B', 'C', 'D', 'E'], dtype=object), 'text': array(['overconfidence', 'effectiveness', 'knowing more',
       'head grows larger', 'growth'], dtype=object)}",C,څه پیښیدل ممکن د هغه چا لپاره چې زده کړه کوي؟,"{""label"": [""A"", ""B"", ""C"", ""D"", ""E""], ""text"": [""زیات باور"", ""موثریت"", ""زیات پوهیدل"", ""سر لوی کیږي"", ""پرمختګ""]}"
eee8cb7a0d806a62d2de24831f82e3e1,"The inspector was agreeing with the factory protocols, what was the status of the factory?",agreeing with,"{'label': array(['A', 'B', 'C', 'D', 'E'], dtype=object), 'text': array(['compliance', 'eligible', 'contract', 'harmony', 'friendship'],
      dtype=object)}",A,مفتش د فابریکې پروتوکولونو سره موافق و، د فابریکې حالت څه و؟,"{""label"": [""A"", ""B"", ""C"", ""D"", ""E""], ""text"": [""مطابقت"", ""مناسب"", ""قرارداد"", ""همغږي"", ""دوستي""]}"
9a23a7f04e63bf9f4c7dfe50c58abfd2,"After standing up I had to sit right back down, why would I feel like this?",standing up,"{'label': array(['A', 'B', 'C', 'D', 'E'], dtype=object), 'text': array(['train', 'effort', 'balance', 'feet', 'muscles'], dtype=object)}",C,کله چې زه ولاړ شوم، باید بیا ناست شوم، ولې زه داسې احساس کوم؟,"{""label"": [""A"", ""B"", ""C"", ""D"", ""E""], ""text"": [""روزنه"", ""کوشش"", ""توازن"", ""پښې"", ""عضلات""]}"
e3426e4f60c142aa3d813479f79d6305,Where do you go on a night out before going to the bar?,bar,"{'label': array(['A', 'B', 'C', 'D', 'E'], dtype=object), 'text': array(['new york city', 'las vegas', 'restaurant', 'nightclub', 'park'],
      dtype=object)}",C,د بار ته تللو مخکې په شپه کې چیرته ځئ؟,"{""label"": [""A"", ""B"", ""C"", ""D"", ""E""], ""text"": [""نیو یارک ښار"", ""لاس ویګاس"", ""رستوران"", ""نایټ کلب"", ""پارک""]}"
3526550b02d9594abd4fc43553010fc6,"The dad wanted to protect his house, where did he put his gun?",gun,"{'label': array(['A', 'B', 'C', 'D', 'E'], dtype=object), 'text': array(['police station', 'crime scene', 'restroom', 'drawer', 'holster'],
      dtype=object)}",D,پلار غوښتل چې خپل کور وساتي، هغه خپله وسله چیرته واچوله؟,"{""label"": [""A"", ""B"", ""C"", ""D"", ""E""], ""text"": [""پولیس سټیشن"", ""جرم صحنه"", ""تش خونه"", ""درجې"", ""هولستر""]}"
e567c94d88829fb07a30e3d46c02e664,What instrument can be played with an air of happiness?,happiness,"{'label': array(['A', 'B', 'C', 'D', 'E'], dtype=object), 'text': array(['jump up and down', 'jump up and down', 'sing', 'play games',
       'fiddle'], dtype=object)}",E,کوم آله د خوښۍ سره نغمه کیدی شي؟,"{""label"": [""A"", ""B"", ""C"", ""D"", ""E""], ""text"": [""پورته او ښکته ټوپ وهل"", ""پورته او ښکته ټوپ وهل"", ""غږول"", ""لوبې کول"", ""فیدل""]}"
cf5a710c931779fb3dde198e0ace3b6a,What to kids do for boredom on a ramp?,boredom,"{'label': array(['A', 'B', 'C', 'D', 'E'], dtype=object), 'text': array(['watch film', 'fire game', 'hang out at bar', 'go skiing',
       'skateboard'], dtype=object)}",E,ماشومان د خستګي لپاره په ریمپ کې څه کوي؟,"{""label"": [""A"", ""B"", ""C"", ""D"", ""E""], ""text"": [""فلم کتل"", ""اور لوبه"", ""بار کې وخت تېرول"", ""سکینګ ته تلل"", ""سکیټ بورډ""]}"
0f2377604e628c55ba588366139396b9,What animal has quills all over it?,quill,"{'label': array(['A', 'B', 'C', 'D', 'E'], dtype=object), 'text': array(['feather', 'chicken', 'calligraphy', 'porcupine', 'hedgehog'],
      dtype=object)}",E,کوم حیوان په ټول بدن کې د خنجرونو لري؟,"{""label"": [""A"", ""B"", ""C"", ""D"", ""E""], ""text"": [""پرچم"", ""مرغی"", ""خطاطي"", ""پورکپاین"", ""هیدج هاگ""]}"
ada088b7c97de80336ad043757c2db16,Why would you go to an office?,office,"{'label': array(['A', 'B', 'C', 'D', 'E'], dtype=object), 'text': array(['work', 'school building', 'paper', 'city', 'habit'], dtype=object)}",A,تاسو ولې دفتر ته ځئ؟,"{""label"": [""A"", ""B"", ""C"", ""D"", ""E""], ""text"": [""کار"", ""ښوونځي"", ""کاغذ"", ""ښار"", ""عادت""]}"
beef0aa2058297904bb4acc1dc340c85,When is the worst time for having food?,having food,"{'label': array(['A', 'B', 'C', 'D', 'E'], dtype=object), 'text': array(['digesting', 'not hungry', 'gas', 'weight gain',
       'feeling of fullness'], dtype=object)}",B,د خوړو لپاره تر ټولو بد وخت کله دی؟,"{""label"": [""A"", ""B"", ""C"", ""D"", ""E""], ""text"": [""هضم"", ""غوښتنه نه لري"", ""ګاز"", ""وزن زیاتول"", ""د پوره احساس""]}"
ba9a05bd2086c0d37733e26479d6630f,If you spend all your time buying and not saving what is is likely to happen?,buying,"{'label': array(['A', 'B', 'C', 'D', 'E'], dtype=object), 'text': array(['using money', 'feel better', 'ocean', 'losing money', 'go broke'],
      dtype=object)}",E,که تاسو خپل ټول وخت د پېرلو لپاره ولګوئ او نه د سپما، څه پیښیدل ممکن دي؟,"{""label"": [""A"", ""B"", ""C"", ""D"", ""E""], ""text"": [""پیسې کارول"", ""ښه احساس کول"", ""سمندر"", ""پیسې له لاسه ورکول"", ""پيسې ختمول""]}"
6b0bf501aa68b06ddc5ad72ac5ff68fc,"Though a mouse might prefer your house, you might also see him where?",mouse,"{'label': array(['A', 'B', 'C', 'D', 'E'], dtype=object), 'text': array(['tin', 'department store', 'garden', 'small hole', 'cupboard'],
      dtype=object)}",C,که څه هم مچ د ستا کور ته ترجیح ورکوي، نو ته به هغه چیرته هم ولیدل شي؟,"{""label"": [""A"", ""B"", ""C"", ""D"", ""E""], ""text"": [""دوه"", ""د پلورلو دوکان"", ""باغ"", ""کوچنی سوري"", ""کابینه""]}"
926298bbdd03ce96acfeb4408b888b61,What is performing a type of?,performing,"{'label': array(['A', 'B', 'C', 'D', 'E'], dtype=object), 'text': array(['singing', 'act', 'feat', 'smile', 'acting'], dtype=object)}",B,د کوم ډول فعالیت ترسره کول څه ته ویل کیږي؟,"{""label"": [""A"", ""B"", ""C"", ""D"", ""E""], ""text"": [""غږیدل"", ""عمل"", ""کامیابي"", ""مسکراہٹ"", ""اکت""]}"
faa0aa438b94c19be8ff52ee80d9e298,"The car was going from Alabama to New York, what was its goal?",car,"{'label': array(['A', 'B', 'C', 'D', 'E'], dtype=object), 'text': array(['head north', 'speed up', 'heading north', 'go fast',
       'headed south'], dtype=object)}",A,موټر د الاباما نه نیو یارک ته روان و، هدف یې څه و؟,"{""label"": [""A"", ""B"", ""C"", ""D"", ""E""], ""text"": [""شمال ته لاړ شي"", ""چټک شي"", ""شمال ته روان"", ""چټک لاړ شي"", ""جنوب ته روان""]}"
9310c39a0752f28640c3a05cba1d5ca7,What do they call the trash in Australia?,trash,"{'label': array(['A', 'B', 'C', 'D', 'E'], dtype=object), 'text': array(['dirt', 'subway', 'state park', 'container', 'dustbin'],
      dtype=object)}",E,په استرالیا کې د کثافاتو لپاره څه نوم دی؟,"{""label"": [""A"", ""B"", ""C"", ""D"", ""E""], ""text"": [""خاک"", ""زیرزمینی"", ""ایالت پارک"", ""کانتینر"", ""کثافات""]}"
fee5f4e9d8e37f0183e36eb9b8dbcbb9,"Joan wants to cook a potato, where should she place it?",potato,"{'label': array(['A', 'B', 'C', 'D', 'E'], dtype=object), 'text': array(['boiling water', 'paper bag', 'restaurants', 'underground',
       'cupboard'], dtype=object)}",A,جون غواړي چې کچالو پخ کړي، هغه باید دا چیرته کیږدي؟,"{""label"": [""A"", ""B"", ""C"", ""D"", ""E""], ""text"": [""جوشیدونکي اوبه"", ""کاغذي کڅوړه"", ""ریستورانونه"", ""زیرمې"", ""کابینه""]}"
5392af3f1c4665e95ff3354e5115de42,Writers with a great what can amass a large fortune?,fortune,"{'label': array(['A', 'B', 'C', 'D', 'E'], dtype=object), 'text': array(['cookie', 'bank', 'real estate', 'imagination', 'bank roll'],
      dtype=object)}",D,لیکوالان چې لوی څه لري کولی شي لوی شتمني راټوله کړي؟,"{""label"": [""A"", ""B"", ""C"", ""D"", ""E""], ""text"": [""کوکی"", ""بانک"", ""حقیقي جایداد"", ""تخیل"", ""بانک رول""]}"
4c5c74b3287492d6ddb2da4c8c0fd51a,Where do all animals live?,animals,"{'label': array(['A', 'B', 'C', 'D', 'E'], dtype=object), 'text': array(['the moon', 'fairgrounds', 'surface of earth', 'meadow', 'zoos'],
      dtype=object)}",C,ټول حیوانات چیرته ژوند کوي؟,"{""label"": [""A"", ""B"", ""C"", ""D"", ""E""], ""text"": [""سپوږمۍ"", ""نندارتون"", ""د ځمکې سطحه"", ""چمن"", ""زoo""]}"
52f3eb6c9a6b9671050fc769d465ed03,How are the conditions for someone who is living in a homeless shelter?,living,"{'label': array(['A', 'B', 'C', 'D', 'E'], dtype=object), 'text': array(['sometimes bad', 'happy', 'respiration', 'growing older', 'death'],
      dtype=object)}",A,د بې سرپناه پناه ځای کې د چا لپاره شرایط څنګه دي؟,"{""label"": [""A"", ""B"", ""C"", ""D"", ""E""], ""text"": [""کله ناکله خراب"", ""خوشحاله"", ""تنفس"", ""زویدل"", ""مرګ""]}"
03ee30b5801b61aee791a551a9d9a49f,You can do knitting to get the feeling of what?,knitting,"{'label': array(['A', 'B', 'C', 'D', 'E'], dtype=object), 'text': array(['relaxation', 'arthritis', 'adrenaline', 'your',
       'sweater may produced'], dtype=object)}",A,تاسو کولی شئ د سوزیدو احساس ترلاسه کولو لپاره څه وکړئ؟,"{""label"": [""A"", ""B"", ""C"", ""D"", ""E""], ""text"": [""آرام"", ""آرتریت"", ""ادریالین"", ""ستاسو"", ""سویټر ممکن تولید شي""]}"
6d1d483745bc0aae0f4dd04e851ceffb,What might a very large table be?,table,"{'label': array(['A', 'B', 'C', 'D', 'E'], dtype=object), 'text': array(['dining room', 'conference', 'kitchen', 'in a lake',
       'demonstration'], dtype=object)}",B,یو ډیر لوی میز څه کیدی شي؟,"{""label"": [""A"", ""B"", ""C"", ""D"", ""E""], ""text"": [""د خواړو خونه"", ""کنفرانس"", ""پخلنځی"", ""په جهیل کې"", ""نندارتون""]}"
bf10bfda7328c8671e15adf8546b64d7,John got his tax refund back.  He treated it like it was what?,tax,"{'label': array(['A', 'B', 'C', 'D', 'E'], dtype=object), 'text': array(['candy', 'death and', 'free money', 'discount', 'credit'],
      dtype=object)}",C,جان خپل مالیه بیرته ترلاسه کړه. هغه دا څنګه ګڼله؟,"{""label"": [""A"", ""B"", ""C"", ""D"", ""E""], ""text"": [""شیرینی"", ""مرګ او"", ""وړیا پیسې"", ""تخفیف"", ""کریډیټ""]}"
0b3a3ee40dd25be9735ac5e3342ca4dd,A person with an allergy might be doing what if they awake suddenly?,awake,"{'label': array(['A', 'B', 'C', 'D', 'E'], dtype=object), 'text': array(['have fun', 'enjoy with friends', 'stretch', 'yawn', 'sneezing'],
      dtype=object)}",E,یو شخص چې حساسیت لري، که ناڅاپه ویښ شي نو څه کوي؟,"{""label"": [""A"", ""B"", ""C"", ""D"", ""E""], ""text"": [""خوشحاله وي"", ""د ملګرو سره خوند اخلي"", ""غځیدل"", ""یوه اوږده ساه اخلي"", ""عطسه کول""]}"
77e2a0b469b56bea81921a4a945ffcb5,Where is a ferret unlikely to be?,ferret,"{'label': array(['A', 'B', 'C', 'D', 'E'], dtype=object), 'text': array(['classroom', 'outdoors', 'aquarium', 'north carolina',
       'great britain'], dtype=object)}",A,فیرټ چیرته نه وي؟,"{""label"": [""A"", ""B"", ""C"", ""D"", ""E""], ""text"": [""درسګاه"", ""بهر"", ""اویاریم"", ""شمال کارولینا"", ""لوی بریتانیا""]}"
dc964e4f6df6b70815e81e466d0ff717,If you jump in any of the oceans you will get?,oceans,"{'label': array(['A', 'B', 'C', 'D', 'E'], dtype=object), 'text': array(['tanned', 'wet', 'wide', 'very deep', 'fish'], dtype=object)}",B,که تاسو په هر سمندر کې ټوپ وکړئ، څه به ترلاسه کړئ؟,"{""label"": [""A"", ""B"", ""C"", ""D"", ""E""], ""text"": [""تپیدلی"", ""نری"", ""پراخ"", ""ډیر ژور"", ""ماهی""]}"
6b9221c1af583ffb43580857d6fde38a,"Immediately after peeing, a person's bladder is what?",bladder,"{'label': array(['A', 'B', 'C', 'D', 'E'], dtype=object), 'text': array(['collapsed', 'empty', 'full', 'filled', 'stretchable'],
      dtype=object)}",B,د پیشاب کولو سمدستي وروسته، د شخص مثانه څه حالت لري؟,"{""label"": [""A"", ""B"", ""C"", ""D"", ""E""], ""text"": [""راپرزیدلې"", ""خالي"", ""پوره"", ""ډک"", ""غځیدونکی""]}"
4dc2c4596b08e9bfd893174e67bff40a,"The lady would eat and eat, and because of mental issues would then make herself what?",eat,"{'label': array(['A', 'B', 'C', 'D', 'E'], dtype=object), 'text': array(['wash dishes', 'throwing up', 'drinking', 'throw up',
       'turn inside out'], dtype=object)}",D,ښځه به وخوري او وخوري، او د ذهني ستونزو له امله به ځان څه کړي؟,"{""label"": [""A"", ""B"", ""C"", ""D"", ""E""], ""text"": [""د لوښو مینځل"", ""استفراغ کول"", ""څښل"", ""استفراغ"", ""د داخلې اړول""]}"
8ae24d3ff199077a59e0d970feb665b7,"A car was hailed to chauffeur someone to the opera house, where was it heading?",car,"{'label': array(['A', 'B', 'C', 'D', 'E'], dtype=object), 'text': array(['go downtown', 'appear suddenly', 'go fast', 'bottom out', 'east'],
      dtype=object)}",A,یو موټر د چا لپاره د اوپیرا کور ته د تګ لپاره بلل شوی و، دا چیرته روان و؟,"{""label"": [""A"", ""B"", ""C"", ""D"", ""E""], ""text"": [""ښار ته تلل"", ""ناڅاپه څرګندیدل"", ""چټک تلل"", ""پای ته رسیدل"", ""خاوری""]}"
d64a676e9d22e7edd12e7f4ce267a9f0,What do you go to see for live entertainment?,entertainment,"{'label': array(['A', 'B', 'C', 'D', 'E'], dtype=object), 'text': array(['movie', 'show', 'concert venue', 'casino', 'theatre'],
      dtype=object)}",B,تاسو د ژوندۍ تفریح لپاره څه ته ځئ؟,"{""label"": [""A"", ""B"", ""C"", ""D"", ""E""], ""text"": [""فلم"", ""شو"", ""کنسرت ځای"", ""کاسینو"", ""تیاتر""]}"
54ecb521df1d0f5b130a393c42b4126d,The teacher thought that a ferret can be very mischievous and probably wouldn't make a great pet for the entire what?,ferret,"{'label': array(['A', 'B', 'C', 'D', 'E'], dtype=object), 'text': array(['bad mood', 'hutch', 'classroom', 'pair of trousers', 'year'],
      dtype=object)}",C,استاد فکر کاوه چې فیرټ ډیر شریر کیدی شي او شاید د ټول کال لپاره ښه پالتو نه وي؟,"{""label"": [""A"", ""B"", ""C"", ""D"", ""E""], ""text"": [""بد مزاج"", ""هچ"", ""درسګاه"", ""د پتلون جوړه"", ""کال""]}"
b7276bb9139ec25c98c7e3822404eb6c,A creek is a body of water found in what low land?,creek,"{'label': array(['A', 'B', 'C', 'D', 'E'], dtype=object), 'text': array(['forest', 'valley', 'outdoors', 'countryside', 'woods'],
      dtype=object)}",B,یو جوی د کوم ټیټ ځمکې په بدن کې موندل کیږي؟,"{""label"": [""A"", ""B"", ""C"", ""D"", ""E""], ""text"": [""جنگل"", ""دره"", ""بهر"", ""کلی"", ""وودز""]}"
ecb8758b0d088f9aedc182a516dd1190,"If I have a pet bird, what does it likely live in?",bird,"{'label': array(['A', 'B', 'C', 'D', 'E'], dtype=object), 'text': array(['forest', 'bathroom', 'windowsill', 'countryside', 'cage'],
      dtype=object)}",E,که زه یوه پالتو مرغۍ ولرم، نو دا به په کوم ځای کې ژوند وکړي؟,"{""label"": [""A"", ""B"", ""C"", ""D"", ""E""], ""text"": [""جنگل"", ""تشناب"", ""د کړکۍ پر سر"", ""کلی"", ""قفس""]}"
f2645d0ee8662b6553954cee7e77979e,Joe and Mac were playing basketball. They did it every day in their back yard.  Why were they playing basketball?,playing basketball,"{'label': array(['A', 'B', 'C', 'D', 'E'], dtype=object), 'text': array(['study', 'have fun', 'pain', 'cheers', 'knee injury'], dtype=object)}",B,جو او مک د باسکتبال لوبه کوله. دوی دا هره ورځ په خپل شاته حیاط کې کوله. دوی ولې د باسکتبال لوبه کوله؟,"{""label"": [""A"", ""B"", ""C"", ""D"", ""E""], ""text"": [""مطالعه"", ""خوند اخیستل"", ""درد"", ""خوښۍ"", ""د زنګون ټپ""]}"
ea6d1a739ea841be282e13789270651e,What makes someone a nomad?,person,"{'label': array(['A', 'B', 'C', 'D', 'E'], dtype=object), 'text': array(['unpleasant things', 'hangnail', 'have no home', 'have no car',
       'schizophrenia'], dtype=object)}",C,یو څوک ولې خاندي؟,"{""label"": [""A"", ""B"", ""C"", ""D"", ""E""], ""text"": [""ناخوښي"", ""د ناخن ټپ"", ""کور نه لرل"", ""موټر نه لرل"", ""شیزوفرینیا""]}"
c82ed0c2a2e115452b4d596c5faafbcf,What is a treat that you dog will enjoy?,dog,"{'label': array(['A', 'B', 'C', 'D', 'E'], dtype=object), 'text': array(['salad', 'petted', 'affection', 'bone', 'lots of attention'],
      dtype=object)}",D,کومه خوندوره شی چې ستاسو سپی به یې خوښ کړي؟,"{""label"": [""A"", ""B"", ""C"", ""D"", ""E""], ""text"": [""سلاد"", ""پام"", ""مینه"", ""استخوان"", ""ډیر پام""]}"
163d83851ecd4a4144b31b8738e4c335,Women used to be expected to wear a dress but it's now acceptable for them to wear what?,dress,"{'label': array(['A', 'B', 'C', 'D', 'E'], dtype=object), 'text': array(['man suit', 'pants', 'naked', 'action', 'long skirt'], dtype=object)}",B,ښځې پخوا تمه کیده چې لباس واغوندي، مګر اوس د دوی لپاره د څه اغوستل منل شوي؟,"{""label"": [""A"", ""B"", ""C"", ""D"", ""E""], ""text"": [""د نارینه سوټ"", ""پینټ"", ""بې لباس"", ""عمل"", ""اوږد سکرټ""]}"
095767956c500ca1af7cf7671556de5b,The fact that Joe was able to memorize the list in spite of his apparent  state proved that part of his brain was what?,memorize,"{'label': array(['A', 'B', 'C', 'D', 'E'], dtype=object), 'text': array(['awake', 'repeat', 'sleeping', 'concentrate', 'read aloud'],
      dtype=object)}",A,دا چې جو د لیست یادولو توان درلود، سره له دې چې هغه ظاهراً په کوم حالت کې و، دا ثابتوي چې د هغه دماغ یوه برخه څه وه؟,"{""label"": [""A"", ""B"", ""C"", ""D"", ""E""], ""text"": [""بیدار"", ""تکرار"", ""خواب"", ""تمرکز"", ""غږیدل""]}"
d31ee38f67d1173275e120b8ad36039c,What is a wet person likely to do?,person,"{'label': array(['A', 'B', 'C', 'D', 'E'], dtype=object), 'text': array(['gain weight', 'thank god', 'catch cold', 'suicide',
       'cross street'], dtype=object)}",C,یو لوند شخص څه کولی شي؟,"{""label"": [""A"", ""B"", ""C"", ""D"", ""E""], ""text"": [""وزن زیاتول"", ""خدای ته شکر"", ""زکام نیول"", ""خودکشي"", ""کوڅه عبور کول""]}"
c410a4626dfce4b4cfd3e5937602cd77,"After recovering from the disease, what did the doctor call the patient?",disease,"{'label': array(['A', 'B', 'C', 'D', 'E'], dtype=object), 'text': array(['healthy', 'passing around', 'cure', 'wellness', 'healthy'],
      dtype=object)}",A,د ناروغۍ څخه د رغیدو وروسته، ډاکټر ناروغ ته څه وویل؟,"{""label"": [""A"", ""B"", ""C"", ""D"", ""E""], ""text"": [""روغ"", ""تیریدل"", ""درملنه"", ""روغتیا"", ""روغ""]}"
14d760e43728e9e4643c414627f2b596,"The painter started to edge the room with tape, he always took extra care to make the lines clean and crisp when working with an what?",edge,"{'label': array(['A', 'B', 'C', 'D', 'E'], dtype=object), 'text': array(['triangle', 'middle', 'corner', 'center', 'interior'], dtype=object)}",E,رنګګر د خونه د ټیپ سره د کټ کولو پیل وکړ، هغه تل د دې لپاره ځانګړې پاملرنه کوله چې کرښې پاکې او روښانه وي کله چې د څه سره کار کوي؟,"{""label"": [""A"", ""B"", ""C"", ""D"", ""E""], ""text"": [""مثلث"", ""منځ"", ""کونج"", ""مرکز"", ""داخلي""]}"
abcf1b550b4d44f46d4f68b8e1d98ec8,"After high tide, where on the coast can you look to find a sea anemone?",anemone,"{'label': array(['A', 'B', 'C', 'D', 'E'], dtype=object), 'text': array(['nursery', 'museum', 'gulf of mexico', 'tide pool',
       'intertidal zone'], dtype=object)}",D,د لوړ جزر وروسته، په ساحل کې چیرته کتل کیدی شي ترڅو د سمندري انیمون ومومئ؟,"{""label"": [""A"", ""B"", ""C"", ""D"", ""E""], ""text"": [""د ماشومانو ځای"", ""موزیم"", ""د میکسیکو خلیج"", ""د جزر حوض"", ""د جزر او مد زون""]}"
5b8af6f26335dbd501b0104c71e26d9e,What could a driving car do to a pedestrian?,driving car,"{'label': array(['A', 'B', 'C', 'D', 'E'], dtype=object), 'text': array(['say hello', 'wreak', 'pollution', 'smoke', 'relaxation'],
      dtype=object)}",B,یو چلونکی موټر د پیاده چلونکي سره څه کولی شي؟,"{""label"": [""A"", ""B"", ""C"", ""D"", ""E""], ""text"": [""سلام ویل"", ""زیان رسول"", ""ککړتیا"", ""د سګرټو دود"", ""آرام""]}"
4364b4b342fb7b44434bd6694bf8fd51,People do many things to alleviate boredom.  If you can't get out of the house you might decide to do what?,boredom,"{'label': array(['A', 'B', 'C', 'D', 'E'], dtype=object), 'text': array(['play cards', 'skateboard', 'meet interesting people',
       'listen to music', 'go to a concert'], dtype=object)}",D,خلک د خستګۍ د کمولو لپاره ډیر کارونه کوي. که تاسو د کور نه وتلی نشئ، نو تاسو څه کولای شئ؟,"{""label"": [""A"", ""B"", ""C"", ""D"", ""E""], ""text"": [""کارډونه لوبول"", ""سکیت بورډ چلول"", ""دلچسپ خلکو سره لیدل"", ""موسیقي اوریدل"", ""کنسرټ ته تلل""]}"
3ffe67fb009529d9b0c49ccd7141ee4a,"At a grocery store they sell individual potatoes, where does the grocery clerk likely put the potato?",potato,"{'label': array(['A', 'B', 'C', 'D', 'E'], dtype=object), 'text': array(['boiling water', 'root cellar', 'rocket ship', 'paper bag',
       'underground'], dtype=object)}",D,په یوه خوراکي پلورنځي کې انفرادي کچالو پلورل کیږي، د خوراکي پلورونکي احتمالاً کچالو چیرته ایښودل؟,"{""label"": [""A"", ""B"", ""C"", ""D"", ""E""], ""text"": [""جوشیدونکي اوبه"", ""ریشه خونه"", ""راکت"", ""کاغذي کڅوړه"", ""ځمکې لاندې""]}"
f372587fa4c99d5bebf0d0eb987c44e2,What room is a rubber bath mat usually kept?,mat,"{'label': array(['A', 'B', 'C', 'D', 'E'], dtype=object), 'text': array(['doorway', 'living room', 'sand', 'floors', 'bathroom'],
      dtype=object)}",E,د ربر د حمام د غالۍ معمولاً کومې خونې کې ساتل کیږي؟,"{""label"": [""A"", ""B"", ""C"", ""D"", ""E""], ""text"": [""دروازه"", ""د اوسیدو خونه"", ""ریت"", ""فرشونه"", ""حمام""]}"
d35a8a3bd560fdd651ecf314878ed30f,What would you put meat on top of to cook it?,meat,"{'label': array(['A', 'B', 'C', 'D', 'E'], dtype=object), 'text': array(['oil', 'freezer', 'ham sandwich', 'oven', 'frying pan'],
      dtype=object)}",E,تاسو به د غوښې د پخولو لپاره څه شی ته واچوئ؟,"{""label"": [""A"", ""B"", ""C"", ""D"", ""E""], ""text"": [""تیل"", ""فریزر"", ""هام سینډویچ"", ""اوون"", ""تلی""]}"
0542414710025f56b0c26e1bae5c4d06,Minerals can be obtained in what way for a person who avoids leafy greens?,mineral,"{'label': array(['A', 'B', 'C', 'D', 'E'], dtype=object), 'text': array(['multivitamin', 'farm', 'michigan', 'earth', 'ore'], dtype=object)}",A,معدني مواد څنګه ترلاسه کیدی شي د هغه شخص لپاره چې د پاڼو سبزیجاتو څخه ډډه کوي؟,"{""label"": [""A"", ""B"", ""C"", ""D"", ""E""], ""text"": [""ملټي ویتامین"", ""کرنه"", ""میشیګن"", ""ځمکه"", ""کان""]}"
1875f70cf736c68c7a9df3ef870224a1,What could you be a few hours after you finish cashing in due to your cash?,cashing in,"{'label': array(['A', 'B', 'C', 'D', 'E'], dtype=object), 'text': array(['happy', 'receiving money', 'getting paid', 'spending money',
       'selling out'], dtype=object)}",A,تاسو څه کیدی شئ څو ساعته وروسته له دې چې د پیسو له ترلاسه کولو وروسته؟,"{""label"": [""A"", ""B"", ""C"", ""D"", ""E""], ""text"": [""خوشحاله"", ""پیسې ترلاسه کول"", ""پیسې ورکول"", ""پیسې لګول"", ""خرڅول""]}"
83250ae2dfeb2e3886ead4cde8e1290f,"The smelly man was having a bath, but what is he pursuing?",having bath,"{'label': array(['A', 'B', 'C', 'D', 'E'], dtype=object), 'text': array(['hydration', 'being clear', 'personal cleanliness', 'will drown',
       'use of water'], dtype=object)}",C,بد بوی سړی د حمام کولو په حال کې دی، مګر هغه څه تعقیبوي؟,"{""label"": [""A"", ""B"", ""C"", ""D"", ""E""], ""text"": [""اوبه ورکول"", ""پاکوالی"", ""شخصي پاکوالی"", ""ډوبیدل"", ""اوبو کارول""]}"
70c39372c0d50566554fd72c768b75f6,What might a couple have a lot of when they are deciding on stopping being married to each other?,stopping being married to,"{'label': array(['A', 'B', 'C', 'D', 'E'], dtype=object), 'text': array(['pleasure', 'detachment', 'exercise', 'bankruptcy', 'fights'],
      dtype=object)}",E,یو جوړه ممکن د څه ډیر ولري کله چې دوی د یو بل سره د واده بندولو په اړه فکر کوي؟,"{""label"": [""A"", ""B"", ""C"", ""D"", ""E""], ""text"": [""خوشحالي"", ""جلا کیدل"", ""ورزش"", ""د پورونو حالت"", ""جنګونه""]}"
c21ec5b367f409a0288d616f626555ae,"If a person is working a lot, what are they likely trying to earn?",person,"{'label': array(['A', 'B', 'C', 'D', 'E'], dtype=object), 'text': array(['much money', 'own house', 'creativity', 'new car', 'caregiver'],
      dtype=object)}",A,که یو شخص ډیر کار کوي، نو احتمالاً څه شی ترلاسه کول غواړي؟,"{""label"": [""A"", ""B"", ""C"", ""D"", ""E""], ""text"": [""ډیر پیسې"", ""خپل کور"", ""خلاقیت"", ""نوې موټر"", ""پاملرونکی""]}"
a2cd03ed068f6d613e85f3a60f4db0a1,"The traveling business man was glad his credit card had perks, it offset the high prices for travel from a what?",high prices,"{'label': array(['A', 'B', 'C', 'D', 'E'], dtype=object), 'text': array(['car', 'theatre', 'airport', 'hotel', 'disneyland'], dtype=object)}",C,سفر کوونکی سوداګر خوشحاله و چې د هغه کریډیټ کارت ځانګړتیاوې لري، دا د سفر لپاره لوړو بیو سره څه شی توازن کوي؟,"{""label"": [""A"", ""B"", ""C"", ""D"", ""E""], ""text"": [""موټر"", ""تیاتر"", ""هوایی ډګر"", ""هوټل"", ""ډیزني لینډ""]}"
d2871dc28c82471e5d7f71f79e49c257,"Billy hated using other people's toilets. He was only comfortable on his own.  So whenever he needed to poop, he would go back to his what?",toilet,"{'label': array(['A', 'B', 'C', 'D', 'E'], dtype=object), 'text': array(['bathroom', 'motel room', 'nearest public restroom', 'house',
       'apartment'], dtype=object)}",D,بیلي د نورو خلکو تشناب کارول نه خوښول. هغه یوازې په خپل تشناب کې آرام و. نو کله چې هغه ته د پاڅیدو اړتیا وه، هغه به خپل څه ته لاړ شي؟,"{""label"": [""A"", ""B"", ""C"", ""D"", ""E""], ""text"": [""تشباب"", ""موتل خونه"", ""نږدې عامه تشناب"", ""کور"", ""اپارتمان""]}"
94770e75c4e2000e717b4218ddff19e8,"The forest experienced a cold winter, where is it located?",forest,"{'label': array(['A', 'B', 'C', 'D', 'E'], dtype=object), 'text': array(['earth', 'south america', 'amazon basin', 'temperate zone',
       'national park'], dtype=object)}",D,جنگل یوه سړه ژمی تجربه کړه، دا چیرته موقعیت لري؟,"{""label"": [""A"", ""B"", ""C"", ""D"", ""E""], ""text"": [""ځمکه"", ""جنوبی امریکا"", ""امازون حوض"", ""معتدل سیمه"", ""ملی پارک""]}"
08ad17d3ca1838b8724d21cf5921ec52,How can you let someone know about your anger without hurting him or her?,anger,"{'label': array(['A', 'B', 'C', 'D', 'E'], dtype=object), 'text': array(['release energy', 'destroy enemy', 'punch', 'write letter',
       'lose your temper'], dtype=object)}",D,تاسو څنګه کولی شئ چې یو څوک د خپل غصې په اړه خبر کړئ پرته له دې چې هغه ته زیان ورسوئ؟,"{""label"": [""A"", ""B"", ""C"", ""D"", ""E""], ""text"": [""انرژي خوشې کړئ"", ""دښمن له منځه یوسئ"", ""مشت زدن"", ""لیک ولیک"", ""غصه کیدل""]}"
21fb76bd8349628b441c76f47c33e77b,Where is one likely to find a brownstone?,brownstone,"{'label': array(['A', 'B', 'C', 'D', 'E'], dtype=object), 'text': array(['new york city', 'subdivision', 'ring', 'hazleton', 'live in'],
      dtype=object)}",A,چیرته ممکن دی چې یو براون سټون ومومئ؟,"{""label"": [""A"", ""B"", ""C"", ""D"", ""E""], ""text"": [""نیو یارک ښار"", ""سب ډویژن"", ""حلقه"", ""هیزلټن"", ""په کې ژوند کول""]}"
e151b44e0a7bf08a1dd3c861eef09161,What may I place the telephone on?,telephone,"{'label': array(['A', 'B', 'C', 'D', 'E'], dtype=object), 'text': array(['bar', ""friend's house"", 'desktop', 'party', 'office'],
      dtype=object)}",C,زه د ټلویزیون لپاره څه شی کېښودلی شم؟,"{""label"": [""A"", ""B"", ""C"", ""D"", ""E""], ""text"": [""بار"", ""دوست کور"", ""ډیسکتاپ"", ""پارټي"", ""دفتر""]}"
46351b3a6beb694c5f623583a3b1473d,What language type is someone from Iran likely to use?,light source,"{'label': array(['A', 'B', 'C', 'D', 'E'], dtype=object), 'text': array(['books', 'dard', 'sky', 'closed room', 'television'], dtype=object)}",B,د ایران یو کس احتمالاً کومه ژبه کاروي؟,"{""label"": [""A"", ""B"", ""C"", ""D"", ""E""], ""text"": [""کتابونه"", ""درد"", ""اسمان"", ""بند خونه"", ""ټلویزیون""]}"
db75e16788cf56d5dfb9773eaf91fe7e,"John went to a party that lasted all night.  Because of this, he didn't have time for what?",party,"{'label': array(['A', 'B', 'C', 'D', 'E'], dtype=object), 'text': array(['meeting', 'blowing off steam', 'stay home', 'partying hard',
       'studying'], dtype=object)}",E,جان یوې پارټۍ ته لاړ چې ټوله شپه روانه وه. د دې له امله، هغه د څه لپاره وخت نه درلود؟,"{""label"": [""A"", ""B"", ""C"", ""D"", ""E""], ""text"": [""ملاقات"", ""ذهن ته آرام ورکول"", ""کور کې پاتې کیدل"", ""سخت پارټي کول"", ""مطالعه""]}"
ffd89796a9b09bef56c5803f188764c6,"The child wasn't allowed in the kitchen but still wanted to help, what could it do to help in the dining room?",child,"{'label': array(['A', 'B', 'C', 'D', 'E'], dtype=object), 'text': array(['set table', 'form opinions', 'make honey', 'become adult',
       'gather flowers'], dtype=object)}",A,ماشوم ته په پخلنځي کې د تلو اجازه نه وه، مګر بیا هم غوښتل چې مرسته وکړي، هغه څه کولی شي چې په ډوډۍ خونه کې مرسته وکړي؟,"{""label"": [""A"", ""B"", ""C"", ""D"", ""E""], ""text"": [""میز ترتیب کړئ"", ""نظرونه جوړ کړئ"", ""شات جوړ کړئ"", ""بالغ شئ"", ""ګلونه راټول کړئ""]}"
5622e49306bb82ec1cec817ad0506c60,"He was having a hard time expressing himself in a healthy way, the psychologist said he was mentally what?",expressing yourself,"{'label': array(['A', 'B', 'C', 'D', 'E'], dtype=object), 'text': array(['slow', 'understood', 'suffering', 'embarrassment', 'fun'],
      dtype=object)}",C,هغه په صحي توګه د ځان څرګندولو کې ستونزه درلوده، روانشناس وویل چې هغه ذهني څه دی؟,"{""label"": [""A"", ""B"", ""C"", ""D"", ""E""], ""text"": [""ورو"", ""پوهیدل"", ""رنج"", ""شرم"", ""خوشحالي""]}"
6efaeb796307036719635242fa5ad0f3,When someone is physically competing what does their body do?,competing,"{'label': array(['A', 'B', 'C', 'D', 'E'], dtype=object), 'text': array(['tension', 'perform better', 'releases heat', 'winning or losing',
       'sweat'], dtype=object)}",E,کله چې څوک په فزیکي توګه سیالي کوي، د هغوی بدن څه کوي؟,"{""label"": [""A"", ""B"", ""C"", ""D"", ""E""], ""text"": [""تنش"", ""ښه کار کول"", ""حرارت خوشې کول"", ""ګټل یا باختل"", ""پیشاب""]}"
114d310d1198abffaf8b88dab5a55aa7,How would you express information to a deaf person?,express information,"{'label': array(['A', 'B', 'C', 'D', 'E'], dtype=object), 'text': array(['summarize main points', 'close mouth', 'write down',
       'may disagree', 'talk'], dtype=object)}",C,تاسو به د یوې ګونګې شخص سره معلومات څنګه شریک کړئ؟,"{""label"": [""A"", ""B"", ""C"", ""D"", ""E""], ""text"": [""اصلي ټکي لنډ کړئ"", ""خوله وتړئ"", ""لیکلي کړئ"", ""ممکن اختلاف ولري"", ""خبره وکړئ""]}"
0f79faf5337706f2e0e39c15bbd2e99a,Printing on a printer can get expensive because it does what?,printing on printer,"{'label': array(['A', 'B', 'C', 'D', 'E'], dtype=object), 'text': array(['explode', 'use paper', 'store information', 'queue', 'noise'],
      dtype=object)}",B,پرینټر باندې چاپ کول ولې ګران کیدی شي؟,"{""label"": [""A"", ""B"", ""C"", ""D"", ""E""], ""text"": [""انفجار"", ""کاغذ کارول"", ""معلومات ذخیره کول"", ""قطار"", ""غوغا""]}"
b62d7d1b5eec31be0b65146a9fc069e0,What will god never do according to religion?,god,"{'label': array(['A', 'B', 'C', 'D', 'E'], dtype=object), 'text': array(['anything', 'judge people', 'work miracles', 'judge men',
       'everywhere'], dtype=object)}",B,د دین له مخې، خداى هیڅکله څه نه کوي؟,"{""label"": [""A"", ""B"", ""C"", ""D"", ""E""], ""text"": [""هیڅ شی"", ""خلک قضاوت کول"", ""معجزې کول"", ""مردان قضاوت کول"", ""هرچیرې""]}"
1342c6aec9f5179d6ea6fa5fefbe5188,One of the potential hazards of attending school is what?,attending school,"{'label': array(['A', 'B', 'C', 'D', 'E'], dtype=object), 'text': array(['cooties', 'get smart', 'boredom', 'colds and flu', 'taking tests'],
      dtype=object)}",D,د ښوونځي ته تللو یوه ممکنه خطر څه دی؟,"{""label"": [""A"", ""B"", ""C"", ""D"", ""E""], ""text"": [""کوټي"", ""ذهنی پرمختګ"", ""خستګي"", ""زکام او انفلونزا"", ""ازموینې اخیستل""]}"
c74ae684ba6c76e2a913493483678c9d,What has a surface with many sides?,surface,"{'label': array(['A', 'B', 'C', 'D', 'E'], dtype=object), 'text': array(['tetrahedron', 'object', 'geometry problem', 'lake', 'triangle'],
      dtype=object)}",A,څه شی دی چې سطحه یې د ډیرو اړخونو سره وي؟,"{""label"": [""A"", ""B"", ""C"", ""D"", ""E""], ""text"": [""تیتراhedron"", ""شی"", ""هندسي ستونزه"", ""جهیل"", ""مثلث""]}"
411e50225637b76187cc36b24fe3127c,What could bring a container from one place to another?,container,"{'label': array(['A', 'B', 'C', 'D', 'E'], dtype=object), 'text': array(['food', 'refrigerator', 'cargo ship', 'port', 'fuel'], dtype=object)}",C,څه شی کولی شي یوه کانتینر له یوې ځایه بلې ته راوړي؟,"{""label"": [""A"", ""B"", ""C"", ""D"", ""E""], ""text"": [""خواړه"", ""یخچال"", ""بار وړونکی کښتۍ"", ""بندر"", ""سون""]}"
2a0e82bbf1471290c93c8f2a11af197f,The old style pop ups literally let you see the story when you did what?,see story,"{'label': array(['A', 'B', 'C', 'D', 'E'], dtype=object), 'text': array(['giggle', 'visualize', 'open book', 'reading', 'go to movies'],
      dtype=object)}",C,زړې سټایل پاپ اپونه واقعاً تاسو ته د کیسې لیدلو اجازه درکوي کله چې تاسو څه کوئ؟,"{""label"": [""A"", ""B"", ""C"", ""D"", ""E""], ""text"": [""خندل"", ""تصور کول"", ""کتاب پرانستل"", ""لوستل"", ""فلم ته تلل""]}"
eaadd7a4b18cb48c00f85c3975750fe7,What is it called when you are talking to someone?,talking to,"{'label': array(['A', 'B', 'C', 'D', 'E'], dtype=object), 'text': array(['communication', 'quiet', 'boredom', 'persuaded', 'learn'],
      dtype=object)}",A,کله چې تاسو له چا سره خبرې کوئ، دې ته څه ویل کیږي؟,"{""label"": [""A"", ""B"", ""C"", ""D"", ""E""], ""text"": [""اړیکه"", ""خاموشي"", ""خستګي"", ""قانع شوی"", ""زده کړه""]}"
403c9b067ef7363efffa822bb08c5426,"The family finished dinner, the child's chore was to load the dirty dishes where?",dirty dishes,"{'label': array(['A', 'B', 'C', 'D', 'E'], dtype=object), 'text': array(['restaurant kitchen', 'dishwasher', ""son's room"", 'cabinet',
       'party'], dtype=object)}",B,کورنۍ د ډوډۍ خوړلو کار بشپړ کړ، د ماشوم دنده څه وه چې کثافات چیرته بار کړي؟,"{""label"": [""A"", ""B"", ""C"", ""D"", ""E""], ""text"": [""رستوران پخلنځی"", ""د لوښو مینځل"", ""د زوی خونه"", ""کابینه"", ""جشن""]}"
adf228312401c9ff421a4da1b46bb70a,Where could you find a bureau as well as many politicians?,bureau,"{'label': array(['A', 'B', 'C', 'D', 'E'], dtype=object), 'text': array(['each city', 'office building', 'a zoo', 'french government',
       'washington dc'], dtype=object)}",E,چیرته تاسو کولی شئ یو دفتر او ډیر سیاستوال ومومئ؟,"{""label"": [""A"", ""B"", ""C"", ""D"", ""E""], ""text"": [""هر ښار"", ""دفتري ودانۍ"", ""حیواناتو باغ"", ""فرانسوي حکومت"", ""واشنگټن ډي سي""]}"
57c85e4c7ea2501ef9d8f304b524e2e4,"Dad wanted to hide the check in his office, where did he put it?",check,"{'label': array(['A', 'B', 'C', 'D', 'E'], dtype=object), 'text': array(['cash register', 'desk drawer', 'fish tank', 'bank',
       'pay envelope'], dtype=object)}",B,پلار غوښتل چې چک په خپل دفتر کې پټ کړي، هغه چیرته ایښی؟,"{""label"": [""A"", ""B"", ""C"", ""D"", ""E""], ""text"": [""نقدي ثبت"", ""د میز دراز"", ""د کبانو حوض"", ""بانک"", ""د تادیې پاکت""]}"
c22f30eee57f7191ee07e9a916460f68,"For some reason she was devoid of regular emotions, buying products was the only way she could feel what?",buying products,"{'label': array(['A', 'B', 'C', 'D', 'E'], dtype=object), 'text': array(['pleasure', 'owning', 'debt', 'spending money', 'smart'],
      dtype=object)}",A,د ځینو دلایلو له مخې هغې د عادي احساساتو نه محرومه وه، د محصولاتو پیرودل یوازینی لاره وه چې هغې څه احساس کولی شوه؟,"{""label"": [""A"", ""B"", ""C"", ""D"", ""E""], ""text"": [""خوشحالي"", ""درلودل"", ""پور"", ""پیسې لګول"", ""هوښیار""]}"
026cb9c07a583ec933f2c4c67ae73836,Where are horses judged on appearance?,horses,"{'label': array(['A', 'B', 'C', 'D', 'E'], dtype=object), 'text': array(['race track', 'fair', 'raised by humans', 'in a field',
       'countryside'], dtype=object)}",B,چیرته د آسونو ظاهري بڼه قضاوت کیږي؟,"{""label"": [""A"", ""B"", ""C"", ""D"", ""E""], ""text"": [""د ریس ټرک"", ""میله"", ""د انسانانو لخوا روزل شوي"", ""په یوه ډګر کې"", ""کلی""]}"
c57ed32566a2db1ec3d6e4fd595b9d05,Why do people read non fiction?,read,"{'label': array(['A', 'B', 'C', 'D', 'E'], dtype=object), 'text': array(['having fun', ""it's more relatable"", 'learn new things',
       'becoming absorbed', 'falling asleep'], dtype=object)}",C,ولې خلک غیر تخیلي کتابونه لوستلو ته تمایل لري؟,"{""label"": [""A"", ""B"", ""C"", ""D"", ""E""], ""text"": [""خوند اخیستل"", ""دا ډیر تړاو لري"", ""نوې شیان زده کول"", ""په کې ډوبیدل"", ""خواب ته تلل""]}"
93b52e7ea1acf10db891e9355e234123,While knitting you can do what using a radio?,knitting,"{'label': array(['A', 'B', 'C', 'D', 'E'], dtype=object), 'text': array(['listen to music', 'watch television', 'making blankets', 'eat',
       'watching tv'], dtype=object)}",A,د اوبدلو پر مهال تاسو کولی شئ د راډیو په کارولو سره څه وکړئ؟,"{""label"": [""A"", ""B"", ""C"", ""D"", ""E""], ""text"": [""موسیقي واورئ"", ""ټلویزیون وګورئ"", ""کمبلې جوړول"", ""خوراک"", ""ټلویزیون ته کتل""]}"
dbdad44029098d4b1d202d6d857d6092,Where are you likely to set papers while working on them?,papers,"{'label': array(['A', 'B', 'C', 'D', 'E'], dtype=object), 'text': array(['table', 'meeting', 'drawer', 'toilet', 'garage'], dtype=object)}",A,چیرته تاسو احتمال لري چې د کار پر مهال کاغذونه ایښودئ؟,"{""label"": [""A"", ""B"", ""C"", ""D"", ""E""], ""text"": [""میز"", ""اجلاس"", ""دراز"", ""تشناب"", ""ګاراژ""]}"
69d0f70c173dda17934836d618ca7093,"John had a massive debt to 50 million dollars.  Compared to that, Leo's 2000 dollar debt seemed what?",massive,"{'label': array(['A', 'B', 'C', 'D', 'E'], dtype=object), 'text': array(['dwarf', 'inconsequential', 'insubstantial', 'lame', 'tiny'],
      dtype=object)}",C,جان ۵۰ میلیونه ډالرو لوی پور درلود. د دې په پرتله، د ليو ۲۰۰۰ ډالرو پور څه ښکاره کیده؟,"{""label"": [""A"", ""B"", ""C"", ""D"", ""E""], ""text"": [""کوچنی"", ""بې اهمیت"", ""غیر مهم"", ""کمزور"", ""کوچنی""]}"
e5697a25935c5249d2108f55e245f3e4,"The man flew his airplane over the city and saw pollution visibly in the sky, what was polluted?",pollution,"{'label': array(['A', 'B', 'C', 'D', 'E'], dtype=object), 'text': array(['forest', 'street', 'air', 'caused by humans', 'car show'],
      dtype=object)}",C,مرد خپل الوتکه د ښار په سر وپرواز کړه او په آسمان کې ککړتیا په ښکاره توګه ولیدله، څه ککړ شوي وو؟,"{""label"": [""A"", ""B"", ""C"", ""D"", ""E""], ""text"": [""جنگل"", ""کوڅه"", ""هوا"", ""د انسانانو له خوا رامنځته شوې"", ""د موټر نندارتون""]}"
99af85081085e6228c6d78c95be01968,What is a very unlikely side effect of becoming inebriated?,becoming inebriated,"{'label': array(['A', 'B', 'C', 'D', 'E'], dtype=object), 'text': array(['fights', 'drunkenness', 'staggering', 'puke', 'paralysis'],
      dtype=object)}",E,د نشه کولو یوه ډیر ناممکنه اغیزه څه ده؟,"{""label"": [""A"", ""B"", ""C"", ""D"", ""E""], ""text"": [""جنګونه"", ""نشه"", ""لرزه"", ""قی"", ""فلج""]}"
235094c966bcbdc94701b41b969f9c75,when communicating with my boss what should i do,communicating,"{'label': array(['A', 'B', 'C', 'D', 'E'], dtype=object), 'text': array(['misunderstandings', 'transfer of information', 'learning',
       'confusion', 'silence'], dtype=object)}",B,کله چې له خپل رئیس سره خبرې کوم، څه باید وکړم؟,"{""label"": [""A"", ""B"", ""C"", ""D"", ""E""], ""text"": [""غلط فهمۍ"", ""معلوماتو انتقال"", ""زده کړه"", ""ګډوډي"", ""خاموشي""]}"
99789083502af9bf111876a00fae44ac,If not in a stream but in a market where will you find fish?,fish,"{'label': array(['A', 'B', 'C', 'D', 'E'], dtype=object), 'text': array(['stream', 'aquarium', 'refrigerator', 'boat ride', 'market'],
      dtype=object)}",C,که په یوه جوی کې نه بلکې په بازار کې یاست، چیرته به کبان ومومئ؟,"{""label"": [""A"", ""B"", ""C"", ""D"", ""E""], ""text"": [""جوی"", ""اکواریوم"", ""یخچال"", ""کشتي سواری"", ""بازار""]}"
1d44fb5f4b7f1e23ff6c1c083db81ba1,What are people likely to want to do with their friends?,people,"{'label': array(['A', 'B', 'C', 'D', 'E'], dtype=object), 'text': array(['own land', 'own home', 'talk to each other', 'believe in god',
       'spend time'], dtype=object)}",E,خلک د خپلو ملګرو سره څه کول غواړي؟,"{""label"": [""A"", ""B"", ""C"", ""D"", ""E""], ""text"": [""ځمکه لرل"", ""کور لرل"", ""یو بل سره خبرې کول"", ""خدای ته ایمان لرل"", ""وخت تېرول""]}"
194b66240f6fab75749c1e30ed09ea09,During a shark filled tornado where should you not be?,shark,"{'label': array(['A', 'B', 'C', 'D', 'E'], dtype=object), 'text': array(['marine museum', 'pool hall', 'noodle house', 'bad movie',
       'outside'], dtype=object)}",E,د شارکونو سره ډک طوفان کې چیرته باید نه اوسئ؟,"{""label"": [""A"", ""B"", ""C"", ""D"", ""E""], ""text"": [""سمندري موزیم"", ""پول هال"", ""نوډل خانه"", ""بد فلم"", ""بهر""]}"
83dad4fe630fddbdcd5b18ef890c66f2,What is the likely result of buying products in excess?,buying products,"{'label': array(['A', 'B', 'C', 'D', 'E'], dtype=object), 'text': array(['running out of money', 'spending money', 'poverty',
       'comparison shopping', 'overstocking'], dtype=object)}",E,د اضافي محصولاتو پیرودلو احتمالاً څه پایله لري؟,"{""label"": [""A"", ""B"", ""C"", ""D"", ""E""], ""text"": [""پیسې ختمیدل"", ""پیسې لګول"", ""فقیرۍ"", ""مقایسه کول"", ""زیات توکي اخیستل""]}"
3ebc5ddd2e97fe37fcb52aa2a9e2e1a7,What is a person trying to accomplish when taking analgesics?,person,"{'label': array(['A', 'B', 'C', 'D', 'E'], dtype=object), 'text': array(['acceptance', 'avoid pain', 'acknowledgment', 'passing grade',
       'intellectual challenge'], dtype=object)}",B,کله چې یو شخص د درد کمولو درمل اخلي، څه غواړي ترلاسه کړي؟,"{""label"": [""A"", ""B"", ""C"", ""D"", ""E""], ""text"": [""قبولیت"", ""درد څخه مخنیوی"", ""منل"", ""اړین درجه"", ""ذهنی چلنج""]}"
9ed019338a48216de9eadf64faaf1ce0,Where would you put a glass after drinking from it?,glass,"{'label': array(['A', 'B', 'C', 'D', 'E'], dtype=object), 'text': array(['ocean', 'water cooler', 'cabinet', 'dishwasher', 'dining room'],
      dtype=object)}",D,کله چې له ګلاس څخه څښئ، چیرته به یې کیږدئ؟,"{""label"": [""A"", ""B"", ""C"", ""D"", ""E""], ""text"": [""سمندر"", ""اوبه یخونکی"", ""کابینه"", ""د لوښي مینځل"", ""د ډوډۍ خونه""]}"
d1d2585e0ba1160948b7c5822a99b7a1,Where would you buy food?,food,"{'label': array(['A', 'B', 'C', 'D', 'E'], dtype=object), 'text': array(['freezer', 'store', 'home', 'hatred', 'kitchen'], dtype=object)}",B,چیرته به خوراکي توکي واخلئ؟,"{""label"": [""A"", ""B"", ""C"", ""D"", ""E""], ""text"": [""فریزر"", ""دوکان"", ""کور"", ""کرکه"", ""پخلنځی""]}"
e34a0d1331c6bd4574ffe308e3fbd389,"When a person admits his mistakes, what are they doing?",person,"{'label': array(['A', 'B', 'C', 'D', 'E'], dtype=object), 'text': array(['accident', 'learn to swim', 'thank god', 'feel relieved',
       'act responsibly'], dtype=object)}",E,کله چې یو شخص خپل غلطۍ مني، څه کوي؟,"{""label"": [""A"", ""B"", ""C"", ""D"", ""E""], ""text"": [""حادثه"", ""د اوبو کې لامبو زده کول"", ""خدای ته شکر"", ""راحت احساس کول"", ""مسؤلانه عمل کول""]}"
4858669d0193e5d9384dc37d4bb5c00c,Where do play a game for money?,game,"{'label': array(['A', 'B', 'C', 'D', 'E'], dtype=object), 'text': array(['casino', 'football ground', 'ballpark', 'family room',
       'toy store'], dtype=object)}",A,چیرته د پیسو لپاره لوبه کوئ؟,"{""label"": [""A"", ""B"", ""C"", ""D"", ""E""], ""text"": [""کازینو"", ""فوتبال میدان"", ""بال پارک"", ""د کور خونه"", ""د لوبو دوکان""]}"