id,question_stem,choices,answerKey,pashto_question,pashto_choices
8-343,"A person wants to start saving money so that they can afford a nice vacation at the end of the year. After looking over their budget and expenses, they decide the best way to save money is to","{'text': array(['make more phone calls', 'quit eating lunch out',
       'buy less with monopoly money', 'have lunch with friends'],
      dtype=object), 'label': array(['A', 'B', 'C', 'D'], dtype=object)}",B,یو کس غواړي چې پیسې جمع کړي ترڅو د کال په پای کې یوه ښکلې رخصتي واخلي. د خپل بودیجې او لګښتونو په کتلو سره، دوی پریکړه کوي چې د پیسو جمع کولو غوره لاره دا ده چې,"{""label"": [""A"", ""B"", ""C"", ""D""], ""text"": [""نور ټلیفونونه وکړي"", ""د غرمې ډوډۍ بهر نه وخوري"", ""د مونوپولي پیسو سره لږ څه واخلي"", ""د ملګرو سره غرمې ته لاړ شي""]}"
1129,There is most likely going to be fog around:,"{'text': array(['a marsh', 'a tundra', 'the plains', 'a desert'], dtype=object), 'label': array(['A', 'B', 'C', 'D'], dtype=object)}",A,د احتمال سره به د:,"{""label"": [""A"", ""B"", ""C"", ""D""], ""text"": [""یو باتلاق"", ""یو تنډرا"", ""د میدانونو"", ""یو صحرا""]}"
880,Predators eat,"{'text': array(['lions', 'humans', 'bunnies', 'grass'], dtype=object), 'label': array(['A', 'B', 'C', 'D'], dtype=object)}",C,ښکارچیان څه خوري؟,"{""label"": [""A"", ""B"", ""C"", ""D""], ""text"": [""شیران"", ""انسانان"", ""خرگوشان"", ""چمن""]}"
7-999,"Oak tree seeds are planted and a sidewalk is paved right next to that spot, until eventually, the tree is tall and the roots must extend past the sidewalk, which means","{'text': array(['roots may be split', 'roots may begin to die',
       'parts may break the concrete', 'roots may fall apart'],
      dtype=object), 'label': array(['A', 'B', 'C', 'D'], dtype=object)}",C,د بلوط ونې تخمونه کښینول کیږي او د دې ځای سره نږدې یوه پیاده رو جوړیږي، تر دې چې بالاخره، ونه لوړه کیږي او ریښې باید د پیاده رو نه تیرې شي، چې دا معنی لري,"{""label"": [""A"", ""B"", ""C"", ""D""], ""text"": [""ریښې ممکن ویشل شي"", ""ریښې ممکن مړ شي"", ""برخې ممکن کانکریټ مات کړي"", ""ریښې ممکن جلا شي""]}"
8-464,An electric car runs on electricity via,"{'text': array(['gasoline', 'a power station', 'electrical conductors', 'fuel'],
      dtype=object), 'label': array(['A', 'B', 'C', 'D'], dtype=object)}",C,یو برقي موټر د برېښنا په واسطه چلول کیږي,"{""label"": [""A"", ""B"", ""C"", ""D""], ""text"": [""د تیلو"", ""د بریښنا سټېشن"", ""برقي کنډکټرونه"", ""سونګ""]}"
9-794,As the rain forest is deforested the atmosphere will increase with,"{'text': array(['oxygen', 'nitrogen', 'carbon', 'rain'], dtype=object), 'label': array(['A', 'B', 'C', 'D'], dtype=object)}",C,لکه څنګه چې باراني ځنګل له منځه ځي، فضا به د:,"{""label"": [""A"", ""B"", ""C"", ""D""], ""text"": [""اکسیجن"", ""نایټروجن"", ""کاربن"", ""باران""]}"
9-1163,an electric car contains a motor that runs on,"{'text': array(['gas', 'hydrogen', 'ions', 'plutonium'], dtype=object), 'label': array(['A', 'B', 'C', 'D'], dtype=object)}",C,یو برقي موټر یوه موټر لري چې د:,"{""label"": [""A"", ""B"", ""C"", ""D""], ""text"": [""تیل"", ""هایډروجن"", ""آیونونه"", ""پلوټونیم""]}"
9-322,The middle of the day usually involves the bright star nearest to the earth to be straight overhead why?,"{'text': array(['moons gravity', 'human planet rotation', 'global warming',
       'moon rotation'], dtype=object), 'label': array(['A', 'B', 'C', 'D'], dtype=object)}",B,د ورځې په منځ کې عموماً د ځمکې تر ټولو نږدې روښانه ستوری د سر په سر وي، ولې؟,"{""label"": [""A"", ""B"", ""C"", ""D""], ""text"": [""د سپوږمۍ جاذبه"", ""د انسان سیارې دوران"", ""نړیوال تودوخه"", ""د سپوږمۍ دوران""]}"
7-1140,The summer solstice in the northern hemisphere is four months before,"{'text': array(['May', 'July', 'April', 'October'], dtype=object), 'label': array(['A', 'B', 'C', 'D'], dtype=object)}",D,د شمالي نیمه کره د اوړي لمریز ورځ څلور میاشتې مخکې دی,"{""label"": [""A"", ""B"", ""C"", ""D""], ""text"": [""می"", ""جولای"", ""اپریل"", ""اکتوبر""]}"
7-903,The main component in dirt is,"{'text': array(['microorganisms', 'broken stones', 'pollution', 'bacteria'],
      dtype=object), 'label': array(['A', 'B', 'C', 'D'], dtype=object)}",B,په خاوره کې اصلي جز څه دی؟,"{""label"": [""A"", ""B"", ""C"", ""D""], ""text"": [""میکرو ارګانیزمونه"", ""شکسته ډبرې"", ""ککړتیا"", ""بکتریا""]}"
7-511,It's easier for human's to survive in:,"{'text': array(['a cave', 'the ocean.', 'a town', 'alone'], dtype=object), 'label': array(['A', 'B', 'C', 'D'], dtype=object)}",C,د انسانانو لپاره د بقاء لپاره کوم ځای آسانه دی؟,"{""label"": [""A"", ""B"", ""C"", ""D""], ""text"": [""په یوه غار کې"", ""په سمندر کې"", ""په یوه ښار کې"", ""یوازی""]}"
9-937,A cactus stem is used to store,"{'text': array(['fruit', 'liquid', 'food', 'spines'], dtype=object), 'label': array(['A', 'B', 'C', 'D'], dtype=object)}",B,د ککتوس د ساقې کارول د څه لپاره دي؟,"{""label"": [""A"", ""B"", ""C"", ""D""], ""text"": [""ميوه"", ""مایع"", ""خوراک"", ""تیرونه""]}"
8-201,A red-tailed hawk is searching for prey. It is most likely to swoop down on,"{'text': array(['an eagle', 'a cow', 'a gecko', 'a deer'], dtype=object), 'label': array(['A', 'B', 'C', 'D'], dtype=object)}",C,یو سره د پښې لرونکی باز د ښکار په لټه کې دی. دا احتمال لري چې پر کوم شي ښکته شي؟,"{""label"": [""A"", ""B"", ""C"", ""D""], ""text"": [""پر عقاب"", ""پر غوا"", ""پر جیکو"", ""پر غزال""]}"
1618,The chance of wildfires is increased by,"{'text': array(['parched foliage', 'torrential rain', 'lush foliage',
       'careful fire maintenance'], dtype=object), 'label': array(['A', 'B', 'C', 'D'], dtype=object)}",A,د وحشي اورونو خطر د څه له امله زیاتېږي؟,"{""label"": [""A"", ""B"", ""C"", ""D""], ""text"": [""خشک پاڼې"", ""شدید باران"", ""شنه پاڼې"", ""د اور د ساتنې احتیاط""]}"
758,A positive effect of burning biofuel is,"{'text': array(['shortage of crops for the food supply',
       'an increase in air pollution', 'powering the lights in a home',
       'deforestation in the amazon to make room for crops'], dtype=object), 'label': array(['A', 'B', 'C', 'D'], dtype=object)}",C,د بیو فیول سوځولو یو مثبت اثر څه دی؟,"{""label"": [""A"", ""B"", ""C"", ""D""], ""text"": [""د خوراکي توکو لپاره د محصولاتو کمښت"", ""د هوا ککړتیا زیاتوالی"", ""د کور څراغونو ته بریښنا ورکول"", ""په امازون کې د کرنې لپاره ځنګلونه له منځه وړل""]}"
7-414,"As gasoline costs rise, alternative fuels are being used, which means that","{'text': array(['wind power will be expensive', 'gas costs will rise',
       'oil costs will be maintained', 'gasoline will be needed less'],
      dtype=object), 'label': array(['A', 'B', 'C', 'D'], dtype=object)}",D,کله چې د ګاز قیمتونه لوړیږي، بدیل سونګونه کارول کیږي، چې دا معنی لري چې,"{""label"": [""A"", ""B"", ""C"", ""D""], ""text"": [""د باد انرژي به ګرانه وي"", ""د ګاز قیمتونه به لوړیږي"", ""د تیلو قیمتونه به ثابت پاتې شي"", ""د ګاز اړتیا به کمه شي""]}"
9-675,"A person wants to be able to have more natural power in their home. They choose to cease using a traditional electric company to source this electricity, and so decide to install","{'text': array(['sun grafts', 'sunlight shields', 'panels collecting sunlight',
       'solar bees'], dtype=object), 'label': array(['A', 'B', 'C', 'D'], dtype=object)}",C,یو شخص غواړي چې په خپل کور کې نور طبیعي ځواک ولري. دوی پریکړه کوي چې د بریښنا د دودیز شرکت کارول بند کړي، نو دوی پریکړه کوي چې نصب کړي,"{""label"": [""A"", ""B"", ""C"", ""D""], ""text"": [""د لمر ګرافونه"", ""د لمر د خوندیتوب شیلډونه"", ""د لمر راټولولو پینلونه"", ""لمري زنبوران""]}"
9-163,A Mola Mola might live where?,"{'text': array(['Lake Michigan', 'The Mississippi River', 'Bay of Bengal',
       'Lake Eerie'], dtype=object), 'label': array(['A', 'B', 'C', 'D'], dtype=object)}",C,یو مولا مولا چیرته ژوند کولی شي؟,"{""label"": [""A"", ""B"", ""C"", ""D""], ""text"": [""د میشیګان جهیل"", ""د میسیسیپي سیند"", ""د بنګال خلیج"", ""د ایری جهیل""]}"
1032,Which requires energy to move?,"{'text': array(['weasel', 'willow', 'mango', 'poison ivy'], dtype=object), 'label': array(['A', 'B', 'C', 'D'], dtype=object)}",A,کوم شی د حرکت لپاره انرژي ته اړتیا لري؟,"{""label"": [""A"", ""B"", ""C"", ""D""], ""text"": [""ویسل"", ""ویلو"", ""مڼې"", ""زهرجن زیتون""]}"
889,An animal that only eats plants is a,"{'text': array(['rat', 'moth', 'chimpanzee', 'pig'], dtype=object), 'label': array(['A', 'B', 'C', 'D'], dtype=object)}",B,یو حیوان چې یوازې نباتات خوري، څه دی؟,"{""label"": [""A"", ""B"", ""C"", ""D""], ""text"": [""موش"", ""مکۍ"", ""چمپانزي"", ""خوک""]}"
1160,There was a lot more water vapor in the air when we went on a trip to,"{'text': array(['Hanoi', 'Athens', 'Baghdad', 'Phoenix'], dtype=object), 'label': array(['A', 'B', 'C', 'D'], dtype=object)}",A,کله چې موږ د سفر لپاره لاړو، په هوا کې د اوبو بخار ډیر و,"{""label"": [""A"", ""B"", ""C"", ""D""], ""text"": [""هاني"", ""اتن"", ""بغداد"", ""فینکس""]}"
9-298,An example of conservation is avoiding the use of,"{'text': array(['gasoline', 'air', 'snow', 'clothes'], dtype=object), 'label': array(['A', 'B', 'C', 'D'], dtype=object)}",A,د ساتنې یوه بیلګه د دې څخه د کارولو مخنیوی دی,"{""label"": [""A"", ""B"", ""C"", ""D""], ""text"": [""ګازولین"", ""هوا"", ""برف"", ""کالي""]}"
1189,What can feathers on Spheniscidae be used for?,"{'text': array(['keeping warm', 'flying', 'sleeping', 'eating'], dtype=object), 'label': array(['A', 'B', 'C', 'D'], dtype=object)}",A,د سپینیسکیدا د وزرو څخه څه شی جوړیدلی شي؟,"{""label"": [""A"", ""B"", ""C"", ""D""], ""text"": [""تودوخه ساتل"", ""الوتل"", ""خواب"", ""خوړل""]}"
8-395,Overpopulation can cause,"{'text': array(['More fresh water for people to drink',
       'Lower Life Expectancy in Countries', 'More food for more people',
       'More space for places to people to live'], dtype=object), 'label': array(['A', 'B', 'C', 'D'], dtype=object)}",B,زیات نفوس کولی شي,"{""label"": [""A"", ""B"", ""C"", ""D""], ""text"": [""د خلکو د څښلو لپاره ډیر تازه اوبه"", ""په هیوادونو کې د ژوند د تمې کموالی"", ""د ډیر خلکو لپاره ډیر خواړه"", ""د خلکو د اوسیدو لپاره ډیر ځای""]}"
7-238,Shining a light through a diamond can,"{'text': array(['make a lot of bright lights shine',
       'summon a brilliant wave of color', 'heat up a room',
       'make a lot of money'], dtype=object), 'label': array(['A', 'B', 'C', 'D'], dtype=object)}",B,د الماس له لارې رڼا رالویول کولی شي,"{""label"": [""A"", ""B"", ""C"", ""D""], ""text"": [""ډیر روښانه رڼاګانې رامینځته کړي"", ""یو روښانه رنګ څپې راوباسي"", ""یو خونه ګرم کړي"", ""ډیر پیسې جوړې کړي""]}"
7-372,"If you were attacked by a shark and had to punch it sharply where it pulls in air from, you'd use your hand to make contact with","{'text': array(['its snout', 'its gills', 'its nose', 'its belly'], dtype=object), 'label': array(['A', 'B', 'C', 'D'], dtype=object)}",B,که تاسو د یوې شارک لخوا برید شوی یاست او اړتیا لرئ چې چیرته چې هوا جذبوي، تیزه مکا وکړئ، نو تاسو به خپل لاس د,"{""label"": [""A"", ""B"", ""C"", ""D""], ""text"": [""د هغې خوله"", ""د هغې خولې"", ""د هغې پوزې"", ""د هغې نس""]}"
8-35,which of these would stop a car quicker?,"{'text': array(['a wheel with wet brake pads', 'a wheel without brake pads',
       'a wheel with worn brake pads', 'a wheel with dry brake pads'],
      dtype=object), 'label': array(['A', 'B', 'C', 'D'], dtype=object)}",D,د دې څخه کوم یو موټر ژر ودروي؟,"{""label"": [""A"", ""B"", ""C"", ""D""], ""text"": [""یو څرخ چې لندبل بریک پیډونه لري"", ""یو څرخ چې بریک پیډونه نلري"", ""یو څرخ چې زړې بریک پیډونه لري"", ""یو څرخ چې وچ بریک پیډونه لري""]}"
9-271,what system is needed for a body to get its needed supply of the gas humans breathe in?,"{'text': array(['the circulatory system', 'the digestive system',
       'the school system', 'central nervous system'], dtype=object), 'label': array(['A', 'B', 'C', 'D'], dtype=object)}",A,د کوم سیستم اړتیا ده چې بدن د هغه ګاز اړتیا ولري چې انسانان تنفس کوي؟,"{""label"": [""A"", ""B"", ""C"", ""D""], ""text"": [""د دوران سیستم"", ""د هضمي سیستم"", ""د ښوونځي سیستم"", ""مرکزي عصبي سیستم""]}"
9-409,Every evening a child can look into the night sky and see that the moon is,"{'text': array(['gone', 'breaking', 'falling', 'moving upwards'], dtype=object), 'label': array(['A', 'B', 'C', 'D'], dtype=object)}",D,هره شپه یوه ماشوم کولی شي د شپې آسمان ته وګوري او وویني چې سپوږمۍ,"{""label"": [""A"", ""B"", ""C"", ""D""], ""text"": [""تللې"", ""شکسته"", ""راپرېوتلې"", ""پورته ځي""]}"
530,"When it's flying, a plane has no friction with the","{'text': array(['wings', 'ground', 'air', 'clouds'], dtype=object), 'label': array(['A', 'B', 'C', 'D'], dtype=object)}",B,کله چې الوتکه الوتنه کوي، د دې سره هیڅ مالش نشته,"{""label"": [""A"", ""B"", ""C"", ""D""], ""text"": [""پرتو"", ""ځمکه"", ""هوا"", ""ورځې""]}"
1426,To grow plants require,"{'text': array(['acid rain', 'pesticides', 'shafts of sunlight', 'moonbeam rays'],
      dtype=object), 'label': array(['A', 'B', 'C', 'D'], dtype=object)}",C,د بوټو د وده کولو لپاره څه ته اړتیا ده؟,"{""label"": [""A"", ""B"", ""C"", ""D""], ""text"": [""اسید باران"", ""حشره وژونکي"", ""د لمر شعاعونه"", ""د سپوږمۍ رڼا""]}"
8-466,What is the best way to guess a babies eye color?,"{'text': array(['The surroundings they are born in.', 'Their parents usual diet.',
       'Just take a random guess.',
       'The genealogy records of their family.'], dtype=object), 'label': array(['A', 'B', 'C', 'D'], dtype=object)}",D,د ماشوم د سترګو رنګ اټکل کولو تر ټولو غوره لاره څه ده؟,"{""label"": [""A"", ""B"", ""C"", ""D""], ""text"": [""هغه چاپیریال چې دوی پکې زیږیدلي دي."", ""د دوی د والدینو معمول خوراک."", ""یوازې تصادفي اټکل وکړئ."", ""د دوی د کورنۍ د نسل ریکارډونه.""]}"
1577,What animal eats plants?,"{'text': array(['eagles', 'robins', 'owls', 'leopards'], dtype=object), 'label': array(['A', 'B', 'C', 'D'], dtype=object)}",B,کوم حیوان بوټې خوري؟,"{""label"": [""A"", ""B"", ""C"", ""D""], ""text"": [""بازونه"", ""روبینونه"", ""غوړې"", ""پینډر""]}"
8-257,Which of these is a hypothesis?,"{'text': array(['The ice caps will completely melt if global warming continues',
       'The earth is round', 'The earth revolves around the sun',
       'Gravity causes objects to fall'], dtype=object), 'label': array(['A', 'B', 'C', 'D'], dtype=object)}",A,د دې څخه کومه یوه فرضیه ده؟,"{""label"": [""A"", ""B"", ""C"", ""D""], ""text"": [""که نړیوال تودوخه دوام وکړي، د یخ پوښونه به بشپړ حل شي"", ""ځمکه ګرد ده"", ""ځمکه د لمر شاوخوا ګرځي"", ""جاذبه اشیاء راښکته کوي""]}"
378,What explains the characteristic lunar formations?,"{'text': array(['remains of ancient ponds', 'many collisions that have occured',
       'volcanic explosions over millions of years',
       'sink holes due to the moons porous nature'], dtype=object), 'label': array(['A', 'B', 'C', 'D'], dtype=object)}",B,د ځانګړو قمري جوړښتونو وضاحت څه دی؟,"{""label"": [""A"", ""B"", ""C"", ""D""], ""text"": [""د پخوانیو حوضونو پاتې شوني"", ""ډیرې ټکرونه چې واقع شوي دي"", ""د ملیونونو کلونو په اوږدو کې د آتش فشانو چاودنې"", ""د سپوږمۍ د نفوذ لرونکي طبیعت له امله د ځمکې د خټو""]}"
8-41,Tadpoles start their lives as,"{'text': array(['Water animals', 'Frogs', 'Ants', 'College Students'], dtype=object), 'label': array(['A', 'B', 'C', 'D'], dtype=object)}",A,تادپولونه خپل ژوند څنګه پیلوي؟,"{""label"": [""A"", ""B"", ""C"", ""D""], ""text"": [""د اوبو حیوانات"", ""قورباغې"", ""مچۍ"", ""د پوهنتون محصلین""]}"
9-540,"If a person puts out four apples around their home on the same day, the molecules in which apple would be moving the most rapidly?","{'text': array(['the apple sitting on a sunny sidewalk',
       'the apple in the freezer',
       'the apple sitting on the shaded stoop', 'the apple in a closet'],
      dtype=object), 'label': array(['A', 'B', 'C', 'D'], dtype=object)}",A,که یو شخص په یوه ورځ د خپل کور شاوخوا څلور سیبونه کیږدي، په کوم سیب کې مالیکولونه تر ټولو چټک حرکت کوي؟,"{""label"": [""A"", ""B"", ""C"", ""D""], ""text"": [""هغه سیب چې په لمرنۍ پله کې دی"", ""هغه سیب چې په یخچال کې دی"", ""هغه سیب چې په سیوري کې دی"", ""هغه سیب چې په المارۍ کې دی""]}"
266,What is used for sensing visual things?,"{'text': array(['nerves', 'tibia', 'nostril', 'cornea'], dtype=object), 'label': array(['A', 'B', 'C', 'D'], dtype=object)}",D,د بصري شیانو د حس کولو لپاره څه کارول کیږي؟,"{""label"": [""A"", ""B"", ""C"", ""D""], ""text"": [""عصبونه"", ""تبیه"", ""ناخن"", ""قرنیه""]}"
1309,They studied the soil by using,"{'text': array(['plants', 'a telescope', 'roots', 'a microscope'], dtype=object), 'label': array(['A', 'B', 'C', 'D'], dtype=object)}",D,هغوی د خاورې مطالعه د کومو شیانو په کارولو سره وکړه؟,"{""label"": [""A"", ""B"", ""C"", ""D""], ""text"": [""بوټې"", ""تلسکوپ"", ""ریښې"", ""میکروسکوپ""]}"
7-1197,Bill's arm got cold when he put it inside the,"{'text': array(['refrigerator', 'room', 'jacket', 'oven'], dtype=object), 'label': array(['A', 'B', 'C', 'D'], dtype=object)}",A,د بل د لاس یخ شو کله چې هغه یې په داخل کې واچوه,"{""label"": [""A"", ""B"", ""C"", ""D""], ""text"": [""یخچال"", ""کوټه"", ""جاکټ"", ""اوون""]}"
7-891,A recyclable material can be,"{'text': array(['transformed', 'traded', 'thrown away', 'used more times'],
      dtype=object), 'label': array(['A', 'B', 'C', 'D'], dtype=object)}",D,د بیا کارېدونکي مواد څه شی کیدی شي؟,"{""label"": [""A"", ""B"", ""C"", ""D""], ""text"": [""بدل شي"", ""تبادله شي"", ""پریښودل شي"", ""بیا ځل وکارول شي""]}"
1180,What is different about birth in humans and chickens?,"{'text': array(['Mother', 'Fertilization', 'Father', 'the hard shell'],
      dtype=object), 'label': array(['A', 'B', 'C', 'D'], dtype=object)}",D,د انسانانو او چرګانو په زېږیدو کې څه توپیر دی؟,"{""label"": [""A"", ""B"", ""C"", ""D""], ""text"": [""مور"", ""تخصیب"", ""پلار"", ""سخت پوښ""]}"
1204,Which of these situations is an example of pollutants?,"{'text': array(['plastic bags floating in the ocean',
       'mallard ducks floating on a lake',
       'cottonwood seeds floating in the air',
       'cirrus clouds floating in the sky'], dtype=object), 'label': array(['A', 'B', 'C', 'D'], dtype=object)}",A,د دې حالاتو څخه کوم یو د ککړتیاوو مثال دی؟,"{""label"": [""A"", ""B"", ""C"", ""D""], ""text"": [""په سمندر کې د پلاستیکي کڅوړو تیرېدل"", ""په جهيل کې د مالارد وزرونو تیرېدل"", ""په هوا کې د کاټن وود تخمونه تیرېدل"", ""په آسمان کې د سیرس وريځې تیرېدل""]}"
7-52,Human reproduction requires,"{'text': array(['eggs with shells', 'nest incubation', 'a nest', 'a womb'],
      dtype=object), 'label': array(['A', 'B', 'C', 'D'], dtype=object)}",D,د انسانانو تولید لپاره څه ته اړتیا ده؟,"{""label"": [""A"", ""B"", ""C"", ""D""], ""text"": [""د پوښ سره هګۍ"", ""د ګوداګي انکوبیشن"", ""یو ګوداګی"", ""یو رحم""]}"
1759,Thermometers,"{'text': array(['can help you monitor a fever',
       'indicate levels of mercury in the blood',
       'read exactly at 98.6 degrees', 'are used only for babies'],
      dtype=object), 'label': array(['A', 'B', 'C', 'D'], dtype=object)}",A,ترمامیترونه,"{""label"": [""A"", ""B"", ""C"", ""D""], ""text"": [""کولی شي تاسو سره د تودوخې څارلو کې مرسته وکړي"", ""د وینې کې د جیوه کچه ښیي"", ""په دقیق ډول 98.6 درجې لوستل کیږي"", ""یوازې د ماشومانو لپاره کارول کیږي""]}"
9-655,"if the earth was a living room, what can be done to melt the glaciers?","{'text': array(['someone would turn up the room heater',
       'someone would turn up the air conditioner',
       'someone would turn up the music',
       'someone would turn on the light'], dtype=object), 'label': array(['A', 'B', 'C', 'D'], dtype=object)}",A,که چیرې ځمکه یوه د اوسیدو خونه وي، نو د یخچالونو د مړ کولو لپاره څه کولی شي؟,"{""label"": [""A"", ""B"", ""C"", ""D""], ""text"": [""څوک به د خوني تودوخې وسیله لوړه کړي"", ""څوک به د هوا د کنټرول وسیله لوړه کړي"", ""څوک به موسیقي لوړه کړي"", ""څوک به رڼا چالان کړي""]}"
132,What would happen when balloons heat up?,"{'text': array(['they get bigger', 'they get smaller', 'nothing happens',
       'they fall down'], dtype=object), 'label': array(['A', 'B', 'C', 'D'], dtype=object)}",A,کله چې بالونونه تودوخه شي، څه پیښیږي؟,"{""label"": [""A"", ""B"", ""C"", ""D""], ""text"": [""غټیږي"", ""کوچني کیږي"", ""هیڅ شی نه پیښیږي"", ""پرېوتي""]}"
8-79,"A balloon is filled with helium for a party. After the party, the balloons are left in the living room, where a fireplace is heating the room. The balloons","{'text': array(['expand', 'melt', 'shrink', 'fall'], dtype=object), 'label': array(['A', 'B', 'C', 'D'], dtype=object)}",A,یو بالون د یوې مهمانی لپاره هلیوم سره ډک شوی. د مهمانی وروسته، بالونونه په د اوسیدو خونه کې پریښودل کیږي، چیرې چې د اور ځای خونه تودوي. بالونونه,"{""label"": [""A"", ""B"", ""C"", ""D""], ""text"": [""غټیږي"", ""مړيږي"", ""کوچني کیږي"", ""پرېوتي""]}"
1835,Seals are most likely to be found in what type of environment?,"{'text': array(['desert', 'arctic', 'Mediterranean', 'tropical'], dtype=object), 'label': array(['A', 'B', 'C', 'D'], dtype=object)}",B,د سیل مخلوقاتو د کوم ډول چاپیریال کې موندل کیږي؟,"{""label"": [""A"", ""B"", ""C"", ""D""], ""text"": [""دښت"", ""قطبي"", ""مېدیترانې"", ""تروپیکي""]}"
9-149,"When the eggs hatch, the offspring are","{'text': array(['killed', 'hurt', 'born', 'cold'], dtype=object), 'label': array(['A', 'B', 'C', 'D'], dtype=object)}",C,کله چې هګۍ هګۍ شي، نسلونه,"{""label"": [""A"", ""B"", ""C"", ""D""], ""text"": [""وژل کیږي"", ""زخمي کیږي"", ""زېږیدلي"", ""یخ دي""]}"
695,Some berries may be eaten by,"{'text': array(['a bear or person', 'a bear or shark', 'a bear or lion',
       'a bear or wolf'], dtype=object), 'label': array(['A', 'B', 'C', 'D'], dtype=object)}",A,ځینې توتونه د چا لخوا خوړل کیدی شي؟,"{""label"": [""A"", ""B"", ""C"", ""D""], ""text"": [""خرس یا انسان"", ""خرس یا شارک"", ""خرس یا شیر"", ""خرس یا ولور""]}"
8-179,A person has a chance to experience an equinox,"{'text': array(['weekly', 'monthly', 'annually', 'biannually'], dtype=object), 'label': array(['A', 'B', 'C', 'D'], dtype=object)}",D,یو شخص د برابري ورځې تجربه کولو چانس لري,"{""label"": [""A"", ""B"", ""C"", ""D""], ""text"": [""هفته کې"", ""میاشت کې"", ""کال کې"", ""نیم کال کې""]}"
7-50,Overpopulation of an organism can,"{'text': array(['strain the resources of an ecosystem',
       'cause boundless growth of resources',
       'lead to extinction of the organism',
       'cause the ecosystem to flourish'], dtype=object), 'label': array(['A', 'B', 'C', 'D'], dtype=object)}",A,د یو موجودیت د زیات نفوس له امله څه پیښیږي؟,"{""label"": [""A"", ""B"", ""C"", ""D""], ""text"": [""د ایکوسیستم سرچینې فشار راوړي"", ""د سرچینو بې حده وده رامنځته کوي"", ""د موجودیت د نابودیدو لامل کیږي"", ""د ایکوسیستم وده رامنځته کوي""]}"
508,"To improve health, what is a good strategy?","{'text': array(['high risk lifestyle', 'restaurant food', 'business trip',
       'a spa trip'], dtype=object), 'label': array(['A', 'B', 'C', 'D'], dtype=object)}",D,د روغتیا د ښه کولو لپاره کومه ستراتیژي ښه ده؟,"{""label"": [""A"", ""B"", ""C"", ""D""], ""text"": [""لوړه خطره لرونکې طرز ژوند"", ""رستوران خوراک"", ""سوداګریز سفر"", ""د سپا سفر""]}"
1674,A girl and her mom have the same,"{'text': array(['date of birth', 'shirt', 'number of toenails', 'hair length'],
      dtype=object), 'label': array(['A', 'B', 'C', 'D'], dtype=object)}",C,یو جینۍ او د هغې مور ورته څه لري؟,"{""label"": [""A"", ""B"", ""C"", ""D""], ""text"": [""د زیږیدو نیټه"", ""کمیس"", ""د پښو د ناخنونو شمیر"", ""د ویښتو اوږدوالی""]}"
163,The transportation with the most mass is likely a,"{'text': array(['commercial plane', 'private plane', 'bus', 'private car'],
      dtype=object), 'label': array(['A', 'B', 'C', 'D'], dtype=object)}",A,د ترانسپورت هغه وسیله چې تر ټولو زیات وزن لري، احتمالاً څه ده؟,"{""label"": [""A"", ""B"", ""C"", ""D""], ""text"": [""تجارتي الوتکه"", ""شخصي الوتکه"", ""بس"", ""شخصي موټر""]}"
7-49,A rabbit may enjoy,"{'text': array(['meat', 'compost', 'peas', 'pebbles'], dtype=object), 'label': array(['A', 'B', 'C', 'D'], dtype=object)}",C,یو خرگوش ممکن څه خوند واخلي؟,"{""label"": [""A"", ""B"", ""C"", ""D""], ""text"": [""غوشت"", ""کمپوست"", ""مټر"", ""کوچني ډبرې""]}"
8-393,"A construction group wants to put a shopping center in town, but the only place available is a small nature park with a trail. Deer and other wildlife frequent the park, since it is the only place in the city where trees and fresh water are available for them. The construction group decides to build the shopping center, which means that","{'text': array(['the deer are moved to a zoo', 'the trail is expanded',
       'the mall has a nature park in it',
       'the wildlife environment is destroyed'], dtype=object), 'label': array(['A', 'B', 'C', 'D'], dtype=object)}",D,یو ساختماني ډله غواړي چې په ښار کې د سوداګرۍ مرکز جوړ کړي، مګر یوازینی موجود ځای یوه کوچنۍ طبیعي پارک دی چې یوه لاره لري. د پارک ته د غزالو او نورو وحشي حیواناتو تلل معمول دي، ځکه چې دا په ښار کې یوازینی ځای دی چیرې چې د دوی لپاره ونې او تازه اوبه شتون لري. ساختماني ډله پریکړه کوي چې سوداګرۍ مرکز جوړ کړي، چې معنی لري,"{""label"": [""A"", ""B"", ""C"", ""D""], ""text"": [""غزالې باغ ته لیږدول کیږي"", ""لاره پراخه کیږي"", ""مال د طبیعي پارک سره لري"", ""د وحشي چاپیریال له منځه ځي""]}"
788,Owls are likely to hunt at,"{'text': array(['3pm', '2am', '6pm', '7am'], dtype=object), 'label': array(['A', 'B', 'C', 'D'], dtype=object)}",B,د جغدونو د ښکار احتمالاً کوم وخت دی؟,"{""label"": [""A"", ""B"", ""C"", ""D""], ""text"": [""د ماسپښین ۳ بجې"", ""د شپې ۲ بجې"", ""د ماسپښین ۶ بجې"", ""د سهار ۷ بجې""]}"
9-29,What could be a positive aspect of a tree being cut down?,"{'text': array(['the plants that were under the tree will have access to more light',
       'the squirrels that were in that tree will have an easier time getting to their home',
       'Plants under the tree will get cooled off by the shade',
       'The sun will shine brighter than before'], dtype=object), 'label': array(['A', 'B', 'C', 'D'], dtype=object)}",A,د یوې ونې پرې کولو مثبت اړخ څه کیدی شي؟,"{""label"": [""A"", ""B"", ""C"", ""D""], ""text"": [""هغه بوټي چې د ونې لاندې وو، به نور رڼا ته لاسرسی ولري"", ""هغه سنجابان چې په دې ونه کې وو، به د خپل کور ته لاړ شي"", ""د ونې لاندې بوټي به د سیوري له امله یخ شي"", ""لمر به د مخکې په پرتله روښانه شي""]}"
9-368,Birds carrying away fruit helps the tree,"{'text': array(['grow', 'fertilize', 'reproduce', 'conquer'], dtype=object), 'label': array(['A', 'B', 'C', 'D'], dtype=object)}",C,مرغان چې میوه اخلي، د ونې سره مرسته کوي,"{""label"": [""A"", ""B"", ""C"", ""D""], ""text"": [""غوړیدل"", ""سرسبزول"", ""تولیدول"", ""فتح کول""]}"
7-671,"If a UFO is flying overhead and looks small, then large, then","{'text': array(['the UFO is calling', 'the UFO had been close',
       'the UFO is approaching', 'the UFO is leaving'], dtype=object), 'label': array(['A', 'B', 'C', 'D'], dtype=object)}",C,که یو UFO د سر په سر الوتنه کوي او وړوکی ښکاري، بیا لوی، نو,"{""label"": [""A"", ""B"", ""C"", ""D""], ""text"": [""UFO غږ کوي"", ""UFO نږدې و"", ""UFO راځي"", ""UFO ځي""]}"
1272,Inherited behavior is exhibited when,"{'text': array(['bears take a long winter sleep', 'dogs sit on command',
       'seals clap for their trainers', 'rats navigate thru a maze'],
      dtype=object), 'label': array(['A', 'B', 'C', 'D'], dtype=object)}",A,وراثتي چلند هغه وخت څرګندېږي کله چې,"{""label"": [""A"", ""B"", ""C"", ""D""], ""text"": [""خرسونه اوږد ژمی خوب کوي"", ""سپي د امر په اساس ناستېږي"", ""مهرې د خپلو روزونکو لپاره تالیف کوي"", ""موشونه د یوه لابیرنت له لارې تګ کوي""]}"
648,What likely explains deforestation?,"{'text': array(['Increased insect populations', 'Clearing for farming',
       'reduction in rainfall', 'More carbon dioxide'], dtype=object), 'label': array(['A', 'B', 'C', 'D'], dtype=object)}",B,د ځنګل د له منځه وړلو احتمال څه شی دی؟,"{""label"": [""A"", ""B"", ""C"", ""D""], ""text"": [""د حشراتو زیاتوالی"", ""د کرنې لپاره پاکول"", ""د باران کمښت"", ""زیات کاربن ډای اکساید""]}"
9-1180,Mosquitoes enjoy all the people at a BBQ in the summer for what reason?,"{'text': array(['steak', 'blood', 'nice weather', 'taking food'], dtype=object), 'label': array(['A', 'B', 'C', 'D'], dtype=object)}",B,مچان د دوبي په موسم کې د BBQ په وخت کې د خلکو سره ولې خوند اخلي؟,"{""label"": [""A"", ""B"", ""C"", ""D""], ""text"": [""غوشت"", ""خون"", ""ښه هوا"", ""خواړه اخیستل""]}"
9-227,The surface of the moon contains,"{'text': array(['dogs', 'water', 'high peaks', 'humans'], dtype=object), 'label': array(['A', 'B', 'C', 'D'], dtype=object)}",C,د سپوږمۍ سطحه څه لري؟,"{""label"": [""A"", ""B"", ""C"", ""D""], ""text"": [""سپي"", ""اوبه"", ""لوړې قله"", ""انسانان""]}"
1582,A tool used to identify the percent chance of a trait being passed down has at least,"{'text': array(['four boxes', 'eight boxes', 'two boxes', 'six boxes'],
      dtype=object), 'label': array(['A', 'B', 'C', 'D'], dtype=object)}",A,یو وسیله چې د یوې ځانګړتیا د انتقال احتمال معلوموي، لږ تر لږه څومره بکسونه لري؟,"{""label"": [""A"", ""B"", ""C"", ""D""], ""text"": [""څلور بکسونه"", ""اته بکسونه"", ""دو بکسونه"", ""شپږ بکسونه""]}"
8-125,"A prisoner is kept in a stone room, unable to see the sun. The prisoner knows that he needs vitamin D to survive, so he","{'text': array(['asks for milk', 'asks for television', 'asks for water',
       'asks for sleep'], dtype=object), 'label': array(['A', 'B', 'C', 'D'], dtype=object)}",A,یو بندی په یوه ډبري خونه کې ساتل شوی، چې لمر نه شي لیدلی. بندی پوهیږي چې د بقا لپاره ویټامین D ته اړتیا لري، نو هغه,"{""label"": [""A"", ""B"", ""C"", ""D""], ""text"": [""د شیدو غوښتنه کوي"", ""د تلویزیون غوښتنه کوي"", ""د اوبو غوښتنه کوي"", ""د خوب غوښتنه کوي""]}"
1923,When trying to pull a rose out of the ground why do you encounter resistance?,"{'text': array(['roots', 'tensile strength', 'plant temperature', 'plant color'],
      dtype=object), 'label': array(['A', 'B', 'C', 'D'], dtype=object)}",A,کله چې د ګلاب د ریښې راویستلو هڅه کوئ، ولې مقاومت سره مخ کیږئ؟,"{""label"": [""A"", ""B"", ""C"", ""D""], ""text"": [""ریښې"", ""د کشش ځواک"", ""د نبات تودوخه"", ""د نبات رنګ""]}"
9-229,A bat flew through the sky without hitting anything due to which of these?,"{'text': array(['rainy sky to fly in', 'fast truck to drive',
       'a car with gasoline', 'surfaces to reflect sound off'],
      dtype=object), 'label': array(['A', 'B', 'C', 'D'], dtype=object)}",D,یو خفاش د آسمان له لارې پرته له دې چې څه شی ووهی الوتنه وکړه، د دې له امله څه شی دی؟,"{""label"": [""A"", ""B"", ""C"", ""D""], ""text"": [""باراني آسمان"", ""چټک ټرک"", ""د پټرول سره موټر"", ""د غږ د انعکاس لپاره سطوح""]}"
1702,How can we see that the coloration of fur is an inherited characteristic?,"{'text': array(['puppies have soft fur', 'kittens look like their parents',
       'all mammals are born with fur', 'baby rats are mostly bald'],
      dtype=object), 'label': array(['A', 'B', 'C', 'D'], dtype=object)}",B,موږ څنګه پوهیږو چې د پښو رنګ یوه وراثتي ځانګړتیا ده؟,"{""label"": [""A"", ""B"", ""C"", ""D""], ""text"": [""زویان نرم پښې لري"", ""پیشوګان د خپلو والدینو په څیر ښکاري"", ""ټول ممالیک د پښو سره زیږیدلي دي"", ""کوچني موشونه عموماً بې پښو دي""]}"
8-260,Decaying vegetation is part of the process that,"{'text': array(['enables nuclear power to function',
       'enables to emitting of light beams',
       'enables gas powered motors to operate',
       'enables windmills to power electric grids'], dtype=object), 'label': array(['A', 'B', 'C', 'D'], dtype=object)}",C,د خرابیدونکي بوټو مواد د کوم پروسې برخه ده چې,"{""label"": [""A"", ""B"", ""C"", ""D""], ""text"": [""د اټومي بریښنا د کار کولو توان ورکوي"", ""د رڼا د شعاعو د خپرولو توان ورکوي"", ""د ګازو بریښنايي موټرو د کار کولو توان ورکوي"", ""د بادونو د بریښنايي شبکو د ځواکمن کولو توان ورکوي""]}"
9-491,"After a torrential downpour over a week, a man notices that the pond in his backyard is","{'text': array(['melted', 'dehydrated', 'bloated', 'salted'], dtype=object), 'label': array(['A', 'B', 'C', 'D'], dtype=object)}",C,د یوې اوونۍ په اوږدو کې د شدید باران وروسته، یو سړی ګوري چې د هغه په حیاط کې حوض,"{""label"": [""A"", ""B"", ""C"", ""D""], ""text"": [""منجمد شوی"", ""اوږد شوی"", ""پړسیدلی"", ""مالګه شوی""]}"
75,The amount of friction and the speed of an object have what kind of relationship?,"{'text': array(['inverse', 'reverse', 'direct', 'equal'], dtype=object), 'label': array(['A', 'B', 'C', 'D'], dtype=object)}",A,د یوې شی د مالش مقدار او سرعت ترمنځ څه ډول اړیکه شته؟,"{""label"": [""A"", ""B"", ""C"", ""D""], ""text"": [""عکس العمل"", ""عکس"", ""مستقیم"", ""برابر""]}"
1215,A fallen leaf,"{'text': array(['will turn into a tree', 'will become bright green',
       'will begin to recycle the nutrients that made up its structure',
       'is likely to continue to grow'], dtype=object), 'label': array(['A', 'B', 'C', 'D'], dtype=object)}",C,یو لویدلی پاڼه,"{""label"": [""A"", ""B"", ""C"", ""D""], ""text"": [""به یوه ونه بدله شي"", ""به روښانه شنه شي"", ""به د هغې جوړښت جوړوونکو مغذي موادو بیا کار پیل کړي"", ""احتمال لري چې وده وکړي""]}"
8-93,Over a period of time the weather can change,"{'text': array(['The color of my hair', 'The way I walk', 'The size of a statue',
       'The sound a computer makes'], dtype=object), 'label': array(['A', 'B', 'C', 'D'], dtype=object)}",C,د یوې مودې په تیریدو سره هوا بدلیدلی شي,"{""label"": [""A"", ""B"", ""C"", ""D""], ""text"": [""د زما د ویښتو رنګ"", ""د ما د تګ طریقه"", ""د یوې مجسمې اندازه"", ""د کمپیوټر غږ""]}"
7-988,Plant growth may cause,"{'text': array(['an uptick in the number of leaves', 'a surge in leaf disease',
       'a gradual decrease in leaves', 'a rapid decline of the leaves'],
      dtype=object), 'label': array(['A', 'B', 'C', 'D'], dtype=object)}",A,د بوټو وده ممکن څه رامنځته کړي؟,"{""label"": [""A"", ""B"", ""C"", ""D""], ""text"": [""د پاڼو په شمېر کې زیاتوالی"", ""د پاڼو د ناروغیو زیاتوالی"", ""د پاڼو په شمېر کې تدریجي کموالی"", ""د پاڼو چټک کمښت""]}"
9-1139,The man's heart skipped a beat and he felt pain after touching which of these?,"{'text': array(['ice cube', 'water', 'electrical transformer', 'grass'],
      dtype=object), 'label': array(['A', 'B', 'C', 'D'], dtype=object)}",C,د سړي زړه یو ضربه پریښوده او هغه درد احساس کړ کله چې له دې څخه کوم شی ته لاس واچاوه؟,"{""label"": [""A"", ""B"", ""C"", ""D""], ""text"": [""یخ مکعب"", ""اوبه"", ""برقي ترانسفارمر"", ""چمن""]}"
1545,Which substance is capable of dripping?,"{'text': array(['Oxygen', 'Juice', 'Wood', 'Lightning'], dtype=object), 'label': array(['A', 'B', 'C', 'D'], dtype=object)}",B,کومه ماده د څاڅیدو وړتیا لري؟,"{""label"": [""A"", ""B"", ""C"", ""D""], ""text"": [""اکسیجن"", ""عصیر"", ""لکۍ"", ""برق""]}"
7-664,If bacon is left too long on a hot stove top,"{'text': array(['it will be cooked perfectly', 'it will be bacteria laden',
       'it will become blackened', 'it will be left raw'], dtype=object), 'label': array(['A', 'B', 'C', 'D'], dtype=object)}",C,که بیکن ډیر وخت په تودو پخلنځي کې پریښودل شي,"{""label"": [""A"", ""B"", ""C"", ""D""], ""text"": [""دا به په بشپړه توګه پخلی شي"", ""دا به د باکتریا سره ډک شي"", ""دا به توره شي"", ""دا به خام پاتې شي""]}"
8-53,the dashboard reading in a jaguar would likely be set to which of these?,"{'text': array(['set to calories', 'set to volume', 'set to kilometers',
       'set to width'], dtype=object), 'label': array(['A', 'B', 'C', 'D'], dtype=object)}",C,د جاګوار د داشبورډ لوست به د دې څخه کوم ته ټاکل شوی وي؟,"{""label"": [""A"", ""B"", ""C"", ""D""], ""text"": [""کالورۍ ته ټاکل شوی"", ""حجم ته ټاکل شوی"", ""کیلومترونو ته ټاکل شوی"", ""عرض ته ټاکل شوی""]}"
7-1044,are explosions safe?,"{'text': array(['they could harm living things', 'they are very safe',
       'they cause nothing serious', 'none of these'], dtype=object), 'label': array(['A', 'B', 'C', 'D'], dtype=object)}",A,آیا چاودنې خوندي دي؟,"{""label"": [""A"", ""B"", ""C"", ""D""], ""text"": [""دا کولی شي ژوندی موجودات زیانمن کړي"", ""دا ډیرې خوندي دي"", ""دا هیڅ جدي زیان نه رسوي"", ""هیڅ یو له دې نه""]}"
7-1122,The lowest temperature on the trip was at,"{'text': array(['the mountain pass', 'the plain', 'the large hill', 'the canyon'],
      dtype=object), 'label': array(['A', 'B', 'C', 'D'], dtype=object)}",A,په سفر کې تر ټولو ټیټه تودوخه په کوم ځای کې وه؟,"{""label"": [""A"", ""B"", ""C"", ""D""], ""text"": [""د غرونو تنگ"", ""د میدان"", ""د لوی تپه"", ""د دره""]}"
9-79,What is the benefit to using a frosted window film over a non treated windows?,"{'text': array(['they are easier to make', 'they let in less light',
       'they are cheaper to produce', 'they are much stronger'],
      dtype=object), 'label': array(['A', 'B', 'C', 'D'], dtype=object)}",B,د غیر درملنې کړکیو پر ځای د یخ کړکیو فلم کارولو ګټه څه ده؟,"{""label"": [""A"", ""B"", ""C"", ""D""], ""text"": [""دا جوړول یې اسانه دي"", ""دا لږ رڼا ته اجازه ورکوي"", ""دا د تولید لپاره ارزانه دي"", ""دا ډیر قوي دي""]}"
7-157,Ocean water contains,"{'text': array(['copious amounts of seltzer', 'scant amounts of sodium chloride',
       'scant amounts of carbonation',
       'copious amounts of the combination of Na and Cl'], dtype=object), 'label': array(['A', 'B', 'C', 'D'], dtype=object)}",D,د سمندر اوبه لري,"{""label"": [""A"", ""B"", ""C"", ""D""], ""text"": [""د سلتزر ډیر مقدار"", ""د سوډیم کلوراید لږ مقدار"", ""د کاربونیشن لږ مقدار"", ""د Na او Cl ترکیب ډیر مقدار""]}"
9-1164,A cheetah that runs all day will find it has lost a lot of,"{'text': array(['blood', 'water', 'prey', 'spots'], dtype=object), 'label': array(['A', 'B', 'C', 'D'], dtype=object)}",B,یو چیتا چې ټول ورځ منډه وهي، موندلې چې ډیر څه له لاسه ورکړي دي,"{""label"": [""A"", ""B"", ""C"", ""D""], ""text"": [""خون"", ""اوبه"", ""شکار"", ""داغونه""]}"
8-63,Beak shape can influence a bird's ability,"{'text': array(['to give birth to live young', ""to mate with it's partner"",
       'to fly to warmer climates', 'to chew up certain worms'],
      dtype=object), 'label': array(['A', 'B', 'C', 'D'], dtype=object)}",D,د مرغانو د نوک شکل د دوی وړتیا باندې تاثیر لري,"{""label"": [""A"", ""B"", ""C"", ""D""], ""text"": [""ژوندی ځوان زېږول"", ""د خپل شریک سره د مینې کولو"", ""تودو اقلیم ته الوتل"", ""ځینې کبان خوري""]}"
8-308,Some blind people have demonstrated bat-like skills by:,"{'text': array(['sensing shapes by light and shadows',
       'having a unusually strong sense of smell',
       'sensing nearby objects by temperature change',
       ""using sound to 'see'""], dtype=object), 'label': array(['A', 'B', 'C', 'D'], dtype=object)}",D,ځینې ړانده خلک د خفاش په څیر مهارتونه ښودلي دي:,"{""label"": [""A"", ""B"", ""C"", ""D""], ""text"": [""د رڼا او سیوري له لارې شکلونه احساسول"", ""د بوی غیر معمولي قوي حس لرل"", ""د تودوخې بدلون له لارې نږدې شیانو احساسول"", ""د 'کتلو' لپاره غږ کارول""]}"
326,December 21st through March 20 is a three month period which is an example of what?,"{'text': array(['A session', 'A Match', 'A Season', 'Autumn'], dtype=object), 'label': array(['A', 'B', 'C', 'D'], dtype=object)}",C,د دسمبر ۲۱ څخه تر مارچ ۲۰ پورې درې میاشتې یوه بیلګه څه ده؟,"{""label"": [""A"", ""B"", ""C"", ""D""], ""text"": [""یو غونډ"", ""یو لوبه"", ""یو فصل"", ""پسرلی""]}"
1184,Seeds provide new plants with,"{'text': array(['life sustaining elements', 'essentials for photosynthesis',
       'water and hydrogen', 'storage for roots'], dtype=object), 'label': array(['A', 'B', 'C', 'D'], dtype=object)}",A,تخمونه نوي بوټو ته څه ورکوي؟,"{""label"": [""A"", ""B"", ""C"", ""D""], ""text"": [""د ژوند د ساتنې عناصر"", ""د فوتوسنتز لپاره اړین توکي"", ""اوبه او هایدروجن"", ""د ریښو لپاره ذخیره""]}"
359,What is a more comfortable color to have for your automobile upholstery if living in a desert?,"{'text': array(['ecru', 'red', 'black', 'navy'], dtype=object), 'label': array(['A', 'B', 'C', 'D'], dtype=object)}",A,که چیرې په دښت کې ژوند کوئ، د موټر د فرش لپاره کوم رنګ ډیر آرام دی؟,"{""label"": [""A"", ""B"", ""C"", ""D""], ""text"": [""ایکرu"", ""سور"", ""تور"", ""نیلي""]}"
9-350,The salamander could eat a large amounts of what?,"{'text': array(['fettuccine if left around', 'waxy leaves from certain plants',
       'dead carcass meat from livestock', 'six legged winged organisms'],
      dtype=object), 'label': array(['A', 'B', 'C', 'D'], dtype=object)}",D,سالمندر کولی شي د څه شی لوی مقدار وخوري؟,"{""label"": [""A"", ""B"", ""C"", ""D""], ""text"": [""فیتوچیني که چیرې پریښودل شي"", ""د ځینو بوټو موم لرونکي پاڼې"", ""د څارویو مړه غوښه"", ""د شپږو پښو لرونکي وزر لرونکي موجودات""]}"
7-140,A person can see,"{'text': array(['a radio recording', 'an emotion', 'a written message',
       'an abstract idea'], dtype=object), 'label': array(['A', 'B', 'C', 'D'], dtype=object)}",C,یو شخص کولی شي څه وګوري؟,"{""label"": [""A"", ""B"", ""C"", ""D""], ""text"": [""د راډیو ثبت"", ""یو احساس"", ""یو لیکل شوی پیغام"", ""یو انتزاعی نظر""]}"
591,"When looking for good soil for plants, typically what is optimal?","{'text': array(['malleable and nutritious', 'dry and sandy', 'grainy and bitter',
       'compact and hard'], dtype=object), 'label': array(['A', 'B', 'C', 'D'], dtype=object)}",A,کله چې د بوټو لپاره ښه خاورې لټوئ، عموماً څه شی غوره دی؟,"{""label"": [""A"", ""B"", ""C"", ""D""], ""text"": [""نرم او مغذي"", ""خشک او شګه"", ""دانه لرونکی او تلخ"", ""مضغوط او سخت""]}"
7-391,Animals are drawn to,"{'text': array(['gold', 'houses', 'feeders', 'Carbon Dioxide'], dtype=object), 'label': array(['A', 'B', 'C', 'D'], dtype=object)}",C,حیوانات د څه شی په لور جذب کیږي؟,"{""label"": [""A"", ""B"", ""C"", ""D""], ""text"": [""طلایی"", ""کورونه"", ""د خوړو ځایونه"", ""کاربن ډای اکساید""]}"
1672,Squirrels spend their fall,"{'text': array(['looking for pretty leaves to collect',
       'stockpiling rocks for fighting in the winter',
       'stockpiling pecans for the frigid months',
       'collecting twigs to keep warm'], dtype=object), 'label': array(['A', 'B', 'C', 'D'], dtype=object)}",C,سکویرلونه خپل خزان په څه کې تیریږي؟,"{""label"": [""A"", ""B"", ""C"", ""D""], ""text"": [""د ښکلو پاڼو د راټولولو په لټه کې"", ""د ژمي لپاره د جګړې لپاره د ډبرو ذخیره کول"", ""د یخ میاشتو لپاره د پیکان ذخیره کول"", ""د تودوخې لپاره د څانګو راټولول""]}"
9-464,Rainbows are always found after what?,"{'text': array(['A fire', 'A tornado', 'Rainfall', 'Cereal'], dtype=object), 'label': array(['A', 'B', 'C', 'D'], dtype=object)}",C,رنګین قوسونه تل د څه وروسته موندل کیږي؟,"{""label"": [""A"", ""B"", ""C"", ""D""], ""text"": [""اور"", ""تورنادو"", ""باران"", ""د غنمو""]}"
9-983,Crop rotation has a positive impact on what?,"{'text': array(['government mentality', 'dirt quality', 'town economies',
       'crop watering'], dtype=object), 'label': array(['A', 'B', 'C', 'D'], dtype=object)}",B,د کښت دوراني کول په څه باندې مثبت تاثیر لري؟,"{""label"": [""A"", ""B"", ""C"", ""D""], ""text"": [""د حکومت ذهنيت"", ""د خاورې کیفیت"", ""د ښار اقتصاد"", ""د کښت اوبه ورکول""]}"
9-179,the best method for detecting texture is,"{'text': array(['rubbing it', 'seeing it', 'hearing it', 'tasting it'],
      dtype=object), 'label': array(['A', 'B', 'C', 'D'], dtype=object)}",A,د جوړښت د تشخیص غوره طریقه څه ده؟,"{""label"": [""A"", ""B"", ""C"", ""D""], ""text"": [""مالش کول"", ""لیدل"", ""اوریدل"", ""خوند اخیستل""]}"
7-942,Cold-blooded animals are often,"{'text': array(['fast', 'large', 'hairless', 'slow'], dtype=object), 'label': array(['A', 'B', 'C', 'D'], dtype=object)}",C,سړه وینه لرونکي حیوانات اکثره وخت څه ډول وي؟,"{""label"": [""A"", ""B"", ""C"", ""D""], ""text"": [""چټک"", ""لوی"", ""ویښتان نه لرونکي"", ""ورو""]}"
7-100,Grey clouds can bring,"{'text': array(['sunlight', 'falling water molecules', 'blooming flowers',
       'drought conditions'], dtype=object), 'label': array(['A', 'B', 'C', 'D'], dtype=object)}",B,خاکستري ورېځې څه شی راوړلای شي؟,"{""label"": [""A"", ""B"", ""C"", ""D""], ""text"": [""لمرنی رڼا"", ""د اوبو مالیکولونه چې راپرېوتي"", ""ګلونه چې غوړېږي"", ""د وچکالۍ شرایط""]}"
9-30,Which animal is considered a predator?,"{'text': array(['ant', 'snake', 'elephant', 'giraffe'], dtype=object), 'label': array(['A', 'B', 'C', 'D'], dtype=object)}",B,کوم حیوان د ښکارګر په توګه ګڼل کیږي؟,"{""label"": [""A"", ""B"", ""C"", ""D""], ""text"": [""مچ"", ""مار"", ""هګۍ"", ""زرافه""]}"
1709,Pollinators,"{'text': array(['enable plants to continue flourishing',
       'play an unimportant role in the reproduction process',
       'are useless to plants', 'are considered unwanted pests'],
      dtype=object), 'label': array(['A', 'B', 'C', 'D'], dtype=object)}",A,د ګلانو د پخیدو لپاره,"{""label"": [""A"", ""B"", ""C"", ""D""], ""text"": [""نباتاتو ته د ودې دوام ورکوي"", ""د تولید پروسې کې غیر مهم رول لري"", ""نباتاتو ته بې ګټې دي"", ""غیر مطلوب آفتونه ګڼل کیږي""]}"
8-491,"A farmer harvests seeds from some plants, such as tomatoes, in order to plant them later on. These seeds, once planted","{'text': array(['have their own dirt', 'have their own sunlight',
       'have a lot of sand', 'contain their necessary nutrition'],
      dtype=object), 'label': array(['A', 'B', 'C', 'D'], dtype=object)}",D,یو بزګر د ځینو نباتاتو، لکه رومي بانجان، د تخمونو حاصلات کوي ترڅو وروسته یې کښت کړي. دا تخمونه، کله چې کښت شي،,"{""label"": [""A"", ""B"", ""C"", ""D""], ""text"": [""خپل خاوره لري"", ""خپل لمریزه رڼا لري"", ""ډیر شګه لري"", ""ضروري تغذیه لري""]}"
44,What type of characteristics are people not born with?,"{'text': array(['genetics', 'skills', 'physical attributes', 'height'],
      dtype=object), 'label': array(['A', 'B', 'C', 'D'], dtype=object)}",B,کوم ډول ځانګړتیاوې دي چې خلک ورسره نه زېږی؟,"{""label"": [""A"", ""B"", ""C"", ""D""], ""text"": [""جنیټیک"", ""مهارتونه"", ""فزیکي ځانګړتیاوې"", ""لوړوالی""]}"
1023,A spinning object is used to make,"{'text': array(['steam', 'heat', 'water', 'electricity'], dtype=object), 'label': array(['A', 'B', 'C', 'D'], dtype=object)}",D,یو دوران کوونکی شی د څه شي د جوړولو لپاره کارول کیږي؟,"{""label"": [""A"", ""B"", ""C"", ""D""], ""text"": [""بخار"", ""تودوخه"", ""اوبه"", ""برق""]}"
1911,One of the negative consequences of offshore oil platforms is,"{'text': array(['evaporation of the surrounding water',
       'discharge of liquid petroleum in the surrounding sea',
       'improvement in the conditions of sea life',
       'increase in the birthrate of sea birds'], dtype=object), 'label': array(['A', 'B', 'C', 'D'], dtype=object)}",B,د سمندر د تیلو د پلاتفورمونو یوه منفي پایله څه ده؟,"{""label"": [""A"", ""B"", ""C"", ""D""], ""text"": [""د شاوخوا اوبو تبخیر"", ""د شاوخوا سمندر کې د مایع تیلو خوشې کول"", ""د سمندري ژوند شرایطو ښه والی"", ""د سمندري مرغانو د زېږیدو کچه لوړه""]}"
429,The unit of measure derived from French word millilitre is a unit used for measuring volume generally used for values between 1 and,"{'text': array(['1000', '250', '5000', '300'], dtype=object), 'label': array(['A', 'B', 'C', 'D'], dtype=object)}",A,د فرانسوي کلمې میلی لیتر څخه اخیستل شوی د اندازه کولو واحد دی چې عموماً د 1 او تر منځ د حجم اندازه کولو لپاره کارول کیږي,"{""label"": [""A"", ""B"", ""C"", ""D""], ""text"": [""1000"", ""250"", ""5000"", ""300""]}"
8-49,"A man's child runs through the yard in the sprinklers, getting mud all over their feet. The child then runs around on the porch, tracking mud everywhere. While the mud is still wet, the man decides to clean off the porch by","{'text': array(['getting a new child', 'yelling at the mud',
       'asking the child to stop', 'turning on the hose'], dtype=object), 'label': array(['A', 'B', 'C', 'D'], dtype=object)}",D,یو سړی د خپل ماشوم په اړه چې د باران د پاشونکو په منځ کې د حویلي په اوږدو کې منډه وهي، د دوی پښې خاورې کوي. ماشوم بیا د پورتنۍ پرچۍ په شاوخوا کې منډه وهي، خاورې هر ځای تعقیبوي. پداسې حال کې چې خاوره لا تر اوسه لندبل ده، سړی پریکړه کوي چې د پرچۍ پاکولو لپاره,"{""label"": [""A"", ""B"", ""C"", ""D""], ""text"": [""یو نوی ماشوم ترلاسه کړي"", ""پر خاوره چیغې وهي"", ""ماشوم ته د ودریدلو غوښتنه کوي"", ""د اوبو نل پرانیزي""]}"
520,Earthquakes,"{'text': array(['only happen in California', 'cause solar and lunar eclipses',
       'will break your vases', 'make bridges much safer'], dtype=object), 'label': array(['A', 'B', 'C', 'D'], dtype=object)}",C,زلزلې,"{""label"": [""A"", ""B"", ""C"", ""D""], ""text"": [""یوازې په کالیفورنيا کې پیښیږي"", ""د لمریز او سپوږمۍ د خفګان لامل کیږي"", ""ستاسو ګلدانونه ماتوي"", ""پلونه ډیر خوندي کوي""]}"
7-1128,A seismograph can accurately describe,"{'text': array(['how rough the footing will be', 'how bad the weather will be',
       'how stable the ground will be', 'how shaky the horse will be'],
      dtype=object), 'label': array(['A', 'B', 'C', 'D'], dtype=object)}",C,یو زلزله سنج په دقیق ډول څه بیانولی شي؟,"{""label"": [""A"", ""B"", ""C"", ""D""], ""text"": [""څومره خړوب به وي"", ""څومره هوا خرابېږي"", ""څومره ځمکه ثابته وي"", ""څومره آس لرزیدونکی وي""]}"
7-394,"Light from further away may appear to be less bright than other, closer sources, such as in which instance?","{'text': array(['the sun is always bright', 'the moon is brighter than stars',
       'the moon is brighter than a floodlight',
       'the sun is darker than the moon'], dtype=object), 'label': array(['A', 'B', 'C', 'D'], dtype=object)}",B,لرې څخه رڼا ممکن د نورو، نږدې سرچینو په پرتله کم روښانه ښکاره شي، لکه په کوم حالت کې؟,"{""label"": [""A"", ""B"", ""C"", ""D""], ""text"": [""لمر تل روښانه دی"", ""سپوږمۍ د ستورو په پرتله روښانه ده"", ""سپوږمۍ د سیلاب رڼا په پرتله روښانه ده"", ""لمر د سپوږمۍ په پرتله تیاره ده""]}"
9-1166,A plant needs a specific climate to grow and,"{'text': array(['wither', 'persist', 'die', 'decay'], dtype=object), 'label': array(['A', 'B', 'C', 'D'], dtype=object)}",B,یو نبات د ودې لپاره ځانګړې اقلیم ته اړتیا لري او,"{""label"": [""A"", ""B"", ""C"", ""D""], ""text"": [""وچ شي"", ""پاتې شي"", ""مړ شي"", ""خراب شي""]}"
7-884,Banging on a drum causes,"{'text': array(['music to be loud', 'music to be appealing',
       'reverberations to strike the eardrum', 'concerts to sell out'],
      dtype=object), 'label': array(['A', 'B', 'C', 'D'], dtype=object)}",C,پر ډرم باندې وهل سبب کیږي,"{""label"": [""A"", ""B"", ""C"", ""D""], ""text"": [""موسیقي غږېږي"", ""موسیقي جذابه شي"", ""د غږ د غشا ته ارتعاشات وځلوي"", ""کنسرټونه پلورل شي""]}"
9-501,What may have been formed by a volcano?,"{'text': array(['Mt. McKinley', 'Lake Pontchartrain', 'The great lakes',
       'Niagara Falls'], dtype=object), 'label': array(['A', 'B', 'C', 'D'], dtype=object)}",A,کوم شی ممکن د آتش فشان له خوا جوړ شوی وي؟,"{""label"": [""A"", ""B"", ""C"", ""D""], ""text"": [""د مک کینلي غر"", ""د پونچارتین جهیل"", ""لوی جهیلونه"", ""د نیاګارا آبشار""]}"
9-757,"Humans, cats, dogs, and elephants are known as mammals because their kids are born alive. Non-mammalian babies are born","{'text': array(['old', 'dead', 'in an egg', 'big'], dtype=object), 'label': array(['A', 'B', 'C', 'D'], dtype=object)}",C,انسانان، پیشوګانې، سپي، او فیلونه د ممالیو په توګه پیژندل کیږي ځکه چې د دوی بچي ژوندی زېږیږي. غیر ممالی بچي زېږیږي,"{""label"": [""A"", ""B"", ""C"", ""D""], ""text"": [""زوړ"", ""مړ"", ""په هګۍ کې"", ""لوی""]}"
7-725,Wind can cause,"{'text': array(['basements to flood due to weather',
       'small birds to kill large birds', 'waterfalls to flow backwards',
       'stones to weather down to pebbles'], dtype=object), 'label': array(['A', 'B', 'C', 'D'], dtype=object)}",D,باد کولی شي,"{""label"": [""A"", ""B"", ""C"", ""D""], ""text"": [""د هوا له امله زیرمې ډکې کړي"", ""کوچني مرغۍ لویې مرغۍ ووژني"", ""د اوبو آبشارونه شاتګ وکړي"", ""ډبرې د خټو په توګه خرابې شي""]}"
1300,Inherited characteristics,"{'text': array(['include mice being able to navigate a maze',
       'include learning to sit on command',
       'include dolphins doing tricks for their trainers',
       'include spots on a ladybug'], dtype=object), 'label': array(['A', 'B', 'C', 'D'], dtype=object)}",D,وراثتي ځانګړتیاوې,"{""label"": [""A"", ""B"", ""C"", ""D""], ""text"": [""شاملوي چې مچان د یوه لابیرنت څخه تیریږي"", ""شاملوي چې د امر په اساس ناستې زده کړي"", ""شاملوي چې د ډلفینو د روزونکو لپاره ټرېکونه ترسره کړي"", ""شاملوي چې د مچۍ پر مخ د ځایونو شتون""]}"
9-230,How could we determine approximately how far a bird is from the ground?,"{'text': array(['Measure the altitude of the bird using a reference point, such as a tall building.',
       'Identify the species of bird',
       'Ask the bird how high it was when it returns back to earth',
       ""Measure the bird's mass""], dtype=object), 'label': array(['A', 'B', 'C', 'D'], dtype=object)}",A,موږ څنګه کولی شو تقریبي توګه معلومه کړو چې یوه مرغۍ له ځمکې څومره لیرې ده؟,"{""label"": [""A"", ""B"", ""C"", ""D""], ""text"": [""د مرغۍ ارتفاع د یوې مرجع نقطې په کارولو سره اندازه کړئ، لکه یوه لوړه ودانۍ."", ""د مرغۍ نوعه وپیژني"", ""مرغۍ ته وپوښتئ چې کله ځمکې ته راستنېږي څومره لوړه وه"", ""د مرغۍ وزن اندازه کړئ""]}"
9-988,Endangered pandas are sometimes,"{'text': array(['accidentally dropped into volcanoes',
       'confined to enclosures to be viewed by the public',
       'found eating corn in the middle of North America',
       'made into delicious rare steaks'], dtype=object), 'label': array(['A', 'B', 'C', 'D'], dtype=object)}",B,خطر سره مخامخ پانډاګان کله ناکله,"{""label"": [""A"", ""B"", ""C"", ""D""], ""text"": [""د آتش فشانونو ته په تصادفي توګه غورځول کیږي"", ""د عامه لیدنې لپاره په قید کې ساتل کیږي"", ""په شمالي امریکا کې د ذرت خوړلو پر مهال موندل کیږي"", ""په خوندور نایاب سټیکونو بدل شي""]}"
9-393,Algae can be found in,"{'text': array(['reservoir', 'meat', 'street', 'tree'], dtype=object), 'label': array(['A', 'B', 'C', 'D'], dtype=object)}",A,الجی په کوم ځای کې موندل کیدی شي,"{""label"": [""A"", ""B"", ""C"", ""D""], ""text"": [""ذخیره"", ""غوښه"", ""کوڅه"", ""ونه""]}"
7-823,A toaster converts electrical energy into heat energy for toasting much like,"{'text': array(['a campfire toasts bread', 'a microwave heats soup',
       'a fire burns paper', 'a small oven works'], dtype=object), 'label': array(['A', 'B', 'C', 'D'], dtype=object)}",D,ټوسټر بریښنایي انرژي د ټوسټ کولو لپاره تودوخې ته بدلوي، لکه څنګه چې,"{""label"": [""A"", ""B"", ""C"", ""D""], ""text"": [""د کیمپ اور ډوډۍ ټوسټ کوي"", ""مایکروویو شوربا تودوي"", ""اور کاغذ سوځوي"", ""یوه کوچنۍ تنور کار کوي""]}"
9-24,"An octopus, when in danger and unable to swim to safety, may find itself","{'text': array(['mimicking other things', 'melting into sand',
       'creating new homes', 'mocking other fish'], dtype=object), 'label': array(['A', 'B', 'C', 'D'], dtype=object)}",A,یو اکټوپس، کله چې په خطر کې وي او لامبو ته یې ونه شي کولی، ممکن,"{""label"": [""A"", ""B"", ""C"", ""D""], ""text"": [""د نورو شیانو نقل وکړي"", ""په شګو کې ویلې شي"", ""نوي کورونه جوړ کړي"", ""نور ماهیان ملنډې وکړي""]}"
570,What does someone do when creating music?,"{'text': array(['hit a toy baseball with a bat',
       'shake a baby rattle with your hand',
       'bang the wall with your fist',
       'pluck the strings of a fingerboard with your fingers'],
      dtype=object), 'label': array(['A', 'B', 'C', 'D'], dtype=object)}",D,یو څوک د موسیقۍ په جوړولو کې څه کوي؟,"{""label"": [""A"", ""B"", ""C"", ""D""], ""text"": [""د لوبو بیسبال ته د بیټ سره ووهي"", ""د ماشوم جنګلک په لاس کې وښوروي"", ""دیوال ته مټۍ ووهي"", ""د فنګربورډ تارونه په ګوتو وڅیچي""]}"
9-124,The pull the human planet space rock orbiter has on certain bodies of dihydrogen monooxide results in?,"{'text': array(['telescope views', 'water level fluctuations', 'animal',
       'plant harvesting'], dtype=object), 'label': array(['A', 'B', 'C', 'D'], dtype=object)}",B,هغه کشش چې د انسان سیارې شاوخوا ګرځیدونکی فضایي ډبره د ډای‌هایډروجن مونوآکسایډ ځینو ذخیرو باندې لري، پایله یې څه ده؟,"{""label"": [""A"", ""B"", ""C"", ""D""], ""text"": [""د تلسکوپ لیدونه"", ""د اوبو سطحې بدلونونه"", ""حیوان"", ""د فصل ریبل""]}"
9-199,"Since density = mass / volume, denser liquids such as water sink more than","{'text': array(['baby oil', 'corn syrup or', 'milk', 'honey'], dtype=object), 'label': array(['A', 'B', 'C', 'D'], dtype=object)}",A,ځکه چې کثافت = وزن / حجم، نو ګاټې مایعات لکه اوبه ډیر ډوبیږي تر,"{""label"": [""A"", ""B"", ""C"", ""D""], ""text"": [""د ماشوم تیل"", ""د جوارو شربت یا"", ""شیدې"", ""شات""]}"
767,Photosynthesis can be performed by,"{'text': array(['a cabbage cell', 'a bee cell', 'a bear cell', 'a cat cell'],
      dtype=object), 'label': array(['A', 'B', 'C', 'D'], dtype=object)}",A,فوتوسنتیز د کوم لخوا ترسره کیدی شي,"{""label"": [""A"", ""B"", ""C"", ""D""], ""text"": [""د کرم حجره"", ""د مچۍ حجره"", ""د ییږ حجره"", ""د پیشو حجره""]}"
28,The force exerted on an object and distance traveled have what kind of relationship?,"{'text': array(['reverse', 'inverse', 'equal', 'direct'], dtype=object), 'label': array(['A', 'B', 'C', 'D'], dtype=object)}",D,په یو شی باندې اچول شوې قوه او طی شوې واټن څه ډول اړیکه لري؟,"{""label"": [""A"", ""B"", ""C"", ""D""], ""text"": [""برعکس"", ""معکوس"", ""مساوي"", ""مستقیم""]}"
9-1134,all cells use cellular respiration to,"{'text': array(['photosynthesize', 'release waste', 'perform meiosis',
       'release energy'], dtype=object), 'label': array(['A', 'B', 'C', 'D'], dtype=object)}",B,ټولې حجرې سیلولر تنفس د دې لپاره کاروي چې,"{""label"": [""A"", ""B"", ""C"", ""D""], ""text"": [""فوتوسنتیز وکړي"", ""فاضله مواد خوشې کړي"", ""میوسس ترسره کړي"", ""انرژي خوشې کړي""]}"
9-1030,The viewing oriented sensor of a prairie creature are for what?,"{'text': array(['reproductive purposes', 'viewing sounds', 'sensing views',
       'sensing tastes'], dtype=object), 'label': array(['A', 'B', 'C', 'D'], dtype=object)}",C,د صحرایي ژوي د لید لپاره حسي غړی د څه لپاره دي؟,"{""label"": [""A"", ""B"", ""C"", ""D""], ""text"": [""د تولید موخو لپاره"", ""د غږونو لیدل"", ""د لیدنې حس"", ""د خوندونو حس""]}"
9-18,"A dog is going to have to corral sheep for the afternoon, so it needs to prepare its body for the enormous workload ahead of it. The dog is","{'text': array(['breaks for birds on the road', 'given a large breakfast',
       'eats a few corn cobs', 'given two apples to watch'], dtype=object), 'label': array(['A', 'B', 'C', 'D'], dtype=object)}",B,یو سپی باید ماسپښین پسونه راټول کړي، نو هغه باید خپل بدن د سختې کار لپاره چمتو کړي. سپی,"{""label"": [""A"", ""B"", ""C"", ""D""], ""text"": [""د سړک پر مرغیو ودریږي"", ""لوی ناشته ورکول کیږي"", ""څو جوارو ښکرې خوري"", ""دوه مڼې ورکول کیږي چې وګوري""]}"
8-378,"A woman sells bracelets that she makes. The bracelets gain popularity, and the woman makes incredibly large amounts of money from the sales. After a while, very few people are still buying the bracelets, so","{'text': array(['the woman makes more money',
       'the woman makes the same amount of money',
       'the woman spends more money', 'the woman makes less money'],
      dtype=object), 'label': array(['A', 'B', 'C', 'D'], dtype=object)}",D,یوه ښځه د لاسبند پلورنه کوي. لاسبندونه مشهور شي، او ښځه ډیرې پیسې ترلاسه کړي. وروسته، لږ خلک لاسبندونه اخلي، نو,"{""label"": [""A"", ""B"", ""C"", ""D""], ""text"": [""ښځه ډیرې پیسې ګټي"", ""ښځه ورته اندازه پیسې ګټي"", ""ښځه ډیرې پیسې مصرفوي"", ""ښځه لږې پیسې ګټي""]}"
7-677,A desert environment is,"{'text': array(['dry, grass covered, and humid', 'lush, green, and tropical',
       'arid, parched, and sun-baked', 'dry, damp, and lush'],
      dtype=object), 'label': array(['A', 'B', 'C', 'D'], dtype=object)}",C,د صحرا چاپیریال دی,"{""label"": [""A"", ""B"", ""C"", ""D""], ""text"": [""وچ، واښه پوښلی، او لندبل"", ""شنه، سبز، او استوایي"", ""وچ، تږی، او لمر سوځولی"", ""وچ، لندبل، او سبز""]}"
9-786,Seasons are caused by what rotating on its axis?,"{'text': array(['Our Planet', 'The Atmosphere', 'The Equator', 'The Sun'],
      dtype=object), 'label': array(['A', 'B', 'C', 'D'], dtype=object)}",A,موسمونه د کوم شي د خپل محور شاوخوا ګرځیدو له امله رامنځته کیږي؟,"{""label"": [""A"", ""B"", ""C"", ""D""], ""text"": [""زموږ سیاره"", ""اتموسفیر"", ""استوا"", ""لمر""]}"
9-463,Which is best an letting electricity pass through?,"{'text': array(['tile flooring', 'human flesh', 'hockey stick', 'a steak knife'],
      dtype=object), 'label': array(['A', 'B', 'C', 'D'], dtype=object)}",D,د بریښنا تیریدو لپاره تر ټولو غوره کوم دی؟,"{""label"": [""A"", ""B"", ""C"", ""D""], ""text"": [""د ټایل فرش"", ""د انسان پوست"", ""د هاکي لرګی"", ""د سټیک چاقو""]}"
7-71,Asteroids crashing on planets can leave behind,"{'text': array(['large, bowl-shaped cavities in the ground',
       'aliens and foreign foods', ""small dents in the planet's core"",
       'lakes filled with salty water'], dtype=object), 'label': array(['A', 'B', 'C', 'D'], dtype=object)}",A,سیارو ته د استروید ټکر شاته پریښودلی شي,"{""label"": [""A"", ""B"", ""C"", ""D""], ""text"": [""لویې، کاسه شکله خندقونه په ځمکه کې"", ""اجنبیان او بهرنۍ خواړه"", ""په سیارې مرکز کې کوچنې ګډوډې"", ""د مالګینو اوبو ډکې جهیلونه""]}"
9-1053,What is the formula of the substance which best helps plants grow,"{'text': array(['NH4', 'C4H4', 'CO2', 'H2O'], dtype=object), 'label': array(['A', 'B', 'C', 'D'], dtype=object)}",D,کوم ماده تر ټولو ډیره بوټو ته د ودې لپاره مرسته کوي، د هغې فورمول څه دی,"{""label"": [""A"", ""B"", ""C"", ""D""], ""text"": [""NH4"", ""C4H4"", ""CO2"", ""H2O""]}"
9-437,You can experience a change of pressure when,"{'text': array(['Yelling really loud', 'Soaring the skies', 'Going walking',
       'riding a bike'], dtype=object), 'label': array(['A', 'B', 'C', 'D'], dtype=object)}",B,تاسو د فشار بدلون تجربه کولی شئ کله چې,"{""label"": [""A"", ""B"", ""C"", ""D""], ""text"": [""ډیر لوړ چیغې وهئ"", ""آسمانونو ته الوزئ"", ""پلی ته لاړ شئ"", ""بایسکل وچلوئ""]}"
1787,A small creek absorbing heat energy can result in,"{'text': array(['the creek water getting colder', 'a parched creek bed',
       'tributaries branching off from the creek',
       'a runoff of extra water'], dtype=object), 'label': array(['A', 'B', 'C', 'D'], dtype=object)}",B,یوه کوچنۍ ویالې ته د تودوخې انرژي جذبول پایله لري,"{""label"": [""A"", ""B"", ""C"", ""D""], ""text"": [""د ویالې اوبه سړې شي"", ""وچه ویاله"", ""د ویالې څانګې جلا شي"", ""اضافي اوبو ته وروسته تلل""]}"
7-107,Summertime  happens during June in all but which location?,"{'text': array(['Australia', 'in Canada', 'United States', 'Europe'], dtype=object), 'label': array(['A', 'B', 'C', 'D'], dtype=object)}",A,اوړی د جون په میاشت کې هر ځای وي پرته د کوم ځای؟,"{""label"": [""A"", ""B"", ""C"", ""D""], ""text"": [""آسټرالیا"", ""کاناډا کې"", ""متحده ایالات"", ""اروپا""]}"
769,It takes more water to fill a bathtub than a,"{'text': array(['lake', 'pool', 'stomach', 'holding tank'], dtype=object), 'label': array(['A', 'B', 'C', 'D'], dtype=object)}",C,د حمام ډنډ ډکولو لپاره ډیرو اوبو ته اړتیا ده تر,"{""label"": [""A"", ""B"", ""C"", ""D""], ""text"": [""جهیل"", ""حوض"", ""معده"", ""ذخیره ټانکي""]}"
9-73,The eighth month of the year is winter in,"{'text': array(['Brazil', 'Indiana', 'London', 'Canada'], dtype=object), 'label': array(['A', 'B', 'C', 'D'], dtype=object)}",A,د کال اتمه میاشت ژمی دی په,"{""label"": [""A"", ""B"", ""C"", ""D""], ""text"": [""برازیل"", ""ایندیانا"", ""لندن"", ""کاناډا""]}"
9-1194,birds use their peckers to catch,"{'text': array(['dogs', 'a tan', 'a ball', 'bees'], dtype=object), 'label': array(['A', 'B', 'C', 'D'], dtype=object)}",D,مرغان خپل منقارونه د نیولو لپاره کاروي,"{""label"": [""A"", ""B"", ""C"", ""D""], ""text"": [""سپي"", ""تان"", ""توپ"", ""مچیو""]}"
9-416,transplanting seedling oaks has a positive impact on,"{'text': array(['fuel costs', 'the economy', 'housing value', 'the environment'],
      dtype=object), 'label': array(['A', 'B', 'C', 'D'], dtype=object)}",D,د بلوط نهالو لیږدول مثبت اغیز لري په,"{""label"": [""A"", ""B"", ""C"", ""D""], ""text"": [""د تیلو لګښتونو"", ""اقتصاد"", ""د کور ارزښت"", ""چاپیریال""]}"
470,What is an example of hunting?,"{'text': array(['humans throwing a spear through an animal',
       'humans chewing on boiled animal muscles',
       'humans gathering animals in a gate',
       'humans plucking fruit from a tree'], dtype=object), 'label': array(['A', 'B', 'C', 'D'], dtype=object)}",A,د ښکار یوه بیلګه څه ده؟,"{""label"": [""A"", ""B"", ""C"", ""D""], ""text"": [""انسانان یو حیوان ته نیزه وغورځوي"", ""انسانان د حیوان پخې غوښې خوري"", ""انسانان حیوانات په دروازه کې راټول کوي"", ""انسانان له ونې میوه غوڅوي""]}"
1297,Which of these has shape that changes depending on the container which it resides within?,"{'text': array(['paper', 'wood', 'stone', 'orange juice'], dtype=object), 'label': array(['A', 'B', 'C', 'D'], dtype=object)}",D,د کوم شي شکل د لوښي له مخې بدلیږي چې پکې ځای شوی وي؟,"{""label"": [""A"", ""B"", ""C"", ""D""], ""text"": [""کاغذ"", ""لرګی"", ""ډبره"", ""د نارنج اوبه""]}"
8-346,What would be the flavor if you ate the item that fell and is thought to have hit Sir Issac Newton's head,"{'text': array(['Sweet', 'Salty', 'bitter', 'sour'], dtype=object), 'label': array(['A', 'B', 'C', 'D'], dtype=object)}",A,که تاسو هغه شی وخورئ چې ویل کیږي سر آیزک نیوټن ته ولوید، خوند به یې څنګه وي؟,"{""label"": [""A"", ""B"", ""C"", ""D""], ""text"": [""خوږ"", ""مالګین"", ""تریخ"", ""ترش""]}"
7-807,Earth's four layers are comprised mainly of,"{'text': array(['stone', 'bacteria', 'water', 'air'], dtype=object), 'label': array(['A', 'B', 'C', 'D'], dtype=object)}",A,د ځمکې څلور طبقې اصلي ترکیب څه دی؟,"{""label"": [""A"", ""B"", ""C"", ""D""], ""text"": [""ډبره"", ""باکتریا"", ""اوبه"", ""هوا""]}"
8-463,"if coffee sits in the fridge and loses its liquid form, what is that point known as?","{'text': array(['the freezing point', 'the prime point', 'the boiling point',
       'the melting point'], dtype=object), 'label': array(['A', 'B', 'C', 'D'], dtype=object)}",A,که چیرې قهوه په فریج کې پاتې شي او خپل مایع شکل له لاسه ورکړي، دا ټکی د څه په نوم یادیږي؟,"{""label"": [""A"", ""B"", ""C"", ""D""], ""text"": [""د یخولو ټکی"", ""لومړنی ټکی"", ""د ایشیدو ټکی"", ""د ویلیدو ټکی""]}"
9-110,Mammals give birth to live,"{'text': array(['children', 'birds', 'fish', 'insects'], dtype=object), 'label': array(['A', 'B', 'C', 'D'], dtype=object)}",A,ثدییات ژوندیو ته زیږون ورکوي,"{""label"": [""A"", ""B"", ""C"", ""D""], ""text"": [""بچي"", ""مرغان"", ""ماهیان"", ""حشرات""]}"
1611,"If a battery in an electromagnet is active, then what will happen to a nail in that electromagnet?","{'text': array(['it loses its magnetization', 'it loses its charge',
       'it may become magnetized', 'it gains a charge'], dtype=object), 'label': array(['A', 'B', 'C', 'D'], dtype=object)}",C,که چیرې په برقي مقناطیس کې بیټري فعاله وي، نو هغه مېخ ته به څه پیښ شي؟,"{""label"": [""A"", ""B"", ""C"", ""D""], ""text"": [""خپله مقناطیسي ځواک له لاسه ورکوي"", ""خپل چارج له لاسه ورکوي"", ""ممکن مقناطیسي شي"", ""چارج ترلاسه کوي""]}"
9-942,Which of these is a factor in the shape of a fern's seed?,"{'text': array(['luck', 'humans', 'gold', 'inheritance'], dtype=object), 'label': array(['A', 'B', 'C', 'D'], dtype=object)}",D,د فرن د تخم شکل کې کوم عامل رول لوبوي؟,"{""label"": [""A"", ""B"", ""C"", ""D""], ""text"": [""بخت"", ""انسانان"", ""سرو زر"", ""وراثت""]}"
9-1102,Which is recyclable?,"{'text': array(['An Elephant', 'A school notebook', 'A boat', 'A lake'],
      dtype=object), 'label': array(['A', 'B', 'C', 'D'], dtype=object)}",B,کوم ریسایکل کیدی شي؟,"{""label"": [""A"", ""B"", ""C"", ""D""], ""text"": [""یو فیل"", ""د ښوونځي کتابچه"", ""یوه کشتۍ"", ""یوه جهیل""]}"
9-774,"if the population in a habitat is on a steady decline, what condition is the habitat?","{'text': array(['it is a place to emigrate from', 'it is an ideal habitat',
       'it is an unsustainable habitat', 'it is a thriving abode'],
      dtype=object), 'label': array(['A', 'B', 'C', 'D'], dtype=object)}",C,که چیرې په یوه زیستځای کې آبادي په دوامداره توګه کمیږي، زیستځای په کومه حالت کې دی؟,"{""label"": [""A"", ""B"", ""C"", ""D""], ""text"": [""دا د کډوالۍ ځای دی"", ""دا غوره زیستځای دی"", ""دا ناپایدار زیستځای دی"", ""دا مخ پر ودې استوګنځای دی""]}"
8-333,A teacher wants to show how to combine two substances together. The two things that he can use in order to mix them completely are,"{'text': array(['water and soda', 'water and oil', 'sand and rocks',
       'salt and bark'], dtype=object), 'label': array(['A', 'B', 'C', 'D'], dtype=object)}",A,یو ښوونکی غواړي وښیي چې دوه مادې سره یوځای شي. هغه دوه شیان چې د بشپړ مخلوط لپاره کارول کیدی شي دا دي,"{""label"": [""A"", ""B"", ""C"", ""D""], ""text"": [""اوبه او سوډا"", ""اوبه او تیل"", ""شګه او ډبرې"", ""مالګه او پوستکی""]}"
9-573,Medicine is used to cure but can cause people to have allergic reactions such as,"{'text': array(['spider bites', 'vomiting', 'placebo effect', 'dance fever'],
      dtype=object), 'label': array(['A', 'B', 'C', 'D'], dtype=object)}",B,درمل د درملنې لپاره کارول کیږي مګر کولی شي خلکو ته الرجیک غبرګون ولري لکه,"{""label"": [""A"", ""B"", ""C"", ""D""], ""text"": [""د غنجرې چیچل"", ""قی کول"", ""پلاسیبو اغیز"", ""د نڅا تبه""]}"
1955,Lightning may lead to,"{'text': array(['damage to local foliage', 'rainbows across the sky',
       'growth of local flora', 'firefighters getting the night off'],
      dtype=object), 'label': array(['A', 'B', 'C', 'D'], dtype=object)}",A,بریښنا ممکن لامل شي,"{""label"": [""A"", ""B"", ""C"", ""D""], ""text"": [""سیمه ییزو بوټو ته زیان"", ""په آسمان کې شنه زنګ"", ""سیمه ییزو بوټو وده"", ""اورونشانان شپه رخصتي ترلاسه کړي""]}"
8-45,When would a nocturnal predator most likely hunt?,"{'text': array(['5 p.m.', '12 p.m.', '3 a.m.', '10 a.m.'], dtype=object), 'label': array(['A', 'B', 'C', 'D'], dtype=object)}",C,یو شپنی ښکاري به تر ټولو ډیر احتمال کله ښکار وکړي؟,"{""label"": [""A"", ""B"", ""C"", ""D""], ""text"": [""۵ بجې ماسپښین"", ""۱۲ بجې غرمه"", ""۳ بجې سهار"", ""۱۰ بجې سهار""]}"
9-674,Where water be located in its gas form?,"{'text': array(['inside a disc golf driver', 'inside of a brass pipe',
       'a mile up in the sky', 'inside a leather baseball'], dtype=object), 'label': array(['A', 'B', 'C', 'D'], dtype=object)}",C,اوبه د خپل ګاز حالت کې چیرته موندل کیدی شي؟,"{""label"": [""A"", ""B"", ""C"", ""D""], ""text"": [""د ډسک ګالف ډرایور دننه"", ""د پیتلو پایپ دننه"", ""یو میل آسمان ته پورته"", ""د څرمنې بیسبال دننه""]}"
898,Green parts of a life form absorb,"{'text': array(['carbon dioxide', 'light', 'oxygen', 'water'], dtype=object), 'label': array(['A', 'B', 'C', 'D'], dtype=object)}",B,د ژوندي موجود شنه برخې جذب کوي,"{""label"": [""A"", ""B"", ""C"", ""D""], ""text"": [""کاربن ډای اکسایډ"", ""رڼا"", ""آکسیجن"", ""اوبه""]}"
7-1159,If a new species of predator joins a community,"{'text': array(['the new species will become herbivores',
       'prey will experience an increase in population',
       'prey will experience a drop in population',
       'the old species will die out'], dtype=object), 'label': array(['A', 'B', 'C', 'D'], dtype=object)}",C,که چیرې د ښکاري نوې ډله ټولنې ته ورشي,"{""label"": [""A"", ""B"", ""C"", ""D""], ""text"": [""نوې ډله به بوټي خوړونکي شي"", ""ښکار به په شمیر کې ډیر شي"", ""ښکار به په شمیر کې کم شي"", ""زاړه ډله به ورک شي""]}"
568,Why would a perennial plant with an elongated stem a frequently used for lumber fall to the ground?,"{'text': array([""It's dead"", 'For water', 'For food', 'For sun'], dtype=object), 'label': array(['A', 'B', 'C', 'D'], dtype=object)}",A,ولې به یو دایمي بوټی چې اوږد ساقه لري او معمولاً د لرګي لپاره کارول کیږي ونړیږي؟,"{""label"": [""A"", ""B"", ""C"", ""D""], ""text"": [""مړ دی"", ""د اوبو لپاره"", ""د خوراک لپاره"", ""د لمر لپاره""]}"
9-877,I'm an animal with a white fur and a large fluffy tail that lives in arctic regions; what am I?,"{'text': array(['weasel', 'snow fox', 'wolf', 'polar bear'], dtype=object), 'label': array(['A', 'B', 'C', 'D'], dtype=object)}",B,زه یو حیوان یم چې سپینه وړۍ او لویه بوږنوسه لکۍ لرم او په قطبي سیمو کې اوسم؛ زه څوک یم؟,"{""label"": [""A"", ""B"", ""C"", ""D""], ""text"": [""راسو"", ""واښینه روباه"", ""لیوه"", ""قطبي ییږ""]}"
406,Dairy is a source of,"{'text': array(['a vitamin that prevents blood loss',
       'a vitamin that treats amino acid deficiency',
       'a group of fat-soluble secosteroids',
       'a vitamin that helps treat liver problems'], dtype=object), 'label': array(['A', 'B', 'C', 'D'], dtype=object)}",C,شیدې محصولات د دې سرچینه دي,"{""label"": [""A"", ""B"", ""C"", ""D""], ""text"": [""یو ویټامین چې د وینې تلف مخه نیسي"", ""یو ویټامین چې د امینو اسیدو کمښت درملنه کوي"", ""د غوړو محلول سیکوسټیرایډز ډله"", ""یو ویټامین چې د ینې ستونزو درملنه کوي""]}"
7-1132,"Atomic 26 is drawn to a device, it could be","{'text': array(['magnetized', 'Na', 'compass', 'K'], dtype=object), 'label': array(['A', 'B', 'C', 'D'], dtype=object)}",A,اتومي ۲۶ یوه وسیلې ته راکشل کیږي، دا ممکن وي,"{""label"": [""A"", ""B"", ""C"", ""D""], ""text"": [""مقناطیسي شوی"", ""Na"", ""قطب نما"", ""K""]}"
7-479,why do tadpoles change into frogs?,"{'text': array(['tadpoles change to different animals',
       'tadpoles are really just fish',
       'they are young frogs still growing', 'none of these'],
      dtype=object), 'label': array(['A', 'B', 'C', 'D'], dtype=object)}",C,ولې چورغوټي بیدکانو ته بدلیږي؟,"{""label"": [""A"", ""B"", ""C"", ""D""], ""text"": [""چورغوټي بیلو حیواناتو ته بدلیږي"", ""چورغوټي اصلاً ماهیان دي"", ""دوی ځوان بیدکان دي چې لا وده کوي"", ""له دې څخه هیڅ یو نه""]}"
609,What do cows eat?,"{'text': array(['Chickpeas', 'Chocolate', 'Steak', 'Poultry'], dtype=object), 'label': array(['A', 'B', 'C', 'D'], dtype=object)}",A,غوایان څه خوري؟,"{""label"": [""A"", ""B"", ""C"", ""D""], ""text"": [""نخود"", ""چاکلیټ"", ""سټیک"", ""مرغان""]}"
1568,Which object conducts electricity?,"{'text': array(['Window', ""Rubik's Cube"", 'Ship Anchor', 'Boulder'], dtype=object), 'label': array(['A', 'B', 'C', 'D'], dtype=object)}",C,کوم شی بریښنا تیروي؟,"{""label"": [""A"", ""B"", ""C"", ""D""], ""text"": [""کړکۍ"", ""روبیکس کیوب"", ""د کشتۍ لنګر"", ""لویه ډبره""]}"
9-418,Glucose travels,"{'text': array(['from roots to leaves of a daffodil',
       ""from a rose's leaves to the atmosphere"",
       ""from a daisy's leaves into it's underground support system"",
       ""from the sun to a sunflower's buds""], dtype=object), 'label': array(['A', 'B', 'C', 'D'], dtype=object)}",C,ګلوکوز سفر کوي,"{""label"": [""A"", ""B"", ""C"", ""D""], ""text"": [""د نرګس ریښو څخه پاڼو ته"", ""د ګلاب پاڼو څخه فضا ته"", ""د ګلمرغۍ پاڼو څخه ځمکنیو ملاتړي سیسټم ته"", ""له لمر څخه د ګل مرغۍ غوټیو ته""]}"
7-1050,Evaporation,"{'text': array(['only happens in the summer',
       ""is like nature's disappearing water trick"", 'is caused by snow',
       'involves the disappearance of sunlight'], dtype=object), 'label': array(['A', 'B', 'C', 'D'], dtype=object)}",B,تبخیر,"{""label"": [""A"", ""B"", ""C"", ""D""], ""text"": [""یوازې په اوړي کې پیښیږي"", ""د طبیعت د اوبو ورکیدو چال ته ورته دی"", ""د واورې له امله رامنځته کیږي"", ""د لمر رڼا ورکیدل شامل دي""]}"
9-510,"In order for crops to grow food safely, pesticides are used on them. When it floods, this causes t he what to be poisonous?","{'text': array(['air', 'Corn', 'Runoff', 'farmers'], dtype=object), 'label': array(['A', 'B', 'C', 'D'], dtype=object)}",C,د فصلونو خوندي ودې لپاره، کیمیاوي درمل کارول کیږي. کله چې سیلاب شي، دا لامل کیږي چې څه زهري شي؟,"{""label"": [""A"", ""B"", ""C"", ""D""], ""text"": [""هوا"", ""جوار"", ""بهیدنه"", ""کروندګر""]}"
9-519,The boy was able to warm the fireplace without a lighter thanks to what?,"{'text': array(['friction', 'metal', 'wishing', 'magic'], dtype=object), 'label': array(['A', 'B', 'C', 'D'], dtype=object)}",A,هلک د لایټر پرته اور بلولی شو. دا د څه له امله وو؟,"{""label"": [""A"", ""B"", ""C"", ""D""], ""text"": [""رخونه"", ""فلز"", ""آرزو"", ""جادو""]}"
9-637,Where would a duck like to live?,"{'text': array(['the Sahara', 'Antarctica', 'the Appalachian mountains',
       'Death Valley'], dtype=object), 'label': array(['A', 'B', 'C', 'D'], dtype=object)}",C,مرغابۍ چیرته اوسیدل خوښوي؟,"{""label"": [""A"", ""B"", ""C"", ""D""], ""text"": [""صحرا"", ""انټارکټیکا"", ""اپالاچین غرونه"", ""ډیت ویلي""]}"
473,What do tuna eat?,"{'text': array(['Atlantic menhaden', 'Swedish fish', 'gummy fish', 'laminariales'],
      dtype=object), 'label': array(['A', 'B', 'C', 'D'], dtype=object)}",A,ټونا ماهي څه خوري؟,"{""label"": [""A"", ""B"", ""C"", ""D""], ""text"": [""اتلانتیک منهاډن"", ""سویډش مصنوعي ماهي"", ""ګمي ماهي"", ""لامیناریالس""]}"
8-445,"A woman notices that she is depressed every autumn, and wonders why. A friend suggests to her that perhaps certain changes that take place as seasons move from warm to cold may be having an effect on her. When pressed for an example of these changes, the friend cites","{'text': array(['flowers blooming', 'grass turning brown', 'trees growing',
       'blossoms blooming'], dtype=object), 'label': array(['A', 'B', 'C', 'D'], dtype=object)}",B,یوه ښځه ګوري چې هره منی خپه کیږي. ملګرې ورته وایي چې کېدای شي د موسم بدلون اغیز ولري. کله چې بیلګه ترې وغواړي، ملګرې وایي,"{""label"": [""A"", ""B"", ""C"", ""D""], ""text"": [""ګلونه خلاصیږي"", ""واښه نسواري کیږي"", ""ونې وده کوي"", ""ګلان خلاصیږي""]}"
9-575,is it normal for an adult animal to lay eggs?,"{'text': array(['it has never happened', 'yes it is standard',
       'it is abnormal and weird', 'all of these'], dtype=object), 'label': array(['A', 'B', 'C', 'D'], dtype=object)}",B,ایا دا نورمال دی چې بالغ حیوان هګۍ واچوي؟,"{""label"": [""A"", ""B"", ""C"", ""D""], ""text"": [""هیڅکله نه دی شوی"", ""هو، دا معمول دی"", ""دا غیرمعمول او عجیب دی"", ""دا ټول""]}"
7-284,If your dog is overweight,"{'text': array(['add more fat to their diet', 'cut back their caloric intake',
       'let them sleep more', 'increase their caloric intake'],
      dtype=object), 'label': array(['A', 'B', 'C', 'D'], dtype=object)}",B,که ستاسو سپی ډیر وزن لري,"{""label"": [""A"", ""B"", ""C"", ""D""], ""text"": [""خوراک ته نور غوړ ورزیات کړئ"", ""د کالوریو مقدار کم کړئ"", ""پریږدئ چې نور خوب وکړي"", ""د کالوریو مقدار زیات کړئ""]}"
8-135,Eyes allow humans,"{'text': array(['to detect when a traffic light changes',
       'detect sour flavors in candy', 'hear music at concerts',
       'detect acrid odors in the air'], dtype=object), 'label': array(['A', 'B', 'C', 'D'], dtype=object)}",A,سترګې انسانانو ته اجازه ورکوي,"{""label"": [""A"", ""B"", ""C"", ""D""], ""text"": [""پوه شي کله چې ترافیک لایټ بدلیږي"", ""په مېوو کې ترش خوندونه ومومي"", ""په کنسرتونو کې موسیقي واوري"", ""په هوا کې تریخ بوی ومومي""]}"
397,Organisms covered by layers of sediment,"{'text': array(['become fossils over night', 'may end up reanimated over time',
       'develop characteristics for survival', 'may end up fueling a car'],
      dtype=object), 'label': array(['A', 'B', 'C', 'D'], dtype=object)}",D,هغه ژوي چې د رسوبي طبقو لاندې پوښل شوي,"{""label"": [""A"", ""B"", ""C"", ""D""], ""text"": [""شپه ته فوسیل کیږي"", ""ممکن د وخت په تیریدو بیا ژوندي شي"", ""د بقا لپاره ځانګړتیاوې ترلاسه کوي"", ""ممکن د موټر د سوخت لامل شي""]}"
9-32,The winter solstice is on December 21st in the,"{'text': array(['counties', 'north of equator', 'states', 'southern hemisphere'],
      dtype=object), 'label': array(['A', 'B', 'C', 'D'], dtype=object)}",B,د ژمي انقلاب د دسمبر په ۲۱مه ده په,"{""label"": [""A"", ""B"", ""C"", ""D""], ""text"": [""ولسوالیو"", ""د استوا شمال"", ""ایالتونو"", ""سویل نیمکره""]}"
48,A lake environment is a good setup for what to happen to organic remains?,"{'text': array(['bleaching', 'burning', 'fossilization', 'drying'], dtype=object), 'label': array(['A', 'B', 'C', 'D'], dtype=object)}",C,د جهيل چاپیریال د عضوي پاتې شونو لپاره څه پیښیدو لپاره ښه ځای دی؟,"{""label"": [""A"", ""B"", ""C"", ""D""], ""text"": [""رنګ بدلول"", ""سوځول"", ""فossilization"", ""خشکیدل""]}"
8-69,were there fossil fuels in the ground when humans evolved?,"{'text': array(['this was only created by humans',
       'humans predate fossil fuel formation',
       'significant supplies accumulated prior', 'none of these'],
      dtype=object), 'label': array(['A', 'B', 'C', 'D'], dtype=object)}",C,کله چې انسانان وده وکړه، آیا په ځمکه کې فossil fuels موجود وو؟,"{""label"": [""A"", ""B"", ""C"", ""D""], ""text"": [""دا یوازې د انسانانو لخوا جوړ شوی و"", ""انسانان د فossil fuels د جوړیدو نه مخکې موجود وو"", ""مهمې زیرې مخکې جمع شوې وې"", ""هیڅ یو""]}"
9-159,"The Grand Canyon is massive, with large, high peaks and very deep lows, which was formed when","{'text': array(['some water is around it', 'water rained on it',
       'natural waters weathered it', 'a pool was opened'], dtype=object), 'label': array(['A', 'B', 'C', 'D'], dtype=object)}",C,د ګرانډ کینین لوی دی، د لوړ او لوړ قله ګانو سره او ډیر ژور ټیټوالی لري، چې کله جوړ شو؟,"{""label"": [""A"", ""B"", ""C"", ""D""], ""text"": [""کله چې شاوخوا یې ځینې اوبه وې"", ""کله چې اوبو پرې باران وکړ"", ""طبیعي اوبو دې خراب کړل"", ""کله چې یوه حوض پرانستل شو""]}"
9-317,What type of useful product can be made from the moving winds?,"{'text': array(['wood', 'bananas', 'electricity', 'metal'], dtype=object), 'label': array(['A', 'B', 'C', 'D'], dtype=object)}",C,د خوځیدونکو بادونو څخه کوم ډول ګټور محصول جوړیدلی شي؟,"{""label"": [""A"", ""B"", ""C"", ""D""], ""text"": [""چوب"", ""کیلې"", ""برق"", ""فلز""]}"
423,The sides of the canyon are,"{'text': array(['metal', 'water', 'rivers', 'stone'], dtype=object), 'label': array(['A', 'B', 'C', 'D'], dtype=object)}",D,د کینین غاړې څه دي؟,"{""label"": [""A"", ""B"", ""C"", ""D""], ""text"": [""فلز"", ""اوبه"", ""سیندونه"", ""ډبره""]}"
8-304,which of these people would have the worst air quality at their residence?,"{'text': array(['a man who lives next to a landfill',
       'a man who lives in a city with the best air quality',
       'none of these', 'a man who lives in a great suburb'], dtype=object), 'label': array(['A', 'B', 'C', 'D'], dtype=object)}",A,د دې خلکو څخه کوم یو به په خپل استوګنځي کې تر ټولو بد هوا ولري؟,"{""label"": [""A"", ""B"", ""C"", ""D""], ""text"": [""یو سړی چې د کثافاتو د ځای سره نږدې ژوند کوي"", ""یو سړی چې په ښار کې د غوره هوا کیفیت لري"", ""هیڅ یو"", ""یو سړی چې په یوه ښه حومه کې ژوند کوي""]}"
785,What is a stopwatch used for?,"{'text': array(['to rewind 5 minutes',
       'to tell what will happen 5 minutes from now', 'to voice the time',
       'to measure minutes and hours'], dtype=object), 'label': array(['A', 'B', 'C', 'D'], dtype=object)}",D,د ديدلو ګڼۍ د څه لپاره کارول کیږي؟,"{""label"": [""A"", ""B"", ""C"", ""D""], ""text"": [""پنځه دقیقې شاته راوړل"", ""د دې لپاره چې ووایي پنځه دقیقې وروسته څه پیښیږي"", ""د وخت ویلو لپاره"", ""د دقیقو او ساعتونو اندازه کولو لپاره""]}"
9-1087,As a drought worsens the level at an aquifer will,"{'text': array(['stay the same', 'fluctuate wildly', 'decrease', 'increase'],
      dtype=object), 'label': array(['A', 'B', 'C', 'D'], dtype=object)}",C,کله چې وچکالي زیاتیږي، د اوبو زیرمې سطحه به څه وکړي؟,"{""label"": [""A"", ""B"", ""C"", ""D""], ""text"": [""هماغه پاتې شي"", ""ډیر بدلون وکړي"", ""کموالی"", ""زیاتوالی""]}"
485,Wind frequently helps transport from one place to another,"{'text': array(['marble statues', 'molten magma', 'subterranean termites',
       'exposed topsoil'], dtype=object), 'label': array(['A', 'B', 'C', 'D'], dtype=object)}",D,باد اکثره د یوې ځای نه بلې ته د انتقال کې مرسته کوي,"{""label"": [""A"", ""B"", ""C"", ""D""], ""text"": [""ماربل مجسمې"", ""ذوب شوي ماګما"", ""زیرمینې ترمیتونه"", ""مخکې ښکاره خاورې""]}"
9-908,When a kid slams on the brakes on their bike what is caused?,"{'text': array(['bike helmet', 'avoiding accidents', 'friction', 'gearing'],
      dtype=object), 'label': array(['A', 'B', 'C', 'D'], dtype=object)}",C,کله چې یوه ماشوم د خپل بایسکل بریکونه ټینګ کړي، څه پیښیږي؟,"{""label"": [""A"", ""B"", ""C"", ""D""], ""text"": [""د بایسکل خولۍ"", ""د پیښو مخنیوی"", ""مالش"", ""ګیرنګ""]}"
1231,Sources of spices have,"{'text': array(['crystals', 'feathers', 'cell walls', 'craters'], dtype=object), 'label': array(['A', 'B', 'C', 'D'], dtype=object)}",C,د مسالو سرچینې لري,"{""label"": [""A"", ""B"", ""C"", ""D""], ""text"": [""کرسټالونه"", ""پرښتې"", ""سلول دیوالونه"", ""کریټرونه""]}"
810,Conservation,"{'text': array(['leads to longer drought of resources',
       'leads to longer availability of resources',
       'leads to more consumption', 'leads to short supply of resources'],
      dtype=object), 'label': array(['A', 'B', 'C', 'D'], dtype=object)}",B,ساتنه,"{""label"": [""A"", ""B"", ""C"", ""D""], ""text"": [""د سرچینو د اوږدې وچکالۍ لامل کیږي"", ""د سرچینو د اوږدې موجودیت لامل کیږي"", ""د مصرف زیاتوالی لامل کیږي"", ""د سرچینو د لنډې عرضې لامل کیږي""]}"
158,A tree is not the habitat of a,"{'text': array(['squirrel', 'woodpecker', 'monkey', 'lion'], dtype=object), 'label': array(['A', 'B', 'C', 'D'], dtype=object)}",D,یو ونې د,"{""label"": [""A"", ""B"", ""C"", ""D""], ""text"": [""سکویرل"", ""چکچکې"", ""میمون"", ""شیر""]}"
7-445,Erosion could lead to,"{'text': array(['a change in the direction of a stream',
       'a change in ocean temperatures', 'an increase in rainy weather',
       'an increase in plants and animals'], dtype=object), 'label': array(['A', 'B', 'C', 'D'], dtype=object)}",A,ایروژن کولی شي لامل شي,"{""label"": [""A"", ""B"", ""C"", ""D""], ""text"": [""د یوه سیند د لاري بدلون"", ""د سمندر د تودوخې بدلون"", ""د باران د موسم زیاتوالی"", ""د نباتاتو او حیواناتو زیاتوالی""]}"
1502,A hemisphere experiences summer when,"{'text': array([""it's tilted towards Jupiter"", ""it's angled towards the moon"",
       ""it's angled towards the largest star in the solar system"",
       ""it spins counter clockwise on Earth's axis""], dtype=object), 'label': array(['A', 'B', 'C', 'D'], dtype=object)}",C,یو نیمه کره د دوبي تجربه کوي کله چې,"{""label"": [""A"", ""B"", ""C"", ""D""], ""text"": [""دا د مشتری په لور مایل دی"", ""دا د سپوږمۍ په لور مایل دی"", ""دا د لمر نظام تر ټولو لوی ستوري په لور مایل دی"", ""دا د ځمکې د محور په خلاف ګرځي""]}"
1200,What date is the amount of daylight minimized,"{'text': array(['Jul 4th', 'Feb 29th', 'May 3rd', 'Sep 1st'], dtype=object), 'label': array(['A', 'B', 'C', 'D'], dtype=object)}",B,کومه نیټه د رڼا وخت کمېږي,"{""label"": [""A"", ""B"", ""C"", ""D""], ""text"": [""د جولای ۴"", ""د فبرورۍ ۲۹"", ""د می ۳"", ""د سپتمبر ۱""]}"
437,Which term is involved with protection by skin?,"{'text': array(['Eucerin pH5 range', 'Sagittal plane', 'pyogenic vibrio',
       'popliteus'], dtype=object), 'label': array(['A', 'B', 'C', 'D'], dtype=object)}",A,کوم اصطلاح د پوستکي د ساتنې سره تړاو لري؟,"{""label"": [""A"", ""B"", ""C"", ""D""], ""text"": [""Eucerin pH5 لړۍ"", ""Sagittal plane"", ""pyogenic vibrio"", ""popliteus""]}"
8-205,The reason Earth is so sturdy is because,"{'text': array(['It is made from rock', 'It eats three meals a day',
       'It has a loving family', 'It is made from metal'], dtype=object), 'label': array(['A', 'B', 'C', 'D'], dtype=object)}",A,د ځمکې د قوي کیدو دلیل دا دی چې,"{""label"": [""A"", ""B"", ""C"", ""D""], ""text"": [""دا له ډبرو جوړ شوی"", ""دا درې وعدې په ورځ کې خوري"", ""دا یوه مینه ناکه کورنۍ لري"", ""دا له فلز څخه جوړ شوی""]}"
9-270,A plant left in the dark,"{'text': array(['produces fruit', 'grows faster', 'fails to grow', 'gets greener'],
      dtype=object), 'label': array(['A', 'B', 'C', 'D'], dtype=object)}",C,یو نبات چې په تیاره کې پریښودل شوی,"{""label"": [""A"", ""B"", ""C"", ""D""], ""text"": [""ميوه تولیدوي"", ""چټک وده کوي"", ""د ودې ناکامي لري"", ""زرغون کیږي""]}"
8-130,"A boy wants to use his Walkman so that he can listen to some music. When he tries to turn it on, it us unable to, and the boy realizes that he will need","{'text': array(['heat', 'metal', 'lithium-ion', 'plastic'], dtype=object), 'label': array(['A', 'B', 'C', 'D'], dtype=object)}",C,یو هلک غواړي خپل واکمن وکاروي تر څو چې موسیقي واوري. کله چې هغه هڅه کوي چې دا چالان کړي، دا نشي چالانیدلی، او هلک پوهیږي چې هغه ته اړتیا لري,"{""label"": [""A"", ""B"", ""C"", ""D""], ""text"": [""تودوخه"", ""فلز"", ""لیتیم آئن"", ""پلاستیک""]}"
229,Nuclear activity is the cause of what celestial occurrence?,"{'text': array(['axial planetary rotation', 'comets', 'planetary formation',
       ""the sun's rays""], dtype=object), 'label': array(['A', 'B', 'C', 'D'], dtype=object)}",D,اتومي فعالیت د کوم آسماني پیښې لامل دی؟,"{""label"": [""A"", ""B"", ""C"", ""D""], ""text"": [""محوري سیاروي دوران"", ""د ستورو"", ""د سیارو جوړښت"", ""د لمر شعاعونه""]}"
9-390,Which source provides the safest water?,"{'text': array(['River', 'Sea', 'Ocean', 'Rain'], dtype=object), 'label': array(['A', 'B', 'C', 'D'], dtype=object)}",D,کومه سرچینه تر ټولو خوندوره ؤبه برابروي؟,"{""label"": [""A"", ""B"", ""C"", ""D""], ""text"": [""سیند"", ""سمندر"", ""اقیانوس"", ""باران""]}"
8-107,"A rabbit has a litter of bunnies! Most of the babies are white, just like the mother rabbit, but one baby has brown spots, like the father rabbit. The father rabbit","{'text': array(['spread out some fur', 'has black on his ears',
       'passed down inherited characteristics',
       'is the same size as the mother'], dtype=object), 'label': array(['A', 'B', 'C', 'D'], dtype=object)}",C,یو سوي او سويانو یوه ډله لري! د بچیانو اکثریت سپین دی، لکه د مور خرگوش، مګر یو بچی د پلار خرگوش په څیر قهوه ای داغونه لري. د پلار خرگوش,"{""label"": [""A"", ""B"", ""C"", ""D""], ""text"": [""یو څه پشم خپور کړ"", ""په غوږونو کې یې توره رنګ لري"", ""وراثتي ځانګړتیاوې یې انتقال کړې"", ""د مور په اندازه دی""]}"
7-527,Photosynthesis means plants are unable to,"{'text': array(['convert sunlight to sand', 'provide food sources for others',
       'be producers in an ecosystem', 'make their own food'],
      dtype=object), 'label': array(['A', 'B', 'C', 'D'], dtype=object)}",A,د فوتوسنتز معنی دا ده چې نباتات نشي کولی,"{""label"": [""A"", ""B"", ""C"", ""D""], ""text"": [""د لمر رڼا شګه ته واړوي"", ""د نورو لپاره د خوړو سرچینې برابرې کړي"", ""په ایکوسیستم کې تولیدونکي وي"", ""خپل خواړه جوړ کړي""]}"
7-333,"Through DNA, a rabbit will have long ears if","{'text': array(['rabbits are born with ears', 'there was a lot of food',
       'genetic contributors had long ears', 'parents were also rabbits'],
      dtype=object), 'label': array(['A', 'B', 'C', 'D'], dtype=object)}",C,د DNA له لارې، یو سوي اوږده غوږونه لري که چیرې,"{""label"": [""A"", ""B"", ""C"", ""D""], ""text"": [""خرگوشان د غوږونو سره زېږیدلي"", ""ډیر خواړه موجود وو"", ""جنیټیک مرسته کوونکي اوږده غوږونه درلودل"", ""مور او پلار هم خرگوشان وو""]}"
9-44,"There are various creatures that live in forests, such as","{'text': array(['giant fish', 'enormous crabs', 'whitetails', 'desert jackals'],
      dtype=object), 'label': array(['A', 'B', 'C', 'D'], dtype=object)}",C,په ځنګلونو کې مختلف مخلوقات ژوند کوي، لکه,"{""label"": [""A"", ""B"", ""C"", ""D""], ""text"": [""غټ ماهیان"", ""لوی کربونه"", ""سفید وزرونه"", ""د بیابان جکالونه""]}"
7-160,An octopus protects itself with,"{'text': array(['water splashing', 'running fast', 'long hands',
       'pigment squirting'], dtype=object), 'label': array(['A', 'B', 'C', 'D'], dtype=object)}",D,یو آکتوپس د ځان ساتنه کوي,"{""label"": [""A"", ""B"", ""C"", ""D""], ""text"": [""د اوبو سپرې"", ""چټک منډه"", ""اوږدې لاسونه"", ""رنګ د سپرې کولو""]}"
1942,Resources decreasing in an environment,"{'text': array(['induces organisms to use more of their resources',
       'causes an increase in use of resources',
       'causes an uptick in birthrate',
       'induces organisms to be more economical with resources'],
      dtype=object), 'label': array(['A', 'B', 'C', 'D'], dtype=object)}",D,په یوه چاپیریال کې د سرچینو کموالی,"{""label"": [""A"", ""B"", ""C"", ""D""], ""text"": [""مخلوقات هڅوي چې د خپلو سرچینو څخه ډیر استفاده وکړي"", ""د سرچینو د کارونې زیاتوالی رامنځته کوي"", ""د زېږون کچه لوړه کوي"", ""مخلوقات هڅوي چې د سرچینو سره ډیر اقتصادي وي""]}"
9-597,The sidewalk next to a house having a crack in it and having vegetation growing from it is considered?,"{'text': array(['insects', 'weathering', 'lava', 'erosion'], dtype=object), 'label': array(['A', 'B', 'C', 'D'], dtype=object)}",B,د یوې کور څنګ ته د پیښو درز لرونکی پیاده رو چې نباتات پکې وده کوي، څه ګڼل کیږي؟,"{""label"": [""A"", ""B"", ""C"", ""D""], ""text"": [""حشرې"", ""هوايي اغیزې"", ""لاوا"", ""ایروژن""]}"
9-35,"If you wanted to make a necklace, how long would you have to wait for the materials to appear inside the Earth?","{'text': array(['millions of years', '1 day', '10 days', '100 days'], dtype=object), 'label': array(['A', 'B', 'C', 'D'], dtype=object)}",A,که تاسو غواړئ چې یوه زنجیر جوړه کړئ، د موادو د ځمکې په دننه کې د څرګندیدو لپاره څومره وخت انتظار وکړئ؟,"{""label"": [""A"", ""B"", ""C"", ""D""], ""text"": [""میلیونونه کلونه"", ""1 ورځ"", ""10 ورځې"", ""100 ورځې""]}"
1161,Moon phases,"{'text': array(['change the moon into cheese',
       ""alter the way the moon's facade looks"",
       'change moon lakes into vapor', 'cause lunar eclipse every day'],
      dtype=object), 'label': array(['A', 'B', 'C', 'D'], dtype=object)}",B,د سپوږمۍ پړاوونه,"{""label"": [""A"", ""B"", ""C"", ""D""], ""text"": [""سپوږمۍ پنیر ته بدلول"", ""د سپوږمۍ ظاهري بڼه بدلول"", ""سپوږمۍ د جهيلونو بخار ته بدلول"", ""هره ورځ د سپوږمۍ خسوف رامنځته کول""]}"
7-171,"If hot water were poured on an arm, what would happen to internal organs?","{'text': array(['they would be scalded', 'organs would remain uneffected',
       'they would begin to decay', 'they would experience pain'],
      dtype=object), 'label': array(['A', 'B', 'C', 'D'], dtype=object)}",B,که چېرې ګرمه اوبه په یوه لاس وپاشل شي، داخلي اعضا به څه شي ته ورسیږي؟,"{""label"": [""A"", ""B"", ""C"", ""D""], ""text"": [""د سوځیدو سره مخ کیږي"", ""اعضا به بې اغیزه پاتې شي"", ""د خرابیدو پیل به وکړي"", ""د درد احساس به وکړي""]}"
1139,Barnyard bovines,"{'text': array(['eat organic chicken', 'eat eggs', 'eat beef', 'eat alfalfa hay'],
      dtype=object), 'label': array(['A', 'B', 'C', 'D'], dtype=object)}",D,د فارم د څارویو,"{""label"": [""A"", ""B"", ""C"", ""D""], ""text"": [""اورګانیک چرګان خوري"", ""هګۍ خوري"", ""غوشت خوري"", ""الفالفا کاه خوري""]}"
1924,Desert environments features,"{'text': array(['tropical plants', 'tons of sun', 'massive rain totals',
       'icy precipitation'], dtype=object), 'label': array(['A', 'B', 'C', 'D'], dtype=object)}",B,د بیابان چاپیریال ځانګړتیاوې,"{""label"": [""A"", ""B"", ""C"", ""D""], ""text"": [""استوایی بوټې"", ""ډیر لمر"", ""لوی باران"", ""یخ باران""]}"
9-440,"a large cluster of humans, dogs, apple trees, atmosphere and more can be called","{'text': array(['army of ants', 'a community', 'a toy store', 'a shopping mall'],
      dtype=object), 'label': array(['A', 'B', 'C', 'D'], dtype=object)}",B,د انسانانو، سپو، سیب ونو، فضا او نورو لویه ډله څه بلل کیږي؟,"{""label"": [""A"", ""B"", ""C"", ""D""], ""text"": [""د مچیو پوځ"", ""یو ټولنه"", ""یو د لوبو پلورنځی"", ""یو سوداګریز مرکز""]}"
9-528,"A person is considering various organs, and is looking at which ones will be most muscular. A contender for most muscular is","{'text': array(['the lungs', 'the kidney', 'the heart', 'the liver'], dtype=object), 'label': array(['A', 'B', 'C', 'D'], dtype=object)}",C,یو شخص مختلفې اعضا په پام کې نیسي، او ګوري چې کومې به تر ټولو عضلاتي وي. د تر ټولو عضلاتي لپاره یوه کاندید ده,"{""label"": [""A"", ""B"", ""C"", ""D""], ""text"": [""سږې"", ""کلیه"", ""زړه"", ""جګر""]}"
170,Which pair don't reproduce the same way?,"{'text': array(['rabbit and hare', 'mule and hinny', 'cat and catfish',
       'caterpillar and butterfly'], dtype=object), 'label': array(['A', 'B', 'C', 'D'], dtype=object)}",C,کومه جوړه په یوه شان نه تولیدیږي؟,"{""label"": [""A"", ""B"", ""C"", ""D""], ""text"": [""خرگوش او هیر"", ""موله او هیني"", ""پیشو او پیشو مچھلی"", ""کټرپیلر او پروانه""]}"
395,Which of the following is warm blooded?,"{'text': array(['toad', 'snake', 'turtle', 'skunk'], dtype=object), 'label': array(['A', 'B', 'C', 'D'], dtype=object)}",D,لاندې څخه کوم یو ګرمه وینه لري؟,"{""label"": [""A"", ""B"", ""C"", ""D""], ""text"": [""توپک"", ""مار"", ""تیر"", ""سکونک""]}"
9-633,"A male bird spots a female of his species and begins a fancy dance, flashing his bright feathers around in the air, showing off. This male is attempting to procure","{'text': array(['a manager', 'an agent', 'a meal', 'a reproductive companion'],
      dtype=object), 'label': array(['A', 'B', 'C', 'D'], dtype=object)}",D,یو نر مرغۍ د خپلې نوعې یوه ښځه ویني او یو ښکلی رقص پیلوي، خپل روښانه پرمخونه په هوا کې ښودل، د ځان ښودلو لپاره. دا نر د ترلاسه کولو هڅه کوي,"{""label"": [""A"", ""B"", ""C"", ""D""], ""text"": [""یو مدیر"", ""یو استازی"", ""یو خواړه"", ""یو تولیدي ملګری""]}"
9-504,Vast quantities of metal can be obtained from,"{'text': array(['a quarry', 'concerts', 'forests', 'salt'], dtype=object), 'label': array(['A', 'B', 'C', 'D'], dtype=object)}",A,د فلزاتو پراخ مقدار له کوم ځای څخه ترلاسه کیدی شي؟,"{""label"": [""A"", ""B"", ""C"", ""D""], ""text"": [""یو کان"", ""کنسرټونه"", ""جنگلونه"", ""مالګه""]}"
8-192,Roasting a turkey requires adding what type of energy,"{'text': array(['Heat', 'Kinetic', 'Magnetic', 'Chemical'], dtype=object), 'label': array(['A', 'B', 'C', 'D'], dtype=object)}",A,د مرغۍ پخولو لپاره کوم ډول انرژي ته اړتیا ده,"{""label"": [""A"", ""B"", ""C"", ""D""], ""text"": [""تودوخه"", ""حرکتي"", ""مقناطیسي"", ""کیمیاوي""]}"
7-1108,Dry environments often,"{'text': array(['liberally use water for everything', 'allow plants to flourish',
       'require people to move', 'institute rules about water usage'],
      dtype=object), 'label': array(['A', 'B', 'C', 'D'], dtype=object)}",D,وچ چاپیریالونه اکثرا,"{""label"": [""A"", ""B"", ""C"", ""D""], ""text"": [""اوبه په هر شي کې آزادانه کاروي"", ""بوټو ته د ودې اجازه ورکوي"", ""خلکو ته اړ باسي چې کوچ وکړي"", ""د اوبو کارولو قوانین جوړوي""]}"
7-852,Phloem moves things around a plant similar to how,"{'text': array(['blood moves in a body', 'leaves move in the wind',
       'water moves in a system', 'cars move on a street'], dtype=object), 'label': array(['A', 'B', 'C', 'D'], dtype=object)}",A,فلویم په بوټو کې مواد لیږدوي لکه څنګه چې,"{""label"": [""A"", ""B"", ""C"", ""D""], ""text"": [""وینه په بدن کې حرکت کوي"", ""پاڼې په باد کې حرکت کوي"", ""اوبه په سیسټم کې حرکت کوي"", ""موټرونه په کوڅه کې حرکت کوي""]}"
761,Where would a polar bear be most comfortable?,"{'text': array(['Arizona', 'Georgia', 'Florida', 'Nebraska'], dtype=object), 'label': array(['A', 'B', 'C', 'D'], dtype=object)}",D,قطبي ییږ به چیرته ډیر آرام وي,"{""label"": [""A"", ""B"", ""C"", ""D""], ""text"": [""اریزونا"", ""جورجیا"", ""فلوریډا"", ""نبراسکا""]}"
8-318,"When a plane is in the sky and is several miles away, the light seen is barely visible, but when it is drawing near","{'text': array(['light is far away', 'light is more easily seen',
       'light is more distant', 'light is further away'], dtype=object), 'label': array(['A', 'B', 'C', 'D'], dtype=object)}",B,کله چې الوتکه آسمان کې وي او څو مایل لرې وي، رڼا یې سختۍ سره لیدل کیږي، مګر کله چې نژدې شي,"{""label"": [""A"", ""B"", ""C"", ""D""], ""text"": [""رڼا لرې وي"", ""رڼا ډیره اسانه لیدل کیږي"", ""رڼا نوره لرې وي"", ""رڼا ډیره دوره وي""]}"
636,Members of rock bands often perform with,"{'text': array(['flutes', 'sandals', 'earplugs', 'gloves'], dtype=object), 'label': array(['A', 'B', 'C', 'D'], dtype=object)}",C,د راک بانډ غړي اکثراً سره اجرا کوي,"{""label"": [""A"", ""B"", ""C"", ""D""], ""text"": [""بانسري"", ""سانډل"", ""د غوږ پلګونه"", ""لاسپوښونه""]}"
7-444,Muscles move bones to produce movement like when,"{'text': array(['arms are resting', 'hair is growing', 'smiles are invisible',
       'toes are wiggled'], dtype=object), 'label': array(['A', 'B', 'C', 'D'], dtype=object)}",D,عضلات هډوکي حرکت کوي ترڅو حرکت رامنځته شي لکه کله چې,"{""label"": [""A"", ""B"", ""C"", ""D""], ""text"": [""لاسونه آرام وي"", ""ویښتان وده کوي"", ""مسکا نالیدل شوي وي"", ""ګوتې وښوریدلی شي""]}"
8-57,How is electricity produced from the ocean?,"{'text': array(['decaying organic material from sealife',
       'energy is accessed underwater from tides',
       'drills to access oil supplies',
       'chemical reactions produced from the salt in the water'],
      dtype=object), 'label': array(['A', 'B', 'C', 'D'], dtype=object)}",B,سمندري اوبو څخه بریښنا څنګه تولیدیږي؟,"{""label"": [""A"", ""B"", ""C"", ""D""], ""text"": [""د سمندري ژوو له وران شوو عضوي موادو"", ""د څپو له لارې تر اوبو لاندې انرژي ته لاسرسی"", ""د تیلو ذخیرو ته رسیدو لپاره بورمه"", ""د اوبو مالګې له کیمیاوي عملو""]}"
9-187,small reptile's diet consists mostly of,"{'text': array(['invertebrates', 'insects', 'mammals', 'fish'], dtype=object), 'label': array(['A', 'B', 'C', 'D'], dtype=object)}",B,کوچنیو خزندو خوراک اکثره شامل دی,"{""label"": [""A"", ""B"", ""C"", ""D""], ""text"": [""بې مهرې حیوانات"", ""حشرات"", ""ثدییات"", ""ماهیان""]}"
1345,The life work of a flower is to,"{'text': array(['provide nice scents', 'be successfully fertilized',
       'grow very tall', 'look pretty'], dtype=object), 'label': array(['A', 'B', 'C', 'D'], dtype=object)}",B,د ګل ژوندی کار دا دی چې,"{""label"": [""A"", ""B"", ""C"", ""D""], ""text"": [""ښه بوی ورکړي"", ""په بریالیتوب سره بارور شي"", ""ډیر لوړ شي"", ""ښکلی ښکاري""]}"
8-59,Which of these would create the most sound if struck with a metal spoon?,"{'text': array(['the plastic water bottle', 'the backside of a person',
       'the hair on a doll', 'the chassis of a car'], dtype=object), 'label': array(['A', 'B', 'C', 'D'], dtype=object)}",D,که چیرې د فلزي قاشوق سره وویشتل شي، کوم به تر ټولو ډیر غږ ولري؟,"{""label"": [""A"", ""B"", ""C"", ""D""], ""text"": [""پلاستیکي د اوبو بوتل"", ""د انسان شا"", ""د ګوډاګۍ ویښتان"", ""د موټر چیسس""]}"
178,During landslides there is often a lot of,"{'text': array(['air', 'mud', 'snow', 'wind'], dtype=object), 'label': array(['A', 'B', 'C', 'D'], dtype=object)}",B,د ځمکې لویدو پر مهال اکثراً ډیره,"{""label"": [""A"", ""B"", ""C"", ""D""], ""text"": [""هوا"", ""خټه"", ""واوره"", ""باد""]}"
9-1186,An example of a chemical reaction would be,"{'text': array(['A rusty fence', 'Sleeping', 'Drinking water', 'Rain'],
      dtype=object), 'label': array(['A', 'B', 'C', 'D'], dtype=object)}",A,د کیمیاوي عمل یوه بیلګه به وي,"{""label"": [""A"", ""B"", ""C"", ""D""], ""text"": [""زنګ وهلی باڑه"", ""خوب کول"", ""اوبه څښل"", ""باران""]}"
82,The size of an object and the ability to see it more easily have what kind of relationship?,"{'text': array(['equal', 'inverse', 'direct', 'reverse'], dtype=object), 'label': array(['A', 'B', 'C', 'D'], dtype=object)}",C,د یو شي اندازه او د هغه د اسانه لیدلو وړتیا څه ډول اړیکه لري؟,"{""label"": [""A"", ""B"", ""C"", ""D""], ""text"": [""مساوي"", ""معکوس"", ""مستقیم"", ""برعکس""]}"
8-165,Tuna primarily eat,"{'text': array(['parasites, soybeans and flaxseeds',
       'sea turtles, sharks and coral reefs',
       'spineless marine organisms, cartilaginous and gelatinous organisms',
       'sea vegetables like kelp, Irish moss and Arame'], dtype=object), 'label': array(['A', 'B', 'C', 'D'], dtype=object)}",C,ټونا ماهي اصلي خوراک دا دی,"{""label"": [""A"", ""B"", ""C"", ""D""], ""text"": [""پرازیتونه، سویابین او د السي تخمونه"", ""سمندري کیسه مچانې، شارکونه او مرجاني ریفونه"", ""بې مهرې سمندري ژوي، غضروفي او جلاتیني ژوي"", ""سمندري سبزیجات لکه کیلپ، آیرش ماس او ارامه""]}"
404,Evaporation of water can lead to,"{'text': array(['waterfalls', 'blizzards', 'earthquakes', 'hot springs'],
      dtype=object), 'label': array(['A', 'B', 'C', 'D'], dtype=object)}",B,د اوبو تبخیر لامل کیدی شي,"{""label"": [""A"", ""B"", ""C"", ""D""], ""text"": [""آبشارونه"", ""واورې طوفانونه"", ""زلزلې"", ""ګرم چینې""]}"
279,What is an electrical energy conductor?,"{'text': array(['horseshoe', 'tire', 'cotton shirt', 'maple branch'], dtype=object), 'label': array(['A', 'B', 'C', 'D'], dtype=object)}",A,د بریښنایي انرژي لپاره رسانه (کنډکټر) څه ده؟,"{""label"": [""A"", ""B"", ""C"", ""D""], ""text"": [""نعل"", ""ټایر"", ""د مالوچ جامې"", ""د بید ډنډوره""]}"
9-532,What kind of substance will cool when it touches a cold object?,"{'text': array(['warm', 'frozen', 'chilly', 'cold'], dtype=object), 'label': array(['A', 'B', 'C', 'D'], dtype=object)}",A,کوم ډول ماده به سړه شي کله چې سړ شي ته ولګیږي؟,"{""label"": [""A"", ""B"", ""C"", ""D""], ""text"": [""ګرم"", ""یخ شوی"", ""یخنکی"", ""سړ""]}"
268,Scraping an object,"{'text': array(['may cause the object to grow in size',
       'may cause the object to fall',
       'may cause pieces to flake off the object',
       'may cause the object to snap in half'], dtype=object), 'label': array(['A', 'B', 'C', 'D'], dtype=object)}",C,یو شی خراشول,"{""label"": [""A"", ""B"", ""C"", ""D""], ""text"": [""ممکن لامل شي چې شی په اندازه لوی شي"", ""ممکن لامل شي چې شی ولویږي"", ""ممکن لامل شي چې ټوټې له شی څخه ولویږي"", ""ممکن لامل شي چې شی په نیمایي مات شي""]}"
7-1018,A pulley is used to lift a flag on a flagpole by,"{'text': array(['moving a rope sideways', 'putting something in the air',
       'moving things with wheels', 'yanking string up a wheel'],
      dtype=object), 'label': array(['A', 'B', 'C', 'D'], dtype=object)}",D,پله د بیرغ پورته کولو لپاره کارول کیږي,"{""label"": [""A"", ""B"", ""C"", ""D""], ""text"": [""پړی یو خوا ته حرکت کول"", ""یو شی هوا ته پورته کول"", ""شیان د ټایرونو سره حرکت کول"", ""تار د چرخ پورته کشول""]}"
1756,Which animal lays eggs,"{'text': array(['emus', 'dogs', 'squirrels', 'giraffes'], dtype=object), 'label': array(['A', 'B', 'C', 'D'], dtype=object)}",A,کوم حیوان هګۍ اچوي,"{""label"": [""A"", ""B"", ""C"", ""D""], ""text"": [""ایمو"", ""سپي"", ""ګوتکان"", ""زرافې""]}"
1137,Dunes can be made out of the same thing as,"{'text': array(['clothes', 'food', 'forests', 'castles'], dtype=object), 'label': array(['A', 'B', 'C', 'D'], dtype=object)}",D,شګو غونډۍ د ورته شی څخه جوړیدلی شي لکه,"{""label"": [""A"", ""B"", ""C"", ""D""], ""text"": [""کالي"", ""خوراک"", ""ځنګلونه"", ""ماڼۍ""]}"
7-203,A learned behavior is exhibited when,"{'text': array(['squinting in bright light', 'inhaling and exhaling during sleep',
       'blinking and gulping air', 'nailing up a picture frame'],
      dtype=object), 'label': array(['A', 'B', 'C', 'D'], dtype=object)}",D,زده شوی چلند هغه وخت ښودل کیږي کله چې,"{""label"": [""A"", ""B"", ""C"", ""D""], ""text"": [""په تیزه رڼا کې سترګې ټینګوي"", ""د خوب پر مهال ساه اخلي"", ""سترګې رپوي او هوا نیسي"", ""د انځور چوکاټ پر دیوال ونښلوي""]}"
745,Wax can be used similarly to,"{'text': array(['wood', 'rubber', 'water', 'metal'], dtype=object), 'label': array(['A', 'B', 'C', 'D'], dtype=object)}",B,موم د ورته مادې په توګه کارول کیدی شي لکه,"{""label"": [""A"", ""B"", ""C"", ""D""], ""text"": [""لرګی"", ""ربړ"", ""اوبه"", ""فلز""]}"
7-902,Bill planted rapeseed in his field one year and soybeans the next in order to,"{'text': array(['get bigger yields', 'make things boring', 'keep things random',
       'get smaller yields'], dtype=object), 'label': array(['A', 'B', 'C', 'D'], dtype=object)}",A,بل یو کال تخم کرونده وکرله او بل کال یې سویابین وکرل ترڅو,"{""label"": [""A"", ""B"", ""C"", ""D""], ""text"": [""لوی حاصلات ترلاسه کړي"", ""شیان ستونزمن کړي"", ""شیان تصادفي وساتي"", ""کوچني حاصلات ترلاسه کړي""]}"
1095,What is the primary reason my duck feather filled jacket works well against the snow,"{'text': array(['feathers slows heat transfer', 'the natural duck wax',
       'a synthetic thick liner', 'small flexible solar panels'],
      dtype=object), 'label': array(['A', 'B', 'C', 'D'], dtype=object)}",A,زما د الۍ بڼکو جاکټ ولې د واورې پروړاندې ښه کار کوي؟,"{""label"": [""A"", ""B"", ""C"", ""D""], ""text"": [""بڼکې د تودوخې لیږد ورو کوي"", ""طبیعي مرغابۍ موم"", ""مصنوعي ضخیم آستر"", ""کوچني لمریز پینلونه""]}"
7-163,Turbines churning seawater can be used to produce what?,"{'text': array(['a charge for appliances', 'large quantities of soup',
       'large schools of fish', 'creating some sharp cheese'],
      dtype=object), 'label': array(['A', 'B', 'C', 'D'], dtype=object)}",A,د سمندري اوبو ټرباینونه د څه تولید لپاره کارول کیدی شي؟,"{""label"": [""A"", ""B"", ""C"", ""D""], ""text"": [""د برقي وسایلو لپاره چارج"", ""ډیر شوربا"", ""لویې کب ډلې"", ""یو څه تیز پنیر جوړول""]}"
9-858,What will increase when a substance absorbs solar energy?,"{'text': array(['weight', 'height', 'hotness', 'nutrition'], dtype=object), 'label': array(['A', 'B', 'C', 'D'], dtype=object)}",C,کله چې یوه ماده لمریځ انرژي جذب کړي، څه به زیات شي؟,"{""label"": [""A"", ""B"", ""C"", ""D""], ""text"": [""وزن"", ""لوړوالی"", ""تودوخه"", ""تغذیه""]}"
1530,Which of these travels through the air?,"{'text': array(['planets', 'thoughts', 'automobile', 'music'], dtype=object), 'label': array(['A', 'B', 'C', 'D'], dtype=object)}",D,د دې څخه کوم یو په هوا کې سفر کوي؟,"{""label"": [""A"", ""B"", ""C"", ""D""], ""text"": [""سیارې"", ""فکرونه"", ""موټر"", ""موسیقي""]}"
9-993,"A company makes notebooks for college courses, so their main material is","{'text': array(['chips', 'water', 'grass', 'trees'], dtype=object), 'label': array(['A', 'B', 'C', 'D'], dtype=object)}",D,یوه کمپنۍ د پوهنتون کورسونو لپاره کتابچې جوړوي، نو د هغوی اصلي مواد دا دي,"{""label"": [""A"", ""B"", ""C"", ""D""], ""text"": [""چپسونه"", ""اوبه"", ""واښه"", ""ونې""]}"